symbol,ex_date,kind,price_factor,dividend,method,nse_subject
360ONE,2019-10-31,dividend,1.000000,10,cash dividend per share,Interim Dividend - Rs 10 Per Share
360ONE,2020-01-29,dividend,1.000000,10,cash dividend per share,Interim Dividend- Rs 10 Per Share
360ONE,2020-08-26,dividend,1.000000,40,cash dividend per share,Interim Dividend - Rs 40 Per Share
360ONE,2021-02-11,dividend,1.000000,30,cash dividend per share,Interim Dividend - Rs 30 Per Share
360ONE,2021-08-10,dividend,1.000000,35,cash dividend per share,Interim Dividend - Rs 35 Per Share
360ONE,2021-11-03,dividend,1.000000,20,cash dividend per share,Interim Dividend - Rs 20 Per Share
360ONE,2022-06-01,dividend,1.000000,20,cash dividend per share,Interim Dividend Rs - 20 Per Share
360ONE,2022-08-01,dividend,1.000000,15,cash dividend per share,Interim Dividend - Rs 15 Per Share
360ONE,2022-10-28,dividend,1.000000,17,cash dividend per share,Interim Dividend - Rs 17 Per Share
360ONE,2023-01-30,dividend,1.000000,17,cash dividend per share,Interim Dividend - Rs 17 Per Share
360ONE,2023-03-02,bonus,0.500000,,bonus 1:1,Bonus 1:1
360ONE,2023-03-02,split,0.500000,,face value 2 to 1,Face Value Split (Sub-Division) - From Rs 2/- Per Share To Re 1/- Per Share
360ONE,2023-05-12,dividend,1.000000,4,cash dividend per share,Interim Dividend - Rs 4 Per Share
360ONE,2023-07-28,dividend,1.000000,4,cash dividend per share,Interim Dividend - Rs 4 Per Share
360ONE,2023-11-10,dividend,1.000000,4,cash dividend per share,Interim Dividend - Rs 4 Per Share
360ONE,2024-01-29,dividend,1.000000,4.5,cash dividend per share,Interim Dividend - Rs 4.50 Per Share
360ONE,2024-05-02,dividend,1.000000,3.5,cash dividend per share,Interim Dividend - Rs 3.5 Per Share
360ONE,2024-08-07,dividend,1.000000,2.5,cash dividend per share,Interim Dividend - Rs 2.50 Per Share
360ONE,2025-04-29,dividend,1.000000,6,cash dividend per share,Interim Dividend - Rs 6 Per Share
360ONE,2025-10-27,dividend,1.000000,6,cash dividend per share,Interim Dividend - Rs 6 Per Share
360ONE,2026-04-27,dividend,1.000000,6,cash dividend per share,Interim Dividend - Rs 6 Per Share
3MINDIA,2023-07-26,dividend,1.000000,100,cash dividend per share,Dividend - Rs 100 Per Share
3MINDIA,2024-07-05,dividend,1.000000,685,cash dividend per share,Special Dividend - Rs 525 Per Share/ Dividend - Rs 160 Per Share
3MINDIA,2025-07-25,dividend,1.000000,535,cash dividend per share,Dividend - Rs 160 Per Share & Special Dividend - Rs 375
3MINDIA,2026-07-17,dividend,1.000000,506,cash dividend per share,Dividend - Rs 160 Per Share/Special Dividend - Rs 346 Per Share
AARTIIND,2007-02-13,dividend,1.000000,0.5,cash dividend per share,Int Div-Re.0.50 Per Sh Purpose Revised
AARTIIND,2007-03-20,dividend,1.000000,0.3,cash dividend per share,2nd Int Div-Re0.30 Per Shpurpose Revised
AARTIIND,2008-02-01,dividend,1.000000,1,cash dividend per share,Int Div- Rs.1/- Per Sharepurpose Revised
AARTIIND,2008-07-10,dividend,1.000000,0.5,cash dividend per share,Agm/Dividend - 10%
AARTIIND,2008-10-31,dividend,1.000000,1.8,cash dividend per share,Interim Dividend - 36% Purpose Revised
AARTIIND,2009-09-29,dividend,1.000000,1.2,cash dividend per share,Agm/Div-Rs.1.20 Per Share
AARTIIND,2010-02-03,dividend,1.000000,1.8,cash dividend per share,Int Div-Rs.1.80 Per Sharepurpose Revised
AARTIIND,2010-09-07,dividend,1.000000,0.7,cash dividend per share,Annual General Meeting And Final Dividend Re.0.70 Per Share
AARTIIND,2011-02-07,dividend,1.000000,1.25,cash dividend per share,Interim Dividend-Rs.1.25 Per Share (Purpose Revised)
AARTIIND,2011-09-16,dividend,1.000000,1.25,cash dividend per share,Annual General Meeting And Dividend Rs.1.25 Per Share
AARTIIND,2012-02-06,dividend,1.000000,2,cash dividend per share,Interim Dividend Rs.2/- Per Share (Purpose Revised)
AARTIIND,2012-08-02,dividend,1.000000,1.5,cash dividend per share,Annual General Meeting And Dividend Rs.1.50 Per Share
AARTIIND,2012-11-05,dividend,1.000000,1.5,cash dividend per share,Interim Dividend Rs 1.50 Per Share (Purpose Revised)
AARTIIND,2013-02-11,dividend,1.000000,1.25,cash dividend per share,Interim Dividend Re 1.25 Per Share (Purpose Revised)
AARTIIND,2013-09-12,dividend,1.000000,1.25,cash dividend per share,Annual General Meeting / Final Dividend - Rs 1.25/- Per Share
AARTIIND,2013-11-19,dividend,1.000000,1.75,cash dividend per share,Interim Dividend - Rs 1.75/- Per Share
AARTIIND,2014-02-06,dividend,1.000000,1.25,cash dividend per share,Interim Dividend - Rs 1.25/- Per Share (Purpose Revised)
AARTIIND,2014-09-15,dividend,1.000000,1.5,cash dividend per share,Annual General Meeting / Final Dividend - Rs 1.50/- Per Share
AARTIIND,2014-11-13,dividend,1.000000,2.25,cash dividend per share,Interim Dividend - Rs 2.25/- Per Share (Purpose Revised)
AARTIIND,2015-02-12,dividend,1.000000,1.5,cash dividend per share,Second Interim Dividend - Re 1.50 Per Share (Purpose Revised)
AARTIIND,2015-09-15,dividend,1.000000,1.75,cash dividend per share,Annual General Meetin/ Dividend - Rs 1.75/- Per Share
AARTIIND,2015-11-09,dividend,1.000000,3,cash dividend per share,Interim Dividend - Rs 3/- Per Share (Purpose Revised)
AARTIIND,2016-02-12,dividend,1.000000,2,cash dividend per share,Interim Dividend -Rs 2/- Per Share (Purpose Revised)
AARTIIND,2016-03-22,dividend,1.000000,3.5,cash dividend per share,Interim Dividend - Rs 3.50/- Per Share (Purpose Revised)
AARTIIND,2017-09-18,dividend,1.000000,1,cash dividend per share,Annual General Meeting/ Dividend- Re 1 Per Share
AARTIIND,2018-09-11,dividend,1.000000,1,cash dividend per share,Annual General Meeting/Dividend- Re 1 Per Share
AARTIIND,2019-02-12,dividend,1.000000,4,cash dividend per share,Interim Dividend - Rs 4 Per Share
AARTIIND,2019-07-03,demerger,0.957779,,ex-date open (special pre-open price) / previous close,Scheme Of Demerger
AARTIIND,2019-08-27,dividend,1.000000,7,cash dividend per share,Annual General Meeting/Dividend - Rs 7 Per Share
AARTIIND,2019-09-27,bonus,0.500000,,bonus 1:1,Bonus 1:1
AARTIIND,2020-02-24,dividend,1.000000,2.5,cash dividend per share,Interim Dividend - Rs 2.5 Per Share
AARTIIND,2020-09-10,dividend,1.000000,1,cash dividend per share,Dividend - Re 1 Per Share
AARTIIND,2020-11-19,dividend,1.000000,1.5,cash dividend per share,Interim Dividend - Rs 1.50 Per Share
AARTIIND,2021-06-22,bonus,0.500000,,bonus 1:1,Bonus 1:1
AARTIIND,2021-09-20,dividend,1.000000,1.5,cash dividend per share,Dividend - Rs 1.50 Per Share
AARTIIND,2021-11-10,dividend,1.000000,1,cash dividend per share,Interim Dividend - Re 1 Per Share
AARTIIND,2022-02-15,dividend,1.000000,1,cash dividend per share,Interim Dividend - Re 1 Per Share
AARTIIND,2022-09-16,dividend,1.000000,1.5,cash dividend per share,Dividend - Rs 1.50 Per Share
AARTIIND,2022-10-19,demerger,0.872735,,ex-date open (special pre-open price) / previous close,Demerger
AARTIIND,2023-02-15,dividend,1.000000,1,cash dividend per share,Interim Dividend - Re 1 Per Share
AARTIIND,2023-07-28,dividend,1.000000,1.5,cash dividend per share,Dividend - Rs 1.50 Per Share
AARTIIND,2024-07-26,dividend,1.000000,1,cash dividend per share,Dividend - Re 1 Per Share
AARTIIND,2025-08-18,dividend,1.000000,1,cash dividend per share,Dividend - Re 1 Per Share
AARTIIND,2026-09-11,dividend,1.000000,1,cash dividend per share,Dividend - Re 1 Per Share
ABB,2007-05-14,dividend,1.000000,10,cash dividend per share,Agm/Div-Rs.10/- Per Sh
ABB,2007-06-28,split,0.200000,,face value 10 to 2,Fv Split Rs.10/- To Rs.2/
ABB,2008-05-26,dividend,1.000000,2.2,cash dividend per share,Agm/Div-Rs2.20 Per Share
ABB,2009-05-11,dividend,1.000000,2.2,cash dividend per share,Agm/Div-Rs.2.20 Per Share
ABB,2010-05-03,dividend,1.000000,2,cash dividend per share,Agm/Div-Rs.2/- Per Share
ABB,2011-05-02,dividend,1.000000,2,cash dividend per share,Annual General Meeting And Dividend - Rs.2/- Per Share
ABB,2012-05-02,dividend,1.000000,3,cash dividend per share,Annual General Meeting And Dividend Rs.3/- Per Share
ABB,2013-04-30,dividend,1.000000,3,cash dividend per share,Annual General Meeting And Dividend Rs.3/- Per Share
ABB,2014-04-25,dividend,1.000000,3,cash dividend per share,Annual General Meeting/Dividend Rs 3/- Per Share
ABB,2015-04-28,dividend,1.000000,3.7,cash dividend per share,Annual General Meeting / Dividend - Rs 3.70/- Per Share
ABB,2016-04-13,dividend,1.000000,3.7,cash dividend per share,Annual General Meeting/Dividend - Rs 3.70 Per Share
ABB,2017-04-28,dividend,1.000000,4,cash dividend per share,Annual General Meeting/Dividend - Rs 4/- Per Share
ABB,2018-04-27,dividend,1.000000,4.4,cash dividend per share,Annual General Meeting/ Dividend - Rs 4.40 Per Share
ABB,2019-04-26,dividend,1.000000,4.8,cash dividend per share,Annual General Meeting/Dividend - Rs 4.80 Per Share
ABB,2019-12-20,demerger,0.897019,,ex-date open (special pre-open price) / previous close,Demerger
ABB,2020-07-16,dividend,1.000000,4.8,cash dividend per share,Annual General Meeting/Dividend - Rs 4.80 Per Share
ABB,2021-04-19,dividend,1.000000,5,cash dividend per share,Annual General Meeting/Dividend - Rs 5 Per Share
ABB,2022-04-27,dividend,1.000000,5.2,cash dividend per share,Annual General Meeting/Dividend - Rs 5.20 Per Share
ABB,2023-04-27,dividend,1.000000,5.5,cash dividend per share,Annual General Meeting/Dividend - Rs 5.50 Per Share
ABB,2023-08-25,dividend,1.000000,5.5,cash dividend per share,Special Dividend - Rs 5.50 Per Share
ABB,2024-05-03,dividend,1.000000,23.8,cash dividend per share,Annual General Meeting/Dividend - Rs 23.80 Per Share
ABB,2024-08-23,dividend,1.000000,10.66,cash dividend per share,Interim Dividend - Rs 10.66 Per Share
ABB,2025-05-02,dividend,1.000000,33.5,cash dividend per share,Dividend - Rs 33.50 Per Share
ABB,2025-08-08,dividend,1.000000,9.77,cash dividend per share,Interim Dividend - Rs 9.77 Per Share
ABB,2026-04-30,dividend,1.000000,29.59,cash dividend per share,Dividend - Rs 29.59 Per Share
ABB,2026-08-07,dividend,1.000000,90,cash dividend per share,Special Dividend - Rs 90 Per Share
ABBOTINDIA,2010-03-03,dividend,1.000000,17,cash dividend per share,Agm/Div-Rs.17/- Per Share
ABBOTINDIA,2011-04-19,dividend,1.000000,17,cash dividend per share,Annual General Meeting / Final Dividend - Rs.17/- Per Share
ABBOTINDIA,2012-05-04,dividend,1.000000,17,cash dividend per share,Annual General Meeting And Dividend Rs.17/- Per Share
ABBOTINDIA,2013-04-16,dividend,1.000000,17,cash dividend per share,Annual General Meeting And Dividend Rs.17 Per Share
ABBOTINDIA,2014-07-23,dividend,1.000000,23,cash dividend per share,Annual General Meeting / Final Dividend - Rs 23/- Per Share
ABBOTINDIA,2015-07-22,dividend,1.000000,31,cash dividend per share,Annual General Meeting/Dividend - Rs 31/- Per Share
ABBOTINDIA,2016-07-08,dividend,1.000000,35,cash dividend per share,Annual General Meeting/Divided - Rs 35/- Per Share
ABBOTINDIA,2017-07-10,dividend,1.000000,40,cash dividend per share,Annual General Meeting/Dividend Rs 40/- Per Share
ABBOTINDIA,2018-07-10,dividend,1.000000,55,cash dividend per share,Annual General Meeting / Final Dividend- Rs 50 Per Share / Special Dividend- Rs 5 Per Share
ABBOTINDIA,2019-08-13,dividend,1.000000,65,cash dividend per share,Annual General Meeting/ Final Dividend - Rs 50 Per Share/ Special Dividend - Rs 15 Per Share
ABBOTINDIA,2020-08-28,dividend,1.000000,250,cash dividend per share,Annual General Meeting/Dividend - Rs 107 Per Share And Special Dividend - Rs 143 Per Share
ABBOTINDIA,2021-07-19,dividend,1.000000,120,cash dividend per share,Annual General Meeting/Dividend - Rs 120 Per Share Special Dividend 155 Per Share
ABBOTINDIA,2022-08-02,dividend,1.000000,145,cash dividend per share,Annual General Meeting/Dividend - Rs 145 Per Share/Special Dividend- 130 Per Share
ABBOTINDIA,2023-07-21,dividend,1.000000,325,cash dividend per share,Dividend - Rs 180 Per Share/ Special Dividend Rs 145 Per Share
ABBOTINDIA,2024-07-19,dividend,1.000000,410,cash dividend per share,Dividend - Rs 410 Per Share
ABBOTINDIA,2025-07-25,dividend,1.000000,475,cash dividend per share,Dividend - Rs 475 Per Share
ABBOTINDIA,2026-07-24,dividend,1.000000,656,cash dividend per share,Dividend - Rs 525 Per Share & Special Dividend Rs 131 Per Share
ABFRL,2020-06-30,rights,0.985707,,"rights 9:77 at 110, theoretical ex-rights price",Rights 9:77 Partly Paid @ Premium Rs 100/-
ABFRL,2025-05-22,demerger,0.364380,,ex-date open (special pre-open price) / previous close,Demerger
ABIRLANUVO,2007-03-20,dividend,1.000000,5.5,cash dividend per share,Interim Dividend-55% Purpose Revised
ABIRLANUVO,2008-07-03,dividend,1.000000,5.75,cash dividend per share,Agm/Div-Rs.5.75 Per Share
ABIRLANUVO,2009-07-02,dividend,1.000000,4,cash dividend per share,Agm/Div-Rs.4/- Per Share
ABIRLANUVO,2010-07-29,dividend,1.000000,5,cash dividend per share,Dividend-Rs.5/- Per Share
ABIRLANUVO,2011-09-15,dividend,1.000000,5.5,cash dividend per share,Annual General Meeting And Dividend Rs.5.50 Per Share
ABIRLANUVO,2012-08-02,dividend,1.000000,6,cash dividend per share,Annual General Meeting/ Dividend Rs 6.00 Per Share
ABIRLANUVO,2013-08-29,dividend,1.000000,6.5,cash dividend per share,Annual General Meeting/Dividend Rs 6.50/- Per Share
ABIRLANUVO,2014-08-27,dividend,1.000000,7,cash dividend per share,Annual General Meeting / Dividend - Rs 7/- Per Share
ABIRLANUVO,2015-09-02,dividend,1.000000,7,cash dividend per share,Dividend - Rs 7/- Per Share
ABIRLANUVO,2016-01-20,demerger,0.427078,,ex-date close / previous close,Scheme Of Arrangement
ABIRLANUVO,2016-08-16,dividend,1.000000,5,cash dividend per share,Dividend - Rs 5/- Per Share
ABREL,2007-03-20,dividend,1.000000,3.75,cash dividend per share,Interim Dividend-37.5% Purpose Revised
ABREL,2008-07-07,dividend,1.000000,4.5,cash dividend per share,Agm/Dividend - 45%
ABREL,2009-07-10,dividend,1.000000,4.5,cash dividend per share,Agm/Div-Rs.4.50 Pr Share
ABREL,2010-07-12,dividend,1.000000,5.5,cash dividend per share,Annual General Meeting And Dividend Rs.5.50 Per Share
ABREL,2011-07-26,dividend,1.000000,5.5,cash dividend per share,Annual General Meeting/Dividend Rs 5.50 Per Share
ABREL,2012-07-16,dividend,1.000000,5.5,cash dividend per share,Annual General Meeting/Dividend Rs 5.50 Per Share
ABREL,2013-07-08,dividend,1.000000,5.5,cash dividend per share,Annual General Meeting And Dividend Rs.5.50 Per Share
ABREL,2014-07-11,dividend,1.000000,5.5,cash dividend per share,Annual General Meeting / Dividend - Rs 5.50/- Per Share
ABREL,2015-07-15,dividend,1.000000,5.5,cash dividend per share,Annual General Meeting/ Dividend - Rs 5.50/- Per Share
ABREL,2016-07-18,dividend,1.000000,5.5,cash dividend per share,Annual General Meeting/ Dividend - Rs 5.50/- Per Share
ABREL,2017-07-28,dividend,1.000000,5.5,cash dividend per share,Annual General Meeting/Dividend - Rs 5.50 Per Share
ABREL,2018-07-20,dividend,1.000000,6.5,cash dividend per share,Annual General Meeting / Dividend- Rs 6.50 Per Share
ABREL,2019-07-19,dividend,1.000000,7.5,cash dividend per share,Annual General Meeting/Dividend - Rs 7.50 Per Share
ABREL,2019-10-11,demerger,0.442077,,ex-date open (special pre-open price) / previous close,Demerger
ABREL,2020-08-14,dividend,1.000000,3,cash dividend per share,Annual General Meeting/Dividend - Rs 3 Per Share
ABREL,2021-07-06,dividend,1.000000,1,cash dividend per share,Annual General Meeting/Dividend - Re 1 Per Share
ABREL,2022-07-06,dividend,1.000000,4,cash dividend per share,Annual General Meeting/Dividend - Rs 4 Per Share
ABREL,2023-07-17,dividend,1.000000,5,cash dividend per share,Annual General Meeting/Dividend - Rs 5 Per Share
ABREL,2024-07-11,dividend,1.000000,5,cash dividend per share,Annual General Meeting/Dividend - Rs 5 Per Share
ABREL,2025-07-15,dividend,1.000000,2,cash dividend per share,Dividend - Rs 2 Per Share
ABREL,2026-07-14,dividend,1.000000,2.5,cash dividend per share,Dividend - Rs 2.50 Per Share
ACC,2007-03-14,dividend,1.000000,15,cash dividend per share,Agm/Div-Rs.15/- Per Sh
ACC,2007-08-02,dividend,1.000000,10,cash dividend per share,Int Div-Rs.10/- Per Sh
ACC,2008-04-10,dividend,1.000000,10,cash dividend per share,Agm/Dividend - Rs10 Pr Sh
ACC,2008-07-31,dividend,1.000000,10,cash dividend per share,Int Div - Rs.10 Per Sharepurpose Revised
ACC,2009-03-24,dividend,1.000000,10,cash dividend per share,Agm/Div-Rs.10/- Per Share
ACC,2009-07-30,dividend,1.000000,10,cash dividend per share,Int Div-Rs.10/- Per Sharepurpose Revised
ACC,2010-03-23,dividend,1.000000,13,cash dividend per share,Dividend-Rs.13/- Pr Share
ACC,2010-07-28,dividend,1.000000,10,cash dividend per share,Interim Dividend-Rs.10/- Per Share (Purpose Revised)
ACC,2011-03-29,dividend,1.000000,20.5,cash dividend per share,Final Dividend Rs.13/- Per Share And One Time Special Dividend Rs.7.50/- Per Share
ACC,2011-08-03,dividend,1.000000,11,cash dividend per share,Interim Dividend Rs.11/- Per Share (Purpose Revised)
ACC,2012-03-12,dividend,1.000000,17,cash dividend per share,Dividend Rs.17/- Per Share
ACC,2012-08-01,dividend,1.000000,11,cash dividend per share,Interim Dividend Rs.11/- Per Share (Purpose Revised)
ACC,2013-03-21,dividend,1.000000,19,cash dividend per share,Annual General Meeting/Dividend Rs 19 Per Share
ACC,2013-07-30,dividend,1.000000,11,cash dividend per share,Interim Dividend Rs.11/- Per Share (Purpose Revised)
ACC,2014-03-24,dividend,1.000000,19,cash dividend per share,Annual General Meeting / Final Dividend - Rs 19/- Per Share
ACC,2014-07-28,dividend,1.000000,15,cash dividend per share,Interim Dividend - Rs 15/- Per Share (Purpose Revised)
ACC,2015-03-12,dividend,1.000000,19,cash dividend per share,Annual General Meeting / Final Dividend - Rs 19/- Per Share
ACC,2015-07-22,dividend,1.000000,11,cash dividend per share,Interim Dividend - Rs 11/- Per Share (Purpose Revised)
ACC,2016-02-22,dividend,1.000000,6,cash dividend per share,Dividend - Rs 6/- Per Share
ACC,2016-08-02,dividend,1.000000,11,cash dividend per share,Interim Dividend - Rs 11/- Per Share (Purpose Revised)
ACC,2017-03-16,dividend,1.000000,6,cash dividend per share,Annual General Meeting/Dividend Rs 6/- Per Share
ACC,2017-07-25,dividend,1.000000,11,cash dividend per share,Interim Dividend - Rs 11/- Per Share
ACC,2018-05-17,dividend,1.000000,15,cash dividend per share,Annual General Meeting / Dividend Rs 15 Per Share
ACC,2019-03-05,dividend,1.000000,14,cash dividend per share,Annual General Meeting/Dividend - Rs 14 Per Share
ACC,2020-03-27,dividend,1.000000,14,cash dividend per share,Dividend - Rs 14 Per Share
ACC,2020-05-19,dividend,1.000000,14,cash dividend per share,Interim Dividend - Rs 14 Per Share
ACC,2021-03-30,dividend,1.000000,14,cash dividend per share,Annual General Meeting/Dividend - Rs 14 Per Share
ACC,2022-04-04,dividend,1.000000,58,cash dividend per share,Dividend - Rs 58 Per Share
ACC,2023-07-07,dividend,1.000000,9.25,cash dividend per share,Dividend - Rs 9.25 Per Share
ACC,2024-06-14,dividend,1.000000,7.5,cash dividend per share,Dividend - Rs 7.50 Per Share
ACC,2025-06-13,dividend,1.000000,7.5,cash dividend per share,Dividend - Rs 7.50 Per Share
ACC,2026-06-12,dividend,1.000000,7.5,cash dividend per share,Dividend - Rs 7.50 Per Share
ADANIENT,2007-03-22,dividend,1.000000,0.45,cash dividend per share,Interim Dividend-45% Purpose Revised
ADANIENT,2008-09-18,dividend,1.000000,0.6,cash dividend per share,Agm/Dividend - 60%
ADANIENT,2009-08-20,dividend,1.000000,1,cash dividend per share,Agm/Div-Re.1/- Per Share
ADANIENT,2009-12-10,bonus,0.500000,,bonus 1:1,Bonus 1:1
ADANIENT,2010-03-23,rights,1.000000,,"rights 1:16 at 475, theoretical ex-rights price",Rights 1:16 @Prem Rs.474
ADANIENT,2010-08-12,dividend,1.000000,1,cash dividend per share,Annual General Meeting And Dividend Re.1/- Per Share
ADANIENT,2011-08-03,dividend,1.000000,1,cash dividend per share,Dividend-Re.1/- Per Share
ADANIENT,2012-08-02,dividend,1.000000,1,cash dividend per share,Annual General Meeting And Dividend Re.1/- Per Share
ADANIENT,2013-07-30,dividend,1.000000,1.4,cash dividend per share,Annual General Meeting And Dividend Rs.1.40 Per Share
ADANIENT,2014-07-31,dividend,1.000000,1.4,cash dividend per share,Annual General Meeting/Dividend Rs 1.40/- Per Share
ADANIENT,2015-06-03,demerger,0.172292,,ex-date close / previous close,Scheme Of Arrangement
ADANIENT,2015-07-31,dividend,1.000000,1.4,cash dividend per share,Annual General Meeting/ Dividend - Rs 1.40/- Per Share
ADANIENT,2016-03-22,dividend,1.000000,0.4,cash dividend per share,Interim Dividend - Re 0.40/- Per Share (Purpose Revised)
ADANIENT,2017-07-31,dividend,1.000000,0.4,cash dividend per share,Annual General Meeting/Dividend - Re 0.40 Per Share
ADANIENT,2018-04-05,demerger,1.000000,,no price effect (ex-date move under 3%),Scheme Of Arrangement
ADANIENT,2018-07-27,dividend,1.000000,0.4,cash dividend per share,Annual General Meeting/Dividend Re 0.40 Per Share
ADANIENT,2018-09-06,demerger,0.711069,,ex-date open (special pre-open price) / previous close,Scheme Of Arrangement
ADANIENT,2019-07-29,dividend,1.000000,0.4,cash dividend per share,Annual General Meeting/Dividend - Rs 0.40 Per Share
ADANIENT,2020-03-23,dividend,1.000000,1,cash dividend per share,Interim Dividend - Re 1 Per Share
ADANIENT,2021-07-01,dividend,1.000000,1,cash dividend per share,Dividend - Re 1 Per Share
ADANIENT,2022-07-14,dividend,1.000000,1,cash dividend per share,Dividend - Re 1 Per Share
ADANIENT,2023-07-07,dividend,1.000000,1.2,cash dividend per share,Dividend - Rs 1.20 Per Share
ADANIENT,2024-06-14,dividend,1.000000,1.3,cash dividend per share,Dividend - Rs 1.30 Per Share
ADANIENT,2025-06-13,dividend,1.000000,1.3,cash dividend per share,Dividend - Rs 1.30 Per Share
ADANIENT,2025-11-17,rights,0.969485,,"rights 3:25 at 1800, theoretical ex-rights price",Rights 3:25 @ Premium Rs 1799/-
ADANIENT,2026-06-12,dividend,1.000000,1.3,cash dividend per share,Dividend - Rs 1.30 Per Share
ADANIPORTS,2008-09-12,dividend,1.000000,0.3,cash dividend per share,Agm/Dividend - 15%
ADANIPORTS,2009-02-18,dividend,1.000000,2,cash dividend per share,Int Div-Rs.2/- Per Share Purpose Revised
ADANIPORTS,2009-08-17,dividend,1.000000,1,cash dividend per share,Agm/Div-Re.1/- Per Share
ADANIPORTS,2010-02-03,dividend,1.000000,2.5,cash dividend per share,Int Div-Rs.2.50 Per Sharepurpose Revised
ADANIPORTS,2010-08-09,dividend,1.000000,1.5,cash dividend per share,Annual General Meeting And Dividend Rs.1.50 Per Share
ADANIPORTS,2010-09-23,split,0.200000,,face value 10 to 2,Face Value Split From Rs.10/- To Rs.2/-
ADANIPORTS,2011-02-14,dividend,1.000000,0.5,cash dividend per share,Interim Dividend-Re.0.50 Per Share (Purpose Revised)
ADANIPORTS,2011-05-05,dividend,1.000000,0.4,cash dividend per share,Interim Dividend-Re.0.40 Per Share (Purpose Revised)
ADANIPORTS,2012-02-13,dividend,1.000000,0.3,cash dividend per share,Interim Dividend Re.0.30 Per Share (Purpose Revised)
ADANIPORTS,2012-07-30,dividend,1.000000,0.7,cash dividend per share,Annual General Meeting/ Dividend Rs 0.70 Per Share
ADANIPORTS,2013-07-30,dividend,1.000000,1,cash dividend per share,Annual General Meeting And Dividend Re.1/- Per Share
ADANIPORTS,2014-07-31,dividend,1.000000,1,cash dividend per share,Annual General Meeting/Dividend Re 1/- Per Share
ADANIPORTS,2015-05-22,dividend,1.000000,1.1,cash dividend per share,Dividend - Rs 1.10/- Per Share
ADANIPORTS,2016-03-22,dividend,1.000000,1.1,cash dividend per share,Interim Dividend - Rs 1.10/- Per Share (Purpose Revised)
ADANIPORTS,2017-07-31,dividend,1.000000,1.3,cash dividend per share,Annual General Meeting/Dividend - Rs 1.30 Per Share
ADANIPORTS,2018-07-26,dividend,1.000000,2,cash dividend per share,Annual General Meeting/Dividend- Rs 2 Per Share
ADANIPORTS,2019-07-26,dividend,1.000000,0.2,cash dividend per share,Annual General Meeting/Dividend - Rs 0.20 Per Share
ADANIPORTS,2020-03-16,dividend,1.000000,3.2,cash dividend per share,Interim Dividend - Rs 3.20 Per Share
ADANIPORTS,2021-06-24,dividend,1.000000,5,cash dividend per share,Dividend - Rs 5 Per Sh
ADANIPORTS,2022-07-14,dividend,1.000000,5,cash dividend per share,Dividend - Rs 5 Per Share
ADANIPORTS,2023-07-28,dividend,1.000000,5,cash dividend per share,Dividend - Rs 5 Per Share
ADANIPORTS,2024-06-14,dividend,1.000000,6,cash dividend per share,Dividend - Rs 6 Per Share
ADANIPORTS,2025-06-13,dividend,1.000000,7,cash dividend per share,Dividend - Rs 7 Per Share
ADANIPORTS,2026-06-12,dividend,1.000000,7.5,cash dividend per share,Dividend - Rs 7.50 Per Share
ADANIPOWER,2025-09-22,split,0.200000,,face value 10 to 2,Face Value Split (Sub-Division) - From Rs 10/- Per Share To Rs 2/- Per Share
AFFLE,2021-10-07,split,0.200000,,face value 10 to 2,Face Value Split (Sub-Division) - From Rs 10/- Per Share To Rs 2/- Per Share
AIAENG,2007-08-16,dividend,1.000000,0.7,cash dividend per share,Agm/Dividend-35%
AIAENG,2008-08-28,dividend,1.000000,0.8,cash dividend per share,Agm/Dividend - 40%
AIAENG,2008-10-13,split,0.200000,,face value 10 to 2,Fv Split Rs.10/- To Rs.2/Rd Date Revised
AIAENG,2008-11-28,dividend,1.000000,0.6,cash dividend per share,Interim Dividend - 30%
AIAENG,2009-09-10,dividend,1.000000,0.9,cash dividend per share,Div-F Re.0.90+Spl Re.1
AIAENG,2010-02-18,dividend,1.000000,0.8,cash dividend per share,Int Div-Re.0.80 Per Share
AIAENG,2010-07-29,dividend,1.000000,1.7,cash dividend per share,Final Dividend-Rs.1.70 Per Share
AIAENG,2011-07-28,dividend,1.000000,3,cash dividend per share,Dividend-Rs.3/- Per Share
AIAENG,2012-08-02,dividend,1.000000,3,cash dividend per share,Annual General Meeting And Dividend Rs.3/- Per Share
AIAENG,2013-08-01,dividend,1.000000,4,cash dividend per share,Annual General Meeting And Dividend Rs.4/- Per Share
AIAENG,2014-08-27,dividend,1.000000,6,cash dividend per share,Annual General Meeting / Dividend - Rs 6/- Per Share
AIAENG,2015-09-10,dividend,1.000000,8,cash dividend per share,Annual General Meeting/ Dividend - Rs 8/- Per Share
AIAENG,2016-03-17,dividend,1.000000,18,cash dividend per share,Interim Dividend - Rs 8/- Per Share And Special Dividend - Rs 10/- Per Share ((Purpose Revised)
AIAENG,2017-02-20,dividend,1.000000,4,cash dividend per share,Interim Dividend Rs 4/- Per Share (Purpose Revised)
AIAENG,2017-08-04,dividend,1.000000,4,cash dividend per share,Annual General Meeting/Dividend - Rs 4/- Per Share
AIAENG,2018-04-04,dividend,1.000000,8,cash dividend per share,Interim Dividend Rs 8/- Per Share (Purpose Revised)
AIAENG,2019-08-02,dividend,1.000000,9,cash dividend per share,Annual General Meeting/Dividend - Rs 9 Per Share
AIAENG,2020-03-17,dividend,1.000000,27,cash dividend per share,Interim Dividend - Rs 27 Per Share
AIAENG,2021-08-26,dividend,1.000000,9,cash dividend per share,Annual General Meeting/Dividend - Rs 9 Per Share
AIAENG,2022-09-02,dividend,1.000000,9,cash dividend per share,Annual General Meeting/Dividend - Rs 9 Per Share
AIAENG,2023-09-12,dividend,1.000000,16,cash dividend per share,Dividend - Rs 16 Per Share
AIAENG,2024-08-20,dividend,1.000000,16,cash dividend per share,Dividend - Rs 16 Per Share
AIAENG,2025-09-04,dividend,1.000000,16,cash dividend per share,Dividend - Rs 16 Per Share
AIAENG,2026-09-04,dividend,1.000000,16,cash dividend per share,Dividend - Rs 16 Per Share
AIIL,2025-03-27,dividend,1.000000,1,cash dividend per share,Interim Dividend - Re 1 Per Share
AIIL,2025-05-16,dividend,1.000000,0.5,cash dividend per share,Interim Dividend - Re 0.50 Per Share
AIIL,2026-01-13,bonus,0.200000,,bonus 4:1,Bonus 4:1
AJANTPHARM,2007-09-19,dividend,1.000000,0.4,cash dividend per share,Agm/Dividend-20%
AJANTPHARM,2008-06-27,dividend,1.000000,0.5,cash dividend per share,Agm/Dividend - 25%
AJANTPHARM,2009-06-30,dividend,1.000000,2.5,cash dividend per share,Agm/Div-Rs.2.50 Per Share
AJANTPHARM,2010-06-29,dividend,1.000000,3.5,cash dividend per share,Dividend-Rs.3.50 Per Share
AJANTPHARM,2011-06-23,dividend,1.000000,5,cash dividend per share,Dividend-Rs.5/- Per Share
AJANTPHARM,2012-06-28,dividend,1.000000,7.5,cash dividend per share,Annual General Meeting/Dividend Rs 7.50 Per Share
AJANTPHARM,2012-08-09,split,0.500000,,face value 10 to 5,Face Value Split From Rs. 10/- To Rs. 5/-
AJANTPHARM,2013-07-18,dividend,1.000000,6.25,cash dividend per share,Annual General Meeting And Dividend Rs.6.25 Per Share
AJANTPHARM,2013-09-17,bonus,0.666667,,bonus 1:2,Bonus 1:2
AJANTPHARM,2014-07-24,dividend,1.000000,10,cash dividend per share,Annual General Meeting / Dividend - Rs 10/- Per Share
AJANTPHARM,2015-03-20,split,0.400000,,face value 5 to 2,Face Value Split (Sub-Division) - From Rs 5/- Per Share To Rs 2/- Per Share
AJANTPHARM,2015-06-25,dividend,1.000000,6,cash dividend per share,Annual General Meeting/ Dividend - Rs 6/- Per Share
AJANTPHARM,2016-03-17,dividend,1.000000,8,cash dividend per share,Interim Dividend - Rs 8/- Per Share
AJANTPHARM,2016-11-07,dividend,1.000000,6,cash dividend per share,Interim Dividend Rs 6/- Per Share
AJANTPHARM,2017-03-23,dividend,1.000000,7,cash dividend per share,Interim Dividend Rs 7/- Per Share (Purpose Revised)
AJANTPHARM,2018-11-09,dividend,1.000000,9,cash dividend per share,Interim Dividend - Rs 9 Per Sh
AJANTPHARM,2019-11-15,dividend,1.000000,13,cash dividend per share,Interim Dividend - Rs 13 Per Share
AJANTPHARM,2020-11-12,dividend,1.000000,9.5,cash dividend per share,Interim Dividend - Rs 9.50 Per Share
AJANTPHARM,2021-11-09,dividend,1.000000,9.5,cash dividend per share,Interim Dividend - Rs 9.50 Per Share
AJANTPHARM,2022-06-22,bonus,0.666667,,bonus 1:2,Bonus- 1:2
AJANTPHARM,2022-11-11,dividend,1.000000,7,cash dividend per share,Interim Dividend - Rs 7 Per Share
AJANTPHARM,2023-08-04,dividend,1.000000,25,cash dividend per share,Interim Dividend - Rs 10 Per Share/Special Dividend - Rs 15 Per Share
AJANTPHARM,2024-02-08,dividend,1.000000,26,cash dividend per share,Interim Dividend - Rs 26 Per Share
AJANTPHARM,2024-11-06,dividend,1.000000,28,cash dividend per share,Interim Dividend - Rs 28 Per Share
AJANTPHARM,2025-11-10,dividend,1.000000,28,cash dividend per share,Interim Dividend - Rs 28 Per Share
AJANTPHARM,2026-08-05,dividend,1.000000,32,cash dividend per share,Interim Dividend - Rs 32 Per Share
ALBK,2007-06-07,dividend,1.000000,3,cash dividend per share,Agm/Dividend - 30%
ALBK,2008-05-29,dividend,1.000000,3.5,cash dividend per share,Agm/Dividend - 35% Purpose Revised
ALBK,2009-05-19,dividend,1.000000,2.5,cash dividend per share,Agm/Div-Rs.2.50 Per Share
ALBK,2010-05-13,dividend,1.000000,5.5,cash dividend per share,Agm/Dividend Rs 5.50 Per Share/ Election Of Director
ALBK,2011-05-12,dividend,1.000000,6,cash dividend per share,Annual General Meeting And Dividend Rs.6/- Per Share
ALBK,2012-05-24,dividend,1.000000,6,cash dividend per share,Annual General Meeting And Dividend - Rs.6/- Per Share
ALBK,2013-06-06,dividend,1.000000,6,cash dividend per share,Annual General Meeting And Dividend Of Rs.6/- Per Share
ALBK,2014-01-21,dividend,1.000000,2.5,cash dividend per share,Interim Dividend - Rs 2.50/- Per Share
ALBK,2015-06-18,dividend,1.000000,1.63,cash dividend per share,Annual General Meeting/ Dividend - Rs 1.63/- Per Share
ALKEM,2016-03-18,dividend,1.000000,9.7,cash dividend per share,Interim Dividend -Rs 9.70/- Per Share
ALKEM,2016-11-23,dividend,1.000000,6,cash dividend per share,Interim Dividend Rs 6/- Per Share
ALKEM,2017-08-31,dividend,1.000000,9,cash dividend per share,Annual General Meeting/ Dividend -Rs 9/- Per Share
ALKEM,2018-02-16,dividend,1.000000,6,cash dividend per share,Interim Dividend - Rs 6 Per Share (Purpose Revised)
ALKEM,2018-08-23,dividend,1.000000,7,cash dividend per share,Annual General Meeting/Dividend- Rs 7 Per Share
ALKEM,2019-02-15,dividend,1.000000,8,cash dividend per share,Interim Dividend - Rs 8 Per Share
ALKEM,2019-08-19,dividend,1.000000,8,cash dividend per share,Annual General Meeting/Dividend - Rs 8 Per Share
ALKEM,2020-02-13,dividend,1.000000,22,cash dividend per share,Interim Dividend - Rs 22 Per Share
ALKEM,2020-08-10,dividend,1.000000,3,cash dividend per share,Annual General Meeting/Dividend - Rs 3 Per Share
ALKEM,2021-02-11,dividend,1.000000,25,cash dividend per share,Interim Dividend - Rs 25 Per Share
ALKEM,2021-08-09,dividend,1.000000,5,cash dividend per share,Dividend - Rs 5 Per Share
ALKEM,2022-02-10,dividend,1.000000,30,cash dividend per share,Interim Dividend - Rs 30 Per Sh
ALKEM,2022-08-08,dividend,1.000000,4,cash dividend per share,Dividend - Rs 4 Per Share
ALKEM,2023-02-17,dividend,1.000000,40,cash dividend per share,Interim Dividend - Rs 15 Per Share & Special Dividend Rs 25 Per Share
ALKEM,2023-08-10,dividend,1.000000,10,cash dividend per share,Dividend - Rs 10 Per Share
ALKEM,2024-02-16,dividend,1.000000,35,cash dividend per share,Interim Dividend - Rs 35 Per Share
ALKEM,2024-08-09,dividend,1.000000,5,cash dividend per share,Dividend - Rs 5 Per Share
ALKEM,2025-02-14,dividend,1.000000,37,cash dividend per share,Interim Dividend - Rs 37 Per Share
ALKEM,2025-08-08,dividend,1.000000,8,cash dividend per share,Dividend - Rs 8 Per Share
ALKEM,2026-02-20,dividend,1.000000,43,cash dividend per share,Interim Dividend - Rs 43 Per Share
ALKEM,2026-08-07,dividend,1.000000,10,cash dividend per share,Dividend - Rs 10 Per Share
ALKYLAMINE,2008-07-22,dividend,1.000000,0.5,cash dividend per share,Agm/Dividend - 25%
ALKYLAMINE,2009-07-20,dividend,1.000000,2,cash dividend per share,Agm/Div-Rs.2/- Per Share
ALKYLAMINE,2010-07-13,dividend,1.000000,3,cash dividend per share,Annual General Meeting And Dividend Rs.3/- Per Share
ALKYLAMINE,2011-07-26,dividend,1.000000,3,cash dividend per share,Annual General Meeting And Dividend Rs.3/- Per Share
ALKYLAMINE,2012-07-27,dividend,1.000000,4,cash dividend per share,Annual General Meeting And Dividend Rs. 4/- Per Share
ALKYLAMINE,2013-07-29,dividend,1.000000,5,cash dividend per share,Annual General Meeting / Dividend - Rs 5/- Per Share
ALKYLAMINE,2014-09-08,split,0.500000,,face value 10 to 5,Face Value Split (Sub-Division) - From Rs 10/- Per Share To Rs 5/- Per Share
ALKYLAMINE,2015-06-26,dividend,1.000000,4,cash dividend per share,Annual General Meeting/ Dividend - Rs 4/- Per Share
ALKYLAMINE,2016-03-16,dividend,1.000000,10,cash dividend per share,Interim Dividend - Rs 10/- Per Share (Purpose Revised)
ALKYLAMINE,2017-07-14,dividend,1.000000,5,cash dividend per share,Annual General Meeting/Dividend - Rs 5 Per Share
ALKYLAMINE,2018-07-20,dividend,1.000000,7,cash dividend per share,Annual General Meeting/Dividend- Rs 7 Per Share
ALKYLAMINE,2019-07-26,dividend,1.000000,8,cash dividend per share,Annual General Meeting/Dividend - Rs 8 Per Share
ALKYLAMINE,2020-02-18,dividend,1.000000,10,cash dividend per share,Interim Dividend - Rs 10 Per Share
ALKYLAMINE,2020-08-06,dividend,1.000000,10,cash dividend per share,Annual General Meeting/Dividend - Rs 10 Per Share
ALKYLAMINE,2021-02-12,dividend,1.000000,10,cash dividend per share,Interim Dividend - Rs 10 Per Share
ALKYLAMINE,2021-05-11,split,0.400000,,face value 5 to 2,Face Value Split (Sub-Division) - From Rs 5/- Per Share To Rs 2/- Per Share
ALKYLAMINE,2021-07-12,dividend,1.000000,6,cash dividend per share,Annual General Meeting/Dividend - Rs 6 Per Share
ALKYLAMINE,2022-07-22,dividend,1.000000,10,cash dividend per share,Annual General Meeting/Dividend - Rs 10 Per Share
ALKYLAMINE,2023-07-04,dividend,1.000000,10,cash dividend per share,Annual General Meeting/Dividend - Rs 10 Per Share
ALKYLAMINE,2024-06-25,dividend,1.000000,10,cash dividend per share,Annual General Meeting/Dividend - Rs 10 Per Share
ALKYLAMINE,2025-06-24,dividend,1.000000,10,cash dividend per share,Dividend - Rs 10 Per Share
ALKYLAMINE,2026-06-25,dividend,1.000000,10,cash dividend per share,Dividend - Rs 10 Per Share
AMBUJACEM,2007-02-21,dividend,1.000000,0.8,cash dividend per share,Final Dividend-40%
AMBUJACEM,2007-08-03,dividend,1.000000,1.2,cash dividend per share,Div Int-Rs1.20+Spl-Rs1.30
AMBUJACEM,2008-02-14,dividend,1.000000,1,cash dividend per share,Final Dividend-Re.1 Pr Sh
AMBUJACEM,2008-08-08,dividend,1.000000,1.2,cash dividend per share,Interim Dividend - 60%
AMBUJACEM,2009-02-18,dividend,1.000000,1,cash dividend per share,Final Dividend - 50%
AMBUJACEM,2009-08-04,dividend,1.000000,1.2,cash dividend per share,Int Div-Rs.1.20 Per Share
AMBUJACEM,2010-02-18,dividend,1.000000,1.2,cash dividend per share,Dividend-Rs.1.20 Pr Share
AMBUJACEM,2010-08-05,dividend,1.000000,1.2,cash dividend per share,Interim Dividend-Rs.1.20 Per Share
AMBUJACEM,2011-02-11,dividend,1.000000,1.4,cash dividend per share,Final Dividend-Rs.1.40 Per Share
AMBUJACEM,2011-08-08,dividend,1.000000,1.4,cash dividend per share,Interim Dividend Rs.1.40 Per Share
AMBUJACEM,2012-02-13,dividend,1.000000,1.8,cash dividend per share,Final Dividend Rs.1.80 Per Share (Purpose Revised)
AMBUJACEM,2012-07-30,dividend,1.000000,1.4,cash dividend per share,Interim Dividend Rs 1.40 Per Share (Purpose Revised)
AMBUJACEM,2013-02-18,dividend,1.000000,2.2,cash dividend per share,Dividend Rs 2.20 Per Sahre
AMBUJACEM,2013-07-30,dividend,1.000000,1.4,cash dividend per share,Interim Dividend Rs.1.40 Per Share (Purpose Revised)
AMBUJACEM,2014-02-12,dividend,1.000000,2.2,cash dividend per share,Final Dividend Rs.2.20/- Per Share (Purpose Revised)
AMBUJACEM,2014-07-30,dividend,1.000000,1.8,cash dividend per share,Interim Dividend - Rs 1.80/- Per Share (Purpose Revised)
AMBUJACEM,2015-03-02,dividend,1.000000,3.2,cash dividend per share,Annual General Meeting / Final Dividend - Rs 3.20/- Per Share
AMBUJACEM,2015-07-31,dividend,1.000000,1.6,cash dividend per share,Interim Dividend - Rs 1.60/- Per Share (Purpose Revised)
AMBUJACEM,2016-02-22,dividend,1.000000,1.2,cash dividend per share,Final Dividend - Rs 1.20/- Per Share
AMBUJACEM,2016-08-02,dividend,1.000000,1.6,cash dividend per share,Interim Dividend - Rs 1.60/- Per Share (Purpose Revised)
AMBUJACEM,2017-03-16,dividend,1.000000,1.2,cash dividend per share,Dividend - Rs 1.20 Per Share
AMBUJACEM,2017-08-02,dividend,1.000000,1.6,cash dividend per share,Interim Dividend - Rs 1.60 Per Share
AMBUJACEM,2018-04-05,dividend,1.000000,2,cash dividend per share,Dividend - Rs 2 Per Share
AMBUJACEM,2019-02-27,dividend,1.000000,1.5,cash dividend per share,Dividend - Rs 1.50 Per Share
AMBUJACEM,2020-04-03,dividend,1.000000,1.5,cash dividend per share,Dividend - Rs 1.50 Per Share
AMBUJACEM,2020-05-19,dividend,1.000000,1.5,cash dividend per share,Interim Dividend - Rs 1.50 Per Share
AMBUJACEM,2020-11-05,dividend,1.000000,17,cash dividend per share,Interim Dividend-Rs 17 Per Share
AMBUJACEM,2021-03-19,dividend,1.000000,1,cash dividend per share,Dividend - Re 1 Per Share
AMBUJACEM,2022-03-30,dividend,1.000000,6.3,cash dividend per share,Dividend - Rs 6.30 Per Share
AMBUJACEM,2023-07-07,dividend,1.000000,2.5,cash dividend per share,Dividend - Rs 2.50 Per Share
AMBUJACEM,2024-06-14,dividend,1.000000,2,cash dividend per share,Dividend - Rs 2 Per Share
AMBUJACEM,2025-06-13,dividend,1.000000,2,cash dividend per share,Dividend - Rs 2 Per Share
AMBUJACEM,2026-06-12,dividend,1.000000,2,cash dividend per share,Dividend - Rs 2 Per Share
ANTHEM,2026-06-25,dividend,1.000000,2,cash dividend per share,Dividend - Rs 2 Per Share
APARINDS,2007-01-11,bonus,0.750000,,bonus 1:3,Bonus-1:3
APARINDS,2007-07-30,dividend,1.000000,2,cash dividend per share,Agm/Dividend-Rs.2 Per Sh
APARINDS,2007-11-07,dividend,1.000000,1.5,cash dividend per share,Int Div-Rs.1.50 Per Sh Purpose Revised
APARINDS,2008-08-18,dividend,1.000000,2,cash dividend per share,Agm/Div Fin- 20%+Spl- 20%
APARINDS,2010-07-22,dividend,1.000000,5,cash dividend per share,Annual General Meeting And Dividend Rs.5/- Per Share
APARINDS,2010-11-03,dividend,1.000000,2.5,cash dividend per share,Interim Dividend-Rs.2.50 Per Share
APARINDS,2011-08-12,dividend,1.000000,3.5,cash dividend per share,Annual General Meeting And Dividend Rs.3.50 Per Share
APARINDS,2012-11-02,dividend,1.000000,4,cash dividend per share,Annual General Meeting And Dividend Rs.4/- Per Share
APARINDS,2013-08-01,dividend,1.000000,5.25,cash dividend per share,Annual General Meeting/Dividend Rs 5.25/- Per Share
APARINDS,2014-07-24,dividend,1.000000,5.25,cash dividend per share,Annual General Meeting / Dividend - Rs 5.25/- Per Share / Annual Book Closure
APARINDS,2015-07-30,dividend,1.000000,3.5,cash dividend per share,Annual General Meeting/Dividend - Rs 3.50/- Per Share
APARINDS,2016-03-22,dividend,1.000000,6.5,cash dividend per share,Interim Dividend - Rs 5.50/- Per Share + Special Dividend - Re 1/- Per Share (Purpose Revised)
APARINDS,2017-08-01,dividend,1.000000,10,cash dividend per share,Annual General Meeting/Dividend - Rs 10/- Per Share
APARINDS,2018-08-01,dividend,1.000000,9.5,cash dividend per share,Annual General Meeting/Dividend- Rs 9.50 Per Share
APARINDS,2019-07-31,dividend,1.000000,9.5,cash dividend per share,Annual General Meeting/Dividend - Rs 9.50 Per Share
APARINDS,2020-03-05,dividend,1.000000,9.5,cash dividend per share,Interim Dividend - Rs 9.5 Per Share
APARINDS,2021-08-05,dividend,1.000000,9.5,cash dividend per share,Annual General Meeting/Dividend - Rs 9.50 Per Share
APARINDS,2022-08-04,dividend,1.000000,15,cash dividend per share,Annual General Meeting/Dividend - Rs 15 Per Share
APARINDS,2023-08-04,dividend,1.000000,40,cash dividend per share,Annual General Meeting/Dividend - Rs 40 Per Share
APARINDS,2024-08-20,dividend,1.000000,51,cash dividend per share,Annual General Meeting/Dividend - Rs 51 Per Share
APARINDS,2025-07-29,dividend,1.000000,51,cash dividend per share,Dividend - Rs 51 Per Share
APARINDS,2026-09-11,dividend,1.000000,60,cash dividend per share,Dividend - Rs 60 Per Share
APLAPOLLO,2012-09-20,dividend,1.000000,2,cash dividend per share,Annual General Meeting/Dividend Rs 2 Per Share
APLAPOLLO,2013-08-07,dividend,1.000000,5,cash dividend per share,Annual General Meeting / Dividend - Rs 5/- Per Share
APLAPOLLO,2014-09-17,dividend,1.000000,5,cash dividend per share,Annual General Meeting And Dividend Rs.5/- Per Share
APLAPOLLO,2015-08-13,dividend,1.000000,6,cash dividend per share,Annual General Meeting/Dividend - Rs 6/- Per Share
APLAPOLLO,2016-09-08,dividend,1.000000,10,cash dividend per share,Annual General Meeting/Dividend - Rs 10/- Per Share
APLAPOLLO,2017-09-21,dividend,1.000000,12,cash dividend per share,Annual General Meeting/ Dividend- Rs 12 Per Share
APLAPOLLO,2018-09-19,dividend,1.000000,14,cash dividend per share,Annual General Meeting/Dividend Rs 14 Per Share
APLAPOLLO,2019-09-19,dividend,1.000000,14,cash dividend per share,Dividend - Rs 14 Per Share
APLAPOLLO,2020-12-15,split,0.200000,,face value 10 to 2,Face Value Split (Sub-Division) - From Rs 10/- Per Share To Rs 2/- Per Share
APLAPOLLO,2021-09-16,bonus,0.500000,,bonus 1:1,Bonus 1:1
APLAPOLLO,2022-09-02,dividend,1.000000,3.5,cash dividend per share,Dividend - Rs 3.50 Per Share
APLAPOLLO,2023-09-01,dividend,1.000000,5,cash dividend per share,Dividend - Rs 5 Per Share
APLAPOLLO,2024-09-19,dividend,1.000000,5.5,cash dividend per share,Dividend - Rs 5.50 Per Share
APLAPOLLO,2025-08-22,dividend,1.000000,5.75,cash dividend per share,Dividend - Rs 5.75 Per Share
APLAPOLLO,2026-09-08,dividend,1.000000,8.5,cash dividend per share,Dividend - Rs 8.50 Per Share
APLLTD,2012-07-31,dividend,1.000000,1.4,cash dividend per share,Annual General Meeting / Dividend Rs 1.40 Per Share
APLLTD,2013-07-29,dividend,1.000000,2.5,cash dividend per share,Annual General Meeting And Dividend Rs.2.50 Per Share
APLLTD,2014-07-17,dividend,1.000000,3,cash dividend per share,Annual General Meeting / Dividend - Rs 3/- Per Share
APLLTD,2015-07-22,dividend,1.000000,3.5,cash dividend per share,Annual General Meeting/ Dividend - Rs 3.50/- Per Share
APLLTD,2016-07-20,dividend,1.000000,4,cash dividend per share,Annual General Meeting/Dividend - Rs 4/- Per Share
APLLTD,2017-07-11,dividend,1.000000,4,cash dividend per share,Annual General Meeting/Dividend -Rs 4/- Per Share
APLLTD,2018-07-18,dividend,1.000000,4,cash dividend per share,Annual General Meeting/Dividend- Rs 4 Per Share (Purpose Revised)
APLLTD,2019-07-18,dividend,1.000000,5.5,cash dividend per share,Annual General Meeting/Dividend Rs 5.50/-
APLLTD,2020-03-16,dividend,1.000000,10,cash dividend per share,Interim Dividend - Rs 7 Per Share Special Dividend - Rs 3 Per Share
APLLTD,2021-07-19,dividend,1.000000,14,cash dividend per share,Annual General Meeting/Dividend - Rs 14 Per Share
APLLTD,2022-08-17,dividend,1.000000,10,cash dividend per share,Interim Dividend - Rs 10 Per Share
APLLTD,2023-07-28,dividend,1.000000,8,cash dividend per share,Dividend - Rs 8 Per Share
APLLTD,2024-07-15,dividend,1.000000,11,cash dividend per share,Dividend - Rs 11 Per Share
APLLTD,2025-07-29,dividend,1.000000,11,cash dividend per share,Dividend - Rs 11 Per Share
APLLTD,2026-07-29,dividend,1.000000,12,cash dividend per share,Dividend - Rs 12 Per Share
APOLLOHOSP,2007-03-22,dividend,1.000000,1.5,cash dividend per share,Interim Dividend-30% Purpose Revised
APOLLOHOSP,2007-08-09,dividend,1.000000,2,cash dividend per share,Agm/Fin Div-Rs.2/- Per Sh
APOLLOHOSP,2008-08-11,dividend,1.000000,3,cash dividend per share,Agm/Dividend - 60%
APOLLOHOSP,2009-08-20,dividend,1.000000,6.5,cash dividend per share,Agm/Div-Rs.6.50 Per Share
APOLLOHOSP,2010-07-15,dividend,1.000000,7,cash dividend per share,Annual General Meeting And Dividend Rs.7/- Per Share
APOLLOHOSP,2010-09-02,split,0.500000,,face value 10 to 5,Face Value Split From Rs.10/- To Rs.5/-
APOLLOHOSP,2011-07-07,dividend,1.000000,3.75,cash dividend per share,Annual General Meeting And Dividend Rs.3.75 Per Share
APOLLOHOSP,2012-07-26,dividend,1.000000,4,cash dividend per share,Annual General Meeting/Dividend Rs 4 Per Share
APOLLOHOSP,2013-07-25,dividend,1.000000,5.5,cash dividend per share,Annual General Meeting And Dividend Rs.5.50 Per Share
APOLLOHOSP,2014-08-13,dividend,1.000000,5.75,cash dividend per share,Annual General Meeting And Dividend Rs.5.75 Per Share
APOLLOHOSP,2015-07-30,dividend,1.000000,5.75,cash dividend per share,Annual General Meeting/Dividend Rs 5.75 Per Share
APOLLOHOSP,2016-03-22,dividend,1.000000,6,cash dividend per share,Interim Dividend - Rs 6/- Per Share (Purpose Revised)
APOLLOHOSP,2017-09-07,dividend,1.000000,6,cash dividend per share,Annual General Meeting/Dividend - Rs 6/- Per Share
APOLLOHOSP,2018-09-12,dividend,1.000000,5,cash dividend per share,Annual General Meeting/Dividend- Rs 5 Per Share
APOLLOHOSP,2019-09-12,dividend,1.000000,6,cash dividend per share,Annual General Meeting/Dividend - Rs 6 Per Share
APOLLOHOSP,2020-02-25,dividend,1.000000,3.25,cash dividend per share,Interim Dividend - Rs 3.25 Per Share
APOLLOHOSP,2020-09-17,dividend,1.000000,2.75,cash dividend per share,Annual General Meeting/Dividend - Rs 2.75 Per Share
APOLLOHOSP,2021-08-18,dividend,1.000000,3,cash dividend per share,Annual General Meeting/Dividend - Rs 3 Per Share
APOLLOHOSP,2022-08-18,dividend,1.000000,11.75,cash dividend per share,Annual General Meeting/Dividend - Rs 11.75 Per Share
APOLLOHOSP,2023-02-24,dividend,1.000000,6,cash dividend per share,Interim Dividend - Rs 6 Per Share
APOLLOHOSP,2023-08-18,dividend,1.000000,9,cash dividend per share,Annual General Meeting/Dividend - Rs 9 Per Share
APOLLOHOSP,2024-02-20,dividend,1.000000,6,cash dividend per share,Interim Dividend - Rs 6 Per Share
APOLLOHOSP,2024-08-16,dividend,1.000000,10,cash dividend per share,Annual General Meeting/Dividend - Rs 10 Per Share
APOLLOHOSP,2025-02-14,dividend,1.000000,9,cash dividend per share,Interim Dividend - Rs 9 Per Share
APOLLOHOSP,2025-08-19,dividend,1.000000,10,cash dividend per share,Dividend - Rs 10 Per Share
APOLLOHOSP,2026-02-16,dividend,1.000000,10,cash dividend per share,Interim Dividend - Rs 10 Per Sh
APOLLOHOSP,2026-08-14,dividend,1.000000,10,cash dividend per share,Dividend - Rs 10 Per Sh
APOLLOTYRE,2007-03-23,dividend,1.000000,4.5,cash dividend per share,Int Div-Rs.4.50 Per Share
APOLLOTYRE,2007-08-17,split,0.100000,,face value 10 to 1,Fv Split Rs.10/- To Re.1/
APOLLOTYRE,2008-06-27,dividend,1.000000,0.5,cash dividend per share,Agm/Dividend - 50%
APOLLOTYRE,2009-06-29,dividend,1.000000,0.45,cash dividend per share,Agm/Div-Re0.45 Per Share
APOLLOTYRE,2010-07-14,dividend,1.000000,0.75,cash dividend per share,Annual General Meeting And Dividend Re.0.75 Per Share
APOLLOTYRE,2011-07-26,dividend,1.000000,0.5,cash dividend per share,Annual General Meeting And Dividend Re.0.50 Per Share
APOLLOTYRE,2012-07-30,dividend,1.000000,0.5,cash dividend per share,Annual General Meeting/Dividend Re 0.50 Per Share
APOLLOTYRE,2013-07-18,dividend,1.000000,0.5,cash dividend per share,Annual General Meeting And Dividend Re.0.50 Per Share
APOLLOTYRE,2014-07-17,dividend,1.000000,0.75,cash dividend per share,Annual General Meeting And Dividend Re.0.75 Per Share
APOLLOTYRE,2015-08-04,dividend,1.000000,2,cash dividend per share,Annual General Meeting/ Dividend - Rs 2/- Per Share
APOLLOTYRE,2016-08-01,dividend,1.000000,2,cash dividend per share,Annual General Meeting/ Dividend - Rs 2/- Per Share
APOLLOTYRE,2017-06-27,dividend,1.000000,3,cash dividend per share,Annual General Meeting/Dividend - Rs 3/- Per Share
APOLLOTYRE,2018-07-18,dividend,1.000000,3,cash dividend per share,Dividend-Rs 3 Per Share
APOLLOTYRE,2019-07-23,dividend,1.000000,3.25,cash dividend per share,Annual General Meeting/ Dividend - Rs 3.25 Per Share
APOLLOTYRE,2020-03-04,dividend,1.000000,3,cash dividend per share,Interim Dividend - Rs 3 Per Share
APOLLOTYRE,2021-07-15,dividend,1.000000,3.5,cash dividend per share,Annual General Meeting/Dividend - Rs 3.50 Per Share
APOLLOTYRE,2022-06-16,dividend,1.000000,3.25,cash dividend per share,Annual General Meeting/Dividend - Rs 3.25 Per Share
APOLLOTYRE,2023-07-14,dividend,1.000000,4.5,cash dividend per share,Dividend - Rs 4 Per Share/ Special Dividend - Re 0.50 Per Share
APOLLOTYRE,2024-07-05,dividend,1.000000,6,cash dividend per share,Dividend - Rs 6 Per Share
APOLLOTYRE,2025-07-11,dividend,1.000000,5,cash dividend per share,Dividend - Rs 5 Per Share
APOLLOTYRE,2026-02-10,dividend,1.000000,3.5,cash dividend per share,Interim Dividend - Rs 3.50 Per Share
APOLLOTYRE,2026-07-10,dividend,1.000000,2.5,cash dividend per share,Dividend - Rs2.50 Per Share
ARE&M,2007-07-31,dividend,1.000000,0.35,cash dividend per share,Agm/Dividend-35%
ARE&M,2007-09-19,split,0.200000,,face value 10 to 2,Fv Split Rs.10/- To Rs.2/
ARE&M,2008-08-05,dividend,1.000000,0.35,cash dividend per share,Agm/Dividend - 35%
ARE&M,2008-10-14,bonus,0.666667,,bonus 1:2,Bonus 1:2
ARE&M,2009-07-21,dividend,1.000000,0.8,cash dividend per share,Agm/Div-Re.0.80 Per Share
ARE&M,2010-07-20,dividend,1.000000,2.9,cash dividend per share,Dividend-Rs.2.90 Per Share
ARE&M,2011-01-28,dividend,1.000000,2,cash dividend per share,Special Dividend-Rs.2/- Per Share (Purpose Revised)
ARE&M,2011-08-02,dividend,1.000000,2.6,cash dividend per share,Annual General Meeting And Dividend Rs.2.60 Per Share
ARE&M,2012-08-03,dividend,1.000000,3.78,cash dividend per share,Annual General Meeting/Dividend Rs 3.78 Per Share
ARE&M,2012-09-25,split,0.500000,,face value 2 to 1,Face Value Split From Rs.2/- To Re.1/-
ARE&M,2013-08-06,dividend,1.000000,2.52,cash dividend per share,Annual General Meeting And Dividend Rs.2.52 Per Share
ARE&M,2014-07-30,dividend,1.000000,3.23,cash dividend per share,Annual General Meeting / Dividend - Rs 3.23/- Per Share
ARE&M,2015-08-06,dividend,1.000000,3.61,cash dividend per share,Annual General Meeting/Dividend - Rs 3.61/- Per Share
ARE&M,2016-03-22,dividend,1.000000,4.25,cash dividend per share,Interim Dividend - Rs 4.25/- Per Share (Purpose Revised)
ARE&M,2017-07-28,dividend,1.000000,4.25,cash dividend per share,Annual General Meeting/ Dividend - Rs 4.25 Per Share
ARE&M,2017-11-20,dividend,1.000000,2,cash dividend per share,Interim Dividend Rs 2/- Per Share
ARE&M,2018-08-02,dividend,1.000000,2.15,cash dividend per share,Annual General Meeting / Dividend- Rs 2.15 Per Share
ARE&M,2018-11-20,dividend,1.000000,2,cash dividend per share,Interim Dividend - Rs 2 Per Share
ARE&M,2019-07-11,dividend,1.000000,5.08,cash dividend per share,Annual General Meeting/Dividend - Rs 5.08 Per Share
ARE&M,2019-11-21,dividend,1.000000,6,cash dividend per share,Interim Dividend - Rs 6 Per Share
ARE&M,2020-03-19,dividend,1.000000,5,cash dividend per share,Interim Dividend - Rs 5 Per Share
ARE&M,2021-02-25,dividend,1.000000,5,cash dividend per share,Interim Dividend - Rs 5 Per Share
ARE&M,2021-07-29,dividend,1.000000,6,cash dividend per share,Annual General Meeting/Dividend - Rs 6 Per Share
ARE&M,2021-11-24,dividend,1.000000,4,cash dividend per share,Interim Dividend - Rs 4 Per Share
ARE&M,2022-07-28,dividend,1.000000,0.5,cash dividend per share,Annual General Meeting/Dividend - Rs 0.50 Per Share
ARE&M,2022-11-15,dividend,1.000000,2.9,cash dividend per share,Interim Dividend - Rs 2.90 Per Share
ARE&M,2023-07-28,dividend,1.000000,3.2,cash dividend per share,Annual General Meeting/Dividend - Rs 3.20 Per Share
ARE&M,2023-11-10,dividend,1.000000,4.8,cash dividend per share,Interim Dividend - Rs 4.80 Per Share
ARE&M,2024-07-18,dividend,1.000000,5.1,cash dividend per share,Dividend - Rs 5.10 Per Share
ARE&M,2024-11-14,dividend,1.000000,5.3,cash dividend per share,Interim Dividend - Rs 5.30 Per Share
ARE&M,2025-08-01,dividend,1.000000,5.2,cash dividend per share,Dividend - Rs 5.20 Per Share
ARE&M,2025-11-13,dividend,1.000000,5.4,cash dividend per share,Interim Dividend - Rs 5.40 Per Share
ARE&M,2026-07-27,dividend,1.000000,5.2,cash dividend per share,Dividend - Rs 5.20 Per Share
ARVIND,2012-09-13,dividend,1.000000,1,cash dividend per share,Annual General Meeting/Dividend Re 1 Per Share
ARVIND,2013-07-18,dividend,1.000000,1.65,cash dividend per share,Annual General Meeting/Dividend Rs 1.65/- Per Share
ARVIND,2014-07-24,dividend,1.000000,2.35,cash dividend per share,Annual General Meeting/Dividend Rs 2.35/- Per Share
ARVIND,2015-05-28,demerger,1.000000,,no price effect (ex-date move under 3%),Scheme Of Arrangement
ARVIND,2015-07-30,dividend,1.000000,2.55,cash dividend per share,Annual General Meeting / Dividend - Rs 2.55/- Per Share
ARVIND,2016-07-28,dividend,1.000000,2.4,cash dividend per share,Annual General Meeting/ Dividend - Rs 2.40/- Per Share
ARVIND,2017-07-27,dividend,1.000000,2.4,cash dividend per share,Annual General Meeting/Dividend - Rs 2.40 Per Share
ARVIND,2018-08-21,dividend,1.000000,2.4,cash dividend per share,Annual General Meeting/Dividend Rs - 2.40/ Per Share
ARVIND,2018-11-28,demerger,0.351873,,ex-date open (special pre-open price) / previous close,Demerger
ARVIND,2019-07-29,dividend,1.000000,2,cash dividend per share,Dividend - Rs 2 Per Share
ARVIND,2023-07-21,dividend,1.000000,5.75,cash dividend per share,Annual General Meeting/Dividend - Rs 3.75 Per Share/Special Dividend Rs 2 Per Share
ARVIND,2024-07-19,dividend,1.000000,4.75,cash dividend per share,Dividend - Rs 3.75 Per Share/Special Dividend - Re 1 Per Share
ARVIND,2025-07-25,dividend,1.000000,3.75,cash dividend per share,Dividend - Rs 3.75 Per Share
ARVIND,2026-09-04,dividend,1.000000,4.5,cash dividend per share,Dividend - Rs 4.50 Per Share
ASHOKLEY,2007-03-28,dividend,1.000000,1.5,cash dividend per share,Interim Dividend-150% Purpose Revised
ASHOKLEY,2008-07-16,dividend,1.000000,1.5,cash dividend per share,Agm/Dividend - 150%
ASHOKLEY,2009-07-14,dividend,1.000000,1,cash dividend per share,Agm/Div-Re.1/- Per Share
ASHOKLEY,2010-07-16,dividend,1.000000,1.5,cash dividend per share,Annual General Meeting And Dividend Rs.1.50 Per Share
ASHOKLEY,2011-06-29,dividend,1.000000,2,cash dividend per share,Annual General Meeting And Dividend Rs.2/- Per Share
ASHOKLEY,2011-08-02,bonus,0.500000,,bonus 1:1,Bonus 1:1
ASHOKLEY,2012-07-12,dividend,1.000000,1,cash dividend per share,Annual General Meeting And Dividend Re.1/- Per Share
ASHOKLEY,2013-07-04,dividend,1.000000,0.6,cash dividend per share,Annual General Meeting / Dividend - Re.0.60/- Per Equity Share
ASHOKLEY,2015-06-17,dividend,1.000000,0.45,cash dividend per share,Annual General Meeting/Dividend - Re 0.45 Per Share
ASHOKLEY,2016-07-13,dividend,1.000000,0.95,cash dividend per share,Annual General Meeting/Dividend Re 0.95 Per Share
ASHOKLEY,2017-07-11,dividend,1.000000,1.56,cash dividend per share,Annual General Meeting/Dividend - Rs 1.56/- Per Share
ASHOKLEY,2018-07-09,dividend,1.000000,2.43,cash dividend per share,Dividend- Rs 2.43 Per Share
ASHOKLEY,2019-07-23,dividend,1.000000,3.1,cash dividend per share,Annual General Meeting/ Dividend - Rs 3.10 Per Share
ASHOKLEY,2020-03-19,dividend,1.000000,0.5,cash dividend per share,Interim Dividend -Rs 0.50 Per Share
ASHOKLEY,2021-08-31,dividend,1.000000,0.6,cash dividend per share,Annual General Meeting/Dividend - Rs 0.60 Per Share
ASHOKLEY,2022-07-14,dividend,1.000000,1,cash dividend per share,Annual General Meeting/Dividend - Rs 1 Per Share
ASHOKLEY,2023-07-07,dividend,1.000000,2.6,cash dividend per share,Annual General Meeting/Dividend - Rs 2.60 Per Share
ASHOKLEY,2024-04-03,dividend,1.000000,4.95,cash dividend per share,Interim Dividend - Rs 4.95 Per Share
ASHOKLEY,2024-11-19,dividend,1.000000,2,cash dividend per share,Interim Dividend - Rs 2 Per Share
ASHOKLEY,2025-05-22,dividend,1.000000,4.25,cash dividend per share,Interim Dividend - Rs 4.25 Per Share
ASHOKLEY,2025-07-16,bonus,0.500000,,bonus 1:1,Bonus 1:1
ASHOKLEY,2025-11-18,dividend,1.000000,1,cash dividend per share,Interim Dividend - Re 1 Per Share
ASHOKLEY,2026-06-03,dividend,1.000000,2.5,cash dividend per share,Interim Dividend - Rs 2.50 Per Share
ASIANPAINT,2007-03-20,dividend,1.000000,6.5,cash dividend per share,2nd Int Div-Rs6.50 Per Shpurpose Revised
ASIANPAINT,2007-06-13,dividend,1.000000,0.1,cash dividend per share,Agm/Dividend - 10%
ASIANPAINT,2007-10-25,dividend,1.000000,6.5,cash dividend per share,Int Div-Rs.6.50 Per Sh Purpose Revised
ASIANPAINT,2008-06-12,dividend,1.000000,1.05,cash dividend per share,Agm/Dividend - 105%
ASIANPAINT,2008-10-29,dividend,1.000000,0.65,cash dividend per share,Interim Dividend - 65% Purpose Revised
ASIANPAINT,2009-06-17,dividend,1.000000,11,cash dividend per share,Agm/Div-Rs.11/- Per Share
ASIANPAINT,2009-10-26,dividend,1.000000,8.5,cash dividend per share,Int Div-Rs.8.50 Per Sharepurpose Revised
ASIANPAINT,2010-06-30,dividend,1.000000,18.5,cash dividend per share,Annual General Meeting And Dividend Rs.18.50 Per Share
ASIANPAINT,2010-10-29,dividend,1.000000,8.5,cash dividend per share,Interim Dividend-Rs.8.50 Per Share (Purpose Revised)
ASIANPAINT,2011-06-09,dividend,1.000000,23.5,cash dividend per share,Annual General Meeting And Dividend Rs.23.50 Per Share
ASIANPAINT,2011-10-25,dividend,1.000000,9.5,cash dividend per share,Interim Dividend Rs.9.50 Per Share (Purpose Revised)
ASIANPAINT,2012-06-07,dividend,1.000000,30.5,cash dividend per share,Annual General Meeting And Dividend - Rs.30.50 Per Share
ASIANPAINT,2012-10-29,dividend,1.000000,9.5,cash dividend per share,Interim Dividend Rs 9.50 Per Share (Purpose Revised)
ASIANPAINT,2013-06-06,dividend,1.000000,36.5,cash dividend per share,Annual General Meeting / Final Dividend Rs.36.50/- Per Equity Share
ASIANPAINT,2013-07-30,split,0.100000,,face value 10 to 1,Face Value Split Rs 10 To Re 1
ASIANPAINT,2013-10-24,dividend,1.000000,1.1,cash dividend per share,Interim Dividend - Rs 1.10/- Per Share
ASIANPAINT,2014-06-16,dividend,1.000000,4.2,cash dividend per share,Annual General Meeting/Dividend Rs 4.20/- Per Share
ASIANPAINT,2014-09-22,dividend,1.000000,1.8,cash dividend per share,Interim Dividend Rs.1.80 Per Share (Purpose Revised)
ASIANPAINT,2015-06-24,dividend,1.000000,4.3,cash dividend per share,Annual General Meeting/ Dividend - Rs 4.30/- Per Share
ASIANPAINT,2015-10-28,dividend,1.000000,2.2,cash dividend per share,Interim Dividend - Rs 2.20/- Per Share (Purpose Revised)
ASIANPAINT,2016-06-16,dividend,1.000000,5.3,cash dividend per share,Annul General Meeting/ Dividend - Rs 5.30/- Per Share
ASIANPAINT,2016-11-01,dividend,1.000000,2.65,cash dividend per share,Interim Dividend Rs 2.65 Per Share (Purpose Revised)
ASIANPAINT,2017-06-15,dividend,1.000000,7.65,cash dividend per share,Annual General Meeting/Dividend Rs 5.65 Per Share + Special Dividend Rs 2/- Per Share
ASIANPAINT,2017-10-31,dividend,1.000000,2.65,cash dividend per share,Interim Dividend - Rs 2.65 Per Share (Purpose Revised)
ASIANPAINT,2018-06-14,dividend,1.000000,6.05,cash dividend per share,Dividend- Rs 6.05 Per Share
ASIANPAINT,2018-10-29,dividend,1.000000,2.85,cash dividend per share,Interim Dividend - Rs 2.85 Per Sh
ASIANPAINT,2019-06-13,dividend,1.000000,7.65,cash dividend per share,Dividend Rs -7.65 Per Share
ASIANPAINT,2019-10-30,dividend,1.000000,3.35,cash dividend per share,Interim Dividend - Rs 3.35 Per Sh
ASIANPAINT,2020-03-03,dividend,1.000000,7.15,cash dividend per share,Interim Dividend - Rs 7.15 Per Share
ASIANPAINT,2020-07-23,dividend,1.000000,1.5,cash dividend per share,Annual General Meeting/Dividend - Rs 1.50 Per Share
ASIANPAINT,2020-10-28,dividend,1.000000,3.35,cash dividend per share,Interim Dividend - Rs 3.35 Per Share
ASIANPAINT,2021-06-10,dividend,1.000000,14.5,cash dividend per share,Dividend - Rs 14.50 Per Sh
ASIANPAINT,2021-10-28,dividend,1.000000,3.65,cash dividend per share,Interim Dividend - Rs 3.65 Per Share
ASIANPAINT,2022-06-09,dividend,1.000000,15.5,cash dividend per share,Dividend - Rs 15.50 Per Share
ASIANPAINT,2022-10-31,dividend,1.000000,4.4,cash dividend per share,Interim Dividend - Rs 4.40 Per Share
ASIANPAINT,2023-06-09,dividend,1.000000,21.25,cash dividend per share,Dividend - Rs 21.25 Per Share
ASIANPAINT,2023-11-03,dividend,1.000000,5.15,cash dividend per share,Interim Dividend - Rs 5.15 Per Share
ASIANPAINT,2024-06-11,dividend,1.000000,28.15,cash dividend per share,Dividend - Rs 28.15 Per Share
ASIANPAINT,2024-11-19,dividend,1.000000,4.25,cash dividend per share,Interim Dividend - Rs 4.25 Per Share
ASIANPAINT,2025-06-10,dividend,1.000000,20.55,cash dividend per share,Dividend - Rs 20.55 Per Share
ASIANPAINT,2025-11-18,dividend,1.000000,4.5,cash dividend per share,Interim Dividend - Rs 4.50 Per Share
ASIANPAINT,2026-06-23,dividend,1.000000,23,cash dividend per share,Dividend - Rs 23 Per Share
ASTERDM,2024-04-23,dividend,1.000000,118,cash dividend per share,Special Dividend - Rs 118 Per Share
ASTERDM,2024-08-22,dividend,1.000000,2,cash dividend per share,Annual General Meeting/Dividend - Rs 2 Per Share
ASTERDM,2025-02-10,dividend,1.000000,4,cash dividend per share,Interim Dividend - Rs 4 Per Share
ASTERDM,2025-08-28,dividend,1.000000,1,cash dividend per share,Dividend - Re 1 Per Share
ASTERDM,2026-04-02,dividend,1.000000,3,cash dividend per share,Interim Dividend - Rs 3 Per Share
ASTRAL,2008-06-09,dividend,1.000000,1,cash dividend per share,Agm/Div-Re.1 Per Share
ASTRAL,2009-07-16,dividend,1.000000,1,cash dividend per share,Agm/Div-Re.1/- Per Share
ASTRAL,2009-10-22,dividend,1.000000,1,cash dividend per share,Int Div-Re.1/- Per Share
ASTRAL,2010-07-28,dividend,1.000000,1,cash dividend per share,Annual General Meeting/Dividend Re 1 Per Share - Bc End Date Revised
ASTRAL,2010-09-15,split,0.500000,,face value 10 to 5,Face Value Split From Rs.10/- To Rs.5/-
ASTRAL,2010-11-03,dividend,1.000000,0.5,cash dividend per share,Interim Dividend-Re.0.50 Per Share
ASTRAL,2011-07-21,dividend,1.000000,0.625,cash dividend per share,Annual General Meeting And Dividend Re.0.625 Per Share
ASTRAL,2011-11-17,dividend,1.000000,0.5,cash dividend per share,Interim Dividend Re.0.50 Per Share
ASTRAL,2012-07-30,dividend,1.000000,0.625,cash dividend per share,Annual General Meeting/Dividend Re 0.625 Per Share
ASTRAL,2012-11-22,dividend,1.000000,0.5,cash dividend per share,Interim Dividend Re.0.50 Per Share
ASTRAL,2013-07-23,dividend,1.000000,0.75,cash dividend per share,Annual General Meeting/Dividend Re 0.75 Per Share
ASTRAL,2013-09-05,split,0.400000,,face value 5 to 2,Face Value Split From Rs.5/- To Rs.2/-
ASTRAL,2013-11-13,dividend,1.000000,0.25,cash dividend per share,Interim Dividend - Re 0.25/- Per Share
ASTRAL,2014-08-13,dividend,1.000000,0.4,cash dividend per share,Annual General Meeting / Final Dividend - Re 0.40/- Per Share
ASTRAL,2014-09-25,split,0.500000,,face value 2 to 1,Face Value Split From Rs 2/- Per Share To Re 1/- Per Share
ASTRAL,2014-11-05,dividend,1.000000,0.15,cash dividend per share,Interim Dividend Re.0.15 Per Share
ASTRAL,2015-08-03,dividend,1.000000,0.225,cash dividend per share,Annual General Meeting/Dividend - Re 0.225/- Per Share
ASTRAL,2015-11-09,dividend,1.000000,0.15,cash dividend per share,Interim Dividend - Re 0.15/- Per Share (Purpose Revised)
ASTRAL,2016-03-17,dividend,1.000000,0.25,cash dividend per share,Interim Dividend - Re 0.25/- Per Share (Purpose Revised)
ASTRAL,2016-11-24,dividend,1.000000,0.2,cash dividend per share,Interim Dividend Re 0.20 Per Share (Purpose Revised)
ASTRAL,2017-07-31,dividend,1.000000,0.3,cash dividend per share,Annual General Meeting/Dividend - Re 0.30 Per Share
ASTRAL,2017-11-20,dividend,1.000000,0.25,cash dividend per share,Interim Dividend - Re 0.25 Per Share (Purpose Revised)
ASTRAL,2018-08-14,dividend,1.000000,0.35,cash dividend per share,Annual General Meeting/Dividend Re 0.35 Per Share
ASTRAL,2018-11-20,dividend,1.000000,0.3,cash dividend per share,Interim Dividend- Re 0.30 Per Share
ASTRAL,2019-07-25,dividend,1.000000,0.4,cash dividend per share,Annual General Meeting/Dividend - Rs 0.40 Per Sh
ASTRAL,2019-09-16,bonus,0.800000,,bonus 1:4,Bonus 1:4
ASTRAL,2019-10-31,dividend,1.000000,0.4,cash dividend per share,Interim Dividend - Rs 0.40 Per Sh
ASTRAL,2020-02-17,dividend,1.000000,0.6,cash dividend per share,Interim Dividend - Re 0.60 Per Share
ASTRAL,2020-11-12,dividend,1.000000,1,cash dividend per share,Interim Dividend - Re 1 Per Share
ASTRAL,2021-03-18,bonus,0.750000,,bonus 1:3,Bonus 1:3
ASTRAL,2021-08-23,dividend,1.000000,1,cash dividend per share,Annual General Meeting/Dividend - Re 1 Per Share
ASTRAL,2021-11-17,dividend,1.000000,1.25,cash dividend per share,Interim Dividend - Rs 1.25 Per Share
ASTRAL,2022-08-19,dividend,1.000000,1.75,cash dividend per share,Dividend - Rs 1.75 Per Share
ASTRAL,2022-11-18,dividend,1.000000,1.25,cash dividend per share,Interim Dividend - Rs 1.25 Per Share
ASTRAL,2023-03-14,bonus,0.750000,,bonus 1:3,Bonus 1:3
ASTRAL,2023-08-04,dividend,1.000000,2.25,cash dividend per share,Dividend - Rs 2.25 Per Share
ASTRAL,2023-10-27,dividend,1.000000,1.5,cash dividend per share,Interim Dividend - Rs 1.50 Per Share
ASTRAL,2024-08-16,dividend,1.000000,2.25,cash dividend per share,Dividend - Rs 2.25 Per Share
ASTRAL,2024-11-14,dividend,1.000000,1.5,cash dividend per share,Interim Dividend - Rs 1.50 Per Share
ASTRAL,2025-08-14,dividend,1.000000,2.25,cash dividend per share,Dividend - Rs 2.25 Per Share
ASTRAL,2025-11-11,dividend,1.000000,1.5,cash dividend per share,Interim Dividend - Rs 1.50 Per Share
ASTRAL,2026-08-14,dividend,1.000000,2.5,cash dividend per share,Dividend - Rs 2.50 Per Share
ASTRAZEN,2007-03-22,dividend,1.000000,12,cash dividend per share,Int Div-Rs.12/- Per Sharepurpose Revised
ASTRAZEN,2008-01-04,demerger,0.919881,,ex-date open (special pre-open price) / previous close,Sch Of Agmt- Bonus Deb1:1
ASTRAZEN,2008-04-11,dividend,1.000000,15,cash dividend per share,Agm/Div-Rs15 Per Share
ASTRAZEN,2009-04-29,dividend,1.000000,15,cash dividend per share,Agm/Div-Rs.15/- Per Share
ASTRAZEN,2010-05-06,dividend,1.000000,10,cash dividend per share,Dividend-Rs.10/- Pr Share
ASTRAZEN,2011-07-07,dividend,1.000000,10,cash dividend per share,Dividend-Rs.10/- Per Share
ASTRAZEN,2019-08-20,dividend,1.000000,1,cash dividend per share,Interim Dividend - Re 1 Per Share
ASTRAZEN,2020-08-20,dividend,1.000000,2,cash dividend per share,Interim Dividend - Rs 2 Per Share
ASTRAZEN,2021-08-18,dividend,1.000000,2,cash dividend per share,Interim Dividend - Rs 2 Per Share
ASTRAZEN,2022-07-07,dividend,1.000000,8,cash dividend per share,Dividend - Rs 8 Per Share
ASTRAZEN,2023-07-14,dividend,1.000000,16,cash dividend per share,Dividend - Rs 16 Per Share
ASTRAZEN,2024-07-05,dividend,1.000000,24,cash dividend per share,Dividend - Rs 24 Per Share
ASTRAZEN,2025-07-18,dividend,1.000000,32,cash dividend per share,Dividend - Rs 32 Per Share
ASTRAZEN,2026-07-31,dividend,1.000000,36,cash dividend per share,Dividend - Rs 36 Per Share
ATGL,2019-07-26,dividend,1.000000,0.25,cash dividend per share,Annual General Meeting/Dividend - Rs 0.25 Per Share
ATGL,2020-03-26,dividend,1.000000,0.25,cash dividend per share,Interim Dividend - Rs 0.25 Per Share
ATGL,2021-06-24,dividend,1.000000,0.25,cash dividend per share,Dividend - Rs 0.25 Per Share
ATGL,2022-07-14,dividend,1.000000,0.25,cash dividend per share,Dividend - Rs 0.25 Per Share
ATGL,2023-07-07,dividend,1.000000,0.25,cash dividend per share,Dividend - Re 0.25 Per Share
ATGL,2024-06-14,dividend,1.000000,0.25,cash dividend per share,Dividend - Re 0.25 Per Share
ATGL,2025-06-13,dividend,1.000000,0.25,cash dividend per share,Dividend - Re 0.25 Per Share
ATGL,2026-06-12,dividend,1.000000,0.25,cash dividend per share,Dividend - Rs 0.25 Per Share
ATUL,2007-07-30,dividend,1.000000,3,cash dividend per share,Agm/Div-Rs.3/- Per Sh
ATUL,2008-07-18,dividend,1.000000,3,cash dividend per share,Agm/Div-Rs.3 Per Share
ATUL,2009-06-29,dividend,1.000000,3,cash dividend per share,Agm/Div-Rs.3/- Per Share
ATUL,2010-07-29,dividend,1.000000,4,cash dividend per share,Annual General Meeting And Dividend Rs.4/- Per Share
ATUL,2011-06-29,dividend,1.000000,4.5,cash dividend per share,Annual General Meeting And Dividend Rs.4.50 Per Share
ATUL,2012-06-21,dividend,1.000000,4.5,cash dividend per share,Annual General Meeting/Dividend Rs 4.50 Per Share
ATUL,2013-06-21,dividend,1.000000,6,cash dividend per share,Annual General Meeting/Dividend Rs 6 Per Share
ATUL,2014-06-20,dividend,1.000000,7.5,cash dividend per share,Annual General Meeting / Dividend Rs 7.50/- Per Share
ATUL,2015-06-18,dividend,1.000000,8.5,cash dividend per share,Annual General Meeting/Dividend - Rs 8.50/- Per Share
ATUL,2016-07-14,dividend,1.000000,10,cash dividend per share,Dividend - Rs 10/- Per Share
ATUL,2017-07-13,dividend,1.000000,10,cash dividend per share,Dividend - Rs 10/- Per Share
ATUL,2018-07-12,dividend,1.000000,12,cash dividend per share,Dividend Rs - 12/- Per Share
ATUL,2019-07-11,dividend,1.000000,15,cash dividend per share,Annual General Meeting / Dividend - Rs 15 Per Share
ATUL,2019-11-04,dividend,1.000000,12.5,cash dividend per share,Special Dividend - Rs 12.5 Per Sh
ATUL,2020-03-18,dividend,1.000000,15,cash dividend per share,Interim Dividend - Rs 15 Per Share
ATUL,2021-07-15,dividend,1.000000,20,cash dividend per share,Annual General Meeting/Dividend - Rs 20 Per Share
ATUL,2022-07-14,dividend,1.000000,25,cash dividend per share,Annual General Meeting/Dividend - Rs 25 Per Share
ATUL,2022-11-02,dividend,1.000000,7.5,cash dividend per share,Special Interim Dividend - Rs 7.50 Per Share
ATUL,2023-07-14,dividend,1.000000,25,cash dividend per share,Annual General Meeting/Dividend - Rs 25 Per Share
ATUL,2024-07-12,dividend,1.000000,20,cash dividend per share,Annual General Meeting/Dividend - Rs 20 Per Share
ATUL,2025-07-11,dividend,1.000000,25,cash dividend per share,Dividend - Rs 25 Per Share
ATUL,2026-07-17,dividend,1.000000,30,cash dividend per share,Dividend - Rs 30 Per Share
AUBANK,2018-07-30,dividend,1.000000,0.5,cash dividend per share,Annual General Meeting/Dividend- Re 0.50 Per Share
AUBANK,2019-07-18,dividend,1.000000,0.75,cash dividend per share,Annual General Meeting/Dividend - Rs 0.75 Per Share
AUBANK,2022-06-09,bonus,0.500000,,bonus 1:1,Bonus 1:1
AUBANK,2022-07-28,dividend,1.000000,0.5,cash dividend per share,Dividend - Rs 0.50 Per Share
AUBANK,2023-07-14,dividend,1.000000,1,cash dividend per share,Dividend - Re 1 Per Share
AUBANK,2024-07-12,dividend,1.000000,1,cash dividend per share,Dividend - Re 1 Per Share
AUBANK,2025-07-04,dividend,1.000000,1,cash dividend per share,Dividend - Re 1 Per Share
AUBANK,2026-07-31,dividend,1.000000,1,cash dividend per share,Dividend - Re 1 Per Share
AUROPHARMA,2007-09-14,dividend,1.000000,0.5,cash dividend per share,Agm/Dividend-50%
AUROPHARMA,2008-08-11,dividend,1.000000,0.65,cash dividend per share,Agm/Dividend - 65%
AUROPHARMA,2009-02-05,dividend,1.000000,0.6,cash dividend per share,Interim Dividend - 60% Purpose Revised
AUROPHARMA,2009-12-16,dividend,1.000000,1.5,cash dividend per share,Agm/Div-Rs.1.50 Per Share
AUROPHARMA,2010-02-05,dividend,1.000000,3,cash dividend per share,Int Div-Rs.3/- Per Share Purpose Revised
AUROPHARMA,2010-09-13,dividend,1.000000,2,cash dividend per share,Annual General Meeting And Dividend Rs.2/- Per Share
AUROPHARMA,2010-11-11,dividend,1.000000,5,cash dividend per share,Interim Dividend - Rs 5 Per Share
AUROPHARMA,2011-02-10,split,0.200000,,face value 5 to 1,Face Value Split From Rs.5/- To Re.1/-
AUROPHARMA,2011-07-20,dividend,1.000000,1,cash dividend per share,Annual General Meeting And Dividend Re.1/- Per Share
AUROPHARMA,2012-07-30,dividend,1.000000,1,cash dividend per share,Annual General Meeting And Dividend - Re.1/- Per Share
AUROPHARMA,2013-02-18,dividend,1.000000,1,cash dividend per share,Interim Dividend Re 1 Per Share
AUROPHARMA,2013-07-30,dividend,1.000000,0.5,cash dividend per share,Annual General Meeting And Dividend Re.0.50 Per Share
AUROPHARMA,2013-11-19,dividend,1.000000,1.25,cash dividend per share,Interim Dividend - Rs 1.25/- Per Share
AUROPHARMA,2014-06-11,dividend,1.000000,1.75,cash dividend per share,Second Interim Dividend - Rs 1.75/- Per Share
AUROPHARMA,2014-08-13,dividend,1.000000,1.5,cash dividend per share,Annual General Meeting/Interim Dividend Rs 1.50/- Per Share (Purpose Revised)
AUROPHARMA,2015-02-16,dividend,1.000000,2,cash dividend per share,Second Interim Dividend - Rs 2.00/- Per Share
AUROPHARMA,2015-06-08,dividend,1.000000,1,cash dividend per share,Third Interim Dividend - Re 1/- Per Share
AUROPHARMA,2015-07-20,bonus,0.500000,,bonus 1:1,Bonus 1:1
AUROPHARMA,2015-08-21,dividend,1.000000,0.5,cash dividend per share,Annual General Meeting/ Interim Dividend - Re 0.50/- Per Share (Purpose Revised)
AUROPHARMA,2015-11-19,dividend,1.000000,0.6,cash dividend per share,Interim Dividend - Re 0.60/- Per Share
AUROPHARMA,2016-02-18,dividend,1.000000,0.7,cash dividend per share,Interim Dividend- Re 0.70/- Per Share
AUROPHARMA,2016-06-09,dividend,1.000000,0.7,cash dividend per share,Interim Dividend - Re 0.70/- Per Share
AUROPHARMA,2016-11-24,dividend,1.000000,1.25,cash dividend per share,Interim Dividend Rs 1.25 Per Share
AUROPHARMA,2017-06-08,dividend,1.000000,1.25,cash dividend per share,Inteim Dividend Rs 1.25 Per Share
AUROPHARMA,2017-11-21,dividend,1.000000,1.5,cash dividend per share,Interim Dividend Rs 1.50 Per Share
AUROPHARMA,2018-02-20,dividend,1.000000,1,cash dividend per share,Interim Dividend Re 1/- Per Share
AUROPHARMA,2018-11-20,dividend,1.000000,1.25,cash dividend per share,Interim Dividend - Rs 1.25 Per Share
AUROPHARMA,2019-02-15,dividend,1.000000,1.25,cash dividend per share,Interim Dividend - Rs 1.25 Per Share
AUROPHARMA,2019-11-21,dividend,1.000000,1.25,cash dividend per share,Interim Dividend - Rs 1.25 Per Share
AUROPHARMA,2020-02-17,dividend,1.000000,1.75,cash dividend per share,Interim Dividend - Rs 1.75 Per Share
AUROPHARMA,2020-08-21,dividend,1.000000,1.25,cash dividend per share,Annual General Meeting/Interim Dividend - Rs 1.25 Per Share
AUROPHARMA,2020-11-23,dividend,1.000000,1.25,cash dividend per share,Interim Dividend - Rs 1.25 Per Share
AUROPHARMA,2021-02-22,dividend,1.000000,1.5,cash dividend per share,Interim Dividend - Rs 1.50 Per Share
AUROPHARMA,2021-08-27,dividend,1.000000,1.5,cash dividend per share,Interim Dividend - Rs 1.50 Per Share
AUROPHARMA,2021-11-17,dividend,1.000000,1.5,cash dividend per share,Interim Dividend - Rs 1.50 Per Share
AUROPHARMA,2022-02-18,dividend,1.000000,1.5,cash dividend per share,Interim Dividend - Rs 1.50 Per Share
AUROPHARMA,2022-06-06,dividend,1.000000,4.5,cash dividend per share,Interim Dividend - Rs 4.50 Per Share
AUROPHARMA,2023-02-17,dividend,1.000000,3,cash dividend per share,Interim Dividend - Rs 3 Per Share
AUROPHARMA,2023-11-20,dividend,1.000000,3,cash dividend per share,Interim Dividend - Rs 3 Per Share
AUROPHARMA,2024-02-20,dividend,1.000000,1.5,cash dividend per share,Interim Dividend - Rs 1.50 Per Share
AUROPHARMA,2025-08-08,dividend,1.000000,4,cash dividend per share,Interim Dividend - Rs 4 Per Share
AVANTIFEED,2015-07-30,dividend,1.000000,27.5,cash dividend per share,Annual General Meeting/Dividend Rs 27.50/- Per Share
AVANTIFEED,2015-11-26,split,0.200000,,face value 10 to 2,Face Value Split (Sub-Division) - From Rs 10/- Per Share To Rs 2/- Per Share
AVANTIFEED,2016-08-04,dividend,1.000000,7,cash dividend per share,Dividend - Rs 7/- Per Share
AVANTIFEED,2017-08-03,dividend,1.000000,9,cash dividend per share,Dividend - Rs 9 Per Share
AVANTIFEED,2018-06-26,bonus,0.666667,,bonus 1:2,Bonus 1:2/Face Value Split (Sub-Division) From Rs 2/- Per Share To Re 1/- Per Share
AVANTIFEED,2018-06-26,split,0.500000,,face value 2 to 1,Bonus 1:2/Face Value Split (Sub-Division) From Rs 2/- Per Share To Re 1/- Per Share
AVANTIFEED,2018-07-30,dividend,1.000000,6,cash dividend per share,Dividend- Re 6 Per Share (Rate Revised)
AVANTIFEED,2019-07-30,dividend,1.000000,4,cash dividend per share,Annual General Meeting/Dividend - Rs 4 Per Share
AVANTIFEED,2020-03-05,dividend,1.000000,5,cash dividend per share,Interim Dividend - Rs 5 Per Share
AVANTIFEED,2020-08-20,dividend,1.000000,0.1,cash dividend per share,Annual General Meeting/Dividend - Rs 0.10 Per Share
AVANTIFEED,2021-08-05,dividend,1.000000,6.25,cash dividend per share,Annual General Meeting/Dividend - Rs 6.25 Per Share
AVANTIFEED,2022-08-04,dividend,1.000000,6.25,cash dividend per share,Annual General Meeting/Dividend - Rs 6.25 Per Share
AVANTIFEED,2023-08-03,dividend,1.000000,6.25,cash dividend per share,Annual General Meeting/Dividend - Rs 6.25 Per Share
AVANTIFEED,2024-07-30,dividend,1.000000,6.75,cash dividend per share,Annual General Meeting/Dividend - Rs 6.75 Per Share
AVANTIFEED,2025-08-07,dividend,1.000000,9,cash dividend per share,Dividend - Rs 9 Per Share
AVANTIFEED,2026-08-07,dividend,1.000000,10,cash dividend per share,Dividend - Rs 10 Per Share
AWL,2026-06-19,dividend,1.000000,1,cash dividend per share,Dividend - Re 1 Per Share
AXISBANK,2007-05-17,dividend,1.000000,0.9,cash dividend per share,Agm/Dividend-45%
AXISBANK,2008-05-22,dividend,1.000000,1.2,cash dividend per share,Agm/Dividend - 60%
AXISBANK,2009-05-14,dividend,1.000000,2,cash dividend per share,Agm/Dividend - 100%
AXISBANK,2010-05-20,dividend,1.000000,12,cash dividend per share,Agm/Div-Rs.12/- Per Share
AXISBANK,2011-06-08,dividend,1.000000,14,cash dividend per share,Annual General Meeting And Dividend Rs.14/- Per Share
AXISBANK,2012-06-14,dividend,1.000000,16,cash dividend per share,Annual General Meeting And Dividend Rs.16/- Per Share
AXISBANK,2013-07-05,dividend,1.000000,18,cash dividend per share,Annual General Meeting / Dividend Rs.18/- Per Equity Share
AXISBANK,2014-06-12,dividend,1.000000,20,cash dividend per share,Annual General Meeting / Dividend Rs.20/- Per Equity Share
AXISBANK,2014-07-28,split,0.200000,,face value 10 to 2,Face Value Split From Rs 10/- To Rs 2/- Per Share
AXISBANK,2015-07-09,dividend,1.000000,4.6,cash dividend per share,Annual General Meeting/Dividend Rs 4.60/- Per Share
AXISBANK,2016-07-07,dividend,1.000000,5,cash dividend per share,Annual General Meeting/ Dividend-Rs 5/- Per Share
AXISBANK,2017-07-06,dividend,1.000000,5,cash dividend per share,Annual General Meeting/Dividend - Rs 5/- Per Share
AXISBANK,2019-07-04,dividend,1.000000,1,cash dividend per share,Annual General Meeting/ Dividend - Re 1 Per Share
AXISBANK,2022-07-07,dividend,1.000000,1,cash dividend per share,Dividend - Rs 1 Per Share
AXISBANK,2023-07-07,dividend,1.000000,1,cash dividend per share,Dividend - Re 1 Per Share
AXISBANK,2024-07-12,dividend,1.000000,1,cash dividend per share,Dividend - Re 1 Per Share
AXISBANK,2025-07-04,dividend,1.000000,1,cash dividend per share,Dividend - Re 1 Per Sh
AXISBANK,2026-07-10,dividend,1.000000,1,cash dividend per share,Dividend - Re 1 Per Share
BAJAJ-AUTO,2008-06-27,dividend,1.000000,20,cash dividend per share,Agm/Dividend - 200%
BAJAJ-AUTO,2009-07-02,dividend,1.000000,22,cash dividend per share,Agm/Div.Rs.22/-Per Share
BAJAJ-AUTO,2010-07-08,dividend,1.000000,40,cash dividend per share,Annual General Meeting / Dividend Rs.40/- Per Share
BAJAJ-AUTO,2010-09-08,bonus,0.500000,,bonus 1:1,Bonus 1:1
BAJAJ-AUTO,2011-06-29,dividend,1.000000,40,cash dividend per share,Annual General Meeting And Dividend Rs.40/- Per Share
BAJAJ-AUTO,2012-07-05,dividend,1.000000,45,cash dividend per share,Annual General Meeting And Dividend - Rs.45/- Per Share
BAJAJ-AUTO,2013-07-04,dividend,1.000000,45,cash dividend per share,Annual General Meeting / Dividend - Rs.45/- Per Equity Share
BAJAJ-AUTO,2014-07-03,dividend,1.000000,50,cash dividend per share,Annual General Meeting / Dividend - Rs 50/- Per Share
BAJAJ-AUTO,2015-07-09,dividend,1.000000,50,cash dividend per share,Annual General Meeting/Dividend Rs 50/- Per Share
BAJAJ-AUTO,2016-03-16,dividend,1.000000,50,cash dividend per share,Interim Dividend - Rs 50/- Per Share (Purpose Revised)
BAJAJ-AUTO,2016-07-14,dividend,1.000000,5,cash dividend per share,Annual General Meeting/ Dividend - Rs 5/- Per Share
BAJAJ-AUTO,2017-07-06,dividend,1.000000,55,cash dividend per share,Annual General Meeting/Dividend - Rs 55/- Per Share
BAJAJ-AUTO,2018-07-05,dividend,1.000000,60,cash dividend per share,Annual General Meeting / Dividend- Rs 60 Per Share
BAJAJ-AUTO,2019-07-11,dividend,1.000000,60,cash dividend per share,Annual General Meeting/ Dividend - Rs 60 Per Share
BAJAJ-AUTO,2020-03-03,dividend,1.000000,120,cash dividend per share,Interim Dividend - Rs 120 Per Share
BAJAJ-AUTO,2021-07-08,dividend,1.000000,140,cash dividend per share,Annual General Meeting/Dividend - Rs 140 Per Share
BAJAJ-AUTO,2022-06-30,dividend,1.000000,140,cash dividend per share,Dividend - Rs 140 Per Share
BAJAJ-AUTO,2023-06-30,dividend,1.000000,140,cash dividend per share,Dividend - Rs 140 Per Share
BAJAJ-AUTO,2024-06-14,dividend,1.000000,80,cash dividend per share,Dividend - Rs 80 Per Share
BAJAJ-AUTO,2025-06-20,dividend,1.000000,210,cash dividend per share,Dividend - Rs 210 Per Share
BAJAJ-AUTO,2026-05-29,dividend,1.000000,150,cash dividend per share,Dividend - Rs 150 Per Share
BAJAJCON,2011-05-05,split,0.200000,,face value 5 to 1,Face Value Split From Rs.5/- To Re.1/-
BAJAJCON,2011-07-28,dividend,1.000000,1.9,cash dividend per share,Annual General Meeting And Dividend Rs.1.90 Per Share
BAJAJCON,2012-02-15,dividend,1.000000,4,cash dividend per share,Interim Dividend Rs.4/- Per Share
BAJAJCON,2013-01-23,dividend,1.000000,6.5,cash dividend per share,Interim Dividend Rs 6.50 Per Share
BAJAJCON,2014-02-20,dividend,1.000000,6.5,cash dividend per share,Interim Dividend - Rs 6.50/- Per Share
BAJAJCON,2014-10-30,dividend,1.000000,11.5,cash dividend per share,Interim Dividend Rs.11.50 Per Share
BAJAJCON,2016-01-19,dividend,1.000000,11.5,cash dividend per share,Interim Dividend Rs 11.50 Per Share (Purposed Revised)
BAJAJCON,2017-01-23,dividend,1.000000,11.5,cash dividend per share,Interim Dividend Rs 11.50/- Per Share
BAJAJCON,2018-01-22,dividend,1.000000,12,cash dividend per share,Interim Dividend - Rs 12 Per Share
BAJAJCON,2019-01-18,dividend,1.000000,14,cash dividend per share,Interim Dividend - Rs 14 Per Share
BAJAJCON,2020-09-11,dividend,1.000000,2,cash dividend per share,Annual General Meeting/Dividend - Rs 2 Per Share
BAJAJCON,2021-02-11,dividend,1.000000,6,cash dividend per share,Interim Dividend - Rs 6 Per Share
BAJAJCON,2021-06-11,dividend,1.000000,4,cash dividend per share,Annual General Meeting/Dividend - Rs 4 Per Share
BAJAJCON,2022-02-10,dividend,1.000000,4,cash dividend per share,Interim Dividend - Rs 4 Per Share
BAJAJCON,2022-07-22,dividend,1.000000,4,cash dividend per share,Annual General Meeting/Dividend - Rs 4 Per Share
BAJAJCON,2023-08-02,dividend,1.000000,5,cash dividend per share,Annual General Meeting/Dividend - Rs 5 Per Share
BAJAJCON,2024-02-16,dividend,1.000000,3,cash dividend per share,Interim Dividend - Rs 3 Per Share
BAJAJFINSV,2008-06-27,dividend,1.000000,0.2,cash dividend per share,Agm/Dividend - 20%
BAJAJFINSV,2009-07-02,dividend,1.000000,1,cash dividend per share,Agm/Div-Re.1/- Per Share
BAJAJFINSV,2010-07-08,dividend,1.000000,1,cash dividend per share,Annual General Meeting / Dividend Re. 1 Per Share
BAJAJFINSV,2011-06-29,dividend,1.000000,1.25,cash dividend per share,Annual General Meeting And Dividend Rs.1.25 Per Share
BAJAJFINSV,2012-07-05,dividend,1.000000,1.5,cash dividend per share,Annual General Meeting And Dividend - Rs.1.50 Per Share
BAJAJFINSV,2012-09-06,rights,0.982012,,"rights 1:10 at 646, theoretical ex-rights price",Rights 1:10 @ Premium Rs.645/- Per Share
BAJAJFINSV,2013-07-04,dividend,1.000000,1.5,cash dividend per share,Annual General Meeting / Dividend Rs.1.50/- Per Equity Share
BAJAJFINSV,2014-07-03,dividend,1.000000,1.75,cash dividend per share,Annual General Meeting / Dividend - Rs 1.75/- Per Share
BAJAJFINSV,2015-07-09,dividend,1.000000,1.75,cash dividend per share,Annual General Meeting/Dividend Rs 1.75 Per Share
BAJAJFINSV,2016-03-16,dividend,1.000000,1.75,cash dividend per share,Interim Dividend - Rs 1.75/- Per Share (Purpose Revised)
BAJAJFINSV,2017-07-06,dividend,1.000000,1.75,cash dividend per share,Annual General Meeting/Div-Rs 1.75 Per Share
BAJAJFINSV,2018-07-05,dividend,1.000000,1.75,cash dividend per share,Annual General Meeting / Dividend- Rs 1.75 Per Share
BAJAJFINSV,2019-07-11,dividend,1.000000,2.5,cash dividend per share,Annual General Meeting/ Dividend - Rs 2.50 Per Share
BAJAJFINSV,2020-03-03,dividend,1.000000,5,cash dividend per share,Interim Dividend - Rs 5 Per Share
BAJAJFINSV,2021-07-08,dividend,1.000000,3,cash dividend per share,Annual General Meeting/Dividend - Rs 3 Per Share
BAJAJFINSV,2022-06-30,dividend,1.000000,4,cash dividend per share,Dividend - Rs 4 Per Share
BAJAJFINSV,2022-09-13,bonus,0.500000,,bonus 1:1,Bonus 1:1
BAJAJFINSV,2022-09-13,split,0.200000,,face value 5 to 1,Face Value Split (Sub-Division) - From Rs 5/- Per Share To Re 1/- Per Share
BAJAJFINSV,2023-06-30,dividend,1.000000,0.8,cash dividend per share,Dividend - Rs 0.80 Per Share
BAJAJFINSV,2024-06-21,dividend,1.000000,1,cash dividend per share,Dividend - Re 1 Per Share
BAJAJFINSV,2025-06-27,dividend,1.000000,1,cash dividend per share,Dividend - Re 1 Per Share
BAJAJFINSV,2026-06-30,dividend,1.000000,1.5,cash dividend per share,Dividend - Rs 1.50 Per Share
BAJAJHLDNG,2007-06-28,dividend,1.000000,40,cash dividend per share,Agm/Div-Rs.40/- Per Sh
BAJAJHLDNG,2008-03-14,demerger,0.359582,,ex-date open (special pre-open price) / previous close,Scheme Of Arrangement
BAJAJHLDNG,2008-06-27,dividend,1.000000,20,cash dividend per share,Agm/Dividend - 200%
BAJAJHLDNG,2009-07-02,dividend,1.000000,10,cash dividend per share,Agm/Div.-Rs.10/-Per Share
BAJAJHLDNG,2010-07-08,dividend,1.000000,30,cash dividend per share,Annual General Meeting / Dividend Rs 30 Per Share
BAJAJHLDNG,2011-06-29,dividend,1.000000,35,cash dividend per share,Annual General Meeting And Dividend Rs.35/- Per Share
BAJAJHLDNG,2012-07-05,dividend,1.000000,25,cash dividend per share,Annual General Meeting And Dividend - Rs.25/- Per Share
BAJAJHLDNG,2013-07-04,dividend,1.000000,25,cash dividend per share,Annual General Meeting / Dividend - Rs.25/- Per Equity Share
BAJAJHLDNG,2014-07-03,dividend,1.000000,30,cash dividend per share,Annual General Meeting / Dividend - Rs 30/- Per Share
BAJAJHLDNG,2015-07-09,dividend,1.000000,32.5,cash dividend per share,Annual General Meeting/Dividend Rs 32.50/- Per Share
BAJAJHLDNG,2016-03-16,dividend,1.000000,25,cash dividend per share,Interim Dividend - Rs 25/- Per Share (Purpose Revised)
BAJAJHLDNG,2016-07-14,dividend,1.000000,7.5,cash dividend per share,Annual General Meeting/ Dividend - Rs 7.50/- Per Share
BAJAJHLDNG,2017-07-06,dividend,1.000000,32.5,cash dividend per share,Annual General Meeting/Dividend - Rs 32.50 Per Share
BAJAJHLDNG,2018-07-05,dividend,1.000000,40,cash dividend per share,Annual General Meeting / Dividend- Rs 40 Per Share
BAJAJHLDNG,2019-07-11,dividend,1.000000,32.5,cash dividend per share,Annual General Meeting/ Dividend - Rs 32.50 Per Share
BAJAJHLDNG,2020-03-03,dividend,1.000000,40,cash dividend per share,Interim Dividend - Rs 40 Per Share
BAJAJHLDNG,2021-07-08,dividend,1.000000,40,cash dividend per share,Annual General Meeting/Dividend - Rs 40 Per Share
BAJAJHLDNG,2021-09-28,dividend,1.000000,90,cash dividend per share,Interim Dividend - Rs 90 Per Share
BAJAJHLDNG,2022-06-30,dividend,1.000000,25,cash dividend per share,Dividend - Rs 25 Per Share
BAJAJHLDNG,2022-09-22,dividend,1.000000,110,cash dividend per share,Interim Dividend - Rs 110 Per Share
BAJAJHLDNG,2023-06-30,dividend,1.000000,13,cash dividend per share,Dividend - Rs 13 Per Share
BAJAJHLDNG,2023-09-28,dividend,1.000000,110,cash dividend per share,Interim Dividend - Rs 110 Per Share
BAJAJHLDNG,2024-06-28,dividend,1.000000,21,cash dividend per share,Dividend - Rs 21 Per Share
BAJAJHLDNG,2024-09-25,dividend,1.000000,65,cash dividend per share,Interim Dividend - Rs 65 Per Share
BAJAJHLDNG,2025-06-27,dividend,1.000000,28,cash dividend per share,Dividend - Rs 28 Per Share
BAJAJHLDNG,2025-09-22,dividend,1.000000,65,cash dividend per share,Interim Dividend - Rs 65 Per Share
BAJAJHLDNG,2026-06-30,dividend,1.000000,130,cash dividend per share,Dividend - Rs 80 Per Share & Special Dividend Rs 50 Per Share
BAJAJHLDNG,2026-09-21,dividend,1.000000,65,cash dividend per share,Interim Dividend - Rs 65 Per Share
BAJFINANCE,2007-06-28,dividend,1.000000,0.3,cash dividend per share,Agm/Dividend-30%
BAJFINANCE,2008-06-27,dividend,1.000000,0.1,cash dividend per share,Agm/Dividend-10%
BAJFINANCE,2009-06-29,dividend,1.000000,2,cash dividend per share,Agm/Div-Rs.2/- Per Share
BAJFINANCE,2010-07-08,dividend,1.000000,6,cash dividend per share,Annual General Meeting And Dividend Rs.6/- Per Share
BAJFINANCE,2011-06-29,dividend,1.000000,10,cash dividend per share,Annual General Meeting And Dividend Rs.10/- Per Share
BAJFINANCE,2012-07-05,dividend,1.000000,12,cash dividend per share,Annual General Meeting And Dividend - Rs.12/- Per Share
BAJFINANCE,2013-01-23,rights,0.970702,,"rights 3:19 at 1091, theoretical ex-rights price",Rights 3:19 @ Premium Rs 1090 Per Share
BAJFINANCE,2013-07-04,dividend,1.000000,15,cash dividend per share,Annual General Meeting And Dividend Rs.15/- Per Share
BAJFINANCE,2014-07-03,dividend,1.000000,16,cash dividend per share,Annual General Meeting And Dividend Rs.16/- Per Share
BAJFINANCE,2015-07-09,dividend,1.000000,18,cash dividend per share,Annual General Meeting / Dividend - Rs 18/- Per Share
BAJFINANCE,2016-03-16,dividend,1.000000,18,cash dividend per share,Interim Dividend - Rs 18/- Per Share (Purpose Revised)
BAJFINANCE,2016-07-14,dividend,1.000000,7,cash dividend per share,Dividend Rs 7/- Per Share
BAJFINANCE,2016-09-08,bonus,0.500000,,bonus 1:1,Bonus 1:1/Face Value Split (Sub-Division) - From Rs 10/- Per Share To Rs 2/- Per Share
BAJFINANCE,2016-09-08,split,0.200000,,face value 10 to 2,Bonus 1:1/Face Value Split (Sub-Division) - From Rs 10/- Per Share To Rs 2/- Per Share
BAJFINANCE,2017-07-06,dividend,1.000000,3.6,cash dividend per share,Annual General Meeting/Dividend - Rs 3.60/- Per Share
BAJFINANCE,2018-07-05,dividend,1.000000,4,cash dividend per share,Annual General Meeting / Dividend- Rs 4 Per Share
BAJFINANCE,2019-07-11,dividend,1.000000,6,cash dividend per share,Annual General Meeting/ Dividend - Rs 6 Per Share
BAJFINANCE,2020-03-03,dividend,1.000000,10,cash dividend per share,Interim Dividend - Rs 10 Per Share
BAJFINANCE,2021-07-08,dividend,1.000000,10,cash dividend per share,Annual General Meeting/Dividend - Rs 10 Per Share
BAJFINANCE,2022-06-30,dividend,1.000000,20,cash dividend per share,Dividend - Rs 20 Per Share
BAJFINANCE,2023-06-30,dividend,1.000000,30,cash dividend per share,Dividend - Rs 30 Per Share
BAJFINANCE,2024-06-21,dividend,1.000000,36,cash dividend per share,Dividend - Rs 36 Per Share
BAJFINANCE,2025-05-09,dividend,1.000000,12,cash dividend per share,Special Dividend - Rs 12 Per Share
BAJFINANCE,2025-05-30,dividend,1.000000,44,cash dividend per share,Dividend - Rs 44 Per Share
BAJFINANCE,2025-06-16,bonus,0.200000,,bonus 4:1,Bonus 4:1
BAJFINANCE,2025-06-16,split,0.500000,,face value 2 to 1,Face Value Split (Sub-Division) - From Rs 2/- Per Share To Re 1/- Per Share
BAJFINANCE,2026-06-30,dividend,1.000000,6,cash dividend per share,Dividend - Rs 6 Per Share
BALKRISIND,2007-03-21,dividend,1.000000,7,cash dividend per share,2nd Int Div-Rs.7/- Per Shpurpose Revised
BALKRISIND,2008-06-04,dividend,1.000000,0.9,cash dividend per share,Interim Dividend - 45%
BALKRISIND,2008-08-14,dividend,1.000000,1.2,cash dividend per share,Agm/Final Dividend - 60%
BALKRISIND,2009-07-27,dividend,1.000000,6,cash dividend per share,Agm/Div-Rs.6/- Per Share
BALKRISIND,2010-04-22,dividend,1.000000,7,cash dividend per share,Int Div-Rs.7/- Per Share Purpose Revised
BALKRISIND,2010-12-20,split,0.200000,,face value 10 to 2,Face Value Split From Rs.10/- To Rs.2/-
BALKRISIND,2011-07-25,dividend,1.000000,1.4,cash dividend per share,Annual General Meeting And Dividend Rs.1.40 Per Share
BALKRISIND,2012-08-24,dividend,1.000000,1.5,cash dividend per share,Annual General Meeting/Dividend Rs.1.50 Per Share
BALKRISIND,2013-09-16,dividend,1.000000,1.5,cash dividend per share,Annual General Meeting / Dividend - Rs.1.50 Per Share
BALKRISIND,2014-09-05,dividend,1.000000,2,cash dividend per share,Annual General Meeting / Final Dividend - Rs 2/- Per Share
BALKRISIND,2015-03-24,demerger,1.000000,,no price effect (ex-date move under 3%),Scheme Of Arrangement
BALKRISIND,2015-07-06,dividend,1.000000,2.4,cash dividend per share,Annual General Meeting/Dividend -Rs 2.40/- Per Share
BALKRISIND,2016-03-16,dividend,1.000000,5.5,cash dividend per share,Interim Dividend - Rs 3/- Per Share + Special Dividend - Rs 2.50/- Per Share (Purpse Revised)
BALKRISIND,2016-09-19,dividend,1.000000,1.5,cash dividend per share,Interim Dividend -Rs 1.50 Per Share (Purpose Revised)
BALKRISIND,2016-12-07,dividend,1.000000,2,cash dividend per share,Interim Dividend Rs 2/- Per Share (Purpose Revised)
BALKRISIND,2017-02-17,dividend,1.000000,2,cash dividend per share,Interim Dividend Rs 2/- Per Share (Purpose Revised)
BALKRISIND,2017-08-04,dividend,1.000000,2.5,cash dividend per share,Interim Dividend - Rs 2.50 Per Share
BALKRISIND,2017-09-06,dividend,1.000000,2.5,cash dividend per share,Annual General Meeting/Dividend - Rs 2.50 Per Share
BALKRISIND,2017-11-16,dividend,1.000000,2.5,cash dividend per share,Interim Dividend - Rs 2.50 Per Share (Purpose Revised)
BALKRISIND,2017-12-21,bonus,0.500000,,bonus 1:1,Bonus 1:1
BALKRISIND,2018-02-21,dividend,1.000000,1.5,cash dividend per share,Interim Dividend - Rs 1.50 Per Share (Purpose Revised)
BALKRISIND,2018-07-09,dividend,1.000000,1.5,cash dividend per share,Annual General Meeting/Dividend- Rs 1.50 Per Share
BALKRISIND,2018-08-20,dividend,1.000000,2,cash dividend per share,Interim Dividend- Rs 2 Per Share (Purpose Revised)
BALKRISIND,2018-11-14,dividend,1.000000,2,cash dividend per share,Interim Dividend - Rs 2 Per Share
BALKRISIND,2019-02-15,dividend,1.000000,2,cash dividend per share,Interim Dividend - Rs 2 Per Share
BALKRISIND,2019-07-04,dividend,1.000000,2,cash dividend per share,Annual General Meeting/Dividend - Rs 2 Per Share
BALKRISIND,2019-08-20,dividend,1.000000,2,cash dividend per share,Interim Dividend - Rs 2 Per Share
BALKRISIND,2019-11-21,dividend,1.000000,2,cash dividend per share,Interim Dividend- Rs 2 Per Share
BALKRISIND,2020-02-24,dividend,1.000000,16,cash dividend per share,Interim Dividend - Rs 16 Per Share
BALKRISIND,2020-08-20,dividend,1.000000,3,cash dividend per share,Interim Dividend - Rs 3 Per Share
BALKRISIND,2020-11-12,dividend,1.000000,4,cash dividend per share,Interim Dividend - Rs 4 Per Share
BALKRISIND,2021-02-15,dividend,1.000000,5,cash dividend per share,Interim Dividend - Rs 5 Per Share
BALKRISIND,2021-06-18,dividend,1.000000,5,cash dividend per share,Dividend - Rs 5 Per Share
BALKRISIND,2021-08-12,dividend,1.000000,4,cash dividend per share,Interim Dividend - Rs 4 Per Share
BALKRISIND,2021-11-17,dividend,1.000000,4,cash dividend per share,Interim Dividend - Rs 4 Per Share
BALKRISIND,2022-02-21,dividend,1.000000,16,cash dividend per share,Interim Dividend - Rs 4 Per Share/Special Dividend - Rs 12 Per Share
BALKRISIND,2022-06-24,dividend,1.000000,4,cash dividend per share,Dividend - Rs 4 Per Share
BALKRISIND,2022-08-11,dividend,1.000000,4,cash dividend per share,Interim Dividend - Rs 4 Per Share
BALKRISIND,2022-11-21,dividend,1.000000,4,cash dividend per share,Interim Dividend - Rs 4 Per Share
BALKRISIND,2023-02-17,dividend,1.000000,4,cash dividend per share,Interim Dividend - Rs 4 Per Share
BALKRISIND,2023-07-11,dividend,1.000000,4,cash dividend per share,Dividend - Rs 4 Per Share
BALKRISIND,2023-08-11,dividend,1.000000,4,cash dividend per share,Interim Dividend - Rs 4 Per Share
BALKRISIND,2023-10-31,dividend,1.000000,4,cash dividend per share,Interim Dividend - Rs 4 Per Share
BALKRISIND,2024-02-02,dividend,1.000000,4,cash dividend per share,Interim Dividend - Rs 4 Per Share
BALKRISIND,2024-07-05,dividend,1.000000,4,cash dividend per share,Dividend - Rs 4 Per Share
BALKRISIND,2024-08-20,dividend,1.000000,4,cash dividend per share,Interim Dividend - Rs 4 Per Share
BALKRISIND,2024-10-31,dividend,1.000000,4,cash dividend per share,Interim Dividend - Rs 4 Per Share
BALKRISIND,2025-01-30,dividend,1.000000,4,cash dividend per share,Interim Dividend - Rs 4 Per Share
BALKRISIND,2025-07-11,dividend,1.000000,4,cash dividend per share,Dividend - Rs 4 Per Share
BALKRISIND,2025-07-31,dividend,1.000000,4,cash dividend per share,Interim Dividend - Rs 4 Per Share
BALKRISIND,2025-11-07,dividend,1.000000,4,cash dividend per share,Interim Dividend - Rs 4 Per Share
BALKRISIND,2026-02-02,dividend,1.000000,4,cash dividend per share,Interim Dividend - Rs 4 Per Share
BALKRISIND,2026-07-17,dividend,1.000000,4,cash dividend per share,Dividend - Rs 4 Per Share
BALKRISIND,2026-08-04,dividend,1.000000,4,cash dividend per share,Interim Dividend - Rs 4 Per Share
BANDHANBNK,2018-07-12,dividend,1.000000,1,cash dividend per share,Dividend Re 1/- Per Share
BANDHANBNK,2019-06-20,dividend,1.000000,3,cash dividend per share,Annual General Meeting/Dividend - Rs 3 Per Share
BANDHANBNK,2021-07-29,dividend,1.000000,1,cash dividend per share,Annual General Meeting/Dividend - Re 1 Per Share
BANDHANBNK,2023-08-11,dividend,1.000000,1.5,cash dividend per share,Annual General Meeting/Dividend - Rs 1.50 Per Share
BANDHANBNK,2024-08-13,dividend,1.000000,1.5,cash dividend per share,Annual General Meeting/Dividend - Rs 1.50 Per Share
BANDHANBNK,2025-08-14,dividend,1.000000,1.5,cash dividend per share,Dividend - Rs 1.50 Per Share
BANDHANBNK,2026-08-17,dividend,1.000000,1.5,cash dividend per share,Dividend - Rs 1.50 Per Share
BANKBARODA,2007-03-22,dividend,1.000000,0.6,cash dividend per share,Interim Dividend-30% Purpose Revised
BANKBARODA,2007-06-21,dividend,1.000000,0.6,cash dividend per share,Agm/Dividend-30%
BANKBARODA,2008-07-17,dividend,1.000000,1.6,cash dividend per share,Agm/Dividend - 80%
BANKBARODA,2009-06-18,dividend,1.000000,9,cash dividend per share,Agm/Div.Rs.9/- Per Share
BANKBARODA,2010-06-24,dividend,1.000000,15,cash dividend per share,Annual General Meeting And Dividend Rs.15/- Per Share
BANKBARODA,2011-06-23,dividend,1.000000,16.5,cash dividend per share,Annual General Meeting And Dividend Rs.16.50 Per Share
BANKBARODA,2012-06-14,dividend,1.000000,17,cash dividend per share,Annual General Meeting/Dividend Rs 17 Per Share
BANKBARODA,2013-06-13,dividend,1.000000,21.5,cash dividend per share,Annual General Meeting / Dividend - Rs.21.50/- Per Equity Share
BANKBARODA,2014-01-20,dividend,1.000000,11,cash dividend per share,Interim Dividend Rs 11/- Per Share
BANKBARODA,2014-06-12,dividend,1.000000,10.5,cash dividend per share,Annual General Meeting / Dividend - Rs.10.50/- Per Equity Share
BANKBARODA,2015-01-22,split,0.200000,,face value 10 to 2,Face Value Split (Sub-Division) - From Rs 10/- Per Share To Rs 2/- Per Share
BANKBARODA,2015-06-16,dividend,1.000000,3.2,cash dividend per share,Annual General Meeting/ Dividend - Rs 3.20/- Per Share
BANKBARODA,2017-06-22,dividend,1.000000,1.2,cash dividend per share,Annual General Meeting/Dividend - Rs 1.20 Per Share
BANKBARODA,2022-06-17,dividend,1.000000,2.85,cash dividend per share,Annual General Meeting/Dividend - Rs 2.85 Per Share
BANKBARODA,2023-06-30,dividend,1.000000,5.5,cash dividend per share,Annual General Meeting/Dividend - Rs 5.50 Per Share
BANKBARODA,2024-06-28,dividend,1.000000,7.6,cash dividend per share,Annual General Meeting/Dividend - Rs 7.60 Per Share
BANKBARODA,2025-06-06,dividend,1.000000,8.35,cash dividend per share,Dividend - Rs 8.35 Per Share
BANKBARODA,2026-06-05,dividend,1.000000,8.5,cash dividend per share,Dividend - Rs 8.50 Per Share
BANKINDIA,2007-06-29,dividend,1.000000,1.5,cash dividend per share,Agm/Dividend-15%
BANKINDIA,2008-07-03,dividend,1.000000,4,cash dividend per share,Agm/Dividend - 40%
BANKINDIA,2009-03-13,dividend,1.000000,3,cash dividend per share,Interim Dividend - 30% Purpose Revised
BANKINDIA,2009-07-02,dividend,1.000000,5,cash dividend per share,Agm/Div-Rs.5/- Per Share
BANKINDIA,2010-07-08,dividend,1.000000,7,cash dividend per share,Annual General Meeting And Dividend Rs.7/- Per Share
BANKINDIA,2011-07-07,dividend,1.000000,7,cash dividend per share,Annual General Meeting And Dividend Rs.7/- Per Share
BANKINDIA,2012-06-21,dividend,1.000000,7,cash dividend per share,Annual General Meeting/Dividend Rs 7 Per Share
BANKINDIA,2013-06-20,dividend,1.000000,10,cash dividend per share,Annual General Meeting / Dividend - Rs.10/- Per Equity Share
BANKINDIA,2014-01-23,dividend,1.000000,5,cash dividend per share,Interim Dividend - Rs 5/- Per Share (Purpose Revised)
BANKINDIA,2015-07-10,dividend,1.000000,5,cash dividend per share,Annual General Meeting/Dividend Rs 5/- Per Share
BANKINDIA,2022-07-07,dividend,1.000000,2,cash dividend per share,Annual General Meeting/Dividend - Rs 2 Per Share
BANKINDIA,2023-06-20,dividend,1.000000,2,cash dividend per share,Dividend - Rs 2 Per Share
BANKINDIA,2024-06-18,dividend,1.000000,2.8,cash dividend per share,Annual General Meeting/Dividend - Rs 2.80 Per Share
BANKINDIA,2025-06-20,dividend,1.000000,4.05,cash dividend per share,Dividend - Rs 4.05 Per Share
BANKINDIA,2026-05-29,dividend,1.000000,4.65,cash dividend per share,Dividend - Rs 4.65 Per Share
BATAINDIA,2008-05-29,dividend,1.000000,1,cash dividend per share,Agm/Fin Div-15%+Ad Div-5%Bc Dates Revised
BATAINDIA,2009-05-07,dividend,1.000000,1.25,cash dividend per share,Agm/Dividend - 25%
BATAINDIA,2010-05-06,dividend,1.000000,3,cash dividend per share,Agm/Div-Rs.3/- Per Share
BATAINDIA,2011-06-10,dividend,1.000000,4,cash dividend per share,Annual General Meeting And Dividend Rs.4/- Per Share
BATAINDIA,2012-05-14,dividend,1.000000,6,cash dividend per share,Annual General Meeting/Final Dividend Rs.5/- Per Share And Special Dividend Re.1/- Per Share
BATAINDIA,2013-05-17,dividend,1.000000,6,cash dividend per share,Annual General Meeting / Dividend Rs.6/- Per Share
BATAINDIA,2014-05-05,dividend,1.000000,6.5,cash dividend per share,Annual General Meeting / Dividend - Rs 6.50/- Per Share
BATAINDIA,2015-07-20,dividend,1.000000,6.5,cash dividend per share,Annual General Meeting/Dividend - Rs 6.50 Per Share
BATAINDIA,2015-10-07,split,0.500000,,face value 10 to 5,Face Value Split (Sub-Division) - From Rs 10/- Per Share To Rs 5/- Per Share
BATAINDIA,2016-07-19,dividend,1.000000,3.5,cash dividend per share,Annual General Meeting/ Dividend - Rs 3.50/- Per Share
BATAINDIA,2017-07-06,dividend,1.000000,3.5,cash dividend per share,Annual General Meeting/Dividend - Rs 3.50 Per Share
BATAINDIA,2018-07-09,dividend,1.000000,4,cash dividend per share,Annual General Meeting/Dividend- Rs 4 Per Share
BATAINDIA,2019-07-22,dividend,1.000000,6.25,cash dividend per share,Annual General Meeting/Dividend Rs 6.25 Per Share
BATAINDIA,2020-07-29,dividend,1.000000,4,cash dividend per share,Annual General Meeting/Dividend - Rs 4 Per Share
BATAINDIA,2021-08-04,dividend,1.000000,4,cash dividend per share,Annual General Meeting/Dividend - Rs 4 Per Share
BATAINDIA,2022-08-04,dividend,1.000000,54.5,cash dividend per share,Annual General Meeting/Dividend - Rs 4 Per Share/Special Dividend - Rs 50.5 Per Share
BATAINDIA,2023-08-03,dividend,1.000000,13.5,cash dividend per share,Annual General Meeting/Dividend - Rs 13.50 Per Share
BATAINDIA,2024-07-31,dividend,1.000000,12,cash dividend per share,Annual General Meeting/Dividend - Rs 12 Per Share
BATAINDIA,2024-08-16,dividend,1.000000,10,cash dividend per share,Interim Dividend - Rs 10 Per Share
BATAINDIA,2025-08-01,dividend,1.000000,9,cash dividend per share,Dividend - Rs 9 Per Share
BATAINDIA,2026-07-31,dividend,1.000000,9,cash dividend per share,Dividend - Rs 9 Per Share
BATAINDIA,2026-08-19,dividend,1.000000,25,cash dividend per share,Interim Dividend - Rs 25 Per Share
BAYERCROP,2010-09-09,dividend,1.000000,4,cash dividend per share,Annual General Meeting And Dividend Rs.4/- Per Share
BAYERCROP,2011-08-09,dividend,1.000000,4,cash dividend per share,Annual General Meeting And Dividend Rs.4/- Per Share
BAYERCROP,2012-08-08,dividend,1.000000,4.2,cash dividend per share,Annual General Meeting/ Dividend Rs 4.20 Per Share
BAYERCROP,2013-08-12,dividend,1.000000,5,cash dividend per share,Annual General Meeting / Dividend - Rs 5/- Per Share
BAYERCROP,2014-08-13,dividend,1.000000,5.5,cash dividend per share,Annual General Meeting / Dividend - Rs 5.50/- Per Share
BAYERCROP,2014-09-19,dividend,1.000000,4,cash dividend per share,Interim Dividend Rs.4/- Per Share (Purpose Revised)
BAYERCROP,2015-09-03,dividend,1.000000,17,cash dividend per share,Annual General Meeting/ Dividend - Rs 17/- Per Share
BAYERCROP,2016-08-29,dividend,1.000000,17,cash dividend per share,Annual General Meeting/Dividend Rs 17/- Per Share
BAYERCROP,2017-08-07,dividend,1.000000,17,cash dividend per share,Annual General Meeting/Dividend - Rs 17 Per Share
BAYERCROP,2018-08-06,dividend,1.000000,18,cash dividend per share,Annual General Meeting/Dividend Rs 18/- Per Share
BAYERCROP,2019-07-10,dividend,1.000000,18,cash dividend per share,Annual General Meeting/Dividend - Rs 18 Per Share
BAYERCROP,2020-06-23,dividend,1.000000,90,cash dividend per share,Interim Dividend - Rs 90 Per Share
BAYERCROP,2020-07-27,dividend,1.000000,25,cash dividend per share,Annual General Meeting/Dividend - Rs 25 Per Share
BAYERCROP,2021-07-27,dividend,1.000000,25,cash dividend per share,Annual General Meeting/Dividend - Rs 25 Per Share
BAYERCROP,2021-11-11,dividend,1.000000,125,cash dividend per share,Special Dividend - Rs 125 Per Share
BAYERCROP,2022-08-04,dividend,1.000000,25,cash dividend per share,Annual General Meeting/Dividend - Rs 25 Per Share
BAYERCROP,2022-11-17,dividend,1.000000,100,cash dividend per share,Interim Dividend - Rs 100 Per Share
BAYERCROP,2023-08-04,dividend,1.000000,30,cash dividend per share,Annual General Meeting/Dividend - Rs 30 Per Share
BAYERCROP,2023-11-16,dividend,1.000000,105,cash dividend per share,Interim Dividend - Rs 105 Per Share
BAYERCROP,2024-08-01,dividend,1.000000,35,cash dividend per share,Annual General Meeting/Dividend - Rs 35 Per Share
BAYERCROP,2024-11-28,dividend,1.000000,90,cash dividend per share,Interim Dividend - Rs 90 Per Share
BAYERCROP,2025-08-07,dividend,1.000000,35,cash dividend per share,Dividend - Rs 35 Per Share
BAYERCROP,2025-11-14,dividend,1.000000,90,cash dividend per share,Interim Dividend - Rs 90 Per Share
BAYERCROP,2026-08-05,dividend,1.000000,60,cash dividend per share,Dividend - Rs 60 Per Share
BBTC,2007-07-13,dividend,1.000000,0.6,cash dividend per share,Agm/Dividend-30%
BBTC,2008-07-11,dividend,1.000000,0.6,cash dividend per share,Agm/Dividend - 30%
BBTC,2009-07-10,dividend,1.000000,1,cash dividend per share,Agm/Div-Re.1/- Per Share
BBTC,2010-07-23,dividend,1.000000,3.5,cash dividend per share,Annual General Meeting And Dividend Rs.3.50 Per Share
BBTC,2011-07-21,dividend,1.000000,7,cash dividend per share,Dividend-Rs.7/- Per Share
BBTC,2012-07-26,dividend,1.000000,7,cash dividend per share,Annual General Meeting And Dividend Rs.7/- Per Share
BBTC,2012-11-08,split,0.200000,,face value 10 to 2,Face Value Split From Rs 10 To Rs 2
BBTC,2013-07-25,dividend,1.000000,3,cash dividend per share,Annual General Meeting And Dividend Rs.3/- Per Share
BBTC,2014-07-31,dividend,1.000000,1,cash dividend per share,Annual General Meeting / Dividend - Re 1/- Per Share
BBTC,2015-07-28,dividend,1.000000,1,cash dividend per share,Annual General Meeting/Dividend Re 1/- Per Share
BBTC,2016-07-28,dividend,1.000000,1,cash dividend per share,Annual General Meeting/Dividend - Re 1/- Per Share
BBTC,2017-07-20,dividend,1.000000,1,cash dividend per share,Annual General Meeting/Dividend - Re 1/- Per Share
BBTC,2018-07-26,dividend,1.000000,1,cash dividend per share,Annual General Meeting/Dividend- Re 1 Per Share
BBTC,2019-08-01,dividend,1.000000,1,cash dividend per share,Annual General Meeting/ Dividend - Re 1 Per Share
BBTC,2020-07-16,dividend,1.000000,1.2,cash dividend per share,Dividend - Rs 1.20 Per Share
BBTC,2021-09-03,dividend,1.000000,1.2,cash dividend per share,Dividend - Rs 1.20 Per Share
BBTC,2022-08-17,dividend,1.000000,1.2,cash dividend per share,Dividend - Rs 1.20 Per Share
BBTC,2023-09-22,dividend,1.000000,1.2,cash dividend per share,Annual General Meeting/Dividend - Rs 1.20 Per Share
BBTC,2024-08-09,dividend,1.000000,1.2,cash dividend per share,Annual General Meeting/Dividend - Rs 1.20 Per Share
BBTC,2025-02-21,dividend,1.000000,13,cash dividend per share,Interim Dividend - Rs 13 Per Share
BBTC,2025-03-27,dividend,1.000000,4,cash dividend per share,Interim Dividend - Rs 4 Per Share
BBTC,2026-02-20,dividend,1.000000,17,cash dividend per share,Interim Dividend - Rs 17 Per Share
BDL,2018-09-18,dividend,1.000000,7.29,cash dividend per share,Annual General Meeting/Dividend Rs 7.29 Per Share
BDL,2019-03-26,dividend,1.000000,5.25,cash dividend per share,Interim Dividend - Rs 5.25 Per Share
BDL,2019-09-19,dividend,1.000000,1.67,cash dividend per share,Annual General Meeting/Dividend - Rs 1.67
BDL,2020-02-24,dividend,1.000000,6.25,cash dividend per share,Interim Dividend - Rs 6.25 Per Share
BDL,2020-09-18,dividend,1.000000,2.55,cash dividend per share,Annual General Meeting/Dividend - Rs 2.55 Per Share
BDL,2021-03-18,dividend,1.000000,6.7,cash dividend per share,Interim Dividend - Rs 6.70 Per Share
BDL,2021-09-17,dividend,1.000000,0.65,cash dividend per share,Annual General Meeting/Dividend - Rs 0.65 Per Share
BDL,2022-02-23,dividend,1.000000,7.3,cash dividend per share,Interim Dividend - Rs 7.30 Per Share
BDL,2022-09-16,dividend,1.000000,1,cash dividend per share,Annual General Meeting/Dividend - Re 1 Per Share
BDL,2023-02-20,dividend,1.000000,8.15,cash dividend per share,Interim Dividend - Rs 8.15 Per Share
BDL,2023-09-20,dividend,1.000000,1.2,cash dividend per share,Annual General Meeting/Dividend - Rs 1.20 Per Share
BDL,2024-04-02,dividend,1.000000,8.85,cash dividend per share,Interim Dividend - Rs 8.85 Per Share
BDL,2024-05-24,split,0.500000,,face value 10 to 5,Face Value Split (Sub-Division) - From Rs 10/- Per Share To Rs 5/- Per Share
BDL,2024-09-23,dividend,1.000000,0.85,cash dividend per share,Annual General Meeting/Dividend - Rs 0.85 Per Share
BDL,2025-02-14,dividend,1.000000,4,cash dividend per share,Interim Dividend - Rs 4 Per Share
BDL,2025-09-19,dividend,1.000000,0.65,cash dividend per share,Dividend - Re 0.65 Per Share
BDL,2026-02-09,dividend,1.000000,4.5,cash dividend per share,Interim Dividend - Rs 4.50 Per Share
BDL,2026-09-21,dividend,1.000000,0.4,cash dividend per share,Dividend - Re 0.40 Per Share
BEL,2007-01-25,dividend,1.000000,4,cash dividend per share,Int Div-Rs.4/- Per Share Purpose Revised
BEL,2007-09-07,dividend,1.000000,1.4,cash dividend per share,Agm/Final Dividend-140%
BEL,2008-01-30,dividend,1.000000,6,cash dividend per share,Int Div- Rs.6/- Per Share
BEL,2008-09-12,dividend,1.000000,1.47,cash dividend per share,Agm/Dividend - 147%
BEL,2009-01-28,dividend,1.000000,6,cash dividend per share,Int Div-Rs.6 Per Share Purpose Revised
BEL,2009-09-14,dividend,1.000000,12.7,cash dividend per share,Agm/Div-Rs.12.70 Pr Share
BEL,2010-02-03,dividend,1.000000,6,cash dividend per share,Int Div-Rs.6/- Per Share Purpose Revised
BEL,2010-09-13,dividend,1.000000,13.2,cash dividend per share,Annual General Meeting And Dividend Rs.13.20 Per Share
BEL,2011-02-02,dividend,1.000000,6,cash dividend per share,Interim Dividend-Rs.6/- Per Share (Purpose Revised)
BEL,2011-09-13,dividend,1.000000,15.6,cash dividend per share,Annual General Meeting And Dividend - Rs.15.60 Per Share
BEL,2012-02-01,dividend,1.000000,10,cash dividend per share,Interim Dividend Rs.10/- Per Share (Purpose Revised)
BEL,2012-09-07,dividend,1.000000,10.8,cash dividend per share,Annual General Meeting And Dividend Rs.10.80 Per Share
BEL,2013-01-30,dividend,1.000000,6,cash dividend per share,Interim Dividend Rs 6 Per Share (Purpose Revised)
BEL,2013-09-06,dividend,1.000000,16.3,cash dividend per share,Annual General Meeting / Final Dividend - Rs 16.30/- Per Share
BEL,2014-01-29,dividend,1.000000,6,cash dividend per share,Interim Dividend - Rs 6/- Per Share (Purpose Revised)
BEL,2014-09-12,dividend,1.000000,17.3,cash dividend per share,Annual General Meeting / Final Dividend - Rs 17.30/- Per Share
BEL,2015-01-28,dividend,1.000000,6,cash dividend per share,Interim Dividend Rs.6/- Per Share (Purpose Revised)
BEL,2015-08-10,dividend,1.000000,23.2,cash dividend per share,Annual General Meeting/ Dividend - Rs 23.20/- Per Share
BEL,2015-09-14,bonus,0.333333,,bonus 2:1,Bonus 2:1
BEL,2016-02-04,dividend,1.000000,2.5,cash dividend per share,Interim Dividend - Rs 2.50 Per Share (Purpose Revised)
BEL,2016-08-18,dividend,1.000000,14.5,cash dividend per share,Annual General Meeting/Dividend Rs 14.50 Per Share
BEL,2017-02-02,dividend,1.000000,3,cash dividend per share,Interim Dividend Rs 3/- Per Share (Purpose Revised)
BEL,2017-03-16,split,0.100000,,face value 10 to 1,Face Value Split From Rs 10/- Per Share To Re 1/- Per Share
BEL,2017-03-29,dividend,1.000000,0.9,cash dividend per share,Interim Dividend Re 0.90 Per Share
BEL,2017-08-14,dividend,1.000000,1.05,cash dividend per share,Annual General Meeting/Dividend - Rs 1.05 Per Share
BEL,2017-09-28,bonus,0.909091,,bonus 1:10,Bonus 1:10
BEL,2018-02-08,dividend,1.000000,1.6,cash dividend per share,Interim Dividend Rs 1.60 Per Share
BEL,2018-08-20,dividend,1.000000,0.4,cash dividend per share,Annual General Meeting/Dividend- Re 0.40 Per Share
BEL,2019-02-08,dividend,1.000000,0.3,cash dividend per share,Interim Dividend - Re 0.30 Per Share
BEL,2019-03-19,dividend,1.000000,0.7,cash dividend per share,Interim Dividend - Re 0.70 Per Share
BEL,2019-03-27,dividend,1.000000,0.7,cash dividend per share,Interim Dividend - Re 0.70 Per Share
BEL,2019-08-20,dividend,1.000000,1.7,cash dividend per share,Annual General Meeting/Dividend - Rs 1.70 Per Share
BEL,2020-02-11,dividend,1.000000,1.4,cash dividend per share,Interim Dividend - Rs 1.40 Per Share
BEL,2020-09-15,dividend,1.000000,1.4,cash dividend per share,Annual General Meeting/Dividend - Rs 1.40 Per Share
BEL,2021-02-08,dividend,1.000000,1.4,cash dividend per share,Interim Dividend - Rs 1.40 Per Share
BEL,2021-03-23,dividend,1.000000,1.4,cash dividend per share,Interim Dividend - Rs 1.40 Per Share
BEL,2021-09-14,dividend,1.000000,1.2,cash dividend per share,Annual General Meeting/Dividend - Rs 1.20 Per Share
BEL,2022-02-09,dividend,1.000000,1.5,cash dividend per share,Interim Dividend - Rs 1.50 Per Share
BEL,2022-03-24,dividend,1.000000,1.5,cash dividend per share,Interim Dividend - Rs 1.50 Per Share
BEL,2022-08-08,dividend,1.000000,1.5,cash dividend per share,Annual General Meeting/Dividend - Rs 1.50 Per Share
BEL,2022-09-15,bonus,0.333333,,bonus 2:1,Bonus 2:1
BEL,2023-02-10,dividend,1.000000,0.6,cash dividend per share,Interim Dividend - Re 0.60 Per Share
BEL,2023-03-24,dividend,1.000000,0.6,cash dividend per share,Interim Dividend - Rs 0.60 Per Share
BEL,2023-08-17,dividend,1.000000,0.6,cash dividend per share,Annual General Meeting/Dividend - Re 0.60 Per Share
BEL,2024-02-09,dividend,1.000000,0.7,cash dividend per share,Interim Dividend - Re 0.70 Per Share
BEL,2024-03-22,dividend,1.000000,0.7,cash dividend per share,Interim Dividend - Re 0.70 Per Share
BEL,2024-08-14,dividend,1.000000,0.8,cash dividend per share,Annual General Meeting/Dividend - Re 0.80 Per Share
BEL,2025-03-11,dividend,1.000000,1.5,cash dividend per share,Interim Dividend - Rs 1.5 Per Share
BEL,2025-08-14,dividend,1.000000,0.9,cash dividend per share,Dividend - Rs 0.90 Per Share
BEL,2026-03-06,dividend,1.000000,1.95,cash dividend per share,Interim Dividend - Rs 1.95 Per Share
BEL,2026-08-13,dividend,1.000000,0.55,cash dividend per share,Dividend - Re 0.55 Per Share
BERGEPAINT,2007-02-22,dividend,1.000000,0.3,cash dividend per share,Interim Dividend-30%
BERGEPAINT,2007-07-13,dividend,1.000000,0.2,cash dividend per share,Agm/Final Dividend-20%
BERGEPAINT,2008-07-16,dividend,1.000000,0.25,cash dividend per share,Agm/Dividend - 25%
BERGEPAINT,2009-07-22,dividend,1.000000,0.6,cash dividend per share,Agm/Div-Re.0.60 Per Share
BERGEPAINT,2010-07-13,dividend,1.000000,1.1,cash dividend per share,Annual General Meeting And Dividend Re.1.10 Per Share
BERGEPAINT,2011-03-14,dividend,1.000000,0.5,cash dividend per share,Interim Dividend - Re. 0.50 Per Share
BERGEPAINT,2011-07-20,dividend,1.000000,0.8,cash dividend per share,Annual General Meeting And Dividend Re.0.80 Per Share
BERGEPAINT,2012-07-18,dividend,1.000000,1.4,cash dividend per share,Annual General Meeting/Dividend Rs 1.40 Per Share
BERGEPAINT,2013-07-17,dividend,1.000000,1.8,cash dividend per share,Annual General Meeting And Dividend Rs.1.80 Per Share
BERGEPAINT,2014-07-16,dividend,1.000000,2.2,cash dividend per share,Annual General Meeting/ Dividend - Rs 2.20/- Per Share
BERGEPAINT,2015-01-08,split,0.500000,,face value 2 to 1,Face Value Split (Sub-Division) - From Rs 2/- Per Share To Re 1/- Per Share
BERGEPAINT,2015-02-12,dividend,1.000000,0.6,cash dividend per share,Interim Dividend - Re 0.60/- Per Share
BERGEPAINT,2015-07-24,dividend,1.000000,0.65,cash dividend per share,Annual General Meeting/Dividend - Re 0.65/- Per Share
BERGEPAINT,2016-02-17,dividend,1.000000,0.65,cash dividend per share,Interim Dividend Re 0.65 Per Share
BERGEPAINT,2016-07-15,bonus,0.714286,,bonus 2:5,Bonus 2:5
BERGEPAINT,2016-07-26,dividend,1.000000,1,cash dividend per share,Annual General Meeting/ Dividend - Re 1/- Per Share
BERGEPAINT,2017-07-27,dividend,1.000000,1.75,cash dividend per share,Annual General Meeting/Dividend - Rs 1.75/- Per Share
BERGEPAINT,2018-07-26,dividend,1.000000,1.8,cash dividend per share,Annual General Meeting/Dividend- Rs 1.80 Per Share
BERGEPAINT,2019-07-26,dividend,1.000000,1.9,cash dividend per share,Annual General Meeting/Dividend - Rs 1.90 Per Share
BERGEPAINT,2020-03-02,dividend,1.000000,1.9,cash dividend per share,Interim Dividend - Rs 1.90 Per Share
BERGEPAINT,2020-09-17,dividend,1.000000,0.3,cash dividend per share,Annual General Meeting/Dividend - Rs 0.30 Per Share
BERGEPAINT,2021-08-18,dividend,1.000000,2.8,cash dividend per share,Annual General Meeting/Dividend - Rs 2.80 Per Share
BERGEPAINT,2022-08-18,dividend,1.000000,3.1,cash dividend per share,Annual General Meeting/Dividend - Rs 3.10 Per Share
BERGEPAINT,2023-08-04,dividend,1.000000,3.2,cash dividend per share,Annual General Meeting/Dividend - Rs 3.20 Per Share
BERGEPAINT,2023-09-22,bonus,0.833333,,bonus 1:5,Bonus 1:5
BERGEPAINT,2024-08-05,dividend,1.000000,3.5,cash dividend per share,Annual General Meeting/Dividend - Rs 3.50 Per Share
BERGEPAINT,2025-08-05,dividend,1.000000,3.8,cash dividend per share,Dividend - Rs 3.80 Per Share
BERGEPAINT,2026-08-05,dividend,1.000000,4,cash dividend per share,Dividend - Rs 4 Per Share
BHARATFORG,2007-07-19,dividend,1.000000,3.5,cash dividend per share,Dividend-175%
BHARATFORG,2008-07-31,dividend,1.000000,3.5,cash dividend per share,Dividend - 175%
BHARATFORG,2009-07-16,dividend,1.000000,1,cash dividend per share,Dividend-Re.1/- Per Share
BHARATFORG,2010-07-15,dividend,1.000000,1,cash dividend per share,Dividend-Re.1/- Per Share
BHARATFORG,2011-08-04,dividend,1.000000,3.5,cash dividend per share,Dividend-Rs.3.50 Per Share
BHARATFORG,2012-03-07,dividend,1.000000,1.5,cash dividend per share,Interim Dividend Rs.1.50 Per Share (Purpose Revised)
BHARATFORG,2012-07-19,dividend,1.000000,2.5,cash dividend per share,Dividend Rs 2.50 Per Share
BHARATFORG,2013-03-07,dividend,1.000000,1,cash dividend per share,Interim Dividend Re 1 Per Share
BHARATFORG,2013-08-01,dividend,1.000000,2.4,cash dividend per share,Annual General Meeting / Final Dividend - Rs 2.40/- Per Share
BHARATFORG,2014-02-13,dividend,1.000000,2,cash dividend per share,Interim Dividend - Rs 2/- Per Share
BHARATFORG,2014-08-21,dividend,1.000000,2.5,cash dividend per share,Annual General Meeting / Final Dividend - Rs 2.50/- Per Share (Bc End Date Revised)
BHARATFORG,2015-02-11,dividend,1.000000,3,cash dividend per share,Interim Dividend - Rs 3/- Per Share
BHARATFORG,2015-07-20,dividend,1.000000,4.5,cash dividend per share,Annual General Meeting/Dividend Rs 4.50 Per Share
BHARATFORG,2016-02-17,dividend,1.000000,3,cash dividend per share,Interim Dividend Rs 3/- Per Share
BHARATFORG,2016-03-18,dividend,1.000000,4,cash dividend per share,Interim Dividend - Rs 4/- Per Share (Purpose Revised)
BHARATFORG,2016-07-25,dividend,1.000000,0.5,cash dividend per share,Dividend - Re 0.50/- Per Share
BHARATFORG,2017-02-16,dividend,1.000000,2.5,cash dividend per share,Interim Dividend Rs 2.50 Per Share
BHARATFORG,2017-07-28,dividend,1.000000,5,cash dividend per share,Dividend - Rs 5/- Per Share
BHARATFORG,2017-09-28,bonus,0.500000,,bonus 1:1,Bonus 1:1
BHARATFORG,2017-11-16,dividend,1.000000,2,cash dividend per share,Interim Dividend Rs 2/- Per Share
BHARATFORG,2018-07-27,dividend,1.000000,2.5,cash dividend per share,Annual General Meeting/Dividend- Rs 2.50 Per Share
BHARATFORG,2018-11-15,dividend,1.000000,2.5,cash dividend per share,Interim Dividend Rs - Rs 2.50 Per Share
BHARATFORG,2019-08-01,dividend,1.000000,2.5,cash dividend per share,Annual General Meeting/Dividend Rs 2.50 Per Share
BHARATFORG,2019-11-20,dividend,1.000000,1.5,cash dividend per share,Interim Dividend - Rs 1.50 Per Share
BHARATFORG,2020-03-03,dividend,1.000000,2,cash dividend per share,Interim Dividend - Rs 2 Per Share
BHARATFORG,2021-07-15,dividend,1.000000,2,cash dividend per share,Dividend - Rs 2 Per Share
BHARATFORG,2021-11-25,dividend,1.000000,1.5,cash dividend per share,Interim Dividend - Rs 1.50 Per Share
BHARATFORG,2022-07-14,dividend,1.000000,5.5,cash dividend per share,Dividend - Rs 5.50 Per Share
BHARATFORG,2022-11-24,dividend,1.000000,1.5,cash dividend per share,Interim Dividend - Rs 1.50 Per Share
BHARATFORG,2023-07-07,dividend,1.000000,5.5,cash dividend per share,Dividend - Rs 5.50 Per Share
BHARATFORG,2024-02-23,dividend,1.000000,2.5,cash dividend per share,Interim Dividend - Rs 2.50 Per Share
BHARATFORG,2024-07-05,dividend,1.000000,6.5,cash dividend per share,Dividend - Rs 6.50 Per Share
BHARATFORG,2025-02-18,dividend,1.000000,2.5,cash dividend per share,Interim Dividend - Rs 2.5 Per Share
BHARATFORG,2025-07-04,dividend,1.000000,6,cash dividend per share,Dividend - Rs 6 Per Share
BHARATFORG,2026-02-18,dividend,1.000000,2,cash dividend per share,Interim Dividend - Rs 2 Per Share
BHARATFORG,2026-07-03,dividend,1.000000,6.5,cash dividend per share,Dividend - Rs 6.50 Per Share
BHARTIARTL,2009-07-24,dividend,1.000000,2,cash dividend per share,Agm/Div-Rs.2/Fv Rs10tors5
BHARTIARTL,2009-07-24,split,0.500000,,face value 10 to 5,Agm/Div-Rs.2/Fv Rs10tors5
BHARTIARTL,2010-08-18,dividend,1.000000,1,cash dividend per share,Annual General Meeting And Dividend Re.1/- Per Share
BHARTIARTL,2011-08-17,dividend,1.000000,1,cash dividend per share,Annual General Meeting And Dividend Re.1/- Per Share
BHARTIARTL,2012-08-16,dividend,1.000000,1,cash dividend per share,Annual General Meeting / Dividend Rs 1 Per Share
BHARTIARTL,2013-05-23,dividend,1.000000,1,cash dividend per share,Annual General Meeting / Dividend Re 1 Per Share
BHARTIARTL,2014-08-21,dividend,1.000000,3.43,cash dividend per share,Annual General Meeting / Final Dividend - Rs 1.80/- Per Share / Interim Dividend - Rs 1.63/- Per Share (Purpose Revised)
BHARTIARTL,2015-08-13,dividend,1.000000,2.22,cash dividend per share,Dividend - Rs 2.22/- Per Share
BHARTIARTL,2016-08-11,dividend,1.000000,1.36,cash dividend per share,Annual General Meeting/ Dividend - Rs 1.36/- Per Share
BHARTIARTL,2017-07-13,dividend,1.000000,1,cash dividend per share,Annual General Meeting/Dividend - Re 1 Per Share
BHARTIARTL,2018-01-30,dividend,1.000000,2.84,cash dividend per share,Interim Dividend - Rs 2.84 Per Share
BHARTIARTL,2018-08-02,dividend,1.000000,2.5,cash dividend per share,Annual General Meeting/Dividend Rs 2.50 Per Share
BHARTIARTL,2018-11-05,dividend,1.000000,2.5,cash dividend per share,Interim Dividend Rs - 2.50 Per Share
BHARTIARTL,2019-04-23,rights,0.918179,,"rights 19:67 at 220, theoretical ex-rights price",Rights 19:67 @ Premium Rs 215 Per Share
BHARTIARTL,2020-08-06,dividend,1.000000,2,cash dividend per share,Dividend - Rs 2 Per Share
BHARTIARTL,2021-09-27,rights,0.981571,,"rights 1:14 at 535, theoretical ex-rights price",Rights 1:14 @ Premium Rs 530/-
BHARTIARTL,2022-08-01,dividend,1.000000,3,cash dividend per share,Dividend - Rs 3 Per Share
BHARTIARTL,2023-08-11,dividend,1.000000,4,cash dividend per share,Dividend - Rs 4 Per Share
BHARTIARTL,2024-08-07,dividend,1.000000,8,cash dividend per share,Dividend - Rs 8 Per Share
BHARTIARTL,2025-07-18,dividend,1.000000,16,cash dividend per share,Dividend - Rs 16 Per Share
BHARTIARTL,2026-07-24,dividend,1.000000,24,cash dividend per share,Dividend - Rs 24 Per Share
BHARTIHEXA,2024-08-16,dividend,1.000000,4,cash dividend per share,Dividend - Rs 4 Per Share
BHARTIHEXA,2025-07-25,dividend,1.000000,10,cash dividend per share,Dividend - Rs 10 Per Share
BHARTIHEXA,2026-07-31,dividend,1.000000,18,cash dividend per share,Dividend - Rs 18 Per Share
BHEL,2007-02-13,dividend,1.000000,2.5,cash dividend per share,Interim Dividend-125%
BHEL,2007-05-31,bonus,0.500000,,bonus 1:1,Bonus 1:1
BHEL,2007-08-30,dividend,1.000000,1.2,cash dividend per share,Agm/Final Dividend-60%
BHEL,2008-02-13,dividend,1.000000,9,cash dividend per share,Int Div- Rs.9/- Per Share
BHEL,2008-09-01,dividend,1.000000,1.25,cash dividend per share,Agm/Final Dividend- 62.5%
BHEL,2009-02-17,dividend,1.000000,1.8,cash dividend per share,Interim Dividend - 90%
BHEL,2009-09-01,dividend,1.000000,8,cash dividend per share,Agm/Div-Rs.8/- Per Share
BHEL,2010-02-09,dividend,1.000000,11,cash dividend per share,Int Div-Rs.11/- Per Share
BHEL,2010-09-01,dividend,1.000000,12.3,cash dividend per share,Annual General Meeting And Final Dividend Rs.12.30 Per Share
BHEL,2011-03-18,dividend,1.000000,13.25,cash dividend per share,Interim Dividend Rs.13.25 Per Share (Purpose Revised)
BHEL,2011-08-10,dividend,1.000000,17.9,cash dividend per share,Annual General Meeting And Dividend Rs.17.90 Per Share (Bc Dates Revised)
BHEL,2011-10-03,split,0.200000,,face value 10 to 2,Face Value Split From Rs.10/- To Rs.2/-
BHEL,2012-03-06,dividend,1.000000,2.72,cash dividend per share,Interim Dividend Rs.2.72 Per Share (Purpose Revised)
BHEL,2012-09-06,dividend,1.000000,3.68,cash dividend per share,Annual General Meeting/Dividend Rs 3.68 Per Share
BHEL,2013-02-05,dividend,1.000000,2.12,cash dividend per share,Interim Dividend Rs 2.12 Per Share (Purpose Revised)
BHEL,2013-09-06,dividend,1.000000,3.29,cash dividend per share,Annual General Meeting And Final Dividend Rs.3.29 Per Share
BHEL,2014-02-07,dividend,1.000000,1.31,cash dividend per share,Interim Dividend - Rs 1.31/- Per Share (Purpose Revised)
BHEL,2014-09-08,dividend,1.000000,1.52,cash dividend per share,Annual General Meeting / Final Dividend - Rs 1.52/- Per Share
BHEL,2015-02-16,dividend,1.000000,0.54,cash dividend per share,Interim Dividend - Re 0.54/- Per Share (Purpose Revised)
BHEL,2015-09-14,dividend,1.000000,0.62,cash dividend per share,Annual General Meeting/Dividend Re 0.62 Per Share
BHEL,2016-09-14,dividend,1.000000,0.4,cash dividend per share,Annual General Meeting/Dividend - Re 0.40/- Per Share
BHEL,2017-02-14,dividend,1.000000,0.8,cash dividend per share,Interim Dividend Re 0.80 Per Share (Purpose Revised)
BHEL,2017-08-23,dividend,1.000000,0.78,cash dividend per share,Annual General Meeting/Dividend - Re 0.78/- Per Share (Book Closure Dates Revised)
BHEL,2017-09-28,bonus,0.666667,,bonus 1:2,Bonus 1:2
BHEL,2018-02-15,dividend,1.000000,0.8,cash dividend per share,Interim Dividend Re 0.80 Per Share (Purpose Revised)
BHEL,2018-09-11,dividend,1.000000,1.02,cash dividend per share,Annual General Meeting/Dividend- Rs 1.02 Per Share
BHEL,2019-02-12,dividend,1.000000,0.8,cash dividend per share,Interim Dividend - Re 0.80 Per Share
BHEL,2019-09-11,dividend,1.000000,1.2,cash dividend per share,Annual General Meeting/Dividend - Rs 1.20 Per Share
BHEL,2022-09-15,dividend,1.000000,0.4,cash dividend per share,Dividend - Re 0.40 Per Share
BHEL,2023-08-11,dividend,1.000000,0.4,cash dividend per share,Dividend - Re 0.40 Per Share
BHEL,2024-08-09,dividend,1.000000,0.25,cash dividend per share,Dividend - Rs 0.25 Per Share
BHEL,2025-08-01,dividend,1.000000,0.5,cash dividend per share,Dividend - Re 0.50 Per Share
BHEL,2026-07-17,dividend,1.000000,1.4,cash dividend per share,Dividend - Rs 1.40 Per Share
BIOCON,2007-06-28,dividend,1.000000,3,cash dividend per share,Agm/Dividend - 60%
BIOCON,2008-07-03,dividend,1.000000,3,cash dividend per share,Fin Div-60% + Spl Div-40%
BIOCON,2008-09-11,bonus,0.500000,,bonus 1:1,Bonus 1:1
BIOCON,2009-07-08,dividend,1.000000,3,cash dividend per share,Agm/Div-Rs.3/- Per Share Bc Start Date Revised
BIOCON,2010-07-08,dividend,1.000000,3.5,cash dividend per share,Annual General Meeting And Dividend Rs.3.50 Per Share
BIOCON,2011-05-05,dividend,1.000000,1.5,cash dividend per share,Interim Dividend-Rs.1.50 Per Share (Purpose Revised)
BIOCON,2011-07-07,dividend,1.000000,3,cash dividend per share,Annual General Meeting/Dividend Rs 3 Per Share
BIOCON,2012-07-05,dividend,1.000000,5,cash dividend per share,Annual General Meeting / Dividend Rs 5 Per Share
BIOCON,2013-07-11,dividend,1.000000,7.5,cash dividend per share,Annual General Meeting/Final Dividend Rs 5/- Per Share + Special Dividend Rs 2.5/- Per Share
BIOCON,2014-07-10,dividend,1.000000,5,cash dividend per share,Annual General Meeting / Final Dividend - Rs 5/- Per Share
BIOCON,2015-04-09,dividend,1.000000,5,cash dividend per share,Interim Dividend Rs 5/- Per Share
BIOCON,2016-03-17,dividend,1.000000,5,cash dividend per share,Interim Dividend - Rs 5/- Per Share (Purpose Revised)
BIOCON,2017-06-15,bonus,0.333333,,bonus 2:1,Bonus 2:1
BIOCON,2017-07-20,dividend,1.000000,1,cash dividend per share,Annual General Meeting/Dividend - Re 1/- Per Share
BIOCON,2018-07-19,dividend,1.000000,1,cash dividend per share,Dividend- Re 1 Per Share
BIOCON,2019-06-12,bonus,0.500000,,bonus 1:1,Bonus 1:1
BIOCON,2019-07-18,dividend,1.000000,0.5,cash dividend per share,Dividend - Rs 0.50 Per Share
BIOCON,2022-06-30,dividend,1.000000,0.5,cash dividend per share,Dividend - Rs 0.50 Per Share
BIOCON,2023-07-07,dividend,1.000000,1.5,cash dividend per share,Dividend - Rs 1.50 Per Share
BIOCON,2024-07-05,dividend,1.000000,0.5,cash dividend per share,Dividend - Re 0.50 Per Share
BIOCON,2025-07-04,dividend,1.000000,0.5,cash dividend per share,Dividend - Rs 0.50 Per Share
BIOCON,2026-07-03,dividend,1.000000,0.5,cash dividend per share,Dividend - Re 0.50 Per Share
BLUEDART,2007-04-05,dividend,1.000000,1,cash dividend per share,Agm/Dividend-10%
BLUEDART,2008-04-10,dividend,1.000000,1,cash dividend per share,Agm/Dividend - 10%
BLUEDART,2009-04-02,dividend,1.000000,1,cash dividend per share,Agm/Dividend - 10%
BLUEDART,2010-03-31,dividend,1.000000,1,cash dividend per share,Agm/Div-Re.1/- Per Share
BLUEDART,2011-04-15,dividend,1.000000,1,cash dividend per share,Annual General Meeting And Dividend Re.1/- Per Share
BLUEDART,2012-04-13,dividend,1.000000,2,cash dividend per share,Annual General Meeting And Dividend Rs.2/- Per Share
BLUEDART,2013-07-12,dividend,1.000000,71,cash dividend per share,Annual General Meeting And Dividend Rs 71 Per Equity Share
BLUEDART,2014-02-14,dividend,1.000000,35,cash dividend per share,Interim Dividend - Rs 35/- Per Share
BLUEDART,2014-07-14,dividend,1.000000,15,cash dividend per share,Annual General Meeting/Dividend Rs 15/- Per Share
BLUEDART,2014-11-17,demerger,1.000000,,no price effect (opened above the previous close),Scheme Of Arrangement - Issue Of Bonus Debentures
BLUEDART,2015-07-20,dividend,1.000000,20,cash dividend per share,Annual General Meeting/Dividend - Rs 20/- Per Share
BLUEDART,2016-07-19,dividend,1.000000,30,cash dividend per share,Annual General Meeting/ Dividend - Rs 25/- Per Share + Special Dividend - Rs 5/- Per Share
BLUEDART,2017-07-18,dividend,1.000000,15,cash dividend per share,Annual General Meeting/Dividend-Rs 15/- Per Share
BLUEDART,2018-07-20,dividend,1.000000,12.5,cash dividend per share,Annual General Meeting / Dividend- Rs 12.50 Per Share
BLUEDART,2021-07-20,dividend,1.000000,15,cash dividend per share,Annual General Meeting/Dividend - Rs 15 Per Share
BLUEDART,2022-02-08,dividend,1.000000,25,cash dividend per share,Interim Dividend - Rs 25 Per Share
BLUEDART,2022-07-18,dividend,1.000000,35,cash dividend per share,Annual General Meeting/Dividend - Rs 35 Per Share
BLUEDART,2023-07-19,dividend,1.000000,30,cash dividend per share,Annual General Meeting/Dividend - Rs 30 Per Share
BLUEDART,2024-07-12,dividend,1.000000,25,cash dividend per share,Annual General Meeting/Dividend - Rs 25 Per Share
BLUEDART,2025-08-06,dividend,1.000000,25,cash dividend per share,Dividend - Rs 25 Per Sh
BLUEDART,2026-09-15,dividend,1.000000,25,cash dividend per share,Dividend - Rs 25 Per Share
BLUESTARCO,2007-03-21,dividend,1.000000,2.4,cash dividend per share,Int Div-Rs.2.40 Per Sharepurpose Revised
BLUESTARCO,2007-07-23,dividend,1.000000,0.6,cash dividend per share,Agm/Dividend - 30%
BLUESTARCO,2008-07-14,dividend,1.000000,7,cash dividend per share,Agm/Dividend - 350%
BLUESTARCO,2009-07-13,dividend,1.000000,7,cash dividend per share,Agm/Div-Rs.7/- Per Share
BLUESTARCO,2010-07-12,dividend,1.000000,8,cash dividend per share,Annual General Meeting And Dividend Rs.8/- Per Share
BLUESTARCO,2011-07-14,dividend,1.000000,7,cash dividend per share,Annual General Meeting And Dividend Rs.7/- Per Share
BLUESTARCO,2012-07-16,dividend,1.000000,1,cash dividend per share,Annual General Meeting/Dividend Re 1 Per Share
BLUESTARCO,2013-07-05,dividend,1.000000,3,cash dividend per share,Annual General Meeting / Dividend Rs.2/- Per Equity Share + Special Dividend Re.1/- Equity Share
BLUESTARCO,2014-07-10,dividend,1.000000,4,cash dividend per share,Annual General Meeting / Dividend - Rs 4/- Per Share
BLUESTARCO,2015-07-10,dividend,1.000000,5,cash dividend per share,Annual General Meeting/Dividend - Rs 5/- Per Share
BLUESTARCO,2016-03-22,dividend,1.000000,6.5,cash dividend per share,Interim Dividend - Rs 6.50/- Per Share
BLUESTARCO,2017-07-26,dividend,1.000000,7.5,cash dividend per share,Annual General Meeting/Dividend - Rs 7.50 Per Share
BLUESTARCO,2018-07-26,dividend,1.000000,10,cash dividend per share,Annual General Meeting/ Final Dividend- Rs 8.50 Per Share/ Special Dividend- Rs 1.50 Per Share
BLUESTARCO,2019-08-01,dividend,1.000000,10,cash dividend per share,Annual General Meeting/Dividend - Rs 10 Per Share
BLUESTARCO,2020-03-19,dividend,1.000000,10,cash dividend per share,Interim Dividend - Rs 10 Per Share
BLUESTARCO,2021-07-22,dividend,1.000000,4,cash dividend per share,Dividend - Rs 4 Per Share
BLUESTARCO,2022-07-21,dividend,1.000000,10,cash dividend per share,Dividend - Rs 10 Per Share
BLUESTARCO,2023-06-20,bonus,0.500000,,bonus 1:1,Bonus 1:1
BLUESTARCO,2023-07-21,dividend,1.000000,6,cash dividend per share,Dividend - Rs 6 Per Share
BLUESTARCO,2024-07-19,dividend,1.000000,7,cash dividend per share,Dividend - Rs 7 Per Share
BLUESTARCO,2025-07-18,dividend,1.000000,9,cash dividend per share,Dividend - Rs 9 Per Share
BLUESTARCO,2026-07-17,dividend,1.000000,8.5,cash dividend per share,Dividend - Rs 8.50 Per Share
BOSCHLTD,2007-03-22,dividend,1.000000,12,cash dividend per share,Int Div-Rs.12/- Per Sh Purpose Revised
BOSCHLTD,2007-05-14,dividend,1.000000,4,cash dividend per share,Agm/Fin Div-Rs.4/- Per Sh
BOSCHLTD,2008-05-14,dividend,1.000000,25,cash dividend per share,Agm/Div-Rs25 Per Share
BOSCHLTD,2009-05-07,dividend,1.000000,25,cash dividend per share,Agm/Div-Rs.25/- Per Share
BOSCHLTD,2010-05-13,dividend,1.000000,30,cash dividend per share,Agm/Div-Rs.30/- Per Share
BOSCHLTD,2011-05-12,dividend,1.000000,40,cash dividend per share,Dividend - Rs. 40 Per Share
BOSCHLTD,2011-06-23,dividend,1.000000,85,cash dividend per share,Special Dividend Rs.85/- Per Share
BOSCHLTD,2012-05-11,dividend,1.000000,50,cash dividend per share,Dividend-Rs.50 Per Share
BOSCHLTD,2013-05-10,dividend,1.000000,60,cash dividend per share,Annual General Meeting/Dividend Rs 60 Per Share
BOSCHLTD,2014-05-12,dividend,1.000000,55,cash dividend per share,Annual General Meeting/Dividend Rs 55 Per Share
BOSCHLTD,2015-08-20,dividend,1.000000,85,cash dividend per share,Annual General Meeting/ Dividend - Rs 85/- Per Share
BOSCHLTD,2016-06-09,dividend,1.000000,85,cash dividend per share,Annual General Meeting/Dividend Rs 85/- Per Share
BOSCHLTD,2017-02-16,dividend,1.000000,75,cash dividend per share,Interim Dividend Rs 75/- Per Share (Purpose Revised)
BOSCHLTD,2017-06-08,dividend,1.000000,90,cash dividend per share,Annual General Meeting/Dividend - Rs 90/- Per Share
BOSCHLTD,2018-06-07,dividend,1.000000,100,cash dividend per share,Annual General Meeting/Dividend- Rs 100 Per Share
BOSCHLTD,2019-08-14,dividend,1.000000,105,cash dividend per share,Annual General Meeting/Dividend Rs 105 Per Share
BOSCHLTD,2020-08-03,dividend,1.000000,105,cash dividend per share,Annual General Meeting/Dividend - Rs 105 Per Share
BOSCHLTD,2021-07-12,dividend,1.000000,115,cash dividend per share,Annual General Meeting/Dividend - Rs 115 Per Share
BOSCHLTD,2022-07-14,dividend,1.000000,210,cash dividend per share,Annual General Meeting/Dividend - Rs 110 Per Share/Special Dividend - Rs 100 Per Share
BOSCHLTD,2023-02-22,dividend,1.000000,200,cash dividend per share,Interim Dividend - Rs 200 Per Share
BOSCHLTD,2023-07-14,dividend,1.000000,280,cash dividend per share,Annual General Meeting/Dividend - Rs 280 Per Share
BOSCHLTD,2024-02-23,dividend,1.000000,205,cash dividend per share,Interim Dividend - Rs 205 Per Share
BOSCHLTD,2024-07-19,dividend,1.000000,170,cash dividend per share,Annual General Meeting/Dividend - Rs 170 Per Share
BOSCHLTD,2025-07-29,dividend,1.000000,512,cash dividend per share,Dividend - Rs 512 Per Share
BOSCHLTD,2026-08-04,dividend,1.000000,270,cash dividend per share,Dividend - Rs 270 Per Share
BPCL,2007-01-15,dividend,1.000000,6,cash dividend per share,Interim Dividend - 60%
BPCL,2007-09-04,dividend,1.000000,10,cash dividend per share,Agm/Final Dividend-100%
BPCL,2008-09-10,dividend,1.000000,4,cash dividend per share,Agm/Dividend - 40%
BPCL,2009-08-26,dividend,1.000000,7,cash dividend per share,Agm/Div-Rs.7/- Per Share
BPCL,2010-09-08,dividend,1.000000,14,cash dividend per share,Annual General Meeting And Dividend Rs.14/- Per Share
BPCL,2011-09-05,dividend,1.000000,14,cash dividend per share,Annual General Meeting And Dividend Rs.14/- Per Share
BPCL,2012-07-13,bonus,0.500000,,bonus 1:1,Annual General Meeting/ Dividend Rs 11/- Per Share/ Bonus 1:1
BPCL,2012-07-13,dividend,1.000000,11,cash dividend per share,Annual General Meeting/ Dividend Rs 11/- Per Share/ Bonus 1:1
BPCL,2013-09-06,dividend,1.000000,11,cash dividend per share,Annual General Meeting And Dividend Rs.11/- Per Share
BPCL,2014-09-05,dividend,1.000000,17,cash dividend per share,Annual General Meeting/Dividend - Rs.17/- Per Share
BPCL,2015-08-28,dividend,1.000000,22.5,cash dividend per share,Annual General Meeting/ Dividend - Rs 22.50/- Per Share
BPCL,2016-02-02,dividend,1.000000,12.5,cash dividend per share,Interim Dividend - Rs 12.50/- Per Share
BPCL,2016-03-03,dividend,1.000000,3.5,cash dividend per share,Interim Dividend - Rs 3.50/- Per Share
BPCL,2016-06-06,dividend,1.000000,15,cash dividend per share,Annual General Meeting/Dividend Rs 15/- Per Share
BPCL,2016-07-13,bonus,0.500000,,bonus 1:1,Bonus 1:1
BPCL,2017-02-28,dividend,1.000000,19.5,cash dividend per share,Interim Dividend Rs 15.50 Per Share + Special Dividend Rs 4/- Per Share
BPCL,2017-03-24,dividend,1.000000,12,cash dividend per share,Special Interim Dividend Rs 12/- Per Share
BPCL,2017-06-08,dividend,1.000000,1,cash dividend per share,Annual General Meeting/Dividend - Re 1/- Per Share
BPCL,2017-07-13,bonus,0.666667,,bonus 1:2,Bonus 1:2
BPCL,2018-02-22,dividend,1.000000,14,cash dividend per share,Interim Dividend - Rs 14 Per Share
BPCL,2018-08-31,dividend,1.000000,7,cash dividend per share,Annual General Meeting/Dividend Rs- 7 Per Share
BPCL,2019-02-21,dividend,1.000000,11,cash dividend per share,Interim Dividend Rs - 11 Per Share
BPCL,2019-08-21,dividend,1.000000,8,cash dividend per share,Dividend - Rs 8 Per Share
BPCL,2020-03-23,dividend,1.000000,16.5,cash dividend per share,Interim Dividend - Rs 16.50 Per Share
BPCL,2021-02-17,dividend,1.000000,16,cash dividend per share,Interim Dividend - Rs 16 Per Share
BPCL,2021-03-25,dividend,1.000000,5,cash dividend per share,Interim Dividend - Rs 5 Per Share
BPCL,2021-09-16,dividend,1.000000,58,cash dividend per share,Annual General Meeting/Dividend - Rs 23 Per Share/Special Dividend - Rs 35 Per Share
BPCL,2021-11-11,dividend,1.000000,5,cash dividend per share,Interim Dividend - Rs 5 Per Share
BPCL,2022-02-10,dividend,1.000000,5,cash dividend per share,Interim Dividend - Rs 5 Per Share
BPCL,2022-08-19,dividend,1.000000,6,cash dividend per share,Annual General Meeting/Dividend - Rs 6 Per Share
BPCL,2023-08-11,dividend,1.000000,4,cash dividend per share,Dividend - Rs 4 Per Share
BPCL,2023-12-12,dividend,1.000000,21,cash dividend per share,Interim Dividend - Rs 21 Per Share
BPCL,2024-06-21,bonus,0.500000,,bonus 1:1,Bonus 1:1
BPCL,2024-08-09,dividend,1.000000,10.5,cash dividend per share,Dividend - Rs 10.5 Per Share
BPCL,2025-01-29,dividend,1.000000,5,cash dividend per share,Interim Dividend - Rs 5 Per Share
BPCL,2025-07-31,dividend,1.000000,5,cash dividend per share,Dividend - Rs 5 Per Share
BPCL,2025-11-07,dividend,1.000000,7.5,cash dividend per share,Interim Dividend - Rs 7.50 Per Share
BPCL,2026-02-02,dividend,1.000000,10,cash dividend per share,Interim Dividend - Rs 10 Per Share
BRITANNIA,2007-08-30,dividend,1.000000,15,cash dividend per share,Agm/Div-Rs.15/- Per Sh
BRITANNIA,2008-07-14,dividend,1.000000,1.8,cash dividend per share,Agm/Dividend-180%
BRITANNIA,2009-06-09,dividend,1.000000,40,cash dividend per share,Int Div-Rs.40/- Per Share
BRITANNIA,2010-03-08,demerger,0.960564,,ex-date open (special pre-open price) / previous close,Sch Of Agmt- Bonus Deb1:1
BRITANNIA,2010-07-23,dividend,1.000000,25,cash dividend per share,Dividend-Rs.25/- Per Share
BRITANNIA,2010-09-08,split,0.200000,,face value 10 to 2,Face Value Split From Rs.10/- To Rs.2/-
BRITANNIA,2011-07-19,dividend,1.000000,6.5,cash dividend per share,Annual General Meeting / Dividend - Rs.6.50 Per Share
BRITANNIA,2012-07-17,dividend,1.000000,8.5,cash dividend per share,Annual General Meeting/Dividend - Rs.8.50 Per Share
BRITANNIA,2013-07-23,dividend,1.000000,8.5,cash dividend per share,Annual General Meeting/Dividend - Rs.8.50 Per Share
BRITANNIA,2014-07-23,dividend,1.000000,12,cash dividend per share,Annual General Meeting / Dividend - Rs 12/- Per Share
BRITANNIA,2015-07-27,dividend,1.000000,16,cash dividend per share,Annual General Meeting/Dividend - Rs 16/- Per Share
BRITANNIA,2016-07-29,dividend,1.000000,20,cash dividend per share,Annual General Meeting/Dividend Rs 20/- Per Share
BRITANNIA,2017-07-28,dividend,1.000000,22,cash dividend per share,Annual General Meeting/Dividend - Rs 22/- Per Share
BRITANNIA,2018-07-27,dividend,1.000000,25,cash dividend per share,Annual General Meeting / Dividend- Rs 25 Per Share
BRITANNIA,2018-11-29,split,0.500000,,face value 2 to 1,Face Value Split (Sub-Division) - From Rs 2/- Per Share To Re 1/- Per Share
BRITANNIA,2019-08-01,dividend,1.000000,15,cash dividend per share,Annual General Meeting/ Dividend - Rs 15 Per Share
BRITANNIA,2020-04-29,dividend,1.000000,35,cash dividend per share,Interim Dividend-Rs 35 Per Share
BRITANNIA,2020-08-26,dividend,1.000000,83,cash dividend per share,Interim Dividend - Rs 83 Per Share
BRITANNIA,2021-04-08,dividend,1.000000,62,cash dividend per share,Interim Dividend - Rs 62 Per Share
BRITANNIA,2021-05-25,dividend,1.000000,12.5,cash dividend per share,Dividend - Rs 12.50 Per Share Pursuant To Scheme
BRITANNIA,2022-06-20,dividend,1.000000,56.5,cash dividend per share,Annual General Meeting/Dividend - Rs 56.50 Per Share
BRITANNIA,2023-04-13,dividend,1.000000,72,cash dividend per share,Interim Dividend - Rs 72 Per Share
BRITANNIA,2024-08-05,dividend,1.000000,73.5,cash dividend per share,Annual General Meeting/ Dividend - Rs 73.5 Per Share
BRITANNIA,2025-08-04,dividend,1.000000,75,cash dividend per share,Dividend - Rs 75 Per Share
BRITANNIA,2026-07-31,dividend,1.000000,90.5,cash dividend per share,Dividend - Rs 90.50 Per Share
BSE,2017-02-22,dividend,1.000000,5,cash dividend per share,Interim Dividend Rs 5/- Per Share
BSE,2017-08-24,dividend,1.000000,23,cash dividend per share,Dividend -Rs 23/- Per Share
BSE,2018-02-15,dividend,1.000000,5,cash dividend per share,Interim Dividend Rs 5/- Per Share
BSE,2018-07-25,dividend,1.000000,31,cash dividend per share,Dividend- Rs 31 Per Share
BSE,2018-12-11,dividend,1.000000,5,cash dividend per share,Interim Dividend - Rs 5 Per Share
BSE,2019-06-27,dividend,1.000000,25,cash dividend per share,Dividend - Rs 25 Per Share
BSE,2020-07-22,dividend,1.000000,17,cash dividend per share,Dividend - Rs 17 Per Share
BSE,2021-08-05,dividend,1.000000,21,cash dividend per share,Dividend - Rs 21 Per Share
BSE,2022-03-21,bonus,0.333333,,bonus 2:1,Bonus 2:1
BSE,2022-06-23,dividend,1.000000,13.5,cash dividend per share,Dividend - Rs 13.50 Per Share
BSE,2023-08-04,dividend,1.000000,12,cash dividend per share,Dividend - Rs 12 Per Sh
BSE,2024-06-14,dividend,1.000000,15,cash dividend per share,Dividend - Rs 15 Per Share
BSE,2025-05-14,dividend,1.000000,23,cash dividend per share,Dividend - Rs 23 Per Share
BSE,2025-05-23,bonus,0.333333,,bonus 2:1,Bonus 2:1
BSE,2026-07-10,dividend,1.000000,10,cash dividend per share,Dividend - Rs 10 Per Share
CAIRN,2012-11-05,dividend,1.000000,5,cash dividend per share,Interim Dividend Rs.5/- Per Share (Purpose Revised)
CAIRN,2013-07-10,dividend,1.000000,6.5,cash dividend per share,Annual General Meeting/Final Dividend Rs.6.50 Per Equity Share
CAIRN,2013-10-25,dividend,1.000000,6,cash dividend per share,Interim Dividend Rs.6/- Per Share
CAIRN,2014-07-09,dividend,1.000000,6.5,cash dividend per share,Annual General Meeting And Dividend Rs. 6.50/- Per Share
CAIRN,2014-09-22,dividend,1.000000,5,cash dividend per share,Interim Dividend Rs.5/- Per Share (Purpose Revised)
CAIRN,2015-07-08,dividend,1.000000,4,cash dividend per share,Annual General Meeting/ Dividend - Rs 4/- Per Share
CAIRN,2016-07-08,dividend,1.000000,3,cash dividend per share,Annual General Meeting/ Dividend - Rs 3/- Per Share
CANBK,2007-06-26,dividend,1.000000,1.4,cash dividend per share,Agm/Div-70%/Elec. Of Dir
CANBK,2008-06-10,dividend,1.000000,1.6,cash dividend per share,Agm/Dividend-80%
CANBK,2009-07-08,dividend,1.000000,8,cash dividend per share,Agm/Div-Rs.8/- Per Share
CANBK,2010-06-14,dividend,1.000000,10,cash dividend per share,Annual General Meeting/Dividend Rs.10/- Per Share/Election Of Directors
CANBK,2011-07-06,dividend,1.000000,11,cash dividend per share,Annual General Meeting And Dividend Rs.11/- Per Share
CANBK,2012-06-14,dividend,1.000000,11,cash dividend per share,Annual General Meeting/Dividend Rs 11 Per Share
CANBK,2013-07-04,dividend,1.000000,13,cash dividend per share,Annual General Meeting/Dividend Rs 13/- Per Share
CANBK,2014-01-24,dividend,1.000000,6.5,cash dividend per share,Interim Dividend - Rs 6.50/- Per Share (Purpose Revised)
CANBK,2014-07-03,dividend,1.000000,4.5,cash dividend per share,Annual General Meeting /Final Dividend Rs.4.50/- Per Share
CANBK,2015-06-25,dividend,1.000000,10.5,cash dividend per share,Annual General Meeting/Dividend - Rs 10.50/- Per Share
CANBK,2017-02-17,rights,0.970199,,"rights 1:10 at 199, theoretical ex-rights price",Rights 1:10 @ Prem Rs 197/- Per Share
CANBK,2017-07-12,dividend,1.000000,1,cash dividend per share,Annual General Meeting/Dividend - Re 1 Per Share
CANBK,2022-06-15,dividend,1.000000,6.5,cash dividend per share,Dividend - Rs 6.5 Per Share
CANBK,2023-06-14,dividend,1.000000,12,cash dividend per share,Dividend - Rs12 Per Share
CANBK,2024-05-15,split,0.200000,,face value 10 to 2,Face Value Split (Sub-Division) - From Rs 10/- Per Share To Rs 2/- Per Share
CANBK,2024-06-14,dividend,1.000000,3.22,cash dividend per share,Dividend - Rs 3.22 Per Share
CANBK,2025-06-13,dividend,1.000000,4,cash dividend per share,Dividend - Rs 4 Per Share
CANBK,2026-06-12,dividend,1.000000,4.2,cash dividend per share,Dividend - Rs 4.20 Per Share
CARBORUNIV,2007-07-12,dividend,1.000000,0.75,cash dividend per share,Final Dividend - 75% Bc End Date Revised
CARBORUNIV,2008-07-08,dividend,1.000000,1,cash dividend per share,Dividend - 100%
CARBORUNIV,2009-07-15,dividend,1.000000,2,cash dividend per share,Dividend-Rs.2/- Per Share
CARBORUNIV,2010-07-14,dividend,1.000000,2,cash dividend per share,Dividend-Rs.2/- Per Share
CARBORUNIV,2011-02-14,dividend,1.000000,1.5,cash dividend per share,Interim Dividend-Rs.1.50 Per Share
CARBORUNIV,2011-07-22,dividend,1.000000,1,cash dividend per share,Dividend-Re.1/- Per Share
CARBORUNIV,2011-10-05,split,0.500000,,face value 2 to 1,Face Value Split From Rs.2/- To Re.1/-
CARBORUNIV,2012-02-15,dividend,1.000000,1,cash dividend per share,Interim Dividend Re.1/- Per Share
CARBORUNIV,2012-07-26,dividend,1.000000,1,cash dividend per share,Dividend Re 1 Per Share
CARBORUNIV,2013-02-14,dividend,1.000000,0.5,cash dividend per share,Interim Dividend Re 0.50 Per Share
CARBORUNIV,2013-07-17,dividend,1.000000,0.75,cash dividend per share,Annual General Meeting/Final Dividend Re.0.75 Per Equity Share
CARBORUNIV,2014-02-11,dividend,1.000000,0.75,cash dividend per share,Interim Dividend Re 0.75/- Per Share
CARBORUNIV,2014-07-17,dividend,1.000000,0.5,cash dividend per share,Annual General Meeting/Final Dividend Re.0.50 Per Equity Share
CARBORUNIV,2015-02-09,dividend,1.000000,0.75,cash dividend per share,Interim Dividend - Re 0.75/- Per Share
CARBORUNIV,2015-07-21,dividend,1.000000,0.5,cash dividend per share,Annual General Meeting/Dividend Re 0.50 Per Share
CARBORUNIV,2016-02-16,dividend,1.000000,1,cash dividend per share,Interim Dividend - Re 1/- Per Share
CARBORUNIV,2016-03-17,dividend,1.000000,0.5,cash dividend per share,Interim Dividend - Re 0.50/- Per Share (Purpose Revised)
CARBORUNIV,2017-02-14,dividend,1.000000,1,cash dividend per share,Interim Dividend Re 1/- Per Share
CARBORUNIV,2017-07-20,dividend,1.000000,0.75,cash dividend per share,Dividend - Re 0.75 Per Share
CARBORUNIV,2018-02-23,dividend,1.000000,1,cash dividend per share,Interim Dividend - Re 1 Per Share
CARBORUNIV,2018-07-25,dividend,1.000000,1.25,cash dividend per share,Dividend- Rs 1.25 Per Share
CARBORUNIV,2019-02-12,dividend,1.000000,1.5,cash dividend per share,Interim Dividend - Rs 1.50 Per Share
CARBORUNIV,2019-07-22,dividend,1.000000,1.25,cash dividend per share,Dividend - Rs 1.25 Per Share
CARBORUNIV,2020-03-04,dividend,1.000000,2.75,cash dividend per share,Interim Dividend - Rs 2.75 Per Share
CARBORUNIV,2021-02-11,dividend,1.000000,1.5,cash dividend per share,Interim Dividend - Rs 1.50 Per Share
CARBORUNIV,2021-07-22,dividend,1.000000,1.5,cash dividend per share,Annual General Meeting/Dividend - Rs 1.50 Per Share
CARBORUNIV,2022-02-21,dividend,1.000000,1.5,cash dividend per share,Interim Dividend - Rs 1.50 Per Share
CARBORUNIV,2022-07-21,dividend,1.000000,2,cash dividend per share,Annual General Meeting/Dividend - Rs 2 Per Share
CARBORUNIV,2023-02-10,dividend,1.000000,1.5,cash dividend per share,Interim Dividend - Rs 1.50 Per Share
CARBORUNIV,2023-07-25,dividend,1.000000,2,cash dividend per share,Annual General Meeting/Dividend - Rs 2 Per Share
CARBORUNIV,2024-02-12,dividend,1.000000,1.5,cash dividend per share,Interim Dividend - Rs 1.50 Per Share
CARBORUNIV,2024-07-22,dividend,1.000000,2.5,cash dividend per share,Annual General Meeting/Dividend - Rs 2.50 Per Share
CARBORUNIV,2025-02-18,dividend,1.000000,1.5,cash dividend per share,Interim Dividend - Rs 1.50 Per Share
CARBORUNIV,2025-07-31,dividend,1.000000,2.5,cash dividend per share,Dividend - Rs 2.50 Per Share
CARBORUNIV,2026-02-04,dividend,1.000000,1.5,cash dividend per share,Interim Dividend - Rs 1.50 Per Share
CARBORUNIV,2026-07-31,dividend,1.000000,2.5,cash dividend per share,Dividend - Rs 2.50 Per Share
CASTROLIND,2014-05-02,dividend,1.000000,3.5,cash dividend per share,Final Dividend - Rs 3.50/- Per Share
CASTROLIND,2014-08-04,dividend,1.000000,3.5,cash dividend per share,Interim Dividend Rs 3.50/- Per Share (Purpose Revised)
CASTROLIND,2015-05-06,dividend,1.000000,4,cash dividend per share,Final Dividend - Rs 4/- Per Share
CASTROLIND,2015-08-06,dividend,1.000000,4,cash dividend per share,Interim Dividend Rs 4/- Per Share
CASTROLIND,2016-04-27,dividend,1.000000,5,cash dividend per share,Annual General Meeting/ Dividend - Rs 5/- Per Share
CASTROLIND,2016-08-05,dividend,1.000000,4.5,cash dividend per share,Interim Dividend - Rs 4.50/- Per Share
CASTROLIND,2017-03-07,dividend,1.000000,2,cash dividend per share,Special Dividend Rs 2/- Per Share
CASTROLIND,2017-05-22,dividend,1.000000,4.5,cash dividend per share,Annual General Meeting/Dividend-Rs 4.50 Per Share (Bc Start Date Revised)
CASTROLIND,2017-09-05,dividend,1.000000,4.5,cash dividend per share,Interim Dividend - Rs 4.50 Per Share
CASTROLIND,2017-12-21,bonus,0.500000,,bonus 1:1,Bonus 1:1
CASTROLIND,2018-04-25,dividend,1.000000,2.5,cash dividend per share,Annual General Meeting/Dividend - Rs 2.50 Per Share
CASTROLIND,2018-08-09,dividend,1.000000,2.25,cash dividend per share,Interim Dividend Rs - 2.25 Per Share
CASTROLIND,2019-05-09,dividend,1.000000,2.75,cash dividend per share,Annual General Meeting/ Dividend - Rs 2.75 Per Share
CASTROLIND,2019-08-08,dividend,1.000000,2.5,cash dividend per share,Interim Dividend - Rs 2.50 Per Share
CASTROLIND,2020-06-26,dividend,1.000000,3,cash dividend per share,Interim Dividend - Rs 3 Per Share
CASTROLIND,2020-11-05,dividend,1.000000,2.5,cash dividend per share,Interim Dividend - Rs 2.50 Per Share
CASTROLIND,2021-04-22,dividend,1.000000,3,cash dividend per share,Annual General Meeting/Dividend - Rs 3 Per Share
CASTROLIND,2021-08-11,dividend,1.000000,2.5,cash dividend per share,Interim Dividend - Rs 2.50 Per Share
CASTROLIND,2022-06-02,dividend,1.000000,3,cash dividend per share,Annual General Meeting/Dividend - Rs 3 Per Share
CASTROLIND,2022-08-08,dividend,1.000000,3,cash dividend per share,Interim Dividend- Rs 3 Per Share
CASTROLIND,2023-05-04,dividend,1.000000,3.5,cash dividend per share,Dividend - Rs 3.50 Per Share
CASTROLIND,2023-08-08,dividend,1.000000,3,cash dividend per share,Interim Dividend - Rs 3 Per Share
CASTROLIND,2024-03-21,dividend,1.000000,4.5,cash dividend per share,Dividend - Rs 4.50 Per Share
CASTROLIND,2024-08-07,dividend,1.000000,3.5,cash dividend per share,Interim Dividend - Rs 3.50 Per Share
CASTROLIND,2025-03-18,dividend,1.000000,9.5,cash dividend per share,Dividend - Rs 5 Per Share & Special Dividend - Rs 4.50 Per Share
CASTROLIND,2025-08-11,dividend,1.000000,3.5,cash dividend per share,Interim Dividend - Rs 3.50 Per Share
CASTROLIND,2026-03-23,dividend,1.000000,5.25,cash dividend per share,Dividend - Rs 5.25 Per Share
CASTROLIND,2026-08-11,dividend,1.000000,6.25,cash dividend per share,Interim Dividend - Rs 6.25 Per Share
CENTRALBK,2008-07-22,dividend,1.000000,2,cash dividend per share,Agm/Div-Rs.2 Per Share
CENTRALBK,2009-07-27,dividend,1.000000,2,cash dividend per share,Agm/Div-Rs.2/- Per Share
CENTRALBK,2009-11-19,dividend,1.000000,1,cash dividend per share,Int Div-Re.1/- Per Share
CENTRALBK,2010-07-08,dividend,1.000000,1.2,cash dividend per share,Final Dividend-Re.1.20 Per Share
CENTRALBK,2010-11-09,dividend,1.000000,1,cash dividend per share,Interim Dividend - Re.1/- Per Share
CENTRALBK,2011-03-17,rights,0.850613,,"rights 3:5 at 103, theoretical ex-rights price",Rights Issue - 3:5 @ Premium Rs.93/-
CENTRALBK,2011-07-21,dividend,1.000000,1.5,cash dividend per share,Annual General Meeting And Dividend Rs.1.50 Per Share
CENTRALBK,2012-06-21,dividend,1.000000,2,cash dividend per share,Annual General Meeting/Dividend Rs 2 Per Share
CENTRALBK,2013-06-20,dividend,1.000000,2.5,cash dividend per share,Annual General Meeting/Dividend Rs 2.50 Per Equity Share
CENTRALBK,2015-06-23,dividend,1.000000,0.5,cash dividend per share,Annual General Meeting/ Dividend - Re 0.50/- Per Share
CENTRALBK,2025-07-04,dividend,1.000000,0.1875,cash dividend per share,Dividend - Re 0.1875 Per Share
CENTRALBK,2025-07-25,dividend,1.000000,0.2,cash dividend per share,Interim Dividend - Re 0.20 Per Share
CENTRALBK,2025-10-27,dividend,1.000000,0.2,cash dividend per share,Interim Dividend - Re 0.20 Per Share
CENTRALBK,2026-01-23,dividend,1.000000,0.2,cash dividend per share,Interim Dividend - Re 0.20 Per Share
CENTRALBK,2026-05-08,dividend,1.000000,0.6,cash dividend per share,Interim Dividend - Rs 0.60 Per Share
CESC,2007-07-12,dividend,1.000000,0.35,cash dividend per share,Agm/Dividend-35%
CESC,2008-07-17,dividend,1.000000,0.4,cash dividend per share,Agm/Dividend - 40%
CESC,2009-07-09,dividend,1.000000,4,cash dividend per share,Agm/Div-Rs.4/- Per Share
CESC,2010-07-08,dividend,1.000000,4,cash dividend per share,Annual General Meeting And Dividend Rs.4/- Per Share
CESC,2011-07-14,dividend,1.000000,4,cash dividend per share,Annual General Meeting And Dividend Rs.4/- Per Share
CESC,2012-07-11,dividend,1.000000,5,cash dividend per share,Annual General Meeting And Dividend Rs.5/- Per Share
CESC,2013-07-10,dividend,1.000000,7,cash dividend per share,Annual General Meeting And Dividend Rs.7/- Per Share
CESC,2014-06-18,dividend,1.000000,8,cash dividend per share,Annual General Meeting / Dividend - Rs 8/- Per Share
CESC,2015-07-22,dividend,1.000000,9,cash dividend per share,Annual General Meeting / Dividend - Rs 9/- Per Share
CESC,2016-03-17,dividend,1.000000,10,cash dividend per share,Interim Dividend - Rs 10/- Per Share (Purpose Revised)
CESC,2017-02-23,dividend,1.000000,10,cash dividend per share,Interim Dividend Rs 10/- Per Share (Purpose Revised)
CESC,2018-03-08,dividend,1.000000,12,cash dividend per share,Interim Dividend - Rs 12 Per Share (Purpose Revised)
CESC,2018-10-30,demerger,0.778935,,ex-date open (special pre-open price) / previous close,Composite Scheme Of Arrangement
CESC,2019-02-14,dividend,1.000000,17.5,cash dividend per share,Interim Dividend - Rs 17.50 Per Sh
CESC,2020-02-18,dividend,1.000000,20,cash dividend per share,Interim Dividend - Rs 20 Per Share
CESC,2021-01-22,dividend,1.000000,45,cash dividend per share,Interim Dividend - Rs 45 Per Share
CESC,2021-09-17,split,0.100000,,face value 10 to 1,Face Value Split (Sub-Division) - From Rs 10/- Per Share To Re 1/- Per Share
CESC,2022-01-24,dividend,1.000000,4.5,cash dividend per share,Interim Dividend - Rs 4.50 Per Share
CESC,2023-02-24,dividend,1.000000,4.5,cash dividend per share,Interim Dividend - Rs 4.50 Per Share
CESC,2024-02-01,dividend,1.000000,4.5,cash dividend per share,Interim Dividend - Rs 4.50 Per Share
CESC,2025-01-16,dividend,1.000000,4.5,cash dividend per share,Interim Dividend - Rs 4.50 Per Share
CESC,2025-10-27,dividend,1.000000,6,cash dividend per share,Interim Dividend - Rs 6 Per Share
CESC,2026-08-19,dividend,1.000000,6,cash dividend per share,Interim Dividend - Rs 6 Per Share
CGPOWER,2007-02-01,dividend,1.000000,0.5,cash dividend per share,Interim Dividend-25% Purpose Revised
CGPOWER,2007-03-23,dividend,1.000000,0.5,cash dividend per share,3rd Interim Dividend-25% Purpose Revised
CGPOWER,2007-11-02,dividend,1.000000,0.4,cash dividend per share,Interim Dividend-20% Purpose Revised
CGPOWER,2008-02-04,dividend,1.000000,0.8,cash dividend per share,Interim Div-Rs.0.80 Pr Shpurpose Revised
CGPOWER,2008-04-03,dividend,1.000000,0.4,cash dividend per share,3rd Int Div - 20% Purpose Revised
CGPOWER,2008-10-27,dividend,1.000000,0.7,cash dividend per share,Interim Dividend - 35% Purpose Revised
CGPOWER,2009-01-29,dividend,1.000000,0.8,cash dividend per share,Interim Dividend - 40% Purpose Revised
CGPOWER,2009-03-30,dividend,1.000000,0.5,cash dividend per share,3rd Interim Dividend-25% Purpose Revised
CGPOWER,2009-10-30,dividend,1.000000,0.8,cash dividend per share,Int Div-Re.0.80 Per Sharepurpose Revised
CGPOWER,2010-02-04,dividend,1.000000,1.4,cash dividend per share,2nd Int Div-Rs.1.40 Pr Shpurpose Revised
CGPOWER,2010-03-08,bonus,0.571429,,bonus 3:4,Bonus 3:4
CGPOWER,2010-10-29,dividend,1.000000,0.8,cash dividend per share,Interim Dividend-Re.0.80 Per Share (Purpose Revised)
CGPOWER,2011-02-03,dividend,1.000000,0.8,cash dividend per share,2nd Interim Dividend-Re.0.80 Per Share (Purpose Revised)
CGPOWER,2011-03-28,dividend,1.000000,0.6,cash dividend per share,3rd Interim Dividend-Re.0.60 Per Share (Purpose Revised)
CGPOWER,2011-10-24,dividend,1.000000,0.8,cash dividend per share,Interim Dividend Re.0.80 Per Share (Purpose Revised)
CGPOWER,2012-02-03,dividend,1.000000,0.2,cash dividend per share,Interim Dividend Re.0.20 Per Share (Purpose Revised)
CGPOWER,2012-03-29,dividend,1.000000,0.4,cash dividend per share,Interim Dividend - Rs.0.40 Per Share (Purpose Revised)
CGPOWER,2012-07-26,dividend,1.000000,0.4,cash dividend per share,Annual General Meeting And Interim Dividend Re.0.40 Per Share (Purpose Revised)
CGPOWER,2012-11-07,dividend,1.000000,0.4,cash dividend per share,Interim Dividend Re.0.40 Per Share (Purpose Revised)
CGPOWER,2013-07-25,dividend,1.000000,0.4,cash dividend per share,Annual General Meeting And Final Dividend Re.0.40 Per Share (Purpose Revised)
CGPOWER,2013-11-13,dividend,1.000000,0.4,cash dividend per share,Interim Dividend Re.0.40 Per Share (Purpose Revised)
CGPOWER,2014-02-04,dividend,1.000000,0.4,cash dividend per share,Interim Dividend - Re 0.40/- Per Share (Purpose Revised)
CGPOWER,2014-07-30,dividend,1.000000,0.4,cash dividend per share,Annual General Meeting / Final Dividend - Re 0.40/- Per Share (Purpose Revised)
CGPOWER,2014-10-22,dividend,1.000000,0.4,cash dividend per share,Interim Dividend Re.0.40 Per Share (Purpose Revised)
CGPOWER,2015-02-06,dividend,1.000000,0.4,cash dividend per share,Interim Dividend - Re 0.40/- Per Share (Purpose Revised)
CGPOWER,2016-03-15,demerger,0.283323,,ex-date close / previous close,Scheme Of Arrangement
CGPOWER,2023-03-15,dividend,1.000000,1.5,cash dividend per share,Interim Dividend - Rs 1.50 Per Share
CGPOWER,2024-02-05,dividend,1.000000,1.3,cash dividend per share,Interim Dividend - Rs 1.30 Per Share
CGPOWER,2025-03-21,dividend,1.000000,1.3,cash dividend per share,Interim Dividend - Rs 1.30 Per Share
CGPOWER,2026-01-30,dividend,1.000000,1.3,cash dividend per share,Interim Dividend - Rs 1.30 Per Share
CHOLAFIN,2007-07-23,dividend,1.000000,0.8,cash dividend per share,Agm/Dividend-40%
CHOLAFIN,2008-07-23,dividend,1.000000,0.8,cash dividend per share,Agm/Dividend - 40%
CHOLAFIN,2010-05-05,dividend,1.000000,1,cash dividend per share,Int Div Rs.1/- Per Share
CHOLAFIN,2011-07-21,dividend,1.000000,1.5,cash dividend per share,Annual General Meeting And Dividend Rs.1.50 Per Share
CHOLAFIN,2012-02-13,dividend,1.000000,1.5,cash dividend per share,Interim Dividend Rs.1.50 Per Share
CHOLAFIN,2012-07-23,dividend,1.000000,1,cash dividend per share,Annual General Meeting/Dividend Re 1 Per Share
CHOLAFIN,2013-01-30,dividend,1.000000,2.5,cash dividend per share,Interim Dividend Rs 2.50 Per Share
CHOLAFIN,2013-07-24,dividend,1.000000,1,cash dividend per share,Annual General Meeting / Final Dividend Re.1/- Per Equity Share
CHOLAFIN,2014-02-06,dividend,1.000000,2.5,cash dividend per share,Interim Dividend Rs 2.50/- Per Share
CHOLAFIN,2014-07-23,dividend,1.000000,1,cash dividend per share,Annual General Meeting / Final Dividend - Re 1/- Per Share
CHOLAFIN,2015-02-05,dividend,1.000000,2.5,cash dividend per share,Interim Dividend - Rs 2.50/- Per Share
CHOLAFIN,2015-07-23,dividend,1.000000,1,cash dividend per share,Annual General Meeting/Dividend Re 1/- Per Share
CHOLAFIN,2016-02-09,dividend,1.000000,2.5,cash dividend per share,Interim Dividend Rs 2.50 Per Share
CHOLAFIN,2016-07-21,dividend,1.000000,2,cash dividend per share,Annual General Meeting/ Dividend- Rs 2/- Per Share
CHOLAFIN,2017-02-06,dividend,1.000000,3.5,cash dividend per share,Interim Dividend Rs 3.50 Per Share
CHOLAFIN,2017-07-19,dividend,1.000000,2,cash dividend per share,Annual General Meeting/Dividend - Rs 2/- Per Share
CHOLAFIN,2018-02-09,dividend,1.000000,4.5,cash dividend per share,Interim Dividend Rs 4.50 Per Share
CHOLAFIN,2018-07-18,dividend,1.000000,2,cash dividend per share,Annual General Meeting / Dividend- Rs 2 Per Share
CHOLAFIN,2019-02-08,dividend,1.000000,4.5,cash dividend per share,Interim Dividend - Rs 4.50 Per Share
CHOLAFIN,2019-06-14,split,0.200000,,face value 10 to 2,Face Value Split (Sub-Division) - From Rs 10/- Per Share To Rs 2/- Per Share
CHOLAFIN,2019-07-22,dividend,1.000000,0.4,cash dividend per share,Annual General Meeting/Dividend - Re 0.40 Per Share
CHOLAFIN,2019-12-23,dividend,1.000000,1,cash dividend per share,Interim Dividend - Re 1 Pr Sh
CHOLAFIN,2020-03-04,dividend,1.000000,0.7,cash dividend per share,Interim Dividend-Re 0.70 Per Share
CHOLAFIN,2021-02-09,dividend,1.000000,1.3,cash dividend per share,Interimdividend - Rs 1.30 Per Share
CHOLAFIN,2021-07-22,dividend,1.000000,0.7,cash dividend per share,Annual General Meeting/Dividend - Rs 0.70 Per Share
CHOLAFIN,2022-02-10,dividend,1.000000,1.3,cash dividend per share,Interim Dividend - Rs 1.30 Per Share
CHOLAFIN,2022-07-21,dividend,1.000000,0.7,cash dividend per share,Dividend - Rs 0.70 Per Share
CHOLAFIN,2023-02-10,dividend,1.000000,1.3,cash dividend per share,Interim Dividend - Rs 1.30 Per Share
CHOLAFIN,2023-07-25,dividend,1.000000,0.7,cash dividend per share,Annual General Meeting/Dividend - Re 0.70 Per Share
CHOLAFIN,2024-02-07,dividend,1.000000,1.3,cash dividend per share,Interim Dividend - Rs 1.30 Per Share
CHOLAFIN,2024-07-19,dividend,1.000000,0.7,cash dividend per share,Dividend - Re 0.70 Per Share
CHOLAFIN,2025-02-07,dividend,1.000000,1.3,cash dividend per share,Interim Dividend - Rs 1.30 Per Share
CHOLAFIN,2025-07-24,dividend,1.000000,0.7,cash dividend per share,Dividend - Re 0.70 Per Share
CHOLAFIN,2026-02-05,dividend,1.000000,1.3,cash dividend per share,Interim Dividend - Rs 1.30 Per Share
CHOLAFIN,2026-07-21,dividend,1.000000,0.7,cash dividend per share,Dividend - Re 0.70 Per Share
CHOLAHLDNG,2018-02-15,dividend,1.000000,0.6,cash dividend per share,Interim Dividend Re 0.60 Per Share
CHOLAHLDNG,2018-07-23,dividend,1.000000,0.65,cash dividend per share,Annual General Meeting / Dividend- Re 0.65 Per Share
CHOLAHLDNG,2019-02-14,dividend,1.000000,0.6,cash dividend per share,Interim Dividend - Re 0.60 Per Share
CHOLAHLDNG,2019-07-24,dividend,1.000000,0.65,cash dividend per share,Annual General Meeting/ Dividend - Re 0.65 Per Share
CHOLAHLDNG,2020-03-05,dividend,1.000000,0.65,cash dividend per share,Interim Dividend - Re 0.65 Per Sh
CHOLAHLDNG,2021-07-27,dividend,1.000000,0.55,cash dividend per share,Annual General Meeting/Dividend - Rs 0.55 Per Share
CHOLAHLDNG,2022-08-02,dividend,1.000000,0.55,cash dividend per share,Annual General Meeting/Dividend - Rs 0.55 Per Share
CHOLAHLDNG,2023-08-03,dividend,1.000000,0.55,cash dividend per share,Annual General Meeting/Dividend - Rs 0.55 Per Share
CHOLAHLDNG,2024-08-02,dividend,1.000000,0.55,cash dividend per share,Annual General Meeting/Dividend - Re 0.55 Per Share
CHOLAHLDNG,2025-08-01,dividend,1.000000,1.3,cash dividend per share,Dividend - Rs 1.30 Per Share
CHOLAHLDNG,2026-08-07,dividend,1.000000,1.3,cash dividend per share,Dividend - Rs 1.30 Per Share
CIEINDIA,2022-04-13,dividend,1.000000,2.5,cash dividend per share,Annual General Meeting/Dividend - Rs 2.50 Per Share
CIEINDIA,2023-06-02,dividend,1.000000,2.5,cash dividend per share,Annual General Meeting/Dividend - Rs 2.50 Per Share
CIEINDIA,2024-06-13,dividend,1.000000,5,cash dividend per share,Annual General Meeting/Dividend - Rs 5 Per Share
CIEINDIA,2025-04-23,dividend,1.000000,7,cash dividend per share,Annual General Meeting/Dividend - Rs 7 Per Share
CIEINDIA,2026-04-22,dividend,1.000000,7,cash dividend per share,Dividend - Rs 7 Per Share
CIPLA,2007-08-08,dividend,1.000000,2,cash dividend per share,Agm/Div-Rs.2/- Per Sh
CIPLA,2008-08-12,dividend,1.000000,2,cash dividend per share,Dividend - Rs.2 Per Share
CIPLA,2009-08-10,dividend,1.000000,2,cash dividend per share,Agm/Div-Rs.2/- Per Share
CIPLA,2010-07-23,dividend,1.000000,2,cash dividend per share,Annual General Meeting And Dividend Rs.2/- Per Share
CIPLA,2010-09-03,dividend,1.000000,0.8,cash dividend per share,Special Interim Dividend Re.0.80 Per Share
CIPLA,2011-08-09,dividend,1.000000,2,cash dividend per share,Annual General Meeting And Dividend Rs.2/- Per Share
CIPLA,2012-08-01,dividend,1.000000,2,cash dividend per share,Annual General Meeting And Dividend - Rs.2/- Per Share
CIPLA,2013-08-06,dividend,1.000000,2,cash dividend per share,Annual General Meeting/Dividend Rs 2/- Per Equity Share
CIPLA,2014-08-06,dividend,1.000000,2,cash dividend per share,Annual General Meeting/Dividend Rs 2/- Per Equity Share
CIPLA,2015-08-11,dividend,1.000000,2,cash dividend per share,Annual General Meeting/Dividend - Rs 2/- Per Share
CIPLA,2016-09-12,dividend,1.000000,2,cash dividend per share,Annual General Meeting/Dividend Rs 2/- Per Share
CIPLA,2017-07-26,dividend,1.000000,2,cash dividend per share,Annual General Meeting/Dividend - Rs 2/- Per Share
CIPLA,2018-08-13,dividend,1.000000,3,cash dividend per share,Annual General Meeting/Dividend- Rs 3 Per Share
CIPLA,2019-07-31,dividend,1.000000,3,cash dividend per share,Annual General Meeting/Dividend - Rs 3 Per Share
CIPLA,2020-03-19,dividend,1.000000,4,cash dividend per share,Interim Dividend - Rs 3 Per Share Special Dividend - Re 1 Per Share
CIPLA,2021-08-09,dividend,1.000000,5,cash dividend per share,Annual General Meeting/Dividend - Rs 5 Per Share
CIPLA,2022-08-08,dividend,1.000000,5,cash dividend per share,Dividend - Rs 5 Per Share
CIPLA,2023-07-21,dividend,1.000000,8.5,cash dividend per share,Dividend - Rs 8.50 Per Share
CIPLA,2024-08-02,dividend,1.000000,13,cash dividend per share,Dividend - Rs 13 Per Share
CIPLA,2025-06-27,dividend,1.000000,16,cash dividend per share,Dividend - Rs 13 Per Share/Special Dividend - Rs 3 Per Share
CIPLA,2026-06-05,dividend,1.000000,13,cash dividend per share,Dividend - Rs 13 Per Share
CLEAN,2022-07-29,dividend,1.000000,3.25,cash dividend per share,Annual General Meeting/Dividend - Rs 3.25 Per Share
CLEAN,2023-02-10,dividend,1.000000,2,cash dividend per share,Interim Dividend - Rs 2 Per Share
CLEAN,2023-08-03,dividend,1.000000,3,cash dividend per share,Annual General Meeting/Dividend - Rs 3 Per Share
CLEAN,2024-02-12,dividend,1.000000,2,cash dividend per share,Interim Dividend - Rs 2 Per Share
CLEAN,2024-08-29,dividend,1.000000,3,cash dividend per share,Annual General Meeting/Dividend - Rs 3 Per Share
CLEAN,2025-02-07,dividend,1.000000,2,cash dividend per share,Interim Dividend - Rs 2 Per Share
CLEAN,2025-09-04,dividend,1.000000,4,cash dividend per share,Dividend - Rs 4 Per Share
CLEAN,2026-02-06,dividend,1.000000,2,cash dividend per share,Interim Dividend - Rs 2 Per Share
CLEAN,2026-09-04,dividend,1.000000,4,cash dividend per share,Dividend - Rs 4 Per Share
COALINDIA,2011-02-18,dividend,1.000000,3.5,cash dividend per share,Interim Dividend-Rs.3.50 Per Share (Purpose Revised)
COALINDIA,2011-09-08,dividend,1.000000,0.4,cash dividend per share,Annual General Meeting And Dividend Re.0.40 Per Share
COALINDIA,2012-03-15,dividend,1.000000,9.5,cash dividend per share,Interim Dividend Rs.9.50 Per Share (Purpose Revised)
COALINDIA,2012-09-06,dividend,1.000000,0.5,cash dividend per share,Annual General Meeting/Dividend Re 0.50 Per Share
COALINDIA,2013-03-18,dividend,1.000000,9.7,cash dividend per share,Interim Dividend Rs 9.70 Per Share (Purpose Revised)
COALINDIA,2013-09-06,dividend,1.000000,4.3,cash dividend per share,Annual General Meeting And Final Dividend Rs.4.30 Per Share
COALINDIA,2014-01-17,dividend,1.000000,29,cash dividend per share,Interim Dividend - Rs 29/- Per Share (Purpose Revised)
COALINDIA,2015-03-03,dividend,1.000000,20.7,cash dividend per share,Interim Dividend - Rs 20.70/- Per Share (Purpose Revised)
COALINDIA,2016-03-14,dividend,1.000000,27.4,cash dividend per share,Interim Dividend - Rs 27.40/- Per Share (Purpose Revised)
COALINDIA,2017-03-14,dividend,1.000000,18.75,cash dividend per share,Interim Dividend - Rs 18.75/- Per Share (Purpose Revised)
COALINDIA,2017-03-27,dividend,1.000000,1.15,cash dividend per share,Interim Dividend Rs 1.15 Per Share (Purpose Revised)
COALINDIA,2018-03-16,dividend,1.000000,16.5,cash dividend per share,Interim Dividend Rs 16.50 Per Share (Purpose And Date Revised)
COALINDIA,2018-12-28,dividend,1.000000,7.25,cash dividend per share,Interim Dividend-Rs 7.25 Per Share
COALINDIA,2019-03-22,dividend,1.000000,5.85,cash dividend per share,Interim Dividend - Rs 5.85 Per Share
COALINDIA,2020-03-19,dividend,1.000000,12,cash dividend per share,Interim Dividend - Rs 12 Per Share
COALINDIA,2020-11-19,dividend,1.000000,7.5,cash dividend per share,Interim Dividend - Rs 7.50 Per Share
COALINDIA,2021-03-15,dividend,1.000000,5,cash dividend per share,Interim Dividend - Rs 5 Per Share
COALINDIA,2021-09-02,dividend,1.000000,3.5,cash dividend per share,Dividend - Rs 3.50 Per Share
COALINDIA,2021-12-06,dividend,1.000000,9,cash dividend per share,Interim Dividend - Rs 9 Per Sh
COALINDIA,2022-02-21,dividend,1.000000,5,cash dividend per share,Interim Dividend - Rs 5 Per Share
COALINDIA,2022-08-11,dividend,1.000000,3,cash dividend per share,Dividend - Rs 3 Per Share
COALINDIA,2022-11-15,dividend,1.000000,15,cash dividend per share,Interim Dividend - Rs 15 Per Share
COALINDIA,2023-02-08,dividend,1.000000,5.25,cash dividend per share,Interim Dividend - Rs 5.25 Per Share
COALINDIA,2023-08-18,dividend,1.000000,4,cash dividend per share,Dividend - Rs 4 Per Share
COALINDIA,2023-11-21,dividend,1.000000,15.25,cash dividend per share,Interim Dividend - Rs 15.25 Per Share
COALINDIA,2024-02-20,dividend,1.000000,5.25,cash dividend per share,Interim Dividend - Rs 5.25 Per Share
COALINDIA,2024-08-16,dividend,1.000000,5,cash dividend per share,Dividend - Rs 5 Per Share
COALINDIA,2024-11-05,dividend,1.000000,15.75,cash dividend per share,Interim Dividend - Rs 15.75 Per Share
COALINDIA,2025-01-31,dividend,1.000000,5.6,cash dividend per share,Interim Dividend - Rs 5.60 Per Share
COALINDIA,2025-08-06,dividend,1.000000,5.5,cash dividend per share,Interim Dividend - Rs 5.50 Per Share
COALINDIA,2025-08-21,dividend,1.000000,5.15,cash dividend per share,Dividend - Rs 5.15 Per Share
COALINDIA,2025-11-04,dividend,1.000000,10.25,cash dividend per share,Interim Dividend - Rs 10.25 Per Share
COALINDIA,2026-02-18,dividend,1.000000,5.5,cash dividend per share,Interim Dividend - Rs 5.50 Per Share
COALINDIA,2026-07-31,dividend,1.000000,5.5,cash dividend per share,Interim Dividend - Rs 5.50 Per Share
COALINDIA,2026-09-04,dividend,1.000000,5.25,cash dividend per share,Dividend - Rs 5.25 Per Share
COCHINSHIP,2018-08-06,dividend,1.000000,12,cash dividend per share,Dividend- Rs 12 Per Share
COCHINSHIP,2019-08-05,dividend,1.000000,13,cash dividend per share,Annual General Meeting/Dividend - Rs 13 Per Share
COCHINSHIP,2019-11-21,dividend,1.000000,1.63,cash dividend per share,Interim Dividend - Rs 1.63 Per Share
COCHINSHIP,2020-09-21,dividend,1.000000,15,cash dividend per share,Annual General Meeting/Dividend - Rs 15 Per Share
COCHINSHIP,2021-01-13,dividend,1.000000,9,cash dividend per share,Interim Dividend - Rs 9.00 Per Share
COCHINSHIP,2021-02-23,dividend,1.000000,4,cash dividend per share,Interim Dividend - Rs 4 Per Share
COCHINSHIP,2021-09-21,dividend,1.000000,2.5,cash dividend per share,Annual General Meeting/Dividend - Rs 2.50 Per Share
COCHINSHIP,2021-11-23,dividend,1.000000,6,cash dividend per share,Interim Dividend - Rs 6 Per Share
COCHINSHIP,2022-02-21,dividend,1.000000,7,cash dividend per share,Interim Dividend - Rs 7 Per Share
COCHINSHIP,2022-09-21,dividend,1.000000,3.75,cash dividend per share,Annual General Meeting/Dividend - Rs 3.75 Per Share
COCHINSHIP,2022-11-21,dividend,1.000000,7,cash dividend per share,Interim Dividend - Rs 7 Per Share
COCHINSHIP,2023-02-22,dividend,1.000000,7,cash dividend per share,Interim Dividend - Rs 7 Per Share
COCHINSHIP,2023-09-21,dividend,1.000000,3,cash dividend per share,Annual General Meeting/Dividend - Rs 3 Per Share
COCHINSHIP,2023-11-20,dividend,1.000000,8,cash dividend per share,Interim Dividend - Rs 8 Per Share
COCHINSHIP,2024-01-10,split,0.500000,,face value 10 to 5,Face Value Split (Sub-Division) - From Rs 10/- Per Share To Rs 5/- Per Share
COCHINSHIP,2024-02-12,dividend,1.000000,3.5,cash dividend per share,Interim Dividend - Rs 3.50 Per Share
COCHINSHIP,2024-09-23,dividend,1.000000,2.25,cash dividend per share,Annual General Meeting/Dividend - Rs 2.25 Per Share
COCHINSHIP,2024-11-19,dividend,1.000000,4,cash dividend per share,Interim Dividend - Rs 4 Per Share
COCHINSHIP,2025-02-12,dividend,1.000000,3.5,cash dividend per share,Interim Dividend - Rs 3.50 Per Share
COCHINSHIP,2025-09-12,dividend,1.000000,2.25,cash dividend per share,Dividend - Rs 2.25 Per Share
COCHINSHIP,2025-11-18,dividend,1.000000,4,cash dividend per share,Interim Dividend - Rs 4 Per Share
COCHINSHIP,2026-02-03,dividend,1.000000,3.5,cash dividend per share,Interim Dividend - Rs 3.50 Per Share
COCHINSHIP,2026-09-18,dividend,1.000000,1.5,cash dividend per share,Dividend - Rs 1.5 Per Share
COFORGE,2007-07-17,dividend,1.000000,1.3,cash dividend per share,Agm/Dividend-65%
COFORGE,2007-08-30,bonus,0.666667,,bonus 1:2,Bonus 1:2
COFORGE,2008-07-18,dividend,1.000000,6.5,cash dividend per share,Agm/Div-Rs.6.50 Per Share
COFORGE,2009-07-17,dividend,1.000000,6.5,cash dividend per share,Agm/Div-Rs.6.50 Per Share
COFORGE,2010-06-29,dividend,1.000000,7,cash dividend per share,Dividend-Rs.7/- Per Share
COFORGE,2011-06-22,dividend,1.000000,7.5,cash dividend per share,Annual General Meeting And Dividend Rs.7.50 Per Share
COFORGE,2012-06-20,dividend,1.000000,8,cash dividend per share,Annual General Meeting/Dividend Rs 8 Per Share
COFORGE,2013-06-20,dividend,1.000000,8.5,cash dividend per share,Annual General Meeting And Dividend Rs.8.50 Per Share
COFORGE,2014-06-26,dividend,1.000000,9,cash dividend per share,Annual General Meeting / Final Dividend - Rs 9/- Per Share
COFORGE,2015-07-23,dividend,1.000000,9.5,cash dividend per share,Annual General Meeting/ Dividend - Rs 9.50/- Per Share
COFORGE,2016-07-22,dividend,1.000000,10,cash dividend per share,Annual General Meeting/ Dividend -Rs 10/- Per Share
COFORGE,2017-09-14,dividend,1.000000,12.5,cash dividend per share,Annual General Meeting/Dividend - Rs 12.50 Per Share
COFORGE,2018-09-12,dividend,1.000000,15,cash dividend per share,Dividend Rs 15 Per Share
COFORGE,2019-11-04,dividend,1.000000,10,cash dividend per share,Interim Dividend - Rs 10 Per Sh
COFORGE,2020-02-07,dividend,1.000000,10,cash dividend per share,Interim Dividend - Rs 10 Per Share
COFORGE,2020-05-14,dividend,1.000000,11,cash dividend per share,Interim Dividend - Rs 11 Per Share
COFORGE,2021-05-18,dividend,1.000000,13,cash dividend per share,Interim Dividend - Rs 13 Per Share
COFORGE,2021-08-09,dividend,1.000000,13,cash dividend per share,Interim Dividend - Rs 13 Per Share
COFORGE,2021-11-03,dividend,1.000000,13,cash dividend per share,Interim Dividend - Rs 13 Per Share
COFORGE,2022-02-07,dividend,1.000000,13,cash dividend per share,Interim Dividend - Rs 13 Per Share
COFORGE,2022-05-23,dividend,1.000000,13,cash dividend per share,Interim Dividend - Rs 13 Per Share
COFORGE,2022-08-03,dividend,1.000000,13,cash dividend per share,Interim Dividend - Rs 13 Per Share
COFORGE,2022-11-03,dividend,1.000000,13,cash dividend per share,Interim Dividend - Rs 13 Per Share
COFORGE,2023-02-03,dividend,1.000000,19,cash dividend per share,Interim Dividend - Rs 19 Per Sh
COFORGE,2023-05-10,dividend,1.000000,19,cash dividend per share,Interim Dividend - Rs 19 Per Share
COFORGE,2023-08-03,dividend,1.000000,19,cash dividend per share,Interim Dividend - Rs 19 Per Share
COFORGE,2023-11-02,dividend,1.000000,19,cash dividend per share,Interim Dividend - Rs 19 Per Share
COFORGE,2024-02-05,dividend,1.000000,19,cash dividend per share,Interim Dividend - Rs 19 Per Share
COFORGE,2024-05-15,dividend,1.000000,19,cash dividend per share,Interim Dividend - Rs 19 Per Share
COFORGE,2024-08-02,dividend,1.000000,19,cash dividend per share,Interim Dividend - Rs 19 Per Share
COFORGE,2024-10-11,dividend,1.000000,19,cash dividend per share,Interim Dividend - Rs 19 Per Share
COFORGE,2025-01-30,dividend,1.000000,19,cash dividend per share,Interim Dividend - Rs 19 Per Share
COFORGE,2025-05-09,dividend,1.000000,19,cash dividend per share,Interim Dividend - Rs 19 Per Share
COFORGE,2025-06-04,split,0.200000,,face value 10 to 2,Face Value Split (Sub-Division) - From Rs 10/- Per Share To Rs 2/- Per Share
COFORGE,2025-07-31,dividend,1.000000,4,cash dividend per share,Interim Dividend - Rs 4 Per Share
COFORGE,2025-10-31,dividend,1.000000,4,cash dividend per share,Interim Dividend - Rs 4 Per Share
COFORGE,2026-01-30,dividend,1.000000,4,cash dividend per share,Interim Dividend - Rs 4 Per Share
COFORGE,2026-08-03,dividend,1.000000,4,cash dividend per share,Interim Dividend - Rs 4 Per Share
COHANCE,2020-09-25,bonus,0.500000,,bonus 1:1,Bonus 1:1
COHANCE,2021-02-17,dividend,1.000000,1,cash dividend per share,Interim Dividend - Re 1 Per Share
COHANCE,2021-08-13,dividend,1.000000,1,cash dividend per share,Annual General Meeting/Dividend - Re 1 Per Share
COHANCE,2022-02-15,dividend,1.000000,3,cash dividend per share,Interim Dividend - Re 1 Per Share/ Special Dividend - Rs 2 Per Share
COHANCE,2022-05-13,dividend,1.000000,2,cash dividend per share,Interim Dividend - Re 1 Per Share/Special Dividend - Re 1 Per Share
COHANCE,2022-09-09,dividend,1.000000,6,cash dividend per share,Interim Dividend - Re 1 Per Share/Special Dividend- Rs 5 Per Share
COLPAL,2008-07-08,dividend,1.000000,7,cash dividend per share,Agm/Div-Rs.7 Per Share
COLPAL,2008-12-12,dividend,1.000000,9,cash dividend per share,1st Int Div-Rs.9 Per Sh Purpose Revised
COLPAL,2009-04-08,dividend,1.000000,6,cash dividend per share,2nd Int Div-Rs.6/- Per Shpurpose Revised
COLPAL,2009-08-20,dividend,1.000000,8,cash dividend per share,Int Div-Rs.8/- Per Share Purpose Revised
COLPAL,2009-12-10,dividend,1.000000,7,cash dividend per share,2nd Int Div-Rs.7/- Pr Shrpurpose Revised
COLPAL,2010-04-08,dividend,1.000000,5,cash dividend per share,3rd Int Div-Rs.5/- Pr Shrpurpose Revised
COLPAL,2010-08-17,dividend,1.000000,10,cash dividend per share,1st Interim Dividend-Rs.10/- Per Share (Purpose Revised)
COLPAL,2010-12-14,dividend,1.000000,5,cash dividend per share,2nd Interim Dividend Rs.5/- Per Share (Purpose Revised)
COLPAL,2011-03-30,dividend,1.000000,7,cash dividend per share,3rd Interim Dividend-Rs.7/- Per Share (Purpose Revised)
COLPAL,2011-06-13,dividend,1.000000,8,cash dividend per share,1st Interim Dividend Rs.8/- Per Share (Purpose Revised)
COLPAL,2011-12-20,dividend,1.000000,9,cash dividend per share,2nd Interim Dividend - Rs.9/- Per Share (Purpose Revised)
COLPAL,2012-03-22,dividend,1.000000,8,cash dividend per share,3rd Interim Dividend Rs.8/- Per Share (Purpose Revised)
COLPAL,2012-12-14,dividend,1.000000,6,cash dividend per share,2nd Interim Dividend Rs.6/- Per Share (Purpose Revised)
COLPAL,2013-04-04,dividend,1.000000,9,cash dividend per share,Interim Dividend Rs.9 Per Share (Purpose Revised)
COLPAL,2013-11-06,dividend,1.000000,9,cash dividend per share,1st Interim Dividend Rs.9/- Per Share (Purpose Revised)
COLPAL,2013-12-09,dividend,1.000000,9,cash dividend per share,Second Interim Dividend - Rs 9/- Per Share (Purpose Revised)
COLPAL,2014-04-01,dividend,1.000000,9,cash dividend per share,Third Interim Dividend Rs 9/- Per Share (Purpose Revised)
COLPAL,2014-09-29,dividend,1.000000,8,cash dividend per share,1st Interim Dividend Rs.8/- Per Share (Purpose Revised)
COLPAL,2014-12-15,dividend,1.000000,8,cash dividend per share,Second Interim Dividend - Rs 8/- Per Share (Purpose Revised)
COLPAL,2015-04-08,dividend,1.000000,8,cash dividend per share,Third Interim Dividend - Rs 8/- Per Share (Purpose Revised)
COLPAL,2015-09-23,bonus,0.500000,,bonus 1:1,Bonus 1:1
COLPAL,2015-11-05,dividend,1.000000,4,cash dividend per share,Interim Dividend - Rs 4/- Per Share (Purpose Revised)
COLPAL,2015-12-10,dividend,1.000000,3,cash dividend per share,Interim Dividend Rs 3/- Per Share (Purpose Revised)
COLPAL,2016-04-06,dividend,1.000000,3,cash dividend per share,Interim Dividend - Rs 3/- Per Share (Purpose Revised)
COLPAL,2016-11-08,dividend,1.000000,4,cash dividend per share,Interim Dividend Rs 4/- Per Share (Purpose Revised)
COLPAL,2016-12-15,dividend,1.000000,3,cash dividend per share,Interim Dividend Rs 3/- Per Share (Purpose Revised)
COLPAL,2017-04-10,dividend,1.000000,3,cash dividend per share,Interim Dividend Rs 3/- Per Share (Record Date Revised)
COLPAL,2017-10-25,dividend,1.000000,4,cash dividend per share,Interim Dividend - Rs 4.00 Per Share
COLPAL,2017-12-18,dividend,1.000000,4,cash dividend per share,Int Div - Rs 4/- Per Share (Purpose Revised)
COLPAL,2018-03-20,dividend,1.000000,5,cash dividend per share,Interim Dividend - Rs 5 Per Share (Purpose Revised)
COLPAL,2018-05-29,dividend,1.000000,11,cash dividend per share,Special Interim Dividend - Rs 11/- Per Share (Purpose Revised)
COLPAL,2018-11-05,dividend,1.000000,8,cash dividend per share,Interim Dividend - Rs 8 Per Share
COLPAL,2019-04-05,dividend,1.000000,7,cash dividend per share,Interim Dividend - Rs 7 Per Share
COLPAL,2019-06-04,dividend,1.000000,8,cash dividend per share,Interim Dividend - Rs 8 Per Share
COLPAL,2019-11-05,dividend,1.000000,12,cash dividend per share,Interim Dividend - Rs 12 Per Sh
COLPAL,2020-06-01,dividend,1.000000,16,cash dividend per share,Interim Dividend - Rs 16 Per Share
COLPAL,2020-10-29,dividend,1.000000,18,cash dividend per share,Interim Dividend - Rs 18 Per Share
COLPAL,2021-03-30,dividend,1.000000,20,cash dividend per share,Interim Dividend - Rs 20 Per Share
COLPAL,2021-11-01,dividend,1.000000,19,cash dividend per share,Interim Dividend - Rs 19 Per Share
COLPAL,2022-05-05,dividend,1.000000,21,cash dividend per share,Interim Dividend - Rs 21 Per Sh
COLPAL,2022-10-31,dividend,1.000000,18,cash dividend per share,Interim Dividend - Rs 18 Per Share
COLPAL,2023-05-19,dividend,1.000000,21,cash dividend per share,Interim Dividend - Rs 21 Per Share
COLPAL,2023-11-06,dividend,1.000000,22,cash dividend per share,Interim Dividend - Rs 22 Per Share
COLPAL,2024-05-22,dividend,1.000000,36,cash dividend per share,Special Dividend Rs -10 Per Share/Interim Dividend Rs - 26 Per Share
COLPAL,2024-11-04,dividend,1.000000,24,cash dividend per share,Interim Dividend - Rs 24 Per Share
COLPAL,2025-05-28,dividend,1.000000,27,cash dividend per share,Interim Dividend - Rs 27 Per Share
COLPAL,2025-11-03,dividend,1.000000,24,cash dividend per share,Interim Dividend - Rs 24 Per Share
COLPAL,2026-06-01,dividend,1.000000,24,cash dividend per share,Interim Dividend - Rs 24 Per Share
CONCOR,2007-01-31,dividend,1.000000,5.5,cash dividend per share,Interim Dividend-110%
CONCOR,2007-08-08,dividend,1.000000,5.5,cash dividend per share,Agm/Dividend-110%
CONCOR,2008-02-14,dividend,1.000000,11,cash dividend per share,Interim Div- Rs.11 Per Sh
CONCOR,2008-04-16,bonus,0.500000,,bonus 1:1,Bonus - 1:1
CONCOR,2008-08-12,dividend,1.000000,7.5,cash dividend per share,Agm/Div-Rs. 7.50/- Per Sh
CONCOR,2009-02-09,dividend,1.000000,3,cash dividend per share,Interim Dividend - 60%
CONCOR,2009-09-04,dividend,1.000000,8,cash dividend per share,Dividend-Rs.8/- Per Share
CONCOR,2010-02-01,dividend,1.000000,6,cash dividend per share,Int Div-Rs.6/- Per Share
CONCOR,2010-09-03,dividend,1.000000,8,cash dividend per share,Dividend-Rs.8/- Per Share
CONCOR,2011-01-28,dividend,1.000000,7.5,cash dividend per share,Interim Dividend-Rs.7.50 Per Share
CONCOR,2011-09-06,dividend,1.000000,8,cash dividend per share,Dividend-Rs.8/- Per Share
CONCOR,2012-02-15,dividend,1.000000,7.5,cash dividend per share,Interim Dividend Rs.7.50 Per Share
CONCOR,2012-09-05,dividend,1.000000,9,cash dividend per share,Dividend Rs 9 Per Share
CONCOR,2013-02-11,dividend,1.000000,8,cash dividend per share,Interim Dividend Rs 8 Per Share
CONCOR,2013-08-01,dividend,1.000000,9.5,cash dividend per share,Annual General Meeting And Dividend Rs.9.50 Per Share
CONCOR,2013-09-06,bonus,0.666667,,bonus 1:2,Bonus 1:2
CONCOR,2014-02-13,dividend,1.000000,7,cash dividend per share,Interim Dividend - Rs 7/- Per Share
CONCOR,2014-08-27,dividend,1.000000,5.3,cash dividend per share,Annual General Meeting / Final Dividend - Rs 5.30/- Per Share
CONCOR,2015-02-24,dividend,1.000000,8,cash dividend per share,Interim Dividend Rs 8/- Per Share
CONCOR,2015-08-27,dividend,1.000000,5.4,cash dividend per share,Dividend - Rs 5.40 Per Share
CONCOR,2016-02-05,dividend,1.000000,8,cash dividend per share,Interim Dividend - Rs 8/- Per Share
CONCOR,2016-09-02,dividend,1.000000,5.5,cash dividend per share,Dividend-Rs.5.50 Per Share
CONCOR,2017-02-22,dividend,1.000000,9.6,cash dividend per share,Interim Dividend Rs 9.60 Per Share
CONCOR,2017-04-05,bonus,0.800000,,bonus 1:4,Bonus 1:4
CONCOR,2017-09-12,dividend,1.000000,7.5,cash dividend per share,Dividend - Rs 7.50 Per Share
CONCOR,2018-02-06,dividend,1.000000,9.6,cash dividend per share,Interim Dividend - Rs 9.60 Per Share
CONCOR,2018-06-26,split,0.500000,,face value 10 to 5,Face Value Split (Sub-Division) - From Rs 10/- Per Share To Rs 5/- Per Share
CONCOR,2018-09-11,dividend,1.000000,3.75,cash dividend per share,Dividend- Rs 3.75 Per Share
CONCOR,2019-02-04,bonus,0.800000,,bonus 1:4,Bonus 1:4
CONCOR,2019-08-19,dividend,1.000000,8.55,cash dividend per share,Annual General Meeting/Dividend - Rs 8.55 Per Share
CONCOR,2020-02-18,dividend,1.000000,0.75,cash dividend per share,Int Dividend - Rs 0.75 Per Share
CONCOR,2020-09-21,dividend,1.000000,2.85,cash dividend per share,Dividend - Rs 2.85 Per Sh
CONCOR,2020-11-18,dividend,1.000000,3,cash dividend per share,Interim Dividend - Rs 3 Per Share
CONCOR,2021-09-21,dividend,1.000000,2,cash dividend per share,Annual General Meeting/Dividend - Rs 2 Per Share
CONCOR,2021-11-02,dividend,1.000000,4,cash dividend per share,Interim Dividend - Rs 4 Per Share
CONCOR,2022-02-02,dividend,1.000000,2,cash dividend per share,Interim Dividend - Rs 2 Per Share
CONCOR,2022-08-17,dividend,1.000000,2,cash dividend per share,Interim Dividend - Rs 2 Per Share
CONCOR,2022-09-20,dividend,1.000000,3,cash dividend per share,Annual General Meeting/Dividend - Rs 3 Per Share
CONCOR,2022-11-22,dividend,1.000000,3,cash dividend per share,Interim Dividend - Rs 3 Per Share
CONCOR,2023-02-06,dividend,1.000000,4,cash dividend per share,Interim Dividend - Rs 4 Per Share
CONCOR,2023-08-18,dividend,1.000000,2,cash dividend per share,Interim Dividend - Rs 2 Per Share
CONCOR,2023-09-18,dividend,1.000000,2,cash dividend per share,Annual General Meeting/Dividend - Rs 2 Per Share
CONCOR,2023-11-16,dividend,1.000000,3,cash dividend per share,Interim Dividend - Rs 3 Per Share
CONCOR,2024-02-07,dividend,1.000000,4,cash dividend per share,Interim Dividend - Rs 4 Per Share
CONCOR,2024-08-16,dividend,1.000000,2,cash dividend per share,Interim Dividend - Rs 2 Per Share
CONCOR,2024-09-17,dividend,1.000000,2.5,cash dividend per share,Annual General Meeting/Dividend - Rs 2.50 Per Share
CONCOR,2024-11-14,dividend,1.000000,3.25,cash dividend per share,Interim Dividend - Rs 3.25 Per Share
CONCOR,2025-02-06,dividend,1.000000,4.25,cash dividend per share,Interim Dividend - Rs 4.25 Per Share
CONCOR,2025-06-06,dividend,1.000000,2,cash dividend per share,Dividend - Rs 2 Per Share
CONCOR,2025-07-04,bonus,0.800000,,bonus 1:4,Bonus 1:4
CONCOR,2025-08-13,dividend,1.000000,1.6,cash dividend per share,Interim Dividend - Rs 1.60 Per Share
CONCOR,2025-11-20,dividend,1.000000,2.6,cash dividend per share,Interim Dividend - Rs 2.60 Per Share
CONCOR,2026-02-09,dividend,1.000000,3.4,cash dividend per share,Interim Dividend - Rs 3.40 Per Share
CONCOR,2026-08-04,dividend,1.000000,1.6,cash dividend per share,Interim Dividend - Rs 1.60 Per Share
CONCOR,2026-09-21,dividend,1.000000,1,cash dividend per share,Dividend - Re 1 Per Sh
COROMANDEL,2007-07-12,dividend,1.000000,1,cash dividend per share,Agm/Dividend - 100%
COROMANDEL,2008-07-14,dividend,1.000000,1.75,cash dividend per share,Agm/Dividend - 175%
COROMANDEL,2009-01-29,dividend,1.000000,3,cash dividend per share,Interim Dividend - 300% Purpose Revised
COROMANDEL,2009-07-13,dividend,1.000000,4,cash dividend per share,Agm/Div-Rs.4/- Per Share
COROMANDEL,2010-02-02,dividend,1.000000,6,cash dividend per share,Int Div-Rs.6/- Per Share
COROMANDEL,2010-07-14,dividend,1.000000,4,cash dividend per share,Dividend-Rs.4/- Per Share
COROMANDEL,2010-12-23,split,0.500000,,face value 2 to 1,Face Value Split From Rs.2/- To Re.1/-
COROMANDEL,2011-01-21,dividend,1.000000,4,cash dividend per share,Interim Dividend-Rs.4/- Per Share
COROMANDEL,2011-07-13,dividend,1.000000,3,cash dividend per share,Dividend-Rs.3/- Per Share
COROMANDEL,2012-02-02,dividend,1.000000,4,cash dividend per share,Interim Dividend Rs.4/- Per Share
COROMANDEL,2012-07-13,demerger,0.985463,,ex-date open (special pre-open price) / previous close,Annual General Meeting/Dividend Rs.3/- Per Share/Scheme Of Arrangement - Bonus Debentures 1:1 (Purpose Revised)
COROMANDEL,2012-07-13,dividend,1.000000,3,cash dividend per share,Annual General Meeting/Dividend Rs.3/- Per Share/Scheme Of Arrangement - Bonus Debentures 1:1 (Purpose Revised)
COROMANDEL,2013-06-19,dividend,1.000000,4.5,cash dividend per share,Annual General Meeting And Dividend Rs.4.50 Per Share (Bc Dates Revised)
COROMANDEL,2014-07-14,dividend,1.000000,4.5,cash dividend per share,Annual General Meeting And Dividend Rs.4.50 Per Share
COROMANDEL,2015-03-27,dividend,1.000000,2,cash dividend per share,Interim Dividend - Rs 2/- Per Share (Purpose Revised)
COROMANDEL,2015-07-16,dividend,1.000000,2.5,cash dividend per share,Annual General Meeting/ Dividend - Rs 2.50/- Per Share
COROMANDEL,2016-07-14,dividend,1.000000,4,cash dividend per share,Annual General Meeting/ Dividend - Rs 4/ Per Share
COROMANDEL,2017-07-13,dividend,1.000000,5,cash dividend per share,Annual General Meeting/Dividend - Rs 5/- Per Share
COROMANDEL,2018-03-22,dividend,1.000000,3,cash dividend per share,Interim Dividend Re 3/- Per Share (Purpose Revised)
COROMANDEL,2018-07-19,dividend,1.000000,3.5,cash dividend per share,Annual General Meeting/Dividend- Rs 3.50 Per Share
COROMANDEL,2019-01-31,dividend,1.000000,3,cash dividend per share,Interim Dividend - Rs 3 Per Share
COROMANDEL,2019-07-10,dividend,1.000000,3.5,cash dividend per share,Annual General Meeting/Dividend Rs 3.50 Per Share
COROMANDEL,2020-07-16,dividend,1.000000,12,cash dividend per share,Annual General Meeting/Dividend - Rs 12 Per Share
COROMANDEL,2021-02-10,dividend,1.000000,6,cash dividend per share,Interim Dividend - Rs 6 Per Share
COROMANDEL,2021-07-15,dividend,1.000000,6,cash dividend per share,Annual General Meeting/Dividend - Rs 6 Per Share
COROMANDEL,2022-02-14,dividend,1.000000,6,cash dividend per share,Interim Dividend - Rs 6 Per Share
COROMANDEL,2022-07-14,dividend,1.000000,6,cash dividend per share,Dividend - Rs 6 Per Share
COROMANDEL,2023-02-17,dividend,1.000000,6,cash dividend per share,Interim Dividend - Rs 6 Per Share
COROMANDEL,2023-07-14,dividend,1.000000,6,cash dividend per share,Dividend - Rs 6 Per Share
COROMANDEL,2024-07-26,dividend,1.000000,6,cash dividend per share,Dividend - Rs 6 Per Share
COROMANDEL,2025-02-05,dividend,1.000000,6,cash dividend per share,Interim Dividend - Rs 6 Per Share
COROMANDEL,2025-07-17,dividend,1.000000,9,cash dividend per share,Dividend - Rs 6 Per Share & Special Dividend Rs 3 Per Share
COROMANDEL,2026-02-04,dividend,1.000000,9,cash dividend per share,Interim Dividend - Rs 9 Per Share
COROMANDEL,2026-07-16,dividend,1.000000,2,cash dividend per share,Dividend - Rs 2 Per Share
CORPBANK,2007-04-09,dividend,1.000000,0.8,cash dividend per share,Interim Dividend-40%
CORPBANK,2007-06-15,dividend,1.000000,1,cash dividend per share,Agm/Final Dividend-50%
CORPBANK,2008-04-10,dividend,1.000000,0.9,cash dividend per share,Interim Dividend - 45%
CORPBANK,2008-06-17,dividend,1.000000,6,cash dividend per share,Agm/Div-Rs.6 Per Share
CORPBANK,2009-03-12,dividend,1.000000,4.5,cash dividend per share,Int Div-Rs.4.50 Per Share
CORPBANK,2009-07-03,dividend,1.000000,8,cash dividend per share,Agm/Div-Rs.8/- Per Share
CORPBANK,2010-06-21,dividend,1.000000,16.5,cash dividend per share,Annual General Meeting / Dividend Rs.16.5 Per Share
CORPBANK,2011-06-17,dividend,1.000000,20,cash dividend per share,Annual General Meeting/Dividend Rs 20 Per Share
CORPBANK,2012-06-15,dividend,1.000000,20.5,cash dividend per share,Annual General Meeting/Dividend Rs 20.50 Per Share
CORPBANK,2013-05-31,dividend,1.000000,19,cash dividend per share,Annual General Meeting/Dividend Rs. 19/- Per Share
CORPBANK,2014-01-28,dividend,1.000000,4.5,cash dividend per share,Interim Dividend - Rs 4.50/- Per Share (Purpose Revised)
CORPBANK,2014-06-13,dividend,1.000000,2.25,cash dividend per share,Annual General Meeting/Dividend Rs 2.25/- Per Share
CORPBANK,2015-01-22,split,0.200000,,face value 10 to 2,Face Valus Split (Sub-Division) - From Rs 10/- Per To Rs 2/- Per Share
CORPBANK,2015-06-22,dividend,1.000000,1.4,cash dividend per share,Annual General Meeting/ Dividend - Rs 1.40/- Per Share
CREDITACC,2024-07-26,dividend,1.000000,10,cash dividend per share,Annual General Meeting/Dividend - Rs 10 Per Share
CRISIL,2007-03-20,dividend,1.000000,15,cash dividend per share,Agm/Div-Rs.15/- Per Sh
CRISIL,2008-03-14,dividend,1.000000,25,cash dividend per share,Agm/Div-Rs25 Per Share
CRISIL,2008-07-31,dividend,1.000000,10,cash dividend per share,Int Div - Rs.10 Per Sharepurpose Revised
CRISIL,2008-10-31,dividend,1.000000,25,cash dividend per share,2nd Int Div-Rs. 25 Per Shpurpose Revised
CRISIL,2009-03-20,dividend,1.000000,35,cash dividend per share,Agm/Div-Rs.35/- Per Share
CRISIL,2009-05-05,dividend,1.000000,25,cash dividend per share,Int Div-Rs.25/- Per Sharepurpose Revised
CRISIL,2009-07-31,dividend,1.000000,25,cash dividend per share,2nd Int Div-Rs.25/- P Shrpurpose Revised
CRISIL,2009-11-05,dividend,1.000000,25,cash dividend per share,Int Div-Rs.25/- Per Sharepurpose Revised
CRISIL,2010-03-12,dividend,1.000000,25,cash dividend per share,Dividend-Rs.25/- Pr Share
CRISIL,2010-04-22,dividend,1.000000,25,cash dividend per share,Div- Int Rs.25+Spl Rs.100purpose Revised
CRISIL,2010-07-28,dividend,1.000000,25,cash dividend per share,2nd Interim Dividend-Rs.25/- Per Share (Purpose Revised)
CRISIL,2010-10-22,dividend,1.000000,25,cash dividend per share,3rd Interim Dividend-Rs.25/- Per Share (Purpose Revised)
CRISIL,2011-03-14,dividend,1.000000,25,cash dividend per share,Dividend - Rs.25 Per Share
CRISIL,2011-04-20,dividend,1.000000,27.5,cash dividend per share,Interim Dividend Rs.27.50 Per Share (Purpose Revised)
CRISIL,2011-07-26,dividend,1.000000,27.5,cash dividend per share,2nd Interim Dividend Rs.27.50 Per Share (Purpose Revised)
CRISIL,2011-09-28,split,0.100000,,face value 10 to 1,Face Value Split From Rs.10/- To Re.1/-
CRISIL,2011-10-28,dividend,1.000000,2.75,cash dividend per share,3rd Interim Dividend Rs.2.75 Per Share (Purpose Revised)
CRISIL,2012-03-13,dividend,1.000000,2.75,cash dividend per share,Dividend - Rs. 2.75/- Per Share
CRISIL,2012-04-24,dividend,1.000000,6,cash dividend per share,First Interim Dividend Rs.3/- Per Share And Special Dividend Rs.3/- Per Share (Purpose Revised)
CRISIL,2012-07-23,dividend,1.000000,3,cash dividend per share,2nd Interim Dividend Rs.3/- Per Share (Purpose Revised)
CRISIL,2012-10-23,dividend,1.000000,3,cash dividend per share,3rd Interim Dividend Rs.3/- Per Share (Purpose Revised)
CRISIL,2013-03-12,dividend,1.000000,4,cash dividend per share,Annual General Meeting/Dividend Rs 4 Per Share
CRISIL,2013-04-25,dividend,1.000000,3,cash dividend per share,Interim Dividend Rs.3/- Per Equity Share (Purpose Revised)
CRISIL,2013-08-07,dividend,1.000000,3,cash dividend per share,Interim Dividend Rs.3/- Per Equity Share
CRISIL,2013-10-24,dividend,1.000000,3,cash dividend per share,Third Interim Dividend Rs 3/- Per Share
CRISIL,2014-03-11,dividend,1.000000,10,cash dividend per share,Annual General Meeting/Final Dividend Rs 4/- Per Share+Special Dividend Rs 6/- Per Share
CRISIL,2014-04-25,dividend,1.000000,3,cash dividend per share,Interim Dividend - Rs 3/- Per Share (Purpose Revised)
CRISIL,2014-07-24,dividend,1.000000,3,cash dividend per share,Interim Dividend Rs 3/- Per Share (Purpose Revised)
CRISIL,2014-10-22,dividend,1.000000,4,cash dividend per share,Interim Dividend Rs.4/- Per Share (Purpose Revised)
CRISIL,2015-03-10,dividend,1.000000,10,cash dividend per share,Annual General Meeting / Final Dividend - Rs 6/- Per Share / Special Dividend - Rs 4/- Per Share
CRISIL,2015-04-23,dividend,1.000000,4,cash dividend per share,Interim Dividend - Rs 4/- Per Share (Purpose Revised)
CRISIL,2015-07-23,dividend,1.000000,4,cash dividend per share,Int Div - Rs 4/- Per Share (Purpose Revised)
CRISIL,2015-10-21,dividend,1.000000,5,cash dividend per share,Interim Dividend - Rs 5/- Per Share (Purpose Revised)
CRISIL,2016-03-08,dividend,1.000000,10,cash dividend per share,Annual General Meeting/ Final Dividend - Rs 7/- + Special Dividend -Rs 3/- Per Share
CRISIL,2016-04-28,dividend,1.000000,5,cash dividend per share,Interim Dividend Rs 5/- Per Share (Purpose Revised)
CRISIL,2016-07-28,dividend,1.000000,6,cash dividend per share,Interim Dividend - Rs 6/- Per Share
CRISIL,2016-10-21,dividend,1.000000,7,cash dividend per share,Third Interim Dividend Rs 7/- Per Share (Purpose Revised)
CRISIL,2017-03-21,dividend,1.000000,9,cash dividend per share,Annual General Meeting/Dividend Rs 9/- Per Share
CRISIL,2017-05-03,dividend,1.000000,6,cash dividend per share,Interim Dividend Rs 6/- Per Share (Purpose Revised)
CRISIL,2017-07-27,dividend,1.000000,6,cash dividend per share,Interim Dividend - Rs 6/- Per Share (Purpose Revised)
CRISIL,2017-10-31,dividend,1.000000,6,cash dividend per share,Interim Dividend - Rs 6/- Per Share (Purpose Revised)
CRISIL,2018-03-27,dividend,1.000000,10,cash dividend per share,Annual General Meeting/ Dividend - Rs 10 Per Share
CRISIL,2018-05-03,dividend,1.000000,6,cash dividend per share,Interim Dividend - Rs 6 Per Share (Purpose Revised)
CRISIL,2018-07-27,dividend,1.000000,6,cash dividend per share,Interim Dividend - Rs 6 Per Share (Purpose Revised)
CRISIL,2018-10-29,dividend,1.000000,7,cash dividend per share,Interim Dividend - Rs 7 Per Share
CRISIL,2019-03-28,dividend,1.000000,11,cash dividend per share,Annual General Meeting / Dividend Rs - 11 Per Share
CRISIL,2019-05-06,dividend,1.000000,6,cash dividend per share,Interim Dividend - Rs 6 Per Share
CRISIL,2019-08-06,dividend,1.000000,6,cash dividend per share,Interim Dividend - Rs 6 Per Share
CRISIL,2019-11-21,dividend,1.000000,7,cash dividend per share,Interm Dividend - Rs 7 Per Share
CRISIL,2020-03-31,dividend,1.000000,13,cash dividend per share,Annual General Meeting/Dividend Rs 13 Per Share
CRISIL,2020-05-04,dividend,1.000000,6,cash dividend per share,Interim Dividend - Rs 6 Per Share
CRISIL,2020-08-04,dividend,1.000000,6,cash dividend per share,Interim Dividend - Rs 6 Per Share
CRISIL,2020-11-02,dividend,1.000000,7,cash dividend per share,Interim Dividend - Rs 7 Per Share
CRISIL,2021-03-30,dividend,1.000000,14,cash dividend per share,Annual General Meeting/Dividend - Rs 14 Per Share
CRISIL,2021-05-05,dividend,1.000000,7,cash dividend per share,Interim Dividend - Rs 7 Per Share
CRISIL,2021-08-03,dividend,1.000000,8,cash dividend per share,Interim Dividend - Rs 8 Per Share
CRISIL,2021-11-24,dividend,1.000000,9,cash dividend per share,Interim Dividend - Rs 9 Per Share
CRISIL,2022-03-30,dividend,1.000000,22,cash dividend per share,Annual General Meeting/Dividend - Rs 15 Per Share/ Special Dividend - Rs 7 Per Share
CRISIL,2022-05-06,dividend,1.000000,7,cash dividend per share,Interim Dividend - Rs 7 Per Share
CRISIL,2022-08-04,dividend,1.000000,8,cash dividend per share,Interim Dividend - Rs 8 Per Share
CRISIL,2022-11-04,dividend,1.000000,10,cash dividend per share,Interim Dividend - Rs 10 Per Share
CRISIL,2023-03-31,dividend,1.000000,23,cash dividend per share,Annual General Meeting/Dividend - Rs 23 Per Share
CRISIL,2023-05-04,dividend,1.000000,7,cash dividend per share,Interim Dividend - Rs 7 Per Share
CRISIL,2023-08-02,dividend,1.000000,8,cash dividend per share,Interim Dividend - Rs 8 Per Share
CRISIL,2023-11-22,dividend,1.000000,11,cash dividend per share,Interim Dividend - Rs 11 Per Share
CRISIL,2024-03-28,dividend,1.000000,28,cash dividend per share,Annual General Meeting/Dividend - Rs 28 Per Share
CRISIL,2024-05-03,dividend,1.000000,7,cash dividend per share,Interim Dividend - Rs 7 Per Share
CRISIL,2024-07-31,dividend,1.000000,8,cash dividend per share,Interim Dividend - Rs 8 Per Share
CRISIL,2024-10-30,dividend,1.000000,15,cash dividend per share,Interim Dividend - Rs 15 Per Share
CRISIL,2025-04-11,dividend,1.000000,26,cash dividend per share,Dividend - Rs 26 Per Share
CRISIL,2025-05-07,dividend,1.000000,8,cash dividend per share,Interim Dividend - Rs 8 Per Share
CRISIL,2025-07-28,dividend,1.000000,9,cash dividend per share,Interim Dividend - Rs 9 Per Share
CRISIL,2025-10-27,dividend,1.000000,16,cash dividend per share,Interim Dividend - Rs 16 Per Share
CRISIL,2026-04-02,dividend,1.000000,28,cash dividend per share,Dividend - Rs 28 Per Share
CRISIL,2026-04-23,dividend,1.000000,9,cash dividend per share,Interim Dividend - Rs 9 Per Share
CRISIL,2026-07-27,dividend,1.000000,10,cash dividend per share,Interim Dividend - Rs 10 Per Share
CROMPTON,2017-07-20,dividend,1.000000,1.5,cash dividend per share,Annual General Meeting/Dividend - Rs 1.50 Per Share
CROMPTON,2018-07-19,dividend,1.000000,1.75,cash dividend per share,Dividend- Rs 1.75 Per Share
CROMPTON,2019-07-18,dividend,1.000000,2,cash dividend per share,Annual General Meeting/Dividend Rs 2 Per Share
CROMPTON,2020-11-03,dividend,1.000000,3,cash dividend per share,Interim Dividend-Rs 3 Per Sh
CROMPTON,2021-07-08,dividend,1.000000,2.5,cash dividend per share,Annual General Meeting/Dividend - Rs 2.50 Per Share
CROMPTON,2022-07-07,dividend,1.000000,2.5,cash dividend per share,Dividend - Rs 2.50 Per Share
CROMPTON,2023-07-07,dividend,1.000000,3,cash dividend per share,Annual General Meeting/Dividend - Rs 3 Per Share
CROMPTON,2024-07-10,dividend,1.000000,3,cash dividend per share,Dividend - Rs 3 Per Share
CROMPTON,2025-07-24,dividend,1.000000,3,cash dividend per share,Dividend - Rs 3 Per Share
CROMPTON,2026-07-24,dividend,1.000000,3,cash dividend per share,Dividend - Rs 3 Per Share
CUB,2007-07-06,dividend,1.000000,0.4,cash dividend per share,Agm/Dividend-40%
CUB,2008-01-23,split,0.100000,,face value 10 to 1,Fv Split Rs.10/- To Re.1/
CUB,2008-03-13,dividend,1.000000,0.3,cash dividend per share,Interim Dividend - 30%
CUB,2008-09-15,dividend,1.000000,0.2,cash dividend per share,Agm/Dividend - 20%
CUB,2009-08-06,dividend,1.000000,0.75,cash dividend per share,Agm/Div-Re.0.75 Per Share
CUB,2009-11-12,rights,0.840000,,"rights 1:4 at 6, theoretical ex-rights price",Rights 1:4 Prem@Rs.5/-
CUB,2010-07-22,dividend,1.000000,0.75,cash dividend per share,Dividend-Re.0.75 Per Share
CUB,2011-08-12,dividend,1.000000,0.85,cash dividend per share,Dividend-Re.0.85 Per Share
CUB,2012-08-16,dividend,1.000000,1,cash dividend per share,Annual General Meeting/Dividend Re.1 Per Share
CUB,2012-11-22,rights,0.865413,,"rights 1:4 at 20, theoretical ex-rights price",Rights 1:4 @ Premium Rs.19/- Per Share
CUB,2013-05-30,dividend,1.000000,1,cash dividend per share,Interim Dividend @ Re 1/- Per Equity Share
CUB,2014-08-13,dividend,1.000000,1,cash dividend per share,Annual General Meeting / Dividend - Re 1/- Per Share
CUB,2015-08-14,dividend,1.000000,1.1,cash dividend per share,Annual General Meeting/ Dividend - Rs 1.10/- Per Share
CUB,2016-03-18,dividend,1.000000,1,cash dividend per share,Interim Dividend - Re 1/- Per Share (Purpose Revised)
CUB,2016-08-11,dividend,1.000000,0.2,cash dividend per share,Annual General Meeting/ Dividend - Re 0.20/- Per Share
CUB,2017-07-13,bonus,0.909091,,bonus 1:10,Bonus 1:10
CUB,2017-08-14,dividend,1.000000,0.3,cash dividend per share,Annual General Meeting/Dividend - Re 0.30 Per Share
CUB,2018-07-10,bonus,0.909091,,bonus 1:10,Bonus 1:10
CUB,2018-08-23,dividend,1.000000,0.3,cash dividend per share,Annual General Meeting/Dividend- Re 0.30 Per Share
CUB,2019-08-20,dividend,1.000000,0.5,cash dividend per share,Annual General Meeting/Dividend - Rs 0.50 Per Share
CUB,2020-03-26,dividend,1.000000,0.5,cash dividend per share,Interim Dividend - Rs 0.50 Per Share
CUB,2021-06-04,dividend,1.000000,0.3,cash dividend per share,Interim Dividend - Rs 0.30 Per Share
CUB,2021-08-11,dividend,1.000000,0.2,cash dividend per share,Annual General Meeting/Dividend - Rs 0.20 Per Share
CUB,2022-08-10,dividend,1.000000,1,cash dividend per share,Dividend - Re 1 Per Share
CUB,2023-08-11,dividend,1.000000,1,cash dividend per share,Dividend - Re 1 Per Share
CUB,2024-08-09,dividend,1.000000,1.5,cash dividend per share,Dividend - Rs 1.50 Per Share
CUB,2025-08-01,dividend,1.000000,2,cash dividend per share,Dividend - Rs 2 Per Share
CUB,2026-06-12,bonus,0.750000,,bonus 1:3,Bonus 1:3
CUB,2026-07-31,dividend,1.000000,2,cash dividend per share,Dividend - Rs 2 Per Share
CUMMINSIND,2007-02-08,dividend,1.000000,2,cash dividend per share,Interim Dividend-100%
CUMMINSIND,2007-07-19,dividend,1.000000,2,cash dividend per share,Agm/Final Dividend-100%
CUMMINSIND,2008-02-14,dividend,1.000000,2,cash dividend per share,Interim Div- Rs.2 Per Sh
CUMMINSIND,2008-07-17,dividend,1.000000,2.6,cash dividend per share,Agm/Dividend-130%
CUMMINSIND,2008-12-15,dividend,1.000000,2.4,cash dividend per share,Special Dividend - 120% Purpose Revised
CUMMINSIND,2009-02-03,dividend,1.000000,4,cash dividend per share,Interim Dividend - 200% Purpose Revised
CUMMINSIND,2009-07-23,dividend,1.000000,2.6,cash dividend per share,Agm/Div-Rs.2.60/-Pershare
CUMMINSIND,2009-12-14,dividend,1.000000,6,cash dividend per share,Int Div-Rs.6/- Per Share
CUMMINSIND,2010-08-05,dividend,1.000000,6,cash dividend per share,Annual General Meeting And Dividend Rs.6/- Per Share
CUMMINSIND,2011-02-10,dividend,1.000000,7,cash dividend per share,Interim Dividend-Rs.7/- Per Share (Purpose Revised)
CUMMINSIND,2011-07-28,dividend,1.000000,8,cash dividend per share,Annual General Meeting And Dividend Rs.8/- Per Share
CUMMINSIND,2011-09-20,bonus,0.714286,,bonus 2:5,Bonus 2:5
CUMMINSIND,2012-02-21,dividend,1.000000,5,cash dividend per share,Interim Dividend Rs.5/- Per Share
CUMMINSIND,2012-07-26,dividend,1.000000,6,cash dividend per share,Annual General Meeting And Dividend - Rs.6/- Per Share
CUMMINSIND,2013-02-11,dividend,1.000000,5,cash dividend per share,Interim Dividend Rs 5 Per Share
CUMMINSIND,2013-07-25,dividend,1.000000,8,cash dividend per share,Annual General Meeting / Final Dividend Rs.8/- Per Equity Share
CUMMINSIND,2014-02-13,dividend,1.000000,5,cash dividend per share,Interim Dividend - Rs 5/- Per Share (Purpose Revised)
CUMMINSIND,2014-07-24,dividend,1.000000,8,cash dividend per share,Annual General Meeting / Final Dividend - Rs 8/- Per Share
CUMMINSIND,2014-09-18,dividend,1.000000,5,cash dividend per share,Interim Dividend Rs.5/- Per Share (Purpose Revised)
CUMMINSIND,2015-07-30,dividend,1.000000,9,cash dividend per share,Annual General Meeting/ Dividend - Rs 9/- Per Share
CUMMINSIND,2016-02-11,dividend,1.000000,5,cash dividend per share,Interim Dividend - Rs 5/- Pe R Share
CUMMINSIND,2016-07-28,dividend,1.000000,9,cash dividend per share,Annual General Meeting/Dividend Rs 9/- Per Share
CUMMINSIND,2017-02-09,dividend,1.000000,5,cash dividend per share,Interim Dividend Rs 5/- Per Share
CUMMINSIND,2017-07-27,dividend,1.000000,9,cash dividend per share,Annual General Meeting/Dividend - Rs 9/- Per Share
CUMMINSIND,2018-02-15,dividend,1.000000,5,cash dividend per share,Interim Dividend Rs 5/- Per Share
CUMMINSIND,2018-08-02,dividend,1.000000,10,cash dividend per share,Annual General Meeting/Dividend- Rs 10 Per Share
CUMMINSIND,2019-02-15,dividend,1.000000,7,cash dividend per share,Interim Dividend - Rs 7 Per Share
CUMMINSIND,2019-07-31,dividend,1.000000,10,cash dividend per share,Annual General Meeting/Dividend Rs 10 Per Share
CUMMINSIND,2020-02-07,dividend,1.000000,7,cash dividend per share,Interim Dividend - Rs 7 Per Share
CUMMINSIND,2020-08-17,dividend,1.000000,7,cash dividend per share,Annual General Meeting/Dividend - Rs 7 Per Share
CUMMINSIND,2021-02-09,dividend,1.000000,7,cash dividend per share,Interim Dividend - Rs 7 Per Share
CUMMINSIND,2021-08-04,dividend,1.000000,8,cash dividend per share,Annual General Meeting/Dividend - Rs 8 Per Share
CUMMINSIND,2022-02-21,dividend,1.000000,8,cash dividend per share,Interim Dividend - Rs 8 Per Share
CUMMINSIND,2022-08-02,dividend,1.000000,10.5,cash dividend per share,Annual General Meeting/Dividend - Rs 10.5 Per Sh
CUMMINSIND,2023-02-21,dividend,1.000000,12,cash dividend per share,Interim Dividend - Rs 12 Per Share
CUMMINSIND,2023-07-26,dividend,1.000000,13,cash dividend per share,Annual General Meeting/Dividend - Rs 13 Per Share
CUMMINSIND,2024-02-21,dividend,1.000000,18,cash dividend per share,Interim Dividend - Rs 18 Per Share
CUMMINSIND,2024-07-19,dividend,1.000000,20,cash dividend per share,Annual General Meeting/Dividend - Rs 20 Per Share
CUMMINSIND,2025-02-14,dividend,1.000000,18,cash dividend per share,Interim Dividend - Rs 18 Per Share
CUMMINSIND,2025-07-18,dividend,1.000000,33.5,cash dividend per share,Dividend - Rs 33.50 Per Share
CUMMINSIND,2026-02-11,dividend,1.000000,20,cash dividend per share,Interim Dividend - Rs 20 Per Share
CUMMINSIND,2026-07-17,dividend,1.000000,46,cash dividend per share,Dividend - Rs 46 Per Share
CYIENT,2007-07-09,dividend,1.000000,1.125,cash dividend per share,Agm/Dividend-22.5%
CYIENT,2008-07-14,dividend,1.000000,1.2,cash dividend per share,Agm/Dividend - 24%
CYIENT,2009-06-22,dividend,1.000000,1.5,cash dividend per share,Agm/Div-Rs.1.50 Per Share
CYIENT,2010-05-06,dividend,1.000000,2,cash dividend per share,Agm/Div-Rs.2/- Per Share
CYIENT,2010-06-10,bonus,0.500000,,bonus 1:1,Bonus 1:1
CYIENT,2011-07-11,dividend,1.000000,1.25,cash dividend per share,Annual General Meeting And Dividend Rs.1.25 Per Share
CYIENT,2011-11-08,dividend,1.000000,1.25,cash dividend per share,Interim Dividend Rs.1.25 Per Share
CYIENT,2012-07-11,dividend,1.000000,1.25,cash dividend per share,Annual General Meeting/ Dividend Of Rs. 1.25 Per Share
CYIENT,2012-11-20,dividend,1.000000,2,cash dividend per share,Interim Dividend Rs.2/- Per Share
CYIENT,2013-07-11,dividend,1.000000,2.5,cash dividend per share,Annual General Meeting / Final Dividend - Rs 2.50/- Per Share
CYIENT,2013-10-29,dividend,1.000000,2,cash dividend per share,Interim Dividend - Rs 2/- Per Share
CYIENT,2014-07-10,dividend,1.000000,3,cash dividend per share,Annual General Meeting / Final Dividend Rs.3/- Per Share
CYIENT,2014-09-22,dividend,1.000000,3,cash dividend per share,Interim Dividend Rs.3/- Per Share
CYIENT,2015-07-09,dividend,1.000000,5,cash dividend per share,Annual General Meeting/Dividend Rs 5/- Per Share
CYIENT,2015-10-27,dividend,1.000000,3,cash dividend per share,Interim Dividend - Rs 3/- Per Share
CYIENT,2016-03-28,dividend,1.000000,4,cash dividend per share,Interim Dividend - Rs 4/- Per Share (Purpose Revised)
CYIENT,2016-09-08,dividend,1.000000,2.5,cash dividend per share,Special Dividend - Rs 2.50 Per Share
CYIENT,2016-10-24,dividend,1.000000,3,cash dividend per share,Interim Dividend Rs 3/- Per Share
CYIENT,2017-07-06,dividend,1.000000,5,cash dividend per share,Annual General Meeting/ Dividend � Rs 5 Per Share
CYIENT,2017-10-25,dividend,1.000000,5,cash dividend per share,Interim Dividend Rs 5/- Per Share
CYIENT,2018-01-30,dividend,1.000000,4,cash dividend per share,Interim Dividend - Rs 4 Per Share
CYIENT,2018-07-05,dividend,1.000000,4,cash dividend per share,Annual General Meeting/Dividend- Rs 4 Per Share
CYIENT,2018-10-30,dividend,1.000000,6,cash dividend per share,Int Div -Rs 6 Per Sh
CYIENT,2019-05-30,dividend,1.000000,9,cash dividend per share,Annual General Meeting/ Dividend - Rs 9 Per Share
CYIENT,2019-10-30,dividend,1.000000,6,cash dividend per share,Interim Dividend - Rs 6 Per Sh
CYIENT,2020-03-23,dividend,1.000000,9,cash dividend per share,Interim Dividend Rs - 9 Per Share
CYIENT,2021-06-03,dividend,1.000000,17,cash dividend per share,Annual General Meeting/Dividend - Rs 17 Per Share
CYIENT,2021-10-26,dividend,1.000000,10,cash dividend per share,Interim Dividend - Rs 10 Per Share
CYIENT,2022-05-23,dividend,1.000000,14,cash dividend per share,Annual General Meeting/Dividend - Rs 14 Per Share
CYIENT,2022-10-25,dividend,1.000000,10,cash dividend per share,Interim Dividend - Rs 10 Per Share
CYIENT,2023-06-12,dividend,1.000000,16,cash dividend per share,Annual General Meeting/Dividend - Rs 16 Per Share
CYIENT,2023-11-01,dividend,1.000000,12,cash dividend per share,Interim Dividend - Rs 12 Per Share
CYIENT,2024-06-21,dividend,1.000000,18,cash dividend per share,Dividend - Rs 18 Per Share
CYIENT,2024-11-06,dividend,1.000000,12,cash dividend per share,Interim Dividend - Rs 12 Per Share
CYIENT,2025-07-04,dividend,1.000000,14,cash dividend per share,Dividend - Rs 14 Per Share
CYIENT,2025-10-24,dividend,1.000000,16,cash dividend per share,Interim Dividend - Rs 16 Per Share
DABUR,2007-01-25,bonus,0.666667,,bonus 1:2,Bonus - 1:2
DABUR,2007-03-16,dividend,1.000000,0.75,cash dividend per share,Interim Dividend-75% Purpose Revised
DABUR,2007-10-29,dividend,1.000000,0.75,cash dividend per share,Interim Dividend - 75% Purpose Revised
DABUR,2008-06-19,dividend,1.000000,0.75,cash dividend per share,Agm/Dividend - 75%
DABUR,2009-02-02,dividend,1.000000,0.75,cash dividend per share,Interim Dividend - 75% Purpose Revised
DABUR,2009-06-29,dividend,1.000000,1,cash dividend per share,Agm/Div-Re.1/- Per Share
DABUR,2009-10-30,dividend,1.000000,0.75,cash dividend per share,Int Div-Re.0.75 Per Sharepurpose Revised
DABUR,2010-08-03,dividend,1.000000,1.25,cash dividend per share,Annual General Meeting And Final Dividend Rs.1.25 Per Share
DABUR,2010-09-08,bonus,0.500000,,bonus 1:1,Bonus 1:1
DABUR,2010-11-02,dividend,1.000000,0.5,cash dividend per share,Interim Dividend-Re.0.50 Per Share (Purpose Revised)
DABUR,2011-06-29,dividend,1.000000,0.65,cash dividend per share,Annual General Meeting And Dividend - Re. 0.65 Per Share
DABUR,2011-11-04,dividend,1.000000,0.55,cash dividend per share,Interim Dividend Re.0.55 Per Share (Purpose Revised)
DABUR,2012-06-27,dividend,1.000000,0.75,cash dividend per share,Annual General Meeting And Dividend Re.0.75 Per Share
DABUR,2012-10-31,dividend,1.000000,0.65,cash dividend per share,Interim Dividend Re.0.65 Per Share (Purpose Revised)
DABUR,2013-06-21,dividend,1.000000,0.85,cash dividend per share,Annual General Meeting / Final Dividend Re.0.85/- Per Equity Share
DABUR,2013-11-05,dividend,1.000000,0.75,cash dividend per share,Interim Dividend Re.0.75 Per Share (Purpose Revised)
DABUR,2014-06-27,dividend,1.000000,1,cash dividend per share,Annual General Meeting / Final Dividend - Re 1/- Per Share
DABUR,2014-09-19,dividend,1.000000,1.25,cash dividend per share,Interim Dividend Rs.1.25 Per Share (Purpose Revised)
DABUR,2015-06-29,dividend,1.000000,0.75,cash dividend per share,Annual General Meeting/ Dividend - Re 0.75/- Per Share
DABUR,2015-11-05,dividend,1.000000,1.25,cash dividend per share,Interim Dividend - Rs 1.25/- Per Share (Purpose Revised)
DABUR,2016-06-29,dividend,1.000000,1,cash dividend per share,Annual General Meeting/ Dividend - Re 1/- Per Share
DABUR,2016-11-03,dividend,1.000000,1.25,cash dividend per share,Interim Dividend Rs 1.25 Per Share
DABUR,2017-07-05,dividend,1.000000,1,cash dividend per share,Annula General Meeting/Dividend - Re 1/- Per Share
DABUR,2017-11-07,dividend,1.000000,1.25,cash dividend per share,Interim Dividend - Rs 1.25 Per Share (Purpose Revised)
DABUR,2018-07-04,dividend,1.000000,6.25,cash dividend per share,Annual General Meeting/ Final Dividend- Rs 1.25 Per Share/ Special Dividend- Rs 5 Per Share
DABUR,2018-11-09,dividend,1.000000,1.25,cash dividend per share,Interim Dividend - Rs 1.25 Per Sh
DABUR,2019-08-07,dividend,1.000000,1.5,cash dividend per share,Annual General Meeting/Dividend - Rs 1.50 Per Share
DABUR,2019-11-13,dividend,1.000000,1.4,cash dividend per share,Interim Dividend - Rs 1.40 Per Share
DABUR,2020-08-13,dividend,1.000000,1.6,cash dividend per share,Annual General Meeting/Dividend - Rs 1.60 Per Share
DABUR,2020-11-11,dividend,1.000000,1.75,cash dividend per share,Interim Dividend - Rs 1.75 Per Share
DABUR,2021-07-29,dividend,1.000000,3,cash dividend per share,Annual General Meeting/Dividend - Rs 3 Per Share
DABUR,2021-11-11,dividend,1.000000,2.5,cash dividend per share,Interim Dividend - Rs 2.50 Per Share
DABUR,2022-07-21,dividend,1.000000,2.7,cash dividend per share,Annual General Meeting/Dividend - Rs 2.70 Per Share
DABUR,2022-11-03,dividend,1.000000,2.5,cash dividend per share,Interim Dividend - Rs 2.5 Per Share
DABUR,2023-07-21,dividend,1.000000,2.7,cash dividend per share,Annual General Meeting/Dividend- Rs 2.70 Per Share
DABUR,2023-11-10,dividend,1.000000,2.75,cash dividend per share,Interim Dividend - Rs 2.75 Per Share
DABUR,2024-07-19,dividend,1.000000,2.75,cash dividend per share,Annual General Meeting/Dividend - Rs 2.75 Per Share
DABUR,2024-11-08,dividend,1.000000,2.75,cash dividend per share,Interim Dividend - Rs 2.75 Per Share
DABUR,2025-07-18,dividend,1.000000,5.25,cash dividend per share,Dividend - Rs 5.25 Per Share
DABUR,2025-11-07,dividend,1.000000,2.75,cash dividend per share,Interim Dividend - Rs 2.75 Per Share
DABUR,2026-07-17,dividend,1.000000,5.5,cash dividend per share,Dividend - Rs 5.50 Per Share
DALBHARAT,2019-08-22,dividend,1.000000,2,cash dividend per share,Annual General Meeting/Dividend - Rs 2 Per Share
DALBHARAT,2020-02-17,dividend,1.000000,2,cash dividend per share,Interim Dividend - Rs 2 Per Share
DALBHARAT,2021-09-21,dividend,1.000000,1.33,cash dividend per share,Annual General Meeting/Dividend - Rs 1.33 Per Share
DALBHARAT,2021-11-09,dividend,1.000000,4,cash dividend per share,Interim Dividend - Rs 4 Per Share
DALBHARAT,2022-06-23,dividend,1.000000,5,cash dividend per share,Dividend - Rs 5 Per Share
DALBHARAT,2022-11-10,dividend,1.000000,4,cash dividend per share,Interim Dividend - Rs 4 Per Share
DALBHARAT,2023-06-23,dividend,1.000000,5,cash dividend per share,Dividend - Rs 5 Per Share
DALBHARAT,2023-10-20,dividend,1.000000,4,cash dividend per share,Interim Dividend - Rs 4 Per Share
DALBHARAT,2024-06-19,dividend,1.000000,5,cash dividend per share,Dividend - Rs 5 Per Share
DALBHARAT,2024-10-25,dividend,1.000000,4,cash dividend per share,Interim Dividend - Rs 4 Per Share
DALBHARAT,2025-06-23,dividend,1.000000,5,cash dividend per share,Annual General Meeting/Dividend - Rs 5 Per Share
DALBHARAT,2025-10-24,dividend,1.000000,4,cash dividend per share,Interim Dividend - Rs 4 Per Share
DALBHARAT,2026-06-23,dividend,1.000000,5,cash dividend per share,Dividend - Rs 5 Per Share
DALMIABHA,2011-08-17,dividend,1.000000,1.25,cash dividend per share,Annual General Meeting And Dividend Rs.1.25 Per Share
DALMIABHA,2012-08-10,dividend,1.000000,1.5,cash dividend per share,Annual General Meeting/Dividend Rs. 1.50 Per Share
DALMIABHA,2013-08-14,dividend,1.000000,2,cash dividend per share,Annual General Meeting And Final Dividend Rs.2/- Per Share
DALMIABHA,2014-08-22,dividend,1.000000,2,cash dividend per share,Annual General Meeting And Final Dividend Rs.2/- Per Share
DALMIABHA,2015-09-22,dividend,1.000000,1.5,cash dividend per share,Annual General Meeting/ Dividend - Rs 1.50/- Per Share
DALMIABHA,2016-03-22,dividend,1.000000,2,cash dividend per share,Interim Dividend- Rs 2/- Per Share (Purpose Revised)
DALMIABHA,2017-09-12,dividend,1.000000,2.2,cash dividend per share,Annual General Meeting/Dividend - Rs 2.20 Per Share
DBCORP,2010-03-11,dividend,1.000000,0.75,cash dividend per share,Int Div-Re.0.75 Per Share
DBCORP,2010-07-09,dividend,1.000000,1.25,cash dividend per share,Final Dividend-Rs.1.25 Per Share
DBCORP,2011-02-03,dividend,1.000000,2,cash dividend per share,Interim Dividend-Rs.2/- Per Share
DBCORP,2011-06-29,dividend,1.000000,2,cash dividend per share,Dividend-Rs.2/- Per Share
DBCORP,2012-02-02,dividend,1.000000,1.75,cash dividend per share,Interim Dividend Rs.1.75 Per Share
DBCORP,2012-05-15,dividend,1.000000,1.75,cash dividend per share,2nd Interim Dividend Rs.1.75 Per Share
DBCORP,2012-08-27,dividend,1.000000,1.5,cash dividend per share,Annual General Meeting/Dividend Rs.1.50 Per Share
DBCORP,2013-01-30,dividend,1.000000,2,cash dividend per share,Interim Dividend Rs 2 Per Share
DBCORP,2013-07-15,dividend,1.000000,3.5,cash dividend per share,Annual General Meeting And Dividend Rs.3.50 Per Share
DBCORP,2014-01-30,dividend,1.000000,3,cash dividend per share,Interim Dividend Rs 3/- Per Share
DBCORP,2014-07-15,dividend,1.000000,4.25,cash dividend per share,Annual General Meeting / Final Dividend - Rs 4.25/- Per Share
DBCORP,2015-01-29,dividend,1.000000,3.5,cash dividend per share,Interim Dividend - Rs 3.50/- Per Share
DBCORP,2015-07-23,dividend,1.000000,4.25,cash dividend per share,Annual General Meeting/ Dividend - Rs 4.25 Per Share
DBCORP,2016-02-03,dividend,1.000000,3.5,cash dividend per share,Interim Dividend - Rs 3.50/- Per Share
DBCORP,2016-03-21,dividend,1.000000,3.25,cash dividend per share,Special Dividend - Rs 3.25/- Per Share
DBCORP,2016-08-04,dividend,1.000000,4.25,cash dividend per share,Dividend Rs.4.25 Per Share
DBCORP,2017-01-31,dividend,1.000000,4,cash dividend per share,Interim Dividend Rs 4/- Per Share
DBCORP,2018-08-31,dividend,1.000000,1,cash dividend per share,Annual General Meeting/Dividend Re 1 Per Share
DBCORP,2019-02-01,dividend,1.000000,2,cash dividend per share,Interim Dividend - Rs 2 Per Share
DBCORP,2019-05-27,dividend,1.000000,8,cash dividend per share,Interim Dividend - Rs 8 Per Share
DBCORP,2019-10-29,dividend,1.000000,6.5,cash dividend per share,Interim Dividend - Rs 6.50 Per Share
DBCORP,2020-02-03,dividend,1.000000,3.5,cash dividend per share,Interim Dividend Rs 3.5 Per Share
DBCORP,2021-08-25,dividend,1.000000,2,cash dividend per share,Interim Dividend - Rs 2 Per Share
DBCORP,2021-09-23,dividend,1.000000,3,cash dividend per share,Annual General Meeting/Dividend - Rs 3 Per Share
DBCORP,2022-08-08,dividend,1.000000,3,cash dividend per share,Interim Dividend - Rs 3 Per Share
DBCORP,2022-09-12,dividend,1.000000,3,cash dividend per share,Annual General Meeting/Dividend - Rs 3 Per Share
DBCORP,2023-05-31,dividend,1.000000,3,cash dividend per share,Interim Dividend - Rs 3 Per Share
DBCORP,2023-08-01,dividend,1.000000,3,cash dividend per share,Interim Dividend - Rs 3 Per Share
DBCORP,2023-11-07,dividend,1.000000,2,cash dividend per share,Interim Dividend - Rs 2 Per Share
DBCORP,2024-06-03,dividend,1.000000,8,cash dividend per share,Interim Dividend - Rs 8 Per Share
DBCORP,2024-07-29,dividend,1.000000,7,cash dividend per share,Interim Dividend - Rs 7 Per Share
DBCORP,2024-10-25,dividend,1.000000,5,cash dividend per share,Interim Dividend - Rs 5 Per Share
DBCORP,2025-07-23,dividend,1.000000,5,cash dividend per share,Interim Dividend - Rs 5 Per Share
DBCORP,2026-01-22,dividend,1.000000,2,cash dividend per share,Interim Dividend - Rs 2 Per Share
DBCORP,2026-07-23,dividend,1.000000,5,cash dividend per share,Interim Dividend - Rs 5 Per Share
DBL,2017-09-01,dividend,1.000000,1,cash dividend per share,Annual General Meeting/Dividend - Re 1/- Per Share
DBL,2018-09-18,dividend,1.000000,1,cash dividend per share,Annual General Meeting/Dividend- Re 1 Per Share
DBL,2019-09-06,dividend,1.000000,1,cash dividend per share,Annual General Meeting/Dividend - Re 1 Per Sh
DBL,2020-09-18,dividend,1.000000,1,cash dividend per share,Annual General Meeting/Dividend - Re 1 Per Share
DBL,2021-09-22,dividend,1.000000,1,cash dividend per share,Annual General Meeting/Dividend - Re 1 Per Share
DBL,2022-09-22,dividend,1.000000,0.1,cash dividend per share,Annual General Meeting/Dividend - Re 0.10 Per Share
DBL,2023-09-11,dividend,1.000000,0.1,cash dividend per share,Annual General Meeting/Dividend - Re 0.10 Per Share
DBL,2024-09-17,dividend,1.000000,1,cash dividend per share,Annual General Meeting/Dividend - Re 1 Per Share
DBL,2025-09-08,dividend,1.000000,1,cash dividend per share,Dividend - Re 1 Per Share
DBL,2026-09-15,dividend,1.000000,1,cash dividend per share,Dividend - Re 1 Per Share
DEEPAKNTR,2011-07-26,dividend,1.000000,6,cash dividend per share,Annual General Meeting And Dividend Rs.6/- Per Share
DEEPAKNTR,2012-07-24,dividend,1.000000,6,cash dividend per share,Annual General Meeting And Dividend Rs.6/- Per Share
DEEPAKNTR,2013-07-23,dividend,1.000000,8,cash dividend per share,Annual General Meeting / Dividend - Rs 8/- Per Share
DEEPAKNTR,2014-06-20,bonus,0.500000,,bonus 1:1,Bonus 1 : 1 / Face Value Split From Rs 10/- Each To Rs 2/- Each
DEEPAKNTR,2014-06-20,split,0.200000,,face value 10 to 2,Bonus 1 : 1 / Face Value Split From Rs 10/- Each To Rs 2/- Each
DEEPAKNTR,2014-07-31,dividend,1.000000,1,cash dividend per share,Annual General Meeting /Dividend Re.1 Per Share
DEEPAKNTR,2015-07-30,dividend,1.000000,1,cash dividend per share,Annual General Meeting/Dividend - Re 1/- Per Share
DEEPAKNTR,2016-07-28,dividend,1.000000,1.2,cash dividend per share,Annual General Meeting/Dividend - Rs 1.20/- Per Share
DEEPAKNTR,2017-06-15,dividend,1.000000,1.2,cash dividend per share,Annual General Meeting/Dividend - Rs 1.20/- Per Share
DEEPAKNTR,2018-07-25,dividend,1.000000,1.3,cash dividend per share,Annual General Meeting/Dividend- Rs 1.30 Per Share
DEEPAKNTR,2019-06-19,dividend,1.000000,2,cash dividend per share,Annual General Meeting/Dividend - Rs 2 Per Share
DEEPAKNTR,2020-03-16,dividend,1.000000,4.5,cash dividend per share,Interim Dividend - Rs 4.50 Per Share
DEEPAKNTR,2021-07-20,dividend,1.000000,5.5,cash dividend per share,Annual General Meeting/Dividend - Rs 4.50 Per Share/ Special Dividend - Re 1 Per Share
DEEPAKNTR,2022-07-25,dividend,1.000000,7,cash dividend per share,Annual General Meeting/Dividend - Rs 7 Per Sh
DEEPAKNTR,2023-07-27,dividend,1.000000,7.5,cash dividend per share,Annual General Meeting/Dividend - Rs 7.50 Per Share
DEEPAKNTR,2024-07-29,dividend,1.000000,7.5,cash dividend per share,Annual General Meeting/Dividend - Rs 7.50 Per Share
DEEPAKNTR,2025-08-04,dividend,1.000000,7.5,cash dividend per share,Dividend - Rs 7.50 Per Share
DEEPAKNTR,2026-07-27,dividend,1.000000,7.5,cash dividend per share,Dividend - Rs 7.50 Per Share
DHANI,2008-08-27,dividend,1.000000,7.5,cash dividend per share,Agm/Dividend - 375%
DHANI,2009-09-22,dividend,1.000000,2,cash dividend per share,Agm/Div-Rs.2/- Per Share
DHANI,2010-06-03,dividend,1.000000,2,cash dividend per share,Annual General Meeting And Dividend Rs.2/- Per Share
DHANI,2010-10-27,dividend,1.000000,1,cash dividend per share,Interim Dividend-Re.1/- Per Share
DHANI,2012-10-31,dividend,1.000000,1,cash dividend per share,Interim Dividend Re.1/- Per Share
DHANI,2013-01-31,dividend,1.000000,1,cash dividend per share,2nd Interim Dividend Re 1 Per Share
DHANI,2013-05-06,dividend,1.000000,1,cash dividend per share,3rd Interim Dividend Re.1/- Per Equity Share
DHANI,2013-08-05,dividend,1.000000,1,cash dividend per share,Interim Dividend Re 1/- Per Share
DHANI,2013-10-31,dividend,1.000000,1,cash dividend per share,Interim Dividend Re 1/- Per Share
DHANI,2014-02-03,dividend,1.000000,1,cash dividend per share,Third Interim Dividend - Re 1/- Per Share
DHANI,2014-05-05,dividend,1.000000,1,cash dividend per share,Fourth Interim Dividend - Re 1/- Per Share
DHANI,2014-07-31,dividend,1.000000,1,cash dividend per share,Interim Dividend Re 1/-Per Share
DHANI,2014-09-18,dividend,1.000000,1,cash dividend per share,Annual General Meeting And 2nd Interim Dividend Re.1/- Per Share (Purpose Revised)
DHANI,2015-01-29,dividend,1.000000,1,cash dividend per share,Third Interim Dividend - Re 1/- Per Share
DHANI,2015-05-06,dividend,1.000000,1,cash dividend per share,Interim Dividend - Re 1/- Per Share
DHANI,2015-07-30,dividend,1.000000,1,cash dividend per share,Second Interim Dividend - Re 1/- Per Share
DHANI,2015-11-02,dividend,1.000000,0.5,cash dividend per share,Interim Dividend - Re 0.50/- Per Share
DHANI,2016-02-01,dividend,1.000000,0.5,cash dividend per share,Interim Dividend - Re 0.50/- Per Share
DHANI,2017-03-27,dividend,1.000000,1,cash dividend per share,Interim Dividend Re 1/- Per Share
DHANI,2018-02-09,rights,0.998987,,"rights 3:16 at 240, theoretical ex-rights price",Rights 3:16 @ Premium Rs 238/-
DHANI,2018-05-03,dividend,1.000000,1,cash dividend per share,Interim Dividend - Re 1 Per Share
DHANI,2019-05-08,dividend,1.000000,1,cash dividend per share,Interim Dividend - Re 1 Per Share
DHANI,2020-03-23,dividend,1.000000,2.25,cash dividend per share,Interim Dividend - Rs 2.25 Per Share
DHFL,2007-07-12,dividend,1.000000,1.5,cash dividend per share,Agm/Final Dividend-15%
DHFL,2007-10-26,dividend,1.000000,1.5,cash dividend per share,Int Div-Rs.1.50 Per Sh Purpose Revised
DHFL,2008-07-17,dividend,1.000000,1,cash dividend per share,Agm/Dividend - 10%
DHFL,2009-07-16,dividend,1.000000,2.5,cash dividend per share,Agm/Div-Rs.2.50 Per Share
DHFL,2010-07-19,dividend,1.000000,3,cash dividend per share,Dividend-Rs.3/- Per Share
DHFL,2011-07-18,dividend,1.000000,3.5,cash dividend per share,Annual General Meeting And Dividend Rs.3.50 Per Share
DHFL,2012-07-19,dividend,1.000000,3.5,cash dividend per share,Annual General Meeting/ Dividend Rs 3.50 Per Share
DHFL,2012-11-01,dividend,1.000000,2,cash dividend per share,Interim Dividend Rs 2 Per Share
DHFL,2013-07-12,dividend,1.000000,3,cash dividend per share,Annual General Meeting / Final Dividend - Rs 3/- Per Share
DHFL,2014-01-31,dividend,1.000000,3,cash dividend per share,Interim Dividend Rs 3/- Per Share
DHFL,2014-07-15,dividend,1.000000,5,cash dividend per share,Annual General Meeting/Dividend-Rs.2/- Per Share And Anniversary Celebration Dividend Rs.3/- Per Share
DHFL,2014-10-31,dividend,1.000000,4,cash dividend per share,Interim Dividend Rs.4/- Per Share
DHFL,2015-07-15,dividend,1.000000,2,cash dividend per share,Annual General Meeting And Dividend Rs.2/- Per Share
DHFL,2015-09-09,bonus,0.500000,,bonus 1:1,Bonus 1:1
DHFL,2015-11-02,dividend,1.000000,3,cash dividend per share,Interim Dividend - Rs 3/- Per Share
DHFL,2016-03-17,dividend,1.000000,3,cash dividend per share,Interim Dividend - Rs 3/- Per Share
DHFL,2016-07-08,dividend,1.000000,2,cash dividend per share,Final Dividend - Rs 2/- Per Share
DHFL,2016-10-26,dividend,1.000000,1,cash dividend per share,Interim Dividend - Re 1/- Per Share
DHFL,2017-07-13,dividend,1.000000,3,cash dividend per share,Annual General Meeting/Dividend - Rs 3/- Per Share
DHFL,2017-10-26,dividend,1.000000,3,cash dividend per share,Interim Dividend - Rs 3 Per Share
DHFL,2018-06-19,dividend,1.000000,2.5,cash dividend per share,Annual General Meeting / Dividend- Rs 2.50 Per Share
DISHTV,2008-10-08,rights,1.000000,,"rights 121:100 at 22, theoretical ex-rights price",Rights-121:100 Prem@Rs.21
DISHTV,2018-11-05,dividend,1.000000,0.5,cash dividend per share,Interim Dividend - Re 0.50 Per Share
DIVISLAB,2007-03-23,dividend,1.000000,2,cash dividend per share,Interim Dividend-100% Purpose Revised
DIVISLAB,2007-08-03,split,0.200000,,face value 10 to 2,Agm/Fv Split Rs10 To Rs2
DIVISLAB,2008-06-26,dividend,1.000000,4,cash dividend per share,Agm/Dividend - 200%
DIVISLAB,2009-06-15,dividend,1.000000,6,cash dividend per share,Agm/Div-Rs.6/- Per Share
DIVISLAB,2009-07-30,bonus,0.500000,,bonus 1:1,Bonus-1:1
DIVISLAB,2010-07-02,dividend,1.000000,6,cash dividend per share,Annual General Meeting And Dividend Rs.6/- Per Share
DIVISLAB,2011-06-16,dividend,1.000000,10,cash dividend per share,Annual General Meeting And Dividend Rs.10/- Per Share
DIVISLAB,2012-07-26,dividend,1.000000,13,cash dividend per share,Annual General Meeting/ Dividend Of Rs. 13 Per Share
DIVISLAB,2013-07-25,dividend,1.000000,15,cash dividend per share,Annual General Meeting/Dividend Rs 15/- Per Share
DIVISLAB,2014-07-31,dividend,1.000000,20,cash dividend per share,Annual General Meeting / Dividend - Rs 20/- Per Share
DIVISLAB,2015-08-06,dividend,1.000000,20,cash dividend per share,Annual General Meeting/Dividend - Rs 20/- Per Share
DIVISLAB,2015-09-23,bonus,0.500000,,bonus 1:1,Bonus 1:1
DIVISLAB,2016-03-17,dividend,1.000000,10,cash dividend per share,Interim Dividend - Rs 10/- Per Share (Purpose Revised)
DIVISLAB,2017-09-15,dividend,1.000000,10,cash dividend per share,Annual General Meeting/Dividend - Rs 10/- Per Share
DIVISLAB,2018-08-31,dividend,1.000000,10,cash dividend per share,Annual General Meeting/Dividend- Rs 10 Per Share
DIVISLAB,2019-08-14,dividend,1.000000,16,cash dividend per share,Annual General Meeting/Dividend - Rs 16 Per Share
DIVISLAB,2020-02-25,dividend,1.000000,16,cash dividend per share,Interim Dividend - Rs 16 Per Share
DIVISLAB,2021-08-17,dividend,1.000000,20,cash dividend per share,Dividend - Rs 20 Per Share
DIVISLAB,2022-08-11,dividend,1.000000,30,cash dividend per share,Dividend - Rs 30 Per Share
DIVISLAB,2023-08-11,dividend,1.000000,30,cash dividend per share,Dividend - Rs 30 Per Share
DIVISLAB,2024-08-02,dividend,1.000000,30,cash dividend per share,Dividend - Rs 30 Per Share
DIVISLAB,2025-07-25,dividend,1.000000,30,cash dividend per share,Dividend - Rs 30 Per Share
DIVISLAB,2026-07-24,dividend,1.000000,30,cash dividend per share,Dividend - Rs 30 Per Share
DIXON,2018-07-17,dividend,1.000000,2,cash dividend per share,Annual General Meeting/Dividend- Rs 2 Per Share
DIXON,2019-07-23,dividend,1.000000,2,cash dividend per share,Annual General Meeting/Dividend - Rs 2 Per Share
DIXON,2020-03-24,dividend,1.000000,4,cash dividend per share,Interim Dividend - Rs 4 Per Share
DIXON,2021-03-18,split,0.200000,,face value 10 to 2,Face Value Split (Sub-Division) - From Rs 10/- Per Share To Rs 2/- Per Share
DIXON,2021-09-20,dividend,1.000000,1,cash dividend per share,Annual General Meeting/Dividend - Re 1 Per Share
DIXON,2022-08-11,dividend,1.000000,2,cash dividend per share,Annual General Meeting/Dividend - Rs 2 Per Share
DIXON,2023-09-22,dividend,1.000000,3,cash dividend per share,Annual General Meeting/Dividend - Rs 3 Per Share
DIXON,2024-09-17,dividend,1.000000,5,cash dividend per share,Annual General Meeting/Dividend - Rs 5 Per Share
DIXON,2025-09-16,dividend,1.000000,8,cash dividend per share,Dividend - Rs 8 Per Share
DIXON,2026-09-21,dividend,1.000000,10,cash dividend per share,Dividend - Rs 10 Per Share
DLF,2007-09-18,dividend,1.000000,2,cash dividend per share,Agm/Dividend-100%
DLF,2007-11-05,dividend,1.000000,2,cash dividend per share,Interim Dividend-100% Purpose Revised
DLF,2008-09-19,dividend,1.000000,2,cash dividend per share,Agm/Dividend - 100%
DLF,2009-09-22,dividend,1.000000,2,cash dividend per share,Dividend-Rs.2/- Per Share
DLF,2010-09-17,dividend,1.000000,2,cash dividend per share,Annual General Meeting And Dividend Rs.2/- Per Share
DLF,2011-07-27,dividend,1.000000,2,cash dividend per share,Dividend-Rs.2/- Per Share
DLF,2012-08-24,dividend,1.000000,2,cash dividend per share,Annual General Meeting/Dividend Rs 2 Per Share
DLF,2013-07-30,dividend,1.000000,2,cash dividend per share,Annual General Meeting/Dividend Rs 2/- Per Share
DLF,2014-08-19,dividend,1.000000,2,cash dividend per share,Annual General Meeting/Dividend Rs.2/- Per Share
DLF,2015-08-17,dividend,1.000000,2,cash dividend per share,Dividend - Rs 2/- Per Share
DLF,2016-03-28,dividend,1.000000,2,cash dividend per share,Interim Dividend - Rs 2/- Per Share (Purpose Revised)
DLF,2017-09-19,dividend,1.000000,2,cash dividend per share,Dividend - Rs 2/- Per Share
DLF,2018-03-27,dividend,1.000000,1.2,cash dividend per share,Interim Dividend - Rs 1.20 Per Share (Purpose Revised)
DLF,2018-09-12,dividend,1.000000,0.8,cash dividend per share,Annual General Meeting/Dividend Re 0.80 Per Share (Purpose Revised)
DLF,2019-07-22,dividend,1.000000,2,cash dividend per share,Annual General Meeting/Dividend - Rs 2 Per Share
DLF,2020-02-12,dividend,1.000000,1.2,cash dividend per share,Interim Dividend - Rs 1.20 Per Share
DLF,2020-09-15,dividend,1.000000,0.8,cash dividend per share,Annual General Meeting/Dividend - Rs 0.80 Per Share
DLF,2021-08-23,dividend,1.000000,2,cash dividend per share,Dividend - Rs 2 Per Share
DLF,2022-08-02,dividend,1.000000,3,cash dividend per share,Dividend - Rs 3 Per Share
DLF,2023-07-28,dividend,1.000000,4,cash dividend per share,Dividend - Rs 4 Per Share
DLF,2024-07-31,dividend,1.000000,5,cash dividend per share,Dividend - Rs 5 Per Share
DLF,2025-07-28,dividend,1.000000,6,cash dividend per share,Dividend - Rs 6 Per Share
DLF,2026-07-27,dividend,1.000000,8,cash dividend per share,Dividend - Rs 8 Per Share
DRREDDY,2007-07-06,dividend,1.000000,0.75,cash dividend per share,Dividend-75%
DRREDDY,2008-07-04,dividend,1.000000,0.75,cash dividend per share,Agm/Dividend - 75%
DRREDDY,2009-07-03,dividend,1.000000,6.25,cash dividend per share,Agm/Div-Rs.6.25 Per Share
DRREDDY,2010-07-02,dividend,1.000000,11.25,cash dividend per share,Annual General Meeting And Final Dividend Rs.11.25 Per Share
DRREDDY,2011-03-17,demerger,0.983700,,ex-date open (special pre-open price) / previous close,Scheme Of Arrangement - Bonus Debentures 6:1
DRREDDY,2011-06-30,dividend,1.000000,11.25,cash dividend per share,Annual General Meeting And Dividend Rs.11.25 Per Share
DRREDDY,2012-06-28,dividend,1.000000,13.75,cash dividend per share,Annual General Meeting And Dividend - Rs.13.75 Per Share
DRREDDY,2013-07-12,dividend,1.000000,15,cash dividend per share,Annual General Meeting And Dividend Rs.15/- Per Share
DRREDDY,2014-07-11,dividend,1.000000,18,cash dividend per share,Annual General Meeting / Final Dividend - Rs 18/- Per Share
DRREDDY,2015-07-10,dividend,1.000000,20,cash dividend per share,Annual General Meeting/Dividend Rs 20/- Per Share
DRREDDY,2016-07-18,dividend,1.000000,20,cash dividend per share,Annual General Meeting/ Dividend - Rs 20/- Per Share
DRREDDY,2017-07-17,dividend,1.000000,20,cash dividend per share,Annual General Meeting/Dividend - Rs 20/- Per Share
DRREDDY,2018-07-16,dividend,1.000000,20,cash dividend per share,Annual General Meeting/Dividend- Rs 20 Per Share
DRREDDY,2019-07-15,dividend,1.000000,20,cash dividend per share,Annual General Meeting/Dividend - Rs 20 Per Share
DRREDDY,2020-07-13,dividend,1.000000,25,cash dividend per share,Annual General Meeting/Dividend - Rs 25 Per Share
DRREDDY,2021-07-09,dividend,1.000000,25,cash dividend per share,Annual General Meeting/Dividend - Rs 25 Per Share
DRREDDY,2022-07-11,dividend,1.000000,30,cash dividend per share,Annual General Meeting/Dividend - Rs 30 Per Share
DRREDDY,2023-07-11,dividend,1.000000,40,cash dividend per share,Annual General Meeting/Dividend - Rs 40 Per Share
DRREDDY,2024-07-16,dividend,1.000000,40,cash dividend per share,Annual General Meeting/Dividend - Rs 40 Per Share
DRREDDY,2024-10-28,split,0.200000,,face value 5 to 1,Face Value Split (Sub-Division) - From Rs 5/- Per Share To Re 1/- Per Share
DRREDDY,2025-07-10,dividend,1.000000,8,cash dividend per share,Dividend - Rs 8 Per Share
DRREDDY,2026-07-10,dividend,1.000000,8,cash dividend per share,Dividend - Rs 8 Per Share
ECLERX,2008-08-21,dividend,1.000000,2,cash dividend per share,Agm/Div-Rs.2 Per Share
ECLERX,2008-11-14,dividend,1.000000,2.5,cash dividend per share,Interim Dividend - 25%
ECLERX,2009-08-20,dividend,1.000000,10,cash dividend per share,Agm/Div-Rs.10/- Per Share
ECLERX,2009-11-10,dividend,1.000000,7.5,cash dividend per share,Int Div-Rs.7.50 Per Share
ECLERX,2010-07-23,bonus,0.666667,,bonus 1:2,Bonus 1:2
ECLERX,2010-09-06,dividend,1.000000,10,cash dividend per share,Annual General Meeting And Dividend Rs.10/- Per Share
ECLERX,2011-08-12,dividend,1.000000,22.5,cash dividend per share,Annual General Meeting And Dividend Rs.22.50 Per Share
ECLERX,2012-08-13,dividend,1.000000,17.5,cash dividend per share,Annual General Meeting/Dividend Rs 17.50 Per Share
ECLERX,2013-08-13,dividend,1.000000,25,cash dividend per share,Annual General Meeting/Dividend Rs 25/- Per Share
ECLERX,2014-07-02,dividend,1.000000,35,cash dividend per share,Annual General Meeting / Dividend - Rs 35/- Per Share
ECLERX,2015-07-09,dividend,1.000000,35,cash dividend per share,Annual General Meeting/ Dividend - Rs 35/- Per Share
ECLERX,2015-12-17,bonus,0.750000,,bonus 1:3,Bonus 1:3
ECLERX,2016-07-04,dividend,1.000000,1,cash dividend per share,Annual General Meeting/Dividend Re 1/- Per Share
ECLERX,2017-08-11,dividend,1.000000,1,cash dividend per share,Annual General Meeting/Dividend - Re 1/- Per Share
ECLERX,2018-08-20,dividend,1.000000,1,cash dividend per share,Annual General Meeting/Dividend- Re 1 Per Share
ECLERX,2019-08-21,dividend,1.000000,1,cash dividend per share,Annual General Meeting/Dividend Rs 1 Per Share
ECLERX,2020-09-16,dividend,1.000000,1,cash dividend per share,Dividend - Re 1 Per Share
ECLERX,2021-09-15,dividend,1.000000,1,cash dividend per share,Annual General Meeting/Dividend - Re 1 Per Share
ECLERX,2022-08-19,dividend,1.000000,1,cash dividend per share,Dividend - Re 1 Per Share
ECLERX,2022-09-21,bonus,0.666667,,bonus 1:2,Bonus 1:2
ECLERX,2023-08-31,dividend,1.000000,1,cash dividend per share,Annual General Meeting/Dividend - Re 1 Per Share
ECLERX,2024-09-06,dividend,1.000000,1,cash dividend per share,Dividend - Re 1 Per Share
ECLERX,2025-08-22,dividend,1.000000,1,cash dividend per share,Dividend - Re 1 Per Share
ECLERX,2026-03-13,bonus,0.500000,,bonus 1:1,Bonus 1:1
ECLERX,2026-08-21,dividend,1.000000,1,cash dividend per share,Dividend - Re 1 Per Share
EDELWEISS,2008-07-02,dividend,1.000000,0.4,cash dividend per share,Agm/Dividend - 40%
EDELWEISS,2009-07-22,dividend,1.000000,3,cash dividend per share,Agm/Div-Rs.3/- Per Share
EDELWEISS,2010-02-03,dividend,1.000000,2,cash dividend per share,Int Div-Rs.2/- Per Share
EDELWEISS,2010-06-29,dividend,1.000000,8,cash dividend per share,Final Dividend Rs.3/- Per Share And Special Dividend Rs.5/- Per Share
EDELWEISS,2010-08-10,bonus,0.500000,,bonus 1:1,Face Value Split From Rs.5/- To Re.1/- And Bonus 1:1
EDELWEISS,2010-08-10,split,0.200000,,face value 5 to 1,Face Value Split From Rs.5/- To Re.1/- And Bonus 1:1
EDELWEISS,2011-02-02,dividend,1.000000,0.25,cash dividend per share,Interim Dividend-Re.0.25 Per Share
EDELWEISS,2011-07-07,dividend,1.000000,0.35,cash dividend per share,Annual General Meeting And Dividend Re.0.35 Per Share
EDELWEISS,2012-02-02,dividend,1.000000,0.3,cash dividend per share,Interim Dividend Re.0.30 Per Share
EDELWEISS,2012-07-12,dividend,1.000000,0.3,cash dividend per share,Annual General Meeting / Dividend Rs 0.30 Per Share
EDELWEISS,2013-02-06,dividend,1.000000,0.55,cash dividend per share,Interim Dividend Re 0.55 Per Share
EDELWEISS,2013-07-12,dividend,1.000000,0.1,cash dividend per share,Annual General Meeting And Final Dividend Re.0.10 Per Share
EDELWEISS,2014-02-05,dividend,1.000000,0.55,cash dividend per share,Interim Dividend - Re 0.55/- Per Share
EDELWEISS,2014-07-11,dividend,1.000000,0.15,cash dividend per share,Final Dividend - Re 0.15/- Per Share
EDELWEISS,2015-02-04,dividend,1.000000,0.8,cash dividend per share,Interim Dividend - Re 0.80/- Per Share
EDELWEISS,2015-07-10,dividend,1.000000,0.2,cash dividend per share,Dividend - Re 0.20/- Per Share
EDELWEISS,2016-02-02,dividend,1.000000,1,cash dividend per share,Interim Dividend - Re 1/- Per Share
EDELWEISS,2016-03-17,dividend,1.000000,0.25,cash dividend per share,Interim Dividend -Re 0.25 Per Share
EDELWEISS,2017-02-17,dividend,1.000000,1,cash dividend per share,Interim Dividend Re 1/- Share
EDELWEISS,2017-07-20,dividend,1.000000,0.3,cash dividend per share,Dividend - Re 0.30/- Per Share
EDELWEISS,2018-02-02,dividend,1.000000,1.05,cash dividend per share,Interim Dividend - Rs 1.05 Per Share
EDELWEISS,2018-07-18,dividend,1.000000,0.3,cash dividend per share,Annual General Meeting/Dividend- Re 0.30 Per Share
EDELWEISS,2019-02-04,dividend,1.000000,1.1,cash dividend per share,Interim Dividend - Rs 1.10 Per Share
EDELWEISS,2019-07-17,dividend,1.000000,0.3,cash dividend per share,Annual General Meeting/Dividend - Rs 0.30 Per Share
EDELWEISS,2021-04-07,dividend,1.000000,0.9,cash dividend per share,Interim Dividend - Rs 0.90 Per Share
EDELWEISS,2021-08-26,dividend,1.000000,0.55,cash dividend per share,Annual General Meeting/Dividend - Rs 0.55 Per Share
EDELWEISS,2022-04-07,dividend,1.000000,0.25,cash dividend per share,Interim Dividend - Re 0.25 Per Share
EDELWEISS,2022-08-25,dividend,1.000000,1.2,cash dividend per share,Annual General Meeting/Dividend - Rs 1.20 Per Share
EDELWEISS,2023-04-13,dividend,1.000000,0.25,cash dividend per share,Interim Dividend - Re 0.25 Per Share
EDELWEISS,2023-06-02,demerger,0.526316,,ex-date open (special pre-open price) / previous close,Demerger
EDELWEISS,2023-09-18,dividend,1.000000,1.25,cash dividend per share,Annual General Meeting/Dividend - Rs 1.25 Per Share
EDELWEISS,2024-09-17,dividend,1.000000,1.5,cash dividend per share,Annual General Meeting/Dividend - Rs 1.50 Per Share
EDELWEISS,2025-09-11,dividend,1.000000,1.5,cash dividend per share,Dividend - Rs 1.50 Per Share
EDELWEISS,2026-09-11,dividend,1.000000,1.5,cash dividend per share,Dividend - Rs 1.50 Per Share
EICHERMOT,2007-03-16,dividend,1.000000,0.4,cash dividend per share,Div Int-40% + Spl-250% Purpose Revised
EICHERMOT,2008-05-26,dividend,1.000000,0.5,cash dividend per share,Agm/Dividend - 50%
EICHERMOT,2009-05-20,dividend,1.000000,0.5,cash dividend per share,Agm/Dividend - 50%
EICHERMOT,2010-03-05,dividend,1.000000,7,cash dividend per share,Dividend-Rs.7/- Per Share
EICHERMOT,2011-03-08,dividend,1.000000,11,cash dividend per share,Dividend-Rs.11/- Per Share
EICHERMOT,2012-03-13,dividend,1.000000,16,cash dividend per share,Dividend-Rs.16 Per Share
EICHERMOT,2013-03-13,dividend,1.000000,20,cash dividend per share,Annual General Meeting/Dividend Rs 20 Per Share
EICHERMOT,2014-03-12,dividend,1.000000,30,cash dividend per share,Annual General Meeting/Dividend Rs 30/- Per Share
EICHERMOT,2015-03-11,dividend,1.000000,50,cash dividend per share,Annual General Meeting / Dividend - Rs 50/- Per Share (Agm And Book Closure Dates Revised)
EICHERMOT,2016-03-22,dividend,1.000000,100,cash dividend per share,Interim Dividend - Rs 100/- Per Share
EICHERMOT,2017-07-31,dividend,1.000000,100,cash dividend per share,Annual General Meeting/Dividend - Rs 100/- Per Share
EICHERMOT,2018-08-02,dividend,1.000000,110,cash dividend per share,Annual General Meeting / Dividend- Rs 110 Per Share
EICHERMOT,2019-07-24,dividend,1.000000,125,cash dividend per share,Annual General Meeting/ Dividend - Rs 125 Per Share
EICHERMOT,2020-03-19,dividend,1.000000,125,cash dividend per share,Interim Dividend - Rs 125 Per Share
EICHERMOT,2020-08-24,split,0.100000,,face value 10 to 1,Face Value Split (Sub-Division) - From Rs 10/- Per Share To Re 1/- Per Share
EICHERMOT,2021-08-09,dividend,1.000000,17,cash dividend per share,Annual General Meeting/Dividend - Rs 17 Per Share
EICHERMOT,2022-08-12,dividend,1.000000,21,cash dividend per share,Annual General Meeting/Dividend - Rs 21 Per Share
EICHERMOT,2023-08-14,dividend,1.000000,37,cash dividend per share,Annual General Meeting/Dividend - Rs 37 Per Share
EICHERMOT,2024-08-07,dividend,1.000000,51,cash dividend per share,Dividend - Rs 51 Per Share
EICHERMOT,2025-08-01,dividend,1.000000,70,cash dividend per share,Dividend - Rs 70 Per Share
EICHERMOT,2026-07-31,dividend,1.000000,82,cash dividend per share,Dividend - Rs 82 Per Share
EIHOTEL,2007-08-06,dividend,1.000000,1.4,cash dividend per share,Agm/Div-Rs.1.40/- Per Sh
EIHOTEL,2008-07-25,dividend,1.000000,1.8,cash dividend per share,Agm/Dividend - 90%
EIHOTEL,2009-07-30,dividend,1.000000,1.2,cash dividend per share,Agm/Div-Rs.1.20 Per Share
EIHOTEL,2010-08-05,dividend,1.000000,1.2,cash dividend per share,Dividend-Rs.1.20 Per Share
EIHOTEL,2011-02-21,rights,0.885627,,"rights 5:11 at 66, theoretical ex-rights price",Rights 5:11 @ Premium Rs.64/- Per Share
EIHOTEL,2011-07-25,dividend,1.000000,0.9,cash dividend per share,Annual General Meeting And Dividend Re.0.90 Per Share
EIHOTEL,2012-07-24,dividend,1.000000,1.1,cash dividend per share,Annual General Meeting And Dividend Rs.1.10 Per Share
EIHOTEL,2013-07-23,dividend,1.000000,0.9,cash dividend per share,Annual General Meeting/Dividend Re 0.90/- Per Share
EIHOTEL,2014-07-23,dividend,1.000000,1.1,cash dividend per share,Annual General Meeting / Dividend - Rs 1.10/- Per Share
EIHOTEL,2015-07-22,dividend,1.000000,1.1,cash dividend per share,Annual General Meeting/Dividend - Rs 1.10/- Per Share
EIHOTEL,2016-03-17,dividend,1.000000,1.1,cash dividend per share,Interim Dividend - Rs 1.10/- Per Share (Purpose Revised)
EIHOTEL,2017-07-24,dividend,1.000000,0.9,cash dividend per share,Annual General Meeting/Dividend - Re 0.90/- Per Share
EIHOTEL,2018-07-23,dividend,1.000000,0.9,cash dividend per share,Dividend- Re 0.90 Per Share
EIHOTEL,2019-08-05,dividend,1.000000,0.9,cash dividend per share,Dividend - Rs 0.90 Per Share
EIHOTEL,2020-09-22,rights,0.980821,,"rights 8:85 at 65, theoretical ex-rights price",Rights 8:85 @ Premium Rs 63/-
EIHOTEL,2023-08-02,dividend,1.000000,1.1,cash dividend per share,Annual General Meeting/Dividend - Rs 1.10 Per Share
EIHOTEL,2024-07-31,dividend,1.000000,1.2,cash dividend per share,Dividend - Rs 1.20 Per Share
EIHOTEL,2025-07-30,dividend,1.000000,1.5,cash dividend per share,Dividend - Rs 1.50 Per Share
EIHOTEL,2026-07-31,dividend,1.000000,1.5,cash dividend per share,Dividend - Rs 1.50 Per Share
EMAMILTD,2007-03-22,dividend,1.000000,1,cash dividend per share,Div - Int 100% + Spl 50% Purpose Revised
EMAMILTD,2007-09-20,dividend,1.000000,0.5,cash dividend per share,Agm/Final Dividend-50%
EMAMILTD,2008-08-18,dividend,1.000000,2.25,cash dividend per share,Agm/Dividend - 225%
EMAMILTD,2009-12-22,dividend,1.000000,4.5,cash dividend per share,Div-Rs.4.50/Schm Of Arrng
EMAMILTD,2010-07-21,dividend,1.000000,6,cash dividend per share,Dividend Rs.6/- Per Share And Face Value Split From Rs.2/- To Re.1/-
EMAMILTD,2010-07-21,split,0.500000,,face value 2 to 1,Dividend Rs.6/- Per Share And Face Value Split From Rs.2/- To Re.1/-
EMAMILTD,2011-08-05,dividend,1.000000,3.5,cash dividend per share,Annual General Meeting And Dividend Rs.3.50 Per Share
EMAMILTD,2012-08-02,dividend,1.000000,8,cash dividend per share,Annual General Meeting/Final Dividend Rs.4/- Per Share/Special Dividend Rs.4/- Per Share
EMAMILTD,2013-06-26,bonus,0.666667,,bonus 1:2,Bonus 1:2 And Dividend Rs.8/- Per Share
EMAMILTD,2013-06-26,dividend,1.000000,8,cash dividend per share,Bonus 1:2 And Dividend Rs.8/- Per Share
EMAMILTD,2014-01-24,dividend,1.000000,3,cash dividend per share,Interim Dividend Rs.3/- Per Share
EMAMILTD,2014-08-01,dividend,1.000000,4,cash dividend per share,Annual General Meeting / Final Dividend - Rs 4/- Per Share
EMAMILTD,2014-09-19,dividend,1.000000,4,cash dividend per share,Interim Dividend Rs.4/- Per Share (Purpose Revised)
EMAMILTD,2015-07-28,dividend,1.000000,3,cash dividend per share,Annual General Meeting/Dividend Rs 3/- Per Share
EMAMILTD,2016-07-26,dividend,1.000000,7,cash dividend per share,Annual General Meeting/Dividend - Rs.7/- Per Share
EMAMILTD,2017-03-14,dividend,1.000000,1.75,cash dividend per share,Interim Dividend Rs 1.75 Per Share (Purpose Revised)
EMAMILTD,2017-07-26,dividend,1.000000,5.25,cash dividend per share,Annual General Meeting/Dividend-Rs 5.25 Per Share
EMAMILTD,2018-06-21,bonus,0.500000,,bonus 1:1,Bonus 1:1/Dividend- Rs 7 Per Share
EMAMILTD,2018-06-21,dividend,1.000000,7,cash dividend per share,Bonus 1:1/Dividend- Rs 7 Per Share
EMAMILTD,2019-07-31,dividend,1.000000,4,cash dividend per share,Annual General Meeting/Dividend - Rs 4 Per Share
EMAMILTD,2019-11-14,dividend,1.000000,2,cash dividend per share,Interim Dividend - Rs 2 Per Share
EMAMILTD,2020-03-26,dividend,1.000000,2,cash dividend per share,Interim Dividend - Rs 2 Per Share
EMAMILTD,2020-11-12,dividend,1.000000,4,cash dividend per share,Interim Dividend - Rs 4 Per Share
EMAMILTD,2021-02-04,dividend,1.000000,4,cash dividend per share,Interim Dividend - Rs 4.00 Per Share
EMAMILTD,2021-11-08,dividend,1.000000,4,cash dividend per share,Interim Dividend - Rs 4 Per Share
EMAMILTD,2022-02-10,dividend,1.000000,4,cash dividend per share,Interim Dividend - Rs 4 Per Share
EMAMILTD,2022-11-18,dividend,1.000000,4,cash dividend per share,Interim Dividend - Rs 4 Per Share
EMAMILTD,2023-02-13,dividend,1.000000,4,cash dividend per share,Interim Dividend - Rs 4 Per Share
EMAMILTD,2023-11-15,dividend,1.000000,4,cash dividend per share,Interim Dividend - Rs 4 Per Share
EMAMILTD,2024-02-16,dividend,1.000000,4,cash dividend per share,Interim Dividend - Rs 4 Per Share
EMAMILTD,2024-11-18,dividend,1.000000,4,cash dividend per share,Interim Dividend - Rs 4 Per Share
EMAMILTD,2025-02-04,dividend,1.000000,4,cash dividend per share,Interim Dividend - Rs 4 Per Share
EMAMILTD,2025-05-22,dividend,1.000000,2,cash dividend per share,Special Dividend - Rs 2 Per Share
EMAMILTD,2025-11-14,dividend,1.000000,4,cash dividend per share,Interim Dividend - Rs 4 Per Share
EMAMILTD,2026-02-10,dividend,1.000000,6,cash dividend per share,Interim Dividend - Rs 6 Per Share
EMBDL,2008-08-27,dividend,1.000000,13.5,cash dividend per share,Agm/Dividend - 675%
EMBDL,2011-04-21,demerger,1.000000,,no price effect (ex-date move under 3%),Scheme Of Arrangement
EMBDL,2011-09-22,dividend,1.000000,0.3,cash dividend per share,Annual General Meeting/Dividend Re 0.30 Per Share
EMBDL,2011-12-07,demerger,0.874304,,ex-date open (special pre-open price) / previous close,Scheme Of Arrangement
EMBDL,2013-05-07,dividend,1.000000,2,cash dividend per share,Interim Dividend Rs. 2 Per Equity Share
EMBDL,2013-08-05,dividend,1.000000,1,cash dividend per share,Interim Dividend - Re 1 Per Equity Share
EMBDL,2013-10-31,dividend,1.000000,1,cash dividend per share,Interim Dividend - Re.1/- Per Share
EMBDL,2014-05-06,dividend,1.000000,1,cash dividend per share,Third Interim Dividend - Rs.1/- Per Share
ENDURANCE,2017-07-20,dividend,1.000000,2.5,cash dividend per share,Annual General Meeting/Dividend - Rs 2.50 Per Share
ENDURANCE,2018-08-28,dividend,1.000000,4,cash dividend per share,Annual General Meeting / Dividend- Rs 4 Per Share (Date Revised)
ENDURANCE,2019-07-30,dividend,1.000000,5.5,cash dividend per share,Annual General Meeting/Dividend - Rs 5.50 Per Share
ENDURANCE,2020-03-11,dividend,1.000000,5.5,cash dividend per share,Interim Dividend - Rs 5.50 Per Share
ENDURANCE,2021-08-12,dividend,1.000000,6,cash dividend per share,Annual General Meeting/Dividend - Rs 6 Per Share
ENDURANCE,2022-08-11,dividend,1.000000,6.25,cash dividend per share,Dividend - Rs 6.25 Per Share
ENDURANCE,2023-08-11,dividend,1.000000,7,cash dividend per share,Annual General Meeting/Dividend - Rs 7 Per Share
ENDURANCE,2024-08-09,dividend,1.000000,8.5,cash dividend per share,Dividend - Rs 8.50 Per Share
ENDURANCE,2025-08-01,dividend,1.000000,10,cash dividend per share,Dividend - Rs 10 Per Share
ENDURANCE,2026-07-31,dividend,1.000000,11.5,cash dividend per share,Dividend - Rs 11.50 Per Share
ENGINERSIN,2007-02-05,dividend,1.000000,1.75,cash dividend per share,Interim Dividend-35% Purpose Revised
ENGINERSIN,2007-09-05,dividend,1.000000,3,cash dividend per share,Agm/Final Dividend-60%
ENGINERSIN,2007-12-26,dividend,1.000000,2,cash dividend per share,Interim Dividend - 40%
ENGINERSIN,2008-09-10,dividend,1.000000,3.5,cash dividend per share,Agm/Dividend - 70%
ENGINERSIN,2008-12-29,dividend,1.000000,2.25,cash dividend per share,Interim Dividend - 45% Purpose Revised
ENGINERSIN,2009-09-09,dividend,1.000000,14,cash dividend per share,Agm/Div-Rs.14/- Per Share
ENGINERSIN,2009-12-21,dividend,1.000000,6,cash dividend per share,Int Div-Rs.6/- Per Share Purpose Revised
ENGINERSIN,2010-05-06,bonus,0.333333,,bonus 2:1,Fv Spl-Rs10tors5/Bon-2:1
ENGINERSIN,2010-05-06,split,0.500000,,face value 10 to 5,Fv Spl-Rs10tors5/Bon-2:1
ENGINERSIN,2011-03-22,dividend,1.000000,1,cash dividend per share,Interim Dividend-Re.1/- Per Share (Purpose Revised)
ENGINERSIN,2011-08-26,dividend,1.000000,4,cash dividend per share,Annual General Meeting/Dividend Rs 4 Per Share
ENGINERSIN,2012-02-15,dividend,1.000000,2,cash dividend per share,Interim Dividend Rs.2/- Per Share (Purpose Revised)
ENGINERSIN,2012-08-21,dividend,1.000000,4,cash dividend per share,Annual General Meeting/ Dividend Rs.4 Per Share
ENGINERSIN,2013-03-18,dividend,1.000000,3,cash dividend per share,Interim Dividend Rs.3 Per Share (Purpose Revised)
ENGINERSIN,2013-08-12,dividend,1.000000,3,cash dividend per share,Annual General Meeting And Dividend Rs.3/- Per Share
ENGINERSIN,2014-03-20,dividend,1.000000,3.5,cash dividend per share,Interim Dividend - Rs 3.50/- Per Share (Purpose Revised)
ENGINERSIN,2014-08-13,dividend,1.000000,3,cash dividend per share,Annual General Meeting / Final Dividend - Rs 3/- Per Share
ENGINERSIN,2015-03-23,dividend,1.000000,3,cash dividend per share,Interim Dividend - Rs 3/- Per Share (Purpose Revised)
ENGINERSIN,2015-08-14,dividend,1.000000,2,cash dividend per share,Annual General Meeting/ Dividend - Rs 2/- Per Share
ENGINERSIN,2016-03-08,dividend,1.000000,2,cash dividend per share,Interim Dividend - Rs 2/- Per Share (Purpose Revised)
ENGINERSIN,2016-09-07,dividend,1.000000,2,cash dividend per share,Annual General Meeting/Dividend Rs 2/- Per Share
ENGINERSIN,2016-12-30,bonus,0.500000,,bonus 1:1,Bonus 1:1
ENGINERSIN,2017-03-23,dividend,1.000000,2.5,cash dividend per share,Interim Dividend Rs 2.50 Per Share (Purpose Revised)
ENGINERSIN,2018-03-19,dividend,1.000000,2.5,cash dividend per share,Interim Dividend - Rs 2.50 Per Share (Purpose Revised)
ENGINERSIN,2018-09-11,dividend,1.000000,1.5,cash dividend per share,Annual General Meeting/Dividend Rs 1.50 Per Share
ENGINERSIN,2019-02-15,dividend,1.000000,3.25,cash dividend per share,Interim Dividend - Rs 3.25 Per Share
ENGINERSIN,2019-09-18,dividend,1.000000,0.75,cash dividend per share,Annual General Meeting/Dividend - Rs 0.75 Per Share
ENGINERSIN,2020-02-14,dividend,1.000000,3.6,cash dividend per share,Interim Dividend - Rs 3.60 Per Share
ENGINERSIN,2020-09-11,dividend,1.000000,1.55,cash dividend per share,Dividend - Rs 1.55 Per Share
ENGINERSIN,2021-03-18,dividend,1.000000,1.4,cash dividend per share,Interim Dividend - Rs 1.40 Per Share
ENGINERSIN,2021-09-06,dividend,1.000000,0.6,cash dividend per share,Dividend - Rs 0.60 Per Share
ENGINERSIN,2022-02-16,dividend,1.000000,2,cash dividend per share,Interim Dividend - Rs 2 Per Share
ENGINERSIN,2022-09-02,dividend,1.000000,1,cash dividend per share,Dividend - Re 1 Per Share
ENGINERSIN,2023-02-13,dividend,1.000000,2,cash dividend per share,Interim Dividend - Rs 2 Per Share
ENGINERSIN,2023-08-25,dividend,1.000000,1,cash dividend per share,Dividend - Re 1 Per Sh
ENGINERSIN,2024-02-12,dividend,1.000000,2,cash dividend per share,Interim Dividend - Rs 2 Per Share
ENGINERSIN,2024-08-21,dividend,1.000000,1,cash dividend per share,Dividend - Re 1 Per Share
ENGINERSIN,2025-02-14,dividend,1.000000,2,cash dividend per share,Interim Dividend - Rs 2 Per Share
ENGINERSIN,2025-08-29,dividend,1.000000,2,cash dividend per share,Dividend - Rs 2 Per Share
ENGINERSIN,2025-12-04,dividend,1.000000,1,cash dividend per share,Interim Dividend - Re 1 Per Share
ENGINERSIN,2026-03-06,dividend,1.000000,1.5,cash dividend per share,Interim Dividend - Rs 1.50 Per Share
ENGINERSIN,2026-09-24,dividend,1.000000,2.5,cash dividend per share,Dividend - Rs 2.50 Per Share
ERIS,2020-03-19,dividend,1.000000,2.87,cash dividend per share,Interim Dividend - Rs 2.87 Per Share
ERIS,2020-08-13,dividend,1.000000,5.5,cash dividend per share,Interim Dividend - Rs 5.50 Per Share
ERIS,2021-08-05,dividend,1.000000,6.01,cash dividend per share,Interim Dividend - Rs 6.01 Per Share
ERIS,2022-08-11,dividend,1.000000,7.35,cash dividend per share,Interim Dividend- Rs 7.35 Per Share
ERIS,2025-02-13,dividend,1.000000,7.35,cash dividend per share,Interim Dividend - Rs 7.35 Per Share
ERIS,2026-05-29,dividend,1.000000,7.21,cash dividend per share,Interim Dividend - Rs 7.21 Per Share
ESCORTS,2010-02-25,dividend,1.000000,1,cash dividend per share,Dividend-Rs.1/- Per Share
ESCORTS,2011-02-10,dividend,1.000000,1.5,cash dividend per share,Annual General Meeting And Dividend Rs.1.50 Per Share
ESCORTS,2012-03-01,dividend,1.000000,1.5,cash dividend per share,Dividend-Rs.1.50 Per Share
ESCORTS,2013-03-07,dividend,1.000000,1.2,cash dividend per share,Annual General Meeting/Dividend Rs 1.20 Per Share
ESCORTS,2013-10-14,dividend,1.000000,1.2,cash dividend per share,Interim Dividend Rs 1.20/- Per Share
ESCORTS,2014-09-04,dividend,1.000000,0.6,cash dividend per share,Annual General Meeting / Final Dividend - Re 0.60/- Per Share
ESCORTS,2015-09-03,dividend,1.000000,1.2,cash dividend per share,Annual General Meeting/ Dividend - Rs 1.20/- Per Share
ESCORTS,2016-09-08,dividend,1.000000,1.2,cash dividend per share,Dividend - Rs 1.20/- Per Share
ESCORTS,2017-09-07,dividend,1.000000,1.5,cash dividend per share,Dividend - Rs 1.50 Per Share
ESCORTS,2018-08-23,dividend,1.000000,2,cash dividend per share,Dividend-Rs 2 Per Share
ESCORTS,2019-07-11,dividend,1.000000,2.5,cash dividend per share,Dividend Rs - 2.50 Per Share
ESCORTS,2020-08-13,dividend,1.000000,2.5,cash dividend per share,Annual General Meeting/Dividend - Rs 2.5 Per Sh
ESCORTS,2021-07-15,dividend,1.000000,7.5,cash dividend per share,Annual General Meeting/Dividend - Rs 5 Per Share/Special Dividend - Rs 2.50 Per Share
ESCORTS,2022-06-30,dividend,1.000000,7,cash dividend per share,Annual General Meeting/Dividend - Rs 7 Per Share
ESCORTS,2023-06-30,dividend,1.000000,7,cash dividend per share,Annual General Meeting/Dividend - Rs 7 Per Share
ESCORTS,2024-07-05,dividend,1.000000,18,cash dividend per share,Annual General Meeting/Dividend - Rs 18 Per Share
ESCORTS,2025-02-14,dividend,1.000000,10,cash dividend per share,Interim Dividend - Rs 10 Per Share
ESCORTS,2025-07-04,dividend,1.000000,18,cash dividend per share,Dividend - Rs 18 Per Share
ESCORTS,2026-02-16,dividend,1.000000,18,cash dividend per share,Special Dividend - Rs 18 Per Share
ESCORTS,2026-07-03,dividend,1.000000,33,cash dividend per share,Dividend - Rs 33 Per Share
EXIDEIND,2007-07-11,dividend,1.000000,0.35,cash dividend per share,Agm/Dividend-35%
EXIDEIND,2007-12-10,rights,0.963238,,"rights 1:15 at 30, theoretical ex-rights price",Rights-Eq 1:15@Prem Rs.29
EXIDEIND,2008-07-16,dividend,1.000000,0.4,cash dividend per share,Agm/Dividend - 40%
EXIDEIND,2009-01-23,dividend,1.000000,0.4,cash dividend per share,Interim Dividend - 40%
EXIDEIND,2009-07-08,dividend,1.000000,0.2,cash dividend per share,Agm/Dividend - 20%
EXIDEIND,2009-10-27,dividend,1.000000,0.6,cash dividend per share,Int Div-Re.0.60 Per Share
EXIDEIND,2010-07-02,dividend,1.000000,0.4,cash dividend per share,Final Dividend-Re.0.40 Per Share
EXIDEIND,2010-10-21,dividend,1.000000,0.9,cash dividend per share,Interim Dividend-Re.0.90 Per Share
EXIDEIND,2011-07-14,dividend,1.000000,0.6,cash dividend per share,Annual General Meeting And Dividend Re.0.60 Per Share
EXIDEIND,2011-11-02,dividend,1.000000,0.9,cash dividend per share,Interim Dividend Re.0.90 Per Share
EXIDEIND,2012-07-06,dividend,1.000000,0.6,cash dividend per share,Annual General Meeting/Dividend Re 0.60 Per Share
EXIDEIND,2012-10-31,dividend,1.000000,1,cash dividend per share,Interim Dividend Re. 1/- Per Share
EXIDEIND,2013-06-27,dividend,1.000000,0.6,cash dividend per share,Annual General Meeting And Final Dividend Re.0.60 Per Share
EXIDEIND,2013-11-05,dividend,1.000000,1.1,cash dividend per share,Interim Dividend Rs.1.10 Per Share
EXIDEIND,2014-07-11,dividend,1.000000,0.7,cash dividend per share,Annual General Meeting / Final Dividend - Re 0.70/- Per Share
EXIDEIND,2014-08-21,dividend,1.000000,1.5,cash dividend per share,Interim Dividend - Rs.1.50/- Per Share
EXIDEIND,2015-07-23,dividend,1.000000,0.7,cash dividend per share,Annual General Meeting/Dividend Re 0.70 Per Share
EXIDEIND,2015-11-05,dividend,1.000000,1.6,cash dividend per share,Interim Dividend - Rs 1.60/- Per Share
EXIDEIND,2016-07-11,dividend,1.000000,0.8,cash dividend per share,Annual General Meeting/ Dividend - Re 0.80/- Per Share
EXIDEIND,2016-11-03,dividend,1.000000,1.6,cash dividend per share,Interim Dividend Rs 1.60 Per Share
EXIDEIND,2017-07-19,dividend,1.000000,0.8,cash dividend per share,Annual General Meeting/Dividend - Re 0.80/- Per Share
EXIDEIND,2017-11-03,dividend,1.000000,1.6,cash dividend per share,Interim Dividend - Rs 1.60 Per Share
EXIDEIND,2018-07-25,dividend,1.000000,0.8,cash dividend per share,Annual General Meeting / Dividend- Re 0.80 Per Share
EXIDEIND,2018-11-15,dividend,1.000000,1.6,cash dividend per share,Interim Dividend - Rs 1.60 Per Share
EXIDEIND,2019-07-25,dividend,1.000000,0.8,cash dividend per share,Annual General Meeting/Dividend - Re 0.80 Per Share
EXIDEIND,2019-11-18,dividend,1.000000,1.6,cash dividend per share,Dividend - Rs 1.60 Per Share
EXIDEIND,2020-03-04,dividend,1.000000,2.5,cash dividend per share,Interim Dividend - Rs 2.50 Per Share
EXIDEIND,2021-02-04,dividend,1.000000,2,cash dividend per share,Interim Dividend - Rs 2.00 Per Share
EXIDEIND,2022-02-07,dividend,1.000000,2,cash dividend per share,Interim Dividend - Rs 2 Per Share
EXIDEIND,2023-08-01,dividend,1.000000,2,cash dividend per share,Annual General Meeting/Dividend - Rs 2 Per Share
EXIDEIND,2024-07-22,dividend,1.000000,2,cash dividend per share,Annual General Meeting/Dividend - Rs 2 Per Share
EXIDEIND,2025-07-18,dividend,1.000000,2,cash dividend per share,Dividend - Rs 2 Per Share
EXIDEIND,2026-07-03,dividend,1.000000,2,cash dividend per share,Dividend - Rs 2 Per Share
FACT,2023-09-22,dividend,1.000000,1,cash dividend per share,Dividend - Re 1 Per Share
FACT,2024-09-20,dividend,1.000000,0.97,cash dividend per share,Dividend - Rs 0.97 Per Share
FACT,2025-09-19,dividend,1.000000,0.39,cash dividend per share,Dividend - Re 0.39 Per Share
FEDERALBNK,2007-08-16,dividend,1.000000,0.8,cash dividend per share,Agm/Dividend-40%
FEDERALBNK,2007-11-19,rights,0.755463,,"rights 1:1 at 242, theoretical ex-rights price",Rights-Eq 1:1@Prem Rs.240
FEDERALBNK,2008-07-10,dividend,1.000000,0.8,cash dividend per share,Agm/Dividend - 40%
FEDERALBNK,2009-08-11,dividend,1.000000,5,cash dividend per share,Dividend-Rs.5/- Per Share
FEDERALBNK,2010-09-02,dividend,1.000000,5,cash dividend per share,Annual General Meeting And Dividend Rs.5/- Per Share
FEDERALBNK,2011-08-23,dividend,1.000000,8.5,cash dividend per share,Annual General Meeting And Dividend Rs.8.50 Per Share
FEDERALBNK,2012-07-20,dividend,1.000000,9,cash dividend per share,Annual General Meeting And Dividend Rs.9/- Per Share
FEDERALBNK,2013-07-09,dividend,1.000000,9,cash dividend per share,Annual General Meeting/Dividend Rs 9/- Per Share
FEDERALBNK,2013-10-17,split,0.200000,,face value 10 to 2,Face Value Split From Rs.10/- To Rs.2/-
FEDERALBNK,2014-07-04,dividend,1.000000,2,cash dividend per share,Annual General Meeting / Dividend - Rs 2/- Per Share
FEDERALBNK,2015-05-28,dividend,1.000000,2.2,cash dividend per share,Annual General Meeting / Dividend - Rs 2.20/- Per Share
FEDERALBNK,2015-07-08,bonus,0.500000,,bonus 1:1,Bonus 1:1
FEDERALBNK,2016-07-29,dividend,1.000000,0.7,cash dividend per share,Annual General Meeting/ Dividend -Re 0.70 Per Share
FEDERALBNK,2017-07-03,dividend,1.000000,0.9,cash dividend per share,Annual General Meeting/Dividend - Re 0.90 Per Share
FEDERALBNK,2018-08-02,dividend,1.000000,1,cash dividend per share,Annual General Meeting/Dividend- Re 1 Per Share
FEDERALBNK,2019-07-17,dividend,1.000000,1.4,cash dividend per share,Annual General Meeting/Dividend - Rs 1.4 Per Share
FEDERALBNK,2021-07-01,dividend,1.000000,0.7,cash dividend per share,Annual General Meeting/Dividend - Rs 0.70 Per Share
FEDERALBNK,2022-07-19,dividend,1.000000,1.8,cash dividend per share,Annual General Meeting/Dividend - Rs 1.80 Per Share
FEDERALBNK,2023-08-11,dividend,1.000000,1,cash dividend per share,Annual General Meeting/Dividend - Re 1 Per Share
FEDERALBNK,2024-08-23,dividend,1.000000,1.2,cash dividend per share,Annual General Meeting/Dividend - Rs 1.20 Per Share
FEDERALBNK,2025-08-22,dividend,1.000000,1.2,cash dividend per share,Dividend - Rs 1.20 Per Share
FEDERALBNK,2026-08-14,dividend,1.000000,1.2,cash dividend per share,Dividend - Rs 1.20 Per Share
FINCABLES,2007-01-08,split,0.200000,,face value 10 to 2,Fv Split Rs.10/- To Rs.2/
FINCABLES,2007-06-14,dividend,1.000000,1.4,cash dividend per share,Agm/Dividend - 70%
FINCABLES,2008-07-17,dividend,1.000000,1.5,cash dividend per share,Agm/Dividend - 75%
FINCABLES,2009-08-07,dividend,1.000000,0.2,cash dividend per share,Agm/Div-Re.0.20 Per Share
FINCABLES,2010-07-15,dividend,1.000000,0.6,cash dividend per share,Agm/Dividend Rs. 0.60 Per Share
FINCABLES,2011-07-21,dividend,1.000000,0.7,cash dividend per share,Annual General Meeting And Dividend Re.0.70 Per Share
FINCABLES,2012-07-26,dividend,1.000000,0.8,cash dividend per share,Annual General Meeting And Dividend Re.0.80 Per Share
FINCABLES,2013-06-13,dividend,1.000000,1.2,cash dividend per share,Annual General Meeting And Dividend Rs.1.20 Per Share
FINCABLES,2014-08-27,dividend,1.000000,1.6,cash dividend per share,Annual General Meeting / Dividend Rs.1.60/- Per Equity Share (Book Closure Dates & Agm Dates Revised)
FINCABLES,2015-07-30,dividend,1.000000,1.8,cash dividend per share,Annual General Meeting / Dividend - Rs 1.80/- Per Share
FINCABLES,2016-08-26,dividend,1.000000,2.5,cash dividend per share,Annual General Meeting/Final Dividend Rs.2/- Per Share And One Time Special Dividend Rs.0.50/- Per Share
FINCABLES,2017-09-14,dividend,1.000000,3,cash dividend per share,Annual General Meeting/Dividend - Rs 3/- Per Share
FINCABLES,2018-09-12,dividend,1.000000,4,cash dividend per share,Annual General Meeting/Dividend- Rs 4 Per Share
FINCABLES,2019-09-05,dividend,1.000000,4.5,cash dividend per share,Annual General Meeting/Dividend - Rs 4.50 Per Share
FINCABLES,2020-09-17,dividend,1.000000,5.5,cash dividend per share,Annual General Meeting/Dividend - Rs 5.50 Per Share
FINCABLES,2021-09-16,dividend,1.000000,5.5,cash dividend per share,Annual General Meeting/Dividend - Rs 5.50 Per Share
FINCABLES,2022-09-15,dividend,1.000000,6,cash dividend per share,Annual General Meeting/Dividend - Rs 6 Per Share
FINCABLES,2023-09-22,dividend,1.000000,7,cash dividend per share,Dividend - Rs 7 Per Share
FINCABLES,2024-09-17,dividend,1.000000,8,cash dividend per share,Dividend - Rs 8 Per Share
FINCABLES,2025-09-04,dividend,1.000000,8,cash dividend per share,Dividend - Rs 8 Per Share
FINCABLES,2026-09-04,dividend,1.000000,9,cash dividend per share,Dividend - Rs 9 Per Share
FINEORG,2018-09-19,dividend,1.000000,7,cash dividend per share,Annual General Meeting/Dividend Rs 7 Per Share
FINEORG,2019-07-25,dividend,1.000000,7,cash dividend per share,Annual General Meeting/Dividend - Rs 7 Per Share
FINEORG,2020-02-18,dividend,1.000000,4,cash dividend per share,Interim Dividend - Rs 4 Per Share
FINEORG,2020-09-10,dividend,1.000000,3,cash dividend per share,Annual General Meeting/Dividend - Rs 3 Per Share
FINEORG,2021-08-13,dividend,1.000000,11,cash dividend per share,Annual General Meeting/Dividend - Rs 6 Per Share/Special Dividend - Rs 5 Per Share
FINEORG,2022-08-11,dividend,1.000000,9,cash dividend per share,Annual General Meeting/Dividend - Rs 9 Per Share
FINEORG,2023-08-14,dividend,1.000000,9,cash dividend per share,Annual General Meeting/Dividend - Rs 9 Per Share
FINEORG,2024-08-13,dividend,1.000000,10,cash dividend per share,Annual General Meeting/Dividend - Rs 10 Per Share
FINEORG,2025-07-25,dividend,1.000000,11,cash dividend per share,Dividend - Rs 11 Per Share
FINEORG,2026-07-31,dividend,1.000000,11,cash dividend per share,Dividend - Rs 11 Per Share
FLUOROCHEM,2022-03-31,dividend,1.000000,2,cash dividend per share,Interim Dividend - Rs 2 Per Share
FLUOROCHEM,2022-09-21,dividend,1.000000,2,cash dividend per share,Dividend - Rs 2 Per Share
FLUOROCHEM,2022-10-31,dividend,1.000000,2,cash dividend per share,Interim Dividend - Rs 2 Per Share
FLUOROCHEM,2023-09-22,dividend,1.000000,2,cash dividend per share,Dividend - Rs 2 Per Share
FLUOROCHEM,2024-09-20,dividend,1.000000,3,cash dividend per share,Dividend - Rs 3 Per Share
FLUOROCHEM,2025-09-22,dividend,1.000000,3,cash dividend per share,Dividend - Rs 3 Per Share
FLUOROCHEM,2026-09-17,dividend,1.000000,3,cash dividend per share,Dividend - Rs 3 Per Share
FORTIS,2023-07-20,dividend,1.000000,1,cash dividend per share,Dividend - Re 1 Per Share
FORTIS,2024-07-24,dividend,1.000000,1,cash dividend per share,Dividend - Re 1 Per Share
FORTIS,2025-07-25,dividend,1.000000,1,cash dividend per share,Dividend - Re 1 Per Share
FORTIS,2026-07-24,dividend,1.000000,1,cash dividend per share,Dividend - Re 1 Per Share
FRETAIL,2017-11-29,demerger,1.000000,,no price effect (ex-date move under 3%),Scheme Of Arrangement
GAIL,2007-08-16,dividend,1.000000,2,cash dividend per share,Agm/Final Dividend-20%
GAIL,2007-12-19,dividend,1.000000,4,cash dividend per share,Interim Dividend - 40% Purpose Revised
GAIL,2008-08-21,dividend,1.000000,6,cash dividend per share,Agm/Dividend - 60%
GAIL,2008-10-06,bonus,0.666667,,bonus 1:2,Bonus 1:2
GAIL,2009-01-30,dividend,1.000000,4,cash dividend per share,Interim Dividend - 40% Purpose Revised
GAIL,2009-08-20,dividend,1.000000,3,cash dividend per share,Dividend-Rs.3/- Per Share
GAIL,2009-12-24,dividend,1.000000,2,cash dividend per share,Int Div-Rs.2/- Per Share Purpose Revised
GAIL,2010-09-02,dividend,1.000000,5.5,cash dividend per share,Annual General Meeting And Final Dividend Rs.5.50 Per Share (Bc Start Date Revised)
GAIL,2010-12-27,dividend,1.000000,2,cash dividend per share,Interim Dividend-Rs.2/- Per Share (Purpose Revised)
GAIL,2011-08-17,dividend,1.000000,5.5,cash dividend per share,Dividend-Rs.5.50 Per Share
GAIL,2012-01-25,dividend,1.000000,3,cash dividend per share,Interim Dividend Rs.3/- Per Share (Purpose Revised)
GAIL,2012-08-16,dividend,1.000000,5.7,cash dividend per share,Annual General Meeting And Dividend Rs.5.70 Per Share
GAIL,2013-02-18,dividend,1.000000,4,cash dividend per share,Interim Dividend Rs 4 Per Share (Purpose Revised)
GAIL,2013-09-05,dividend,1.000000,5.6,cash dividend per share,Annual General Meeting / Final Dividend - Rs 5.60/- Per Share
GAIL,2014-02-10,dividend,1.000000,4.5,cash dividend per share,Interim Dividend - Rs 4.50/- Per Share (Purpose Revised)
GAIL,2014-08-27,dividend,1.000000,5.9,cash dividend per share,Annual General Meeting / Final Dividend - Rs 5.90/- Per Share
GAIL,2015-03-02,dividend,1.000000,3,cash dividend per share,Interim Dividend - Rs 3/- Per Share (Purpose Revised)
GAIL,2015-08-27,dividend,1.000000,3,cash dividend per share,Dividend - Rs 3/- Per Share
GAIL,2016-02-16,dividend,1.000000,2.5,cash dividend per share,Interim Dividend Rs 2.50 Per Share (Purpose Revised)
GAIL,2016-09-08,dividend,1.000000,3,cash dividend per share,Dividend Rs 3/- Per Share
GAIL,2017-02-02,dividend,1.000000,8.5,cash dividend per share,Interim Dividend Rs 8.50 Per Share (Purpose Revised)
GAIL,2017-03-09,bonus,0.750000,,bonus 1:3,Bonus 1:3
GAIL,2017-08-31,dividend,1.000000,2.7,cash dividend per share,Dividend - Rs 2.70 Per Share
GAIL,2018-01-18,dividend,1.000000,7.65,cash dividend per share,Interim Dividend - Rs 7.65 Per Share (Purpose Revised)
GAIL,2018-03-27,bonus,0.750000,,bonus 1:3,Bonus 1:3
GAIL,2018-08-30,dividend,1.000000,1.44,cash dividend per share,Annual General Meeting/Dividend- Rs 1.44 Per Share
GAIL,2019-02-12,dividend,1.000000,6.25,cash dividend per share,Interim Dividend - Rs 6.25 Per Share
GAIL,2019-07-09,bonus,0.500000,,bonus 1:1,Bonus 1:1
GAIL,2019-08-08,dividend,1.000000,0.885,cash dividend per share,Dividend - Rs 0.885 Per Share
GAIL,2020-02-17,dividend,1.000000,6.4,cash dividend per share,Interim Dividend - Rs 6.4 Per Share
GAIL,2021-01-27,dividend,1.000000,2.5,cash dividend per share,Interim Dividend - Rs 2.50 Per Share
GAIL,2021-03-22,dividend,1.000000,2.5,cash dividend per share,Interim Dividend - Rs 2.5 Per Share
GAIL,2021-12-30,dividend,1.000000,4,cash dividend per share,Interim Dividend - Rs 4 Per Share
GAIL,2022-03-21,dividend,1.000000,5,cash dividend per share,Interim Dividend - Rs 5 Per Share
GAIL,2022-08-01,dividend,1.000000,1,cash dividend per share,Dividend - Rs 1 Per Share
GAIL,2022-09-06,bonus,0.666667,,bonus 1:2,Bonus 1:2
GAIL,2023-03-21,dividend,1.000000,4,cash dividend per share,Interim Dividend - Rs 4 Per Share
GAIL,2024-02-06,dividend,1.000000,5.5,cash dividend per share,Interim Dividend - Rs 5.50 Per Share
GAIL,2025-02-07,dividend,1.000000,6.5,cash dividend per share,Interim Dividend - Rs 6.50 Per Share
GAIL,2025-08-04,dividend,1.000000,1,cash dividend per share,Dividend - Re 1 Per Share
GAIL,2026-02-05,dividend,1.000000,5,cash dividend per share,Interim Dividend - Rs 5 Per Share
GAIL,2026-09-02,dividend,1.000000,0.5,cash dividend per share,Dividend - Re 0.50 Per Share
GESHIP,2007-02-01,dividend,1.000000,3,cash dividend per share,Int Div-Rs.3/- Per Share Purpose Revised
GESHIP,2007-07-10,dividend,1.000000,4.5,cash dividend per share,Final Dividend - 45%
GESHIP,2007-10-25,dividend,1.000000,4,cash dividend per share,Int Div-Rs.4.00 Per Sh Purpose Revised
GESHIP,2008-02-05,dividend,1.000000,3.5,cash dividend per share,Interim Div-Rs.3.50 Pr Shpurpose Revised
GESHIP,2008-05-08,dividend,1.000000,5,cash dividend per share,Div-Int.Rs.5+Spl Rs2.50shpurpose Revised
GESHIP,2008-10-31,dividend,1.000000,2.5,cash dividend per share,Int Div-Rs.2.50 Per Sharepurpose Revised
GESHIP,2009-02-10,dividend,1.000000,2.5,cash dividend per share,Int Div-Rs.2.50 Per Sharepurpose Revised
GESHIP,2009-05-13,dividend,1.000000,3,cash dividend per share,3rd Int Div-Rs.3/- Per Shpurpose Revised
GESHIP,2010-07-20,dividend,1.000000,8,cash dividend per share,Final Dividend Rs 8 Per Share
GESHIP,2010-11-02,dividend,1.000000,3.5,cash dividend per share,Interim Dividend-Rs.3.50 Per Share (Purpose Revised)
GESHIP,2011-07-27,dividend,1.000000,4.5,cash dividend per share,Dividend-Rs.4.50 Per Share
GESHIP,2012-02-22,dividend,1.000000,3,cash dividend per share,Interim Dividend Rs.3/- Per Share
GESHIP,2012-07-30,dividend,1.000000,3.5,cash dividend per share,Annual General Meeting And Dividend Rs.3.50 Per Share
GESHIP,2013-02-18,dividend,1.000000,3,cash dividend per share,Interim Dividend Rs 3 Per Share
GESHIP,2013-07-26,dividend,1.000000,4.5,cash dividend per share,Annual General Meeting And Dividend Rs.4.50 Per Share
GESHIP,2014-02-17,dividend,1.000000,4,cash dividend per share,Interim Dividend - Rs 4/- Per Share
GESHIP,2014-08-13,dividend,1.000000,4,cash dividend per share,Interim Dividend - Rs 4/- Per Share (Purpose Revised)
GESHIP,2014-09-17,dividend,1.000000,5,cash dividend per share,Annual General Meeting / Final Dividend - Rs 5/- Per Share
GESHIP,2015-08-04,dividend,1.000000,7,cash dividend per share,Annual General Meeting/Dividend - Rs 7/- Per Share
GESHIP,2016-02-15,dividend,1.000000,6,cash dividend per share,Interim Dividend - Rs 6/- Per Share
GESHIP,2016-03-17,dividend,1.000000,7.5,cash dividend per share,Interim Dividend - Rs 7.50/- Per Share (Purpose Revised)
GESHIP,2017-02-14,dividend,1.000000,3.6,cash dividend per share,Interim Dividend Rs 3.60 Per Share
GESHIP,2017-08-02,dividend,1.000000,6.5,cash dividend per share,Annual General Meeting/Dividend - Rs 6.50 Per Share
GESHIP,2018-08-02,dividend,1.000000,7.2,cash dividend per share,Annual General Meeting/Dividend- Rs 7.20 Per Share
GESHIP,2019-07-31,dividend,1.000000,5.4,cash dividend per share,Annual General Meeting/Dividend - Rs 5.40 Per Share
GESHIP,2020-03-18,dividend,1.000000,5.4,cash dividend per share,Interim Dividend - Rs 5.4 Per Share
GESHIP,2020-06-09,dividend,1.000000,2.7,cash dividend per share,Interim Dividend - Rs 2.70 Per Sh
GESHIP,2021-07-20,dividend,1.000000,9,cash dividend per share,Annual General Meeting/Dividend - Rs 9 Per Share
GESHIP,2021-11-11,dividend,1.000000,4.5,cash dividend per share,Interim Dividend - Rs 4.50 Per Share
GESHIP,2022-05-17,dividend,1.000000,5.4,cash dividend per share,Interim Dividend - Rs 5.40 Per Share
GESHIP,2022-08-10,dividend,1.000000,5.4,cash dividend per share,Interim Dividend - Rs 5.40 Per Share
GESHIP,2022-11-22,dividend,1.000000,7.2,cash dividend per share,Interim Dividend - Rs 7.20 Per Share
GESHIP,2023-02-10,dividend,1.000000,7.2,cash dividend per share,Interim Dividend - Rs 7.20 Per Share
GESHIP,2023-05-24,dividend,1.000000,9,cash dividend per share,Interim Dividend - Rs 9 Per Share
GESHIP,2023-08-14,dividend,1.000000,12.9,cash dividend per share,Interim Dividend - Rs 5.40 Per Share/ Special Dividend - Rs 7.50 Per Share
GESHIP,2023-11-08,dividend,1.000000,6.3,cash dividend per share,Interim Dividend - Rs 6.30 Per Share
GESHIP,2024-02-12,dividend,1.000000,6.3,cash dividend per share,Interim Dividend - Rs 6.30 Per Share
GESHIP,2024-05-22,dividend,1.000000,10.8,cash dividend per share,Interim Dividend - Rs 10.80 Per Share
GESHIP,2024-08-13,dividend,1.000000,9,cash dividend per share,Interim Dividend - Rs 9 Per Share
GESHIP,2024-11-19,dividend,1.000000,7.2,cash dividend per share,Interim Dividend - Rs 7.20 Per Share
GESHIP,2025-02-03,dividend,1.000000,8.1,cash dividend per share,Interim Dividend - Rs 8.10 Per Share
GESHIP,2025-05-15,dividend,1.000000,5.4,cash dividend per share,Interim Dividend - Rs 5.40 Per Share
GESHIP,2025-08-06,dividend,1.000000,7.2,cash dividend per share,Interim Dividend - Rs 7.20 Per Share
GESHIP,2025-11-13,dividend,1.000000,7.2,cash dividend per share,Interim Dividend - Rs 7.20 Per Share
GESHIP,2026-02-04,dividend,1.000000,9,cash dividend per share,Interim Dividend - Rs 9 Per Share
GESHIP,2026-05-20,dividend,1.000000,11.7,cash dividend per share,Interim Dividend - Rs 11.70 Per Share
GESHIP,2026-08-07,dividend,1.000000,14.4,cash dividend per share,Interim Dividend - Rs 14.40 Per Share
GFLLIMITED,2007-03-22,dividend,1.000000,2,cash dividend per share,2nd Int Div-Rs.2/- Per Shpurpose Revised
GFLLIMITED,2007-09-20,dividend,1.000000,1,cash dividend per share,Agm/Div-Re.1/- Per Sh
GFLLIMITED,2008-01-03,dividend,1.000000,3,cash dividend per share,Int Dividend- Rs.3 Per Sh
GFLLIMITED,2008-02-01,split,0.500000,,face value 2 to 1,Fv Split Rs.2/- To Re.1/-
GFLLIMITED,2008-04-10,dividend,1.000000,1,cash dividend per share,2nd Interim Dividend-100%
GFLLIMITED,2008-09-11,dividend,1.000000,1,cash dividend per share,Agm/Dividend - 100%
GFLLIMITED,2009-06-18,dividend,1.000000,3.5,cash dividend per share,Agm/Div-Rs.3.50 Per Share
GFLLIMITED,2009-11-13,dividend,1.000000,1,cash dividend per share,Int Div-Re.1/- Per Share
GFLLIMITED,2010-02-05,dividend,1.000000,1,cash dividend per share,2nd Int Div-Re.1/- Per Sh
GFLLIMITED,2010-07-06,dividend,1.000000,1.5,cash dividend per share,Final Dividend-Rs.1.50 Per Share
GFLLIMITED,2011-02-10,dividend,1.000000,1,cash dividend per share,Interim Dividend-Re.1/- Per Share
GFLLIMITED,2011-07-07,dividend,1.000000,2.5,cash dividend per share,Annual General Meeting And Dividend Rs.2.50 Per Share
GFLLIMITED,2011-12-16,dividend,1.000000,2,cash dividend per share,1st Interim Dividend Rs.2/- Per Share
GFLLIMITED,2012-07-19,dividend,1.000000,1.5,cash dividend per share,Annual General Meeting/Dividend Of Rs. 1.50 Per Share
GFLLIMITED,2013-02-08,dividend,1.000000,1.5,cash dividend per share,Interim Dividend Rs 1.50 Per Share
GFLLIMITED,2013-08-14,dividend,1.000000,2,cash dividend per share,Annual General Meeting/Dividend Rs 2/- Per Share
GFLLIMITED,2014-09-01,dividend,1.000000,3.5,cash dividend per share,Annual General Meeting / Dividend - Rs 3.50/- Per Share
GFLLIMITED,2015-09-21,dividend,1.000000,3.5,cash dividend per share,Annual General Meeting/Dividend - Rs 3.50/- Per Share
GFLLIMITED,2016-03-17,dividend,1.000000,3.5,cash dividend per share,Interim Dividend - Rs 3.50/- Per Share
GFLLIMITED,2017-09-14,dividend,1.000000,3.5,cash dividend per share,Annual General Meeting/ Dividend- Rs 3.50 Per Share
GFLLIMITED,2018-08-23,dividend,1.000000,3.5,cash dividend per share,Annual General Meeting/Dividend- Rs 3.50 Per Share
GFLLIMITED,2019-08-06,demerger,0.114662,,ex-date open (special pre-open price) / previous close,Demerger
GFLLIMITED,2019-09-11,dividend,1.000000,3.5,cash dividend per share,Annual General Meeting/Dividend - Rs 3.50 Per Share
GFLLIMITED,2021-03-26,demerger,0.784495,,ex-date open (special pre-open price) / previous close,Demerger
GICRE,2018-07-12,bonus,0.500000,,bonus 1:1,Bonus 1:1/Dividend- Rs 13.5 Per Share
GICRE,2018-07-12,dividend,1.000000,13.5,cash dividend per share,Bonus 1:1/Dividend- Rs 13.5 Per Share
GICRE,2019-07-19,dividend,1.000000,6.75,cash dividend per share,Dividend Rs 6.75 Per Share
GICRE,2023-09-08,dividend,1.000000,7.2,cash dividend per share,Dividend - Rs 7.20 Per Share
GICRE,2024-09-11,dividend,1.000000,10,cash dividend per share,Dividend - Rs 10 Per Share
GICRE,2025-09-04,dividend,1.000000,10,cash dividend per share,Dividend - Rs 10 Per Share
GICRE,2026-09-04,dividend,1.000000,13.25,cash dividend per share,Dividend - Rs 13.25 Per Share
GILLETTE,2007-02-14,dividend,1.000000,10,cash dividend per share,Int Div-Rs.10/- Per Sh
GILLETTE,2007-10-11,dividend,1.000000,7.5,cash dividend per share,Agm/Div-Rs.7.50 Per Sh
GILLETTE,2008-10-08,dividend,1.000000,12.5,cash dividend per share,Agm/Div-Rs12.50 Per Share
GILLETTE,2009-10-15,dividend,1.000000,12.5,cash dividend per share,Agm/Div-Rs.12.5 Per Share
GILLETTE,2010-11-09,dividend,1.000000,15,cash dividend per share,Dividend-Rs.15/- Per Share
GILLETTE,2011-10-20,dividend,1.000000,15,cash dividend per share,Dividend-Rs.15/- Per Share
GILLETTE,2012-11-29,dividend,1.000000,15,cash dividend per share,Annual General Meeting/Dividend Rs 15 Per Share
GILLETTE,2013-10-31,dividend,1.000000,15,cash dividend per share,Annual General Meeting / Dividend - Rs 15/- Per Share
GILLETTE,2014-09-11,dividend,1.000000,15,cash dividend per share,Annual General Meeting / Dividend - Rs 15/- Per Share
GILLETTE,2015-10-15,dividend,1.000000,34.52,cash dividend per share,Annual General Meeting/Final Dividend Rs.15/- Per Share/Interim Dividend - Rs.19.52 Per Share (Purpose Revised)
GILLETTE,2016-11-22,dividend,1.000000,20,cash dividend per share,Dividend Rs 20/- Per Share
GILLETTE,2017-05-17,dividend,1.000000,154,cash dividend per share,Interim Dividend Rs 154/- Per Share
GILLETTE,2017-11-06,dividend,1.000000,10,cash dividend per share,Dividend - Rs 10/- Per Share
GILLETTE,2018-11-20,dividend,1.000000,23,cash dividend per share,Annual General Meeting/Dividend Rs 23 Per Share
GILLETTE,2019-02-15,dividend,1.000000,19,cash dividend per share,Interim Dividend - Rs 19 Per Share
GILLETTE,2019-11-18,dividend,1.000000,25,cash dividend per share,Dividend Rs 25 Per Eq Sh
GILLETTE,2020-11-17,dividend,1.000000,49,cash dividend per share,Annual General Meeting/Dividend - Rs 49 Per Sh
GILLETTE,2021-02-11,dividend,1.000000,33,cash dividend per share,Interim Dividend - Rs 33 Per Share
GILLETTE,2021-05-12,dividend,1.000000,50,cash dividend per share,Special Dividend - Rs 50 Per Share
GILLETTE,2021-11-15,dividend,1.000000,36,cash dividend per share,Annual General Meeting/ Dividend - Rs 36 Per Share
GILLETTE,2022-02-09,dividend,1.000000,33,cash dividend per share,Interim Dividend - Rs 33 Per Share
GILLETTE,2022-11-10,dividend,1.000000,36,cash dividend per share,Annual General Meeting/Dividend - Rs 36 Per Share
GILLETTE,2023-02-09,dividend,1.000000,35,cash dividend per share,Interim Dividend - Rs 35 Per Share
GILLETTE,2023-11-21,dividend,1.000000,50,cash dividend per share,Annual General Meeting/Dividend - Rs 50 Per Share
GILLETTE,2024-02-08,dividend,1.000000,85,cash dividend per share,Interim Dividend - Rs 45 Per Share & Special Dividend - Rs 40 Per Share
GILLETTE,2024-11-26,dividend,1.000000,45,cash dividend per share,Annual General Meeting/Dividend - Rs 45 Per Share
GILLETTE,2025-02-18,dividend,1.000000,65,cash dividend per share,Interim Dividend - Rs 65 Per Share
GILLETTE,2025-08-26,dividend,1.000000,47,cash dividend per share,Dividend - Rs 47 Per Share
GILLETTE,2026-02-04,dividend,1.000000,180,cash dividend per share,Interim Dividend - Rs 120 Per Share/Special Dividend - Rs 60 Per Share
GILLETTE,2026-08-24,dividend,1.000000,60,cash dividend per share,Dividend - Rs 60 Per Share
GLAND,2024-08-16,dividend,1.000000,20,cash dividend per share,Annual General Meeting/Dividend - Rs 20 Per Share
GLAND,2025-08-14,dividend,1.000000,18,cash dividend per share,Dividend - Rs 18 Per Share
GLAND,2026-08-11,dividend,1.000000,20,cash dividend per share,Dividend - Rs 20 Per Sh
GLAXO,2007-03-14,dividend,1.000000,17,cash dividend per share,Div Fin-170% + Spl-140% Purpose Revised
GLAXO,2008-04-02,dividend,1.000000,18,cash dividend per share,Div Fin-Rs18+Spl-18 Pr Sh
GLAXO,2009-03-18,dividend,1.000000,22,cash dividend per share,Div Fin-Rs.22 + Spl-Rs.18
GLAXO,2010-03-10,dividend,1.000000,30,cash dividend per share,Dividend-Rs.30/- Pr Share
GLAXO,2011-03-14,dividend,1.000000,40,cash dividend per share,Dividend-Rs.40/- Per Share
GLAXO,2012-03-29,dividend,1.000000,45,cash dividend per share,Dividend Rs.45/- Per Share
GLAXO,2013-04-04,dividend,1.000000,50,cash dividend per share,Dividend Rs. 50 Per Share
GLAXO,2014-04-03,dividend,1.000000,50,cash dividend per share,Final Dividend Rs.50/- Per Share
GLAXO,2015-07-23,dividend,1.000000,62,cash dividend per share,Annual General Meeting/Dividend - Rs 62..50/- Per Share
GLAXO,2016-07-15,dividend,1.000000,50,cash dividend per share,Dividend Rs 50/- Per Share
GLAXO,2017-07-14,dividend,1.000000,30,cash dividend per share,Dividend - Rs 30/- Per Share
GLAXO,2018-07-13,dividend,1.000000,35,cash dividend per share,Dividend- Rs 35 Per Share
GLAXO,2018-09-11,bonus,0.500000,,bonus 1:1,Bonus 1:1
GLAXO,2019-07-11,dividend,1.000000,20,cash dividend per share,Annual General Meeting/Dividend Rs 20 Per Share
GLAXO,2020-07-17,dividend,1.000000,40,cash dividend per share,Dividend - Rs 20 And Special Dividend - Rs 20 Per Share
GLAXO,2021-07-19,dividend,1.000000,30,cash dividend per share,Annual General Meeting/Dividend - Rs 30 Per Share
GLAXO,2022-07-07,dividend,1.000000,90,cash dividend per share,Dividend - Rs 30 Per Share/Special Dividend- Rs 60 Per Share
GLAXO,2023-06-30,dividend,1.000000,32,cash dividend per share,Dividend - Rs 32 Per Share
GLAXO,2024-05-31,dividend,1.000000,32,cash dividend per share,Dividend - Rs 32 Per Share
GLAXO,2024-11-07,dividend,1.000000,12,cash dividend per share,Interim Dividend - Rs 12 Per Share
GLAXO,2025-05-30,dividend,1.000000,42,cash dividend per share,Dividend - Rs 42 Per Share
GLAXO,2026-05-29,dividend,1.000000,57,cash dividend per share,Dividend - Rs 57 Per Share
GLENMARK,2007-01-04,dividend,1.000000,0.4,cash dividend per share,Interim Dividend - 40%
GLENMARK,2007-09-10,split,0.500000,,face value 2 to 1,Agm/Fv Split Rs.2 To Re.1
GLENMARK,2007-11-07,dividend,1.000000,0.7,cash dividend per share,Interim Dividend-70% Purpose Revised
GLENMARK,2009-09-10,dividend,1.000000,0.4,cash dividend per share,Agm/Div-Re.0.40 Per Share
GLENMARK,2010-09-16,dividend,1.000000,0.4,cash dividend per share,Annual General Meeting And Dividend Re.0.40 Per Share
GLENMARK,2011-07-28,dividend,1.000000,0.4,cash dividend per share,Annual General Meeting And Dividend Re.0.40 Per Share
GLENMARK,2012-07-19,dividend,1.000000,2,cash dividend per share,Annual General Meeting / Dividend Rs 2 Per Share
GLENMARK,2013-07-18,dividend,1.000000,2,cash dividend per share,Annual General Meeting / Dividend - Rs 2/- Per Share
GLENMARK,2014-07-10,dividend,1.000000,2,cash dividend per share,Annual General Meeting / Dividend - Rs 2/- Per Share
GLENMARK,2015-09-10,dividend,1.000000,2,cash dividend per share,Annual General Meeting/ Dividend - Rs 2/- Per Share
GLENMARK,2016-08-03,dividend,1.000000,2,cash dividend per share,Annual General Meeting/ Dividend - Rs 2/- Per Share
GLENMARK,2017-09-20,dividend,1.000000,2,cash dividend per share,Annual General Meeting/Dividend - Rs 2/- Per Share
GLENMARK,2018-09-19,dividend,1.000000,2,cash dividend per share,Annual General Meeting/Dividend Rs 2 Per Share
GLENMARK,2019-09-19,dividend,1.000000,2,cash dividend per share,Annual General Meeting/Dividend - Rs 2 Per Share
GLENMARK,2020-09-17,dividend,1.000000,2.5,cash dividend per share,Annual General Meeting/Dividend - Rs 2.50 Per Share
GLENMARK,2021-09-08,dividend,1.000000,2.5,cash dividend per share,Annual General Meeting/Dividend - Rs 2.50 Per Share
GLENMARK,2022-09-12,dividend,1.000000,2.5,cash dividend per share,Annual General Meeting/Dividend - Rs 2.50 Per Share
GLENMARK,2023-09-18,dividend,1.000000,2.5,cash dividend per share,Dividend - Rs 2.50 Per Share
GLENMARK,2024-09-13,dividend,1.000000,2.5,cash dividend per share,Dividend - Rs 2.50 Per Share
GLENMARK,2025-09-15,dividend,1.000000,2.5,cash dividend per share,Dividend - Rs 2.50 Per Share
GLENMARK,2025-10-03,dividend,1.000000,2.5,cash dividend per share,Interim Dividend - Rs 2.50 Per Share
GLENMARK,2026-08-31,dividend,1.000000,2.5,cash dividend per share,Dividend - Rs 2.50 Per Share
GMRAIRPORT,2007-09-28,split,0.200000,,face value 10 to 2,Fv Split Rs.10/- To Rs.2/
GMRAIRPORT,2009-10-01,split,0.500000,,face value 2 to 1,Fv Split Rs.2/- To Re.1/-
GMRAIRPORT,2013-09-05,dividend,1.000000,0.1,cash dividend per share,Annual General Meeting And Dividend Re.0.10/- Per Share
GMRAIRPORT,2014-09-09,dividend,1.000000,0.1,cash dividend per share,Annual General Meeting / Dividend - Re 0.10/- Per Share
GMRAIRPORT,2015-03-11,rights,0.981092,,"rights 3:14 at 15, theoretical ex-rights price",Rights 3:14 @ Premium Rs 14/- Per Share
GMRAIRPORT,2022-01-11,demerger,0.902993,,ex-date open (special pre-open price) / previous close,Demerger
GODFRYPHLP,2007-08-23,dividend,1.000000,25,cash dividend per share,Dividend-Rs.25/- Per Sh
GODFRYPHLP,2008-08-21,dividend,1.000000,25,cash dividend per share,Agm/Div-Rs.25 Per Share
GODFRYPHLP,2009-09-17,dividend,1.000000,25,cash dividend per share,Agm/Div-Rs.25/- Per Share
GODFRYPHLP,2010-09-02,dividend,1.000000,25,cash dividend per share,Annual General Meeting And Dividend Rs.25/- Per Share
GODFRYPHLP,2011-09-08,dividend,1.000000,35,cash dividend per share,Annual General Meeting And Dividend Rs.35/- Per Share (Bc Dates Revised)
GODFRYPHLP,2012-08-30,dividend,1.000000,40,cash dividend per share,Annual General Meeting / Dividend Rs 40 Per Share
GODFRYPHLP,2013-09-05,dividend,1.000000,40,cash dividend per share,Annual General Meeting And Dividend Rs.40/- Per Share
GODFRYPHLP,2014-09-15,dividend,1.000000,40,cash dividend per share,Annual General Meeting/Dividend - Rs.40/- Per Share
GODFRYPHLP,2014-11-28,split,0.200000,,face value 10 to 2,Face Value Split From Rs 10/- Per Share To Rs 2/- Per Share
GODFRYPHLP,2015-09-21,dividend,1.000000,8,cash dividend per share,Annual General Meeting/ Dividend - Rs 8/- Per Share
GODFRYPHLP,2016-09-16,dividend,1.000000,8,cash dividend per share,Annual General Meeting And Dividend Rs.8/- Per Share
GODFRYPHLP,2017-09-07,dividend,1.000000,8,cash dividend per share,Annual General Meeting/Dividend - Rs 8/- Per Share
GODFRYPHLP,2018-09-17,dividend,1.000000,8,cash dividend per share,Annual General Meeting/Dividend- Rs 8 Per Share
GODFRYPHLP,2019-09-13,dividend,1.000000,10,cash dividend per share,Annual General Meeting/Dividend - Rs 10 Per Share
GODFRYPHLP,2020-03-17,dividend,1.000000,24,cash dividend per share,Interim Dividend - Rs 24 Per Share
GODFRYPHLP,2021-07-28,dividend,1.000000,24,cash dividend per share,Annual General Meeting/Dividend - Rs 24 Per Share
GODFRYPHLP,2022-08-11,dividend,1.000000,28,cash dividend per share,Annual General Meeting/Dividend - Rs 28 Per Share
GODFRYPHLP,2023-08-11,dividend,1.000000,44,cash dividend per share,Annual General Meeting/Dividend - Rs 44 Per Share
GODFRYPHLP,2024-08-23,dividend,1.000000,56,cash dividend per share,Annual General Meeting / Dividend - Rs 56 Per Share
GODFRYPHLP,2024-11-29,dividend,1.000000,35,cash dividend per share,Interim Dividend - Rs 35 Per Share
GODFRYPHLP,2025-08-22,dividend,1.000000,60,cash dividend per share,Dividend - Rs 60 Per Share
GODFRYPHLP,2025-09-16,bonus,0.333333,,bonus 2:1,Bonus 2:1
GODFRYPHLP,2025-11-10,dividend,1.000000,17,cash dividend per share,Interim Dividend - Rs 17 Per Share
GODFRYPHLP,2026-08-11,dividend,1.000000,33,cash dividend per share,Dividend - Rs 33 Per Sh
GODREJAGRO,2018-07-23,dividend,1.000000,4.5,cash dividend per share,Annual General Meeting / Dividend- Rs 4.5 Per Share
GODREJAGRO,2019-07-25,dividend,1.000000,4.5,cash dividend per share,Annual General Meeting/ Dividend - Rs 4.50 Per Share
GODREJAGRO,2020-07-22,dividend,1.000000,5.5,cash dividend per share,Annual General Meeting/Dividend - Rs 5.50 Per Share
GODREJAGRO,2021-08-04,dividend,1.000000,8,cash dividend per share,Annual General Meeting/Dividend - Rs 8 Per Share
GODREJAGRO,2022-07-22,dividend,1.000000,9.5,cash dividend per share,Annual General Meeting/Dividend - Rs. 9.50 Per Share
GODREJAGRO,2023-07-28,dividend,1.000000,9.5,cash dividend per share,Annual General Meeting/Dividend - Rs 9.50 Per Share
GODREJAGRO,2024-07-26,dividend,1.000000,10,cash dividend per share,Annual General Meeting/Dividend - Rs 10 Per Share
GODREJAGRO,2025-07-31,dividend,1.000000,11,cash dividend per share,Dividend - Rs 11 Per Share
GODREJAGRO,2026-07-29,dividend,1.000000,11,cash dividend per share,Dividend - Rs 11 Per Share
GODREJIND,2007-07-18,dividend,1.000000,1,cash dividend per share,Agm/Div-Re.1/- Per Sh
GODREJIND,2008-07-18,dividend,1.000000,1.25,cash dividend per share,Agm/Dividend-125%
GODREJIND,2009-07-20,dividend,1.000000,1.25,cash dividend per share,Agm/Div.Rs.1.25/-Pershare
GODREJIND,2010-07-16,dividend,1.000000,1.5,cash dividend per share,Final Dividend-Rs.1.50 Per Share
GODREJIND,2011-07-21,dividend,1.000000,1.75,cash dividend per share,Annual General Meeting And Dividend Rs.1.75 Per Share
GODREJIND,2012-08-02,dividend,1.000000,1.75,cash dividend per share,Annual General Meeting/Dividend Rs 1.75 Per Share
GODREJIND,2013-08-01,dividend,1.000000,1.75,cash dividend per share,Annual General Meeting / Dividend - Rs.1.75/- Per Equity Share
GODREJIND,2014-07-31,dividend,1.000000,1.75,cash dividend per share,Annual General Meeting / Final Dividend - Rs 1.75/- Per Share
GODREJIND,2015-01-05,bonus,0.999201,,bonus 1:1250,Bonus 1 : 1250
GODREJIND,2015-07-31,dividend,1.000000,1.75,cash dividend per share,Annual General Meeting/ Dividend - Rs 1.75/- Per Share
GODREJIND,2016-03-15,dividend,1.000000,1.75,cash dividend per share,Interim Dividend - Re 1.75 Per Share (Purpose Revised)
GODREJIND,2017-08-02,dividend,1.000000,1.75,cash dividend per share,Dividend - Rs 1.75 Per Share
GODREJIND,2018-08-02,dividend,1.000000,1.75,cash dividend per share,Dividend- Rs 1.75 Per Share
GODREJIND,2019-08-02,dividend,1.000000,1.15,cash dividend per share,Annual General Meeting/ Dividend - Re 1.15
GODREJPROP,2010-07-08,dividend,1.000000,4,cash dividend per share,Final Dividend-Rs.4/- Per Share
GODREJPROP,2011-07-14,dividend,1.000000,4.5,cash dividend per share,Dividend-Rs.4.50 Per Share
GODREJPROP,2012-07-19,dividend,1.000000,3,cash dividend per share,Annual General Meeting And Dividend - Rs.3/- Per Share
GODREJPROP,2013-07-02,dividend,1.000000,4,cash dividend per share,Annual General Meeting And Dividend - Rs.4/- Per Share
GODREJPROP,2013-08-19,rights,0.927778,,"rights 8:29 at 320, theoretical ex-rights price",Rights 8:29 @ Premium Rs.315/- Per Equity Share
GODREJPROP,2013-11-21,split,0.500000,,face value 10 to 5,Face Value Split From Rs.10/- To Rs.5/-
GODREJPROP,2014-07-28,dividend,1.000000,2,cash dividend per share,Annual General Meeting And Dividend - Rs.2/- Per Share
GODREJPROP,2015-07-27,dividend,1.000000,2,cash dividend per share,Annual General Meeting/Dividend - Rs 2/- Per Share
GODREJPROP,2026-07-28,dividend,1.000000,10,cash dividend per share,Dividend - Rs 10 Per Share
GPPL,2016-08-03,dividend,1.000000,1.9,cash dividend per share,Annual General Meeting/ Dividend - Rs 1.90/- Per Share
GPPL,2016-11-16,dividend,1.000000,2,cash dividend per share,Interim Dividend Rs 2/- Per Share
GPPL,2017-08-02,dividend,1.000000,1.8,cash dividend per share,Annual General Meeting/Dividend - Rs 1.80 Per Share
GPPL,2017-11-13,dividend,1.000000,1.7,cash dividend per share,Interim Dividend - Rs 1.70 Per Share
GPPL,2018-08-01,dividend,1.000000,1.7,cash dividend per share,Annual General Meeting / Dividend- Rs 1.70 Per Share
GPPL,2018-11-13,dividend,1.000000,1.7,cash dividend per share,Interim Dividend Rs - Rs 1.70 Per Share
GPPL,2019-07-30,dividend,1.000000,1.8,cash dividend per share,Annual General Meeting/ Dividend - Rs 1.80 Per Share
GPPL,2019-11-06,dividend,1.000000,2.1,cash dividend per share,Interim Dividend - Rs 2.10 Per Share
GPPL,2020-07-29,dividend,1.000000,3.5,cash dividend per share,Dividend - Rs 3.50 Per Sh
GPPL,2020-11-24,dividend,1.000000,2.1,cash dividend per share,Interim Dividend - Rs 2.1 Per Share
GPPL,2021-08-05,dividend,1.000000,2.4,cash dividend per share,Dividend - Rs 2.40 Per Share
GPPL,2021-11-24,dividend,1.000000,1.6,cash dividend per share,Interim Dividend - Rs 1.60 Per Share
GPPL,2022-07-26,dividend,1.000000,2.4,cash dividend per share,Annual General Meeting/Dividend - Rs 2.40 Per Share
GPPL,2022-11-18,dividend,1.000000,2.7,cash dividend per share,Interim Dividend - Rs 2.70 Per Share
GPPL,2023-07-26,dividend,1.000000,3.4,cash dividend per share,Annual General Meeting/Dividend - Rs 3.40 Per Share
GPPL,2023-11-21,dividend,1.000000,3.6,cash dividend per share,Interim Dividend - Rs 3.60 Per Share
GPPL,2024-08-14,dividend,1.000000,3.7,cash dividend per share,Annual General Meeting/Dividend - Rs 3.70 Per Share
GPPL,2024-11-19,dividend,1.000000,4,cash dividend per share,Interim Dividend - Rs 4 Per Share
GPPL,2025-08-28,dividend,1.000000,4.2,cash dividend per share,Dividend - Rs 4.20 Per Share
GPPL,2025-11-12,dividend,1.000000,5.4,cash dividend per share,Interim Dividend - Rs 5.40 Per Share
GPPL,2026-09-02,dividend,1.000000,5,cash dividend per share,Dividend - Rs 5 Per Share
GRAPHITE,2007-03-16,dividend,1.000000,2,cash dividend per share,Interim Dividend-100% Purpose Revised
GRAPHITE,2007-07-16,dividend,1.000000,1,cash dividend per share,Agm/Spl &Fin Dividend-50%
GRAPHITE,2008-07-11,dividend,1.000000,3,cash dividend per share,Agm/Dividend - 150%
GRAPHITE,2009-07-21,dividend,1.000000,3,cash dividend per share,Agm/Div-Rs.3/- Per Share
GRAPHITE,2010-07-14,dividend,1.000000,3.5,cash dividend per share,Annual General Meeting And Dividend Rs.3.50 Per Share
GRAPHITE,2011-07-07,dividend,1.000000,3.5,cash dividend per share,Annual General Meeting And Dividend Rs.3.50 Per Share
GRAPHITE,2012-07-18,dividend,1.000000,3.5,cash dividend per share,Annual General Meeting And Dividend - Rs. 3.50 Per Share
GRAPHITE,2013-07-18,dividend,1.000000,3.5,cash dividend per share,Annual General Meeting / Final Dividend Rs.3.5/- Per Equity Share
GRAPHITE,2014-07-25,dividend,1.000000,3.5,cash dividend per share,Annual General Meeting / Dividend - Rs 3.50/- Per Share
GRAPHITE,2015-08-03,dividend,1.000000,2,cash dividend per share,Dividend - Rs 2/- Per Share (Book Closure Start Date Revised)
GRAPHITE,2016-03-22,dividend,1.000000,2,cash dividend per share,Interim Dividend - Rs 2/- Per Share (Purpose Revised)
GRAPHITE,2017-07-27,dividend,1.000000,2,cash dividend per share,Dividend - Rs 2 Per Share
GRAPHITE,2018-02-15,dividend,1.000000,5,cash dividend per share,Interim Dividend Rs 5/- Per Share
GRAPHITE,2018-07-26,dividend,1.000000,12,cash dividend per share,Dividend- Rs 12 Per Share
GRAPHITE,2018-11-15,dividend,1.000000,20,cash dividend per share,Interim Dividend - Rs 20 Per Share
GRAPHITE,2019-06-20,dividend,1.000000,35,cash dividend per share,Annual General Meeting/Dividend Rs 35 Per Share
GRAPHITE,2020-03-23,dividend,1.000000,2,cash dividend per share,Interim Dividend - Rs 2 Per Share
GRAPHITE,2021-08-09,dividend,1.000000,5,cash dividend per share,Dividend - Rs 5 Per Share
GRAPHITE,2022-07-25,dividend,1.000000,10,cash dividend per share,Dividend - Rs 10 Per Share
GRAPHITE,2023-07-20,dividend,1.000000,8.5,cash dividend per share,Dividend - Rs 8.50 Per Share
GRAPHITE,2024-07-19,dividend,1.000000,11,cash dividend per share,Dividend - Rs 11 Per Share
GRAPHITE,2025-07-17,dividend,1.000000,11,cash dividend per share,Dividend - Rs 11 Per Share
GRAPHITE,2026-07-20,dividend,1.000000,7,cash dividend per share,Dividend - Rs 7 Per Share
GRASIM,2007-03-15,dividend,1.000000,5.5,cash dividend per share,Interim Dividend-275% Purpose Revised
GRASIM,2008-07-22,dividend,1.000000,30,cash dividend per share,Dividend-Rs.30/- Pr Share
GRASIM,2009-07-24,dividend,1.000000,30,cash dividend per share,Dividend-Rs.30/- Pr Share
GRASIM,2010-05-26,demerger,0.852954,,ex-date open (special pre-open price) / previous close,Scheme Of Arrangement
GRASIM,2010-08-10,dividend,1.000000,30,cash dividend per share,Dividend-Rs.30/- Per Share
GRASIM,2011-09-06,dividend,1.000000,20,cash dividend per share,Dividend-Rs.20/- Per Share
GRASIM,2012-08-27,dividend,1.000000,22.5,cash dividend per share,Annual General Meeting/ Dividend Rs 22.50 Per Share
GRASIM,2013-07-31,dividend,1.000000,22.5,cash dividend per share,Annual General Meeting / Dividend - Rs 22.50/- Per Share
GRASIM,2014-08-20,dividend,1.000000,21,cash dividend per share,Dividend - Rs 21/- Per Share
GRASIM,2015-09-03,dividend,1.000000,18,cash dividend per share,Annual General Meeting / Dividend Rs 18/- Per Share
GRASIM,2016-09-07,dividend,1.000000,22.5,cash dividend per share,Dividend - Rs 22.50 Per Share
GRASIM,2016-10-06,split,0.200000,,face value 10 to 2,Face Value Split From Rs 10 To Re 2
GRASIM,2017-07-19,demerger,0.818206,,ex-date open (special pre-open price) / previous close,Scheme Of Arrangement
GRASIM,2017-09-08,dividend,1.000000,5.5,cash dividend per share,Annual General Meeting/Dividend - Rs 5.50 Per Share
GRASIM,2018-08-31,dividend,1.000000,6.2,cash dividend per share,Dividend Rs 6.20 Per Share
GRASIM,2019-08-08,dividend,1.000000,7,cash dividend per share,Annual General Meeting/Dividend - Rs 7 Per Sh
GRASIM,2020-08-26,dividend,1.000000,4,cash dividend per share,Dividend - Rs 4 Per Share
GRASIM,2021-08-12,dividend,1.000000,9,cash dividend per share,Annual General Meeting/Dividend - Rs 5 Per Share/ Special Dividend - Rs 4 Per Share
GRASIM,2022-08-11,dividend,1.000000,10,cash dividend per share,Annual General Meeting/Dividend - Rs 5 Per Share/Special Dividend - Rs 5 Per Share
GRASIM,2023-08-11,dividend,1.000000,10,cash dividend per share,Annual General Meeting/Dividend - Rs 10 Per Share
GRASIM,2024-01-10,rights,0.996040,,"rights 6:179 at 1812, theoretical ex-rights price",Rights 6:179 @ Premium Rs 1810/-
GRASIM,2024-08-06,dividend,1.000000,10,cash dividend per share,Annual General Meeting/Dividend - Rs 10 Per Share
GRASIM,2025-08-12,dividend,1.000000,10,cash dividend per share,Dividend - Rs 10 Per Share
GRASIM,2026-08-07,dividend,1.000000,10,cash dividend per share,Dividend - Rs 10 Per Share
GRINDWELL,2007-03-22,dividend,1.000000,3.5,cash dividend per share,Agm/Int Div-Rs3.50 Per Sh
GRINDWELL,2008-03-19,dividend,1.000000,4,cash dividend per share,Agm/Div-Rs4 Per Share
GRINDWELL,2009-03-20,dividend,1.000000,4,cash dividend per share,Agm/Div-Rs.4/- Per Share
GRINDWELL,2010-06-18,dividend,1.000000,6,cash dividend per share,Annual General Meeting And Dividend Rs.6/- Per Share
GRINDWELL,2011-06-17,dividend,1.000000,6,cash dividend per share,Annual General Meeting/Dividend - Rs.6/- Per Share
GRINDWELL,2012-06-15,dividend,1.000000,6.5,cash dividend per share,Annual General Meeting/Dividend Rs 6.50 Per Share
GRINDWELL,2013-06-14,dividend,1.000000,6.5,cash dividend per share,Annual General Meeting / Final Dividend Rs.6.50/- Per Equity Share
GRINDWELL,2014-07-11,dividend,1.000000,6.5,cash dividend per share,Annual General Meeting / Final Dividend Rs.6.50/- Per Equity Share
GRINDWELL,2015-07-24,dividend,1.000000,6.5,cash dividend per share,Annual General Meeting/ Dividend - Rs 6.50/- Per Share
GRINDWELL,2016-03-22,dividend,1.000000,6.5,cash dividend per share,Interim Dividend - Rs 6.50/- Per Share (Purpose Revised)
GRINDWELL,2016-07-14,bonus,0.500000,,bonus 1:1,Bonus 1:1
GRINDWELL,2017-07-17,dividend,1.000000,4,cash dividend per share,Annual General Meeting/Dividend - Rs 4/- Per Share
GRINDWELL,2018-07-18,dividend,1.000000,5,cash dividend per share,Annual General Meeting/Dividend- Rs 5 Per Share
GRINDWELL,2019-07-17,dividend,1.000000,6,cash dividend per share,Annual General Meeting/Dividend - Rs 6 Per Share
GRINDWELL,2021-07-19,dividend,1.000000,9.5,cash dividend per share,Annual General Meeting/Dividend - Rs 9.50 Per Share
GRINDWELL,2022-07-19,dividend,1.000000,12,cash dividend per share,Annual General Meeting/Dividend - Rs 12 Per Share
GRINDWELL,2023-08-04,dividend,1.000000,14.5,cash dividend per share,Annual General Meeting/Dividend - Rs 14.50 Per Share
GRINDWELL,2024-07-09,dividend,1.000000,17,cash dividend per share,Annual General Meeting/Dividend - Rs 17 Per Share
GRINDWELL,2025-07-15,dividend,1.000000,17,cash dividend per share,Dividend - Rs 17 Per Share
GRINDWELL,2026-07-10,dividend,1.000000,19,cash dividend per share,Dividend - Rs 19 Per Share
GRUH,2007-05-30,dividend,1.000000,0.6,cash dividend per share,Agm/Dividend-30%
GRUH,2008-07-11,dividend,1.000000,0.8,cash dividend per share,Agm/Dividend - 40%
GRUH,2009-06-16,dividend,1.000000,4.8,cash dividend per share,Agm/Div-Rs.4.80/-Pr Share
GRUH,2010-06-15,dividend,1.000000,6.5,cash dividend per share,Agm/Div-Rs.6.50 Per Share
GRUH,2011-06-30,dividend,1.000000,11,cash dividend per share,Annual General Meeting/Final Dividend Rs.8.50 Per Share And Special Dividend Rs.2.50 Per Share
GRUH,2012-06-06,dividend,1.000000,11.5,cash dividend per share,Annual General Meeting/Dividend Rs 11.50 Per Share
GRUH,2012-07-24,split,0.200000,,face value 10 to 2,Face Value Split From Rs 10 To Rs 2
GRUH,2013-06-26,dividend,1.000000,2.5,cash dividend per share,Annual General Meeting/Dividend Rs 2.50 Per Share
GRUH,2014-05-05,dividend,1.000000,3,cash dividend per share,Annual General Meeting / Dividend - Rs 3/- Per Share
GRUH,2014-06-09,bonus,0.500000,,bonus 1:1,Bonus Issue 1 : 1
GRUH,2015-06-16,dividend,1.000000,2,cash dividend per share,Annual General Meeting/Dividend Rs 2/- Per Sahre
GRUH,2016-06-10,dividend,1.000000,2.3,cash dividend per share,Annual General Meeing/ Dividend - Rs 2.30/- Per Share
GRUH,2017-06-05,dividend,1.000000,2.8,cash dividend per share,Annual General Meeting/Dividend - Rs 2.80 Per Share
GRUH,2018-04-23,dividend,1.000000,3.3,cash dividend per share,Annual General Meeting / Dividend Rs. 3.30 Per Share
GRUH,2018-06-06,bonus,0.500000,,bonus 1:1,Bonus 1:1
GRUH,2019-07-09,dividend,1.000000,2,cash dividend per share,Annual General Meeting/ Dividend - Rs 2 Per Share
GSKCONS,2007-10-29,dividend,1.000000,12,cash dividend per share,Int Div-Rs.12.00 Per Sh Purpose Revised
GSKCONS,2008-10-29,dividend,1.000000,10,cash dividend per share,Int Div - Rs. 10/- Per Shpurpose Revised
GSKCONS,2009-04-13,dividend,1.000000,5,cash dividend per share,Agm/Div-Rs.5 Per Share
GSKCONS,2010-04-09,dividend,1.000000,18,cash dividend per share,Agm/Div-Rs.18/- Per Share
GSKCONS,2011-03-11,dividend,1.000000,100,cash dividend per share,Annual General Meeting And Dividend Rs.50/- Per Share (Special Dividend Rs.25/- Per Share And Final Dividend Rs.25/- Per Share)
GSKCONS,2012-03-09,dividend,1.000000,35,cash dividend per share,Annual General Meeting And Dividend Rs.35/- Per Share
GSKCONS,2013-03-19,dividend,1.000000,45,cash dividend per share,Annual General Meeting/Dividend Rs 45 Per Share
GSKCONS,2014-07-28,dividend,1.000000,45,cash dividend per share,Annual General Meeting / Dividend - Rs 45/- Per Share (Bc Start Date Revised)
GSKCONS,2015-07-27,dividend,1.000000,55,cash dividend per share,Annual General Meeting/Dividend - Rs. 55/- Per Share
GSKCONS,2016-07-26,dividend,1.000000,70,cash dividend per share,Annual General Meeting/ Dividend - Rs 70/- Per Share
GSKCONS,2017-08-02,dividend,1.000000,70,cash dividend per share,Annual General Meeting/Dividend - Rs 70/- Per Share
GSKCONS,2018-07-31,dividend,1.000000,75,cash dividend per share,Annual General Meeting / Dividend- Rs 75 Per Share
GSKCONS,2019-07-25,dividend,1.000000,105,cash dividend per share,Annual General Meeting/Dividend - Rs 105 Per Share
GSPL,2007-09-10,dividend,1.000000,0.5,cash dividend per share,Agm/Dividend-5%
GSPL,2008-09-15,dividend,1.000000,0.5,cash dividend per share,Agm/Dividend - 5%
GSPL,2009-11-26,dividend,1.000000,0.75,cash dividend per share,Dividend-Re.0.75 Pr Share
GSPL,2010-09-13,dividend,1.000000,1,cash dividend per share,Annual General Meeting And Dividend Re.1/- Per Share
GSPL,2011-09-15,dividend,1.000000,1,cash dividend per share,Dividend-Re.1/- Per Share
GSPL,2012-09-13,dividend,1.000000,1,cash dividend per share,Annual General Meeting And Dividend Re.1/- Per Share
GSPL,2013-09-19,dividend,1.000000,1,cash dividend per share,Annual General Meeting And Dividend Re.1/- Per Share
GSPL,2014-09-18,dividend,1.000000,1,cash dividend per share,Annual General Meeting / Dividend - Re 1/- Per Share
GSPL,2015-09-15,dividend,1.000000,1.2,cash dividend per share,Annual General Meeting/ Dividend - Rs 1.20/- Per Share
GSPL,2016-09-14,dividend,1.000000,1.5,cash dividend per share,Annual General Meeting/Dividend - Rs 1.50 Per Share
GSPL,2017-09-20,dividend,1.000000,1.5,cash dividend per share,Annual General Meeting/Dividend - Rs 1.50 Per Share
GSPL,2018-09-19,dividend,1.000000,1.75,cash dividend per share,Annual General Meeting/Dividend- Rs 1.75 Per Share
GSPL,2019-09-12,dividend,1.000000,2,cash dividend per share,Annual General Meeting/Dividend - Rs 2 Per Share
GSPL,2020-09-09,dividend,1.000000,2,cash dividend per share,Dividend - Rs 2 Per Share
GSPL,2021-09-08,dividend,1.000000,2,cash dividend per share,Dividend - Rs 2 Per Sh
GSPL,2022-09-01,dividend,1.000000,2,cash dividend per share,Dividend - Rs 2 Per Share
GSPL,2023-09-01,dividend,1.000000,5,cash dividend per share,Dividend - Rs 5 Per Share
GSPL,2024-09-06,dividend,1.000000,5,cash dividend per share,Dividend - Rs 5 Per Share
GSPL,2025-09-10,dividend,1.000000,5,cash dividend per share,Dividend - Rs 5 Per Share
GUJENERGY,2015-12-17,dividend,1.000000,5,cash dividend per share,Dividend-Rs 5 Per Share
GUJENERGY,2017-09-20,dividend,1.000000,3,cash dividend per share,Annual General Meeting/Dividend- Rs 3 Per Share
GUJENERGY,2018-09-18,dividend,1.000000,4,cash dividend per share,Dividend Rs 4 Per Share
GUJENERGY,2019-01-15,split,0.200000,,face value 10 to 2,Face Value Split (Sub-Division) - From Rs 10/- Per Share To Rs 2/- Per Share
GUJENERGY,2019-09-12,dividend,1.000000,1,cash dividend per share,Annual General Meeting/Dividend - Rs 1 Per Share
GUJENERGY,2020-09-09,dividend,1.000000,1.25,cash dividend per share,Dividend - Rs 1.25 Per Share
GUJENERGY,2021-09-08,dividend,1.000000,2,cash dividend per share,Dividend - Rs 2 Per Share
GUJENERGY,2022-08-19,dividend,1.000000,2,cash dividend per share,Dividend - Rs 2 Per Share
GUJENERGY,2023-09-11,dividend,1.000000,6.65,cash dividend per share,Dividend - Rs 6.65 Per Share
GUJENERGY,2024-09-09,dividend,1.000000,5.66,cash dividend per share,Dividend - Rs 5.66 Per Share
GUJENERGY,2025-09-04,dividend,1.000000,5.82,cash dividend per share,Dividend - Rs 5.82 Per Share
GUJENERGY,2026-07-02,demerger,0.852941,,ex-date open (special pre-open price) / previous close,Demerger
GUJENERGY,2026-09-11,dividend,1.000000,8.9,cash dividend per share,Dividend - Rs 8.90 Per Share
GVT&D,2008-10-22,split,0.200000,,face value 10 to 2,Fv Split Rs.10/- To Rs.2/Rd Date Revised
GVT&D,2009-04-29,dividend,1.000000,1.8,cash dividend per share,Agm/Dividend - 90% Bc Dates Revised
GVT&D,2010-04-13,dividend,1.000000,1.8,cash dividend per share,Dividend-Rs.1.80 Pr Share
GVT&D,2011-04-26,dividend,1.000000,1.8,cash dividend per share,Dividend-Rs.1.80 Per Share
GVT&D,2011-12-14,demerger,0.761663,,ex-date close / previous close,Scheme Of Arrangement
GVT&D,2012-07-16,dividend,1.000000,1.8,cash dividend per share,Annual General Meeting And Dividend Rs.1.80 Per Share
GVT&D,2013-06-24,dividend,1.000000,1.8,cash dividend per share,Annual General Meeting/ Dividend Rs 1.80/- Per Share
GVT&D,2014-06-25,dividend,1.000000,1.8,cash dividend per share,Annual General Meeting / Dividend - Rs 1.80/- Per Share
GVT&D,2015-07-15,dividend,1.000000,1.8,cash dividend per share,Annual General Meeting/Dividend- Rs 1.80/- Per Share
GVT&D,2016-07-18,dividend,1.000000,1.8,cash dividend per share,Annual General Meeting/Dividend - Rs 1.80/- Per Share
GVT&D,2017-07-17,dividend,1.000000,1.8,cash dividend per share,Annual General Meeting/Dividend - Rs 1.80 Per Share
GVT&D,2018-07-17,dividend,1.000000,1.8,cash dividend per share,Annual General Meeting/Dividend- Rs 1.80 Per Share
GVT&D,2019-07-16,dividend,1.000000,1.8,cash dividend per share,Annual General Meeting/Dividend - Rs 1.80 Per Share
GVT&D,2024-08-28,dividend,1.000000,2,cash dividend per share,Dividend - Rs 2 Per Share
GVT&D,2025-08-22,dividend,1.000000,5,cash dividend per share,Dividend - Rs 5 Per Share
GVT&D,2026-08-21,dividend,1.000000,10,cash dividend per share,Dividend - Rs 10 Per Share
HAL,2019-03-28,dividend,1.000000,19.8,cash dividend per share,Interim Dividend - Rs 19.80 Per Share
HAL,2020-03-23,dividend,1.000000,33.25,cash dividend per share,Interim Dividend - Rs 33.25 Per Share
HAL,2020-12-17,dividend,1.000000,15,cash dividend per share,Interim Dividend - Rs 15 Per Share
HAL,2021-03-05,dividend,1.000000,15,cash dividend per share,Interim Dividend - Rs 15 Per Share
HAL,2021-11-23,dividend,1.000000,14,cash dividend per share,Interim Dividend - Rs 14 Per Share
HAL,2022-02-17,dividend,1.000000,26,cash dividend per share,Interim Dividend - Rs 26 Per Share
HAL,2022-08-19,dividend,1.000000,10,cash dividend per share,Dividend - Rs 10 Per Share
HAL,2022-11-18,dividend,1.000000,20,cash dividend per share,Interim Dividend - Rs 20 Per Share
HAL,2023-03-20,dividend,1.000000,20,cash dividend per share,Interim Dividend - Rs 20 Per Share
HAL,2023-08-24,dividend,1.000000,15,cash dividend per share,Dividend - Rs 15 Per Share
HAL,2023-09-28,split,0.500000,,face value 10 to 5,Face Value Split (Sub-Division) - From Rs 10/- Per Share To Rs 5/- Per Share
HAL,2024-02-20,dividend,1.000000,22,cash dividend per share,Interim Dividend - Rs 22 Per Share
HAL,2024-08-21,dividend,1.000000,13,cash dividend per share,Dividend - Rs 13 Per Share
HAL,2025-02-18,dividend,1.000000,25,cash dividend per share,Interim Dividend - Rs 25 Per Share
HAL,2025-08-21,dividend,1.000000,15,cash dividend per share,Dividend - Rs 15 Per Share
HAL,2026-02-18,dividend,1.000000,35,cash dividend per share,Interim Dividend - Rs 35 Per Share
HAL,2026-08-14,dividend,1.000000,10,cash dividend per share,Dividend - Rs 10 Per Sh
HAPPSTMNDS,2021-06-29,dividend,1.000000,3,cash dividend per share,Annual General Meeting/Dividend - Rs 3 Per Share
HAPPSTMNDS,2021-11-09,dividend,1.000000,1.75,cash dividend per share,Interim Dividend - Rs 1.75 Per Share
HAPPSTMNDS,2022-06-23,dividend,1.000000,2,cash dividend per share,Annual General Meeting/Dividend - Rs 2 Per Share
HAPPSTMNDS,2022-11-02,dividend,1.000000,2,cash dividend per share,Interim Dividend - Rs 2 Per Share
HAPPSTMNDS,2023-07-07,dividend,1.000000,3.4,cash dividend per share,Annual General Meeting/Dividend - Rs 3.40 Per Share
HAPPSTMNDS,2023-10-30,dividend,1.000000,2.5,cash dividend per share,Interim Dividend - Rs 2.50 Per Share
HAPPSTMNDS,2024-06-14,dividend,1.000000,3.25,cash dividend per share,Dividend - Rs 3.25 Per Share
HAPPSTMNDS,2024-11-27,dividend,1.000000,2.5,cash dividend per share,Interim Dividend - Rs 2.50 Per Sh
HAPPSTMNDS,2025-07-18,dividend,1.000000,3.5,cash dividend per share,Dividend - Rs 3.50 Per Share
HAPPSTMNDS,2025-11-04,dividend,1.000000,2.75,cash dividend per share,Interim Dividend - Rs 2.75 Per Share
HAPPSTMNDS,2026-07-17,dividend,1.000000,3.65,cash dividend per share,Dividend - Rs 3.65 Per Share
HATSUN,2015-01-29,dividend,1.000000,0.6,cash dividend per share,Interim Dividend - Re 0.60/- Per Share (Purpose Revised)
HATSUN,2015-06-04,dividend,1.000000,1.2,cash dividend per share,Second Interim Dividend - Rs 1.20 Per Share (Purpose Revised)
HATSUN,2015-07-20,dividend,1.000000,1.5,cash dividend per share,Interim Dividend - Rs 1.50/- Per Share (Purpose Revised)
HATSUN,2015-10-23,dividend,1.000000,1,cash dividend per share,Second Interim Dividend Re.1/- Per Share (Purpose Revised)
HATSUN,2016-03-22,dividend,1.000000,1.5,cash dividend per share,Interim Dividend - Rs 1.50/- Per Share (Purpose Revised)
HATSUN,2016-07-13,bonus,0.714286,,bonus 2:5,Bonus 2:5
HATSUN,2016-08-12,dividend,1.000000,1,cash dividend per share,Annual General Meeting/ Interim Dividend - Re 1/- Per Share (Purpose Revised)
HATSUN,2017-05-05,dividend,1.000000,3,cash dividend per share,Interim Dividend Rs 3/- Per Share
HATSUN,2017-07-20,dividend,1.000000,1,cash dividend per share,Annual General Meeting/Interim Dividend - Re 1/- Per Share (Purpose Revised)
HATSUN,2018-05-31,dividend,1.000000,3,cash dividend per share,Interim Dividend- Rs 3 Per Share / Rights 1:16 @ Premium Rs 554 Per Share
HATSUN,2018-05-31,rights,0.986148,,"rights 1:16 at 555, theoretical ex-rights price",Interim Dividend- Rs 3 Per Share / Rights 1:16 @ Premium Rs 554 Per Share
HATSUN,2019-01-31,dividend,1.000000,2,cash dividend per share,Interim Dividend - Rs 2 Per Share
HATSUN,2019-05-09,dividend,1.000000,2,cash dividend per share,Interim Dividend - Rs 2 Per Share
HATSUN,2019-07-25,dividend,1.000000,2,cash dividend per share,Interim Dividend - Rs 2 Per Share
HATSUN,2020-03-17,dividend,1.000000,2,cash dividend per share,Interim Dividend - Rs 2 Per Share
HATSUN,2020-07-28,dividend,1.000000,8,cash dividend per share,Interim Dividend - Rs 4 Per Share Special Dividend Rs 4 Per Share
HATSUN,2020-12-09,bonus,0.750000,,bonus 1:3,Bonus 1:3
HATSUN,2021-07-22,dividend,1.000000,6,cash dividend per share,Interim Dividend - Rs 6 Per Share
HATSUN,2022-07-26,dividend,1.000000,6,cash dividend per share,Interim Dividend - Rs 6 Per Share
HATSUN,2022-12-07,rights,0.981667,,"rights 1:30 at 419, theoretical ex-rights price",Rights 1:30 @ Premium Rs 418/-
HATSUN,2023-07-27,dividend,1.000000,6,cash dividend per share,Interim Dividend - Rs 6 Per Share
HATSUN,2024-07-24,dividend,1.000000,6,cash dividend per share,Interim Dividend - Rs 6 Per Share
HATSUN,2025-07-24,dividend,1.000000,6,cash dividend per share,Interim Dividend - Rs 6 Per Share
HATSUN,2026-05-26,dividend,1.000000,10,cash dividend per share,Interim Dividend - Rs 10 Per Share
HAVELLS,2007-06-20,dividend,1.000000,0.5,cash dividend per share,Agm/Dividend-50%
HAVELLS,2008-06-26,dividend,1.000000,0.5,cash dividend per share,Agm/Dividend-50%
HAVELLS,2009-08-12,dividend,1.000000,2.5,cash dividend per share,Agm/Div-Rs.2.5 Per Share
HAVELLS,2010-02-09,dividend,1.000000,1.25,cash dividend per share,Int Div-Rs.1.25 Per Share
HAVELLS,2010-09-06,dividend,1.000000,2.5,cash dividend per share,Dividend-Rs.2.50 Per Share
HAVELLS,2010-10-08,bonus,0.500000,,bonus 1:1,Bonus 1:1
HAVELLS,2011-07-22,dividend,1.000000,2.5,cash dividend per share,Annual General Meeting / Dividend - Rs.2.50 Per Share
HAVELLS,2012-07-04,dividend,1.000000,6.5,cash dividend per share,Annual General Meeting And Dividend - Rs.6.50 Per Share
HAVELLS,2013-06-20,dividend,1.000000,7.5,cash dividend per share,Annual General Meeting And Dividend Rs.7.50 Per Share
HAVELLS,2014-03-19,dividend,1.000000,5,cash dividend per share,Interim Dividend - Rs 5/- Per Share (Purpose Revised)
HAVELLS,2014-06-26,dividend,1.000000,10,cash dividend per share,Annual General Meeting / Final Dividend - Rs 10/- Per Share
HAVELLS,2014-08-26,split,0.200000,,face value 5 to 1,Face Value Split From Rs 5/- Per Share To Re 1/- Per Share
HAVELLS,2015-06-29,dividend,1.000000,3,cash dividend per share,Annaul General Meeting/Dividend - Rs 3/- Per Share
HAVELLS,2016-02-10,dividend,1.000000,3,cash dividend per share,Special Dividend - Rs 3/- Per Share (Purpose Revised)
HAVELLS,2016-06-29,dividend,1.000000,3,cash dividend per share,Annual General Meeting/ Dividend -Rs 3/- Per Share
HAVELLS,2017-06-21,dividend,1.000000,3.5,cash dividend per share,Annual General Meeting/Dividend - Rs 3.50 Per Share
HAVELLS,2018-07-04,dividend,1.000000,4,cash dividend per share,Annual General Meeting/Dividend- Rs 4 Per Share
HAVELLS,2019-07-18,dividend,1.000000,4.5,cash dividend per share,Annual General Meeting/Dividend - Rs 4.50 Per Share
HAVELLS,2020-03-16,dividend,1.000000,4,cash dividend per share,Interim Dividend - Rs 4 Per Share
HAVELLS,2021-01-28,dividend,1.000000,3,cash dividend per share,Interim Dividend - Rs 3 Per Share
HAVELLS,2021-06-17,dividend,1.000000,3.5,cash dividend per share,Annual General Meeting/Dividend - Rs 3.50 Per Share
HAVELLS,2021-10-27,dividend,1.000000,3,cash dividend per share,Interim Dividend - Rs 3 Per Share
HAVELLS,2022-06-14,dividend,1.000000,4.5,cash dividend per share,Annual General Meeting/Dividend - Rs 4.50 Per Share
HAVELLS,2023-01-25,dividend,1.000000,3,cash dividend per share,Interim Dividend - Rs 3 Per Share
HAVELLS,2023-06-02,dividend,1.000000,4.5,cash dividend per share,Annual General Meeting/Dividend - Rs 4.50 Per Share
HAVELLS,2024-02-01,dividend,1.000000,3,cash dividend per share,Interim Dividend - Rs 3 Per Share
HAVELLS,2024-05-31,dividend,1.000000,6,cash dividend per share,Annual General Meeting/Dividend - Rs 6 Per Share
HAVELLS,2025-01-22,dividend,1.000000,4,cash dividend per share,Interim Dividend - Rs 4 Per Share
HAVELLS,2025-05-23,dividend,1.000000,6,cash dividend per share,Annual General Meeting/Dividend - Rs 6 Per Share
HAVELLS,2026-01-23,dividend,1.000000,4,cash dividend per share,Interim Dividend - Rs 4 Per Share
HAVELLS,2026-05-22,dividend,1.000000,6,cash dividend per share,Dividend - Rs 6 Per Share
HCLTECH,2007-01-19,dividend,1.000000,4,cash dividend per share,2nd Int Div-Rs.4/- Per Shpurpose Revised
HCLTECH,2007-03-15,bonus,0.500000,,bonus 1:1,Bonus 1:1
HCLTECH,2007-04-23,dividend,1.000000,2,cash dividend per share,3rd Int Div-Rs.2/- Per Shrd Revised/Purpose Revised
HCLTECH,2007-10-23,dividend,1.000000,2,cash dividend per share,1st Int Div-Rs.2/- Per Shpurpose Revised
HCLTECH,2007-11-30,dividend,1.000000,2,cash dividend per share,Agm/Div-Rs.2/- Per Sh
HCLTECH,2008-01-23,dividend,1.000000,2,cash dividend per share,2nd Int Div - Rs 2 Per Sh
HCLTECH,2008-04-21,dividend,1.000000,2,cash dividend per share,3rd Interim Dividend-100%Purpose Revised
HCLTECH,2008-10-22,dividend,1.000000,3,cash dividend per share,Div Final 150%+Int 150% Bc Start Date Revised
HCLTECH,2009-01-28,dividend,1.000000,2,cash dividend per share,2nd Interim Dividend-100%Purpose Revised
HCLTECH,2009-04-24,dividend,1.000000,1,cash dividend per share,3rd Int Div-Re.1/- Per Shpurpose Revised
HCLTECH,2009-10-30,dividend,1.000000,1,cash dividend per share,Int Div-Re.1/- Per Share Purpose Revised
HCLTECH,2009-12-02,dividend,1.000000,1,cash dividend per share,Agm/Div-Re.1/- Per Share
HCLTECH,2010-01-29,dividend,1.000000,1,cash dividend per share,2nd Int Div-Re.1/- Per Shpurpose Revised
HCLTECH,2010-04-26,dividend,1.000000,1,cash dividend per share,Int Div-Re.1/- Per Share Purpose Revised
HCLTECH,2010-10-22,dividend,1.000000,2.5,cash dividend per share,Annual General Meeting/Final Dividend Re.1/- Per Share/Interim Dividend Rs.1.50 Per Share (Purpose Revised)
HCLTECH,2011-01-24,dividend,1.000000,2,cash dividend per share,2nd Interim Dividend-Rs.2/- Per Share (Purpose Revised)
HCLTECH,2011-04-25,dividend,1.000000,2,cash dividend per share,3rd Interim Dividend-Rs.2/- Per Share (Purpose Revised)
HCLTECH,2011-10-21,dividend,1.000000,6,cash dividend per share,Final Dividend Rs.2/- Per Share/Interim Dividend Rs.2/- Per Share/Special Dividend Rs.2/- Per Share/Annual General Meeting (Purpose Revised)
HCLTECH,2012-01-20,dividend,1.000000,2,cash dividend per share,Interim Dividend Rs.2/- Per Share (Purpose Revised)
HCLTECH,2012-04-23,dividend,1.000000,2,cash dividend per share,Interim Dividend Rs.2/- Per Share (Purpose Revised)
HCLTECH,2012-10-19,dividend,1.000000,6,cash dividend per share,Final Dividend Rs.4/- Per Share And Interim Dividend Rs.2/- Per Share (Purpose Revised)
HCLTECH,2013-01-21,dividend,1.000000,2,cash dividend per share,Interim Dividend Of Rs 2/- Per Equity Share (Purpose Revised)
HCLTECH,2013-04-22,dividend,1.000000,2,cash dividend per share,Interim Dividend Of Rs 2/- Per Equity Share (Purpose Revised)
HCLTECH,2013-10-22,dividend,1.000000,2,cash dividend per share,Interim Dividend Rs 2/- Per Share
HCLTECH,2013-12-18,dividend,1.000000,6,cash dividend per share,Annual General Meeting / Final Dividend - Rs 6/- Per Share
HCLTECH,2014-01-22,dividend,1.000000,4,cash dividend per share,Second Interim Dividend Rs. 4/- Per Share
HCLTECH,2014-04-22,dividend,1.000000,4,cash dividend per share,Interim Dividend - Rs 4/- Per Share (Purpose Revised)
HCLTECH,2014-08-05,dividend,1.000000,12,cash dividend per share,Interim Dividend - Rs 12/- Per Share (Purpose Revised)
HCLTECH,2014-10-21,dividend,1.000000,6,cash dividend per share,Interim Dividend Rs.6/- Per Share (Purpose Revised)
HCLTECH,2015-02-04,dividend,1.000000,8,cash dividend per share,Interim Dividend - Rs 8/- Per Share (Purpose Revised)
HCLTECH,2015-03-19,bonus,0.500000,,bonus 1:1,Bonus 1 : 1
HCLTECH,2015-04-24,dividend,1.000000,4,cash dividend per share,Interim Dividend - Rs 4/- Per Share (Purpose Revised)
HCLTECH,2015-08-07,dividend,1.000000,5,cash dividend per share,Interim Dividend - Rs 5/- Per Share (Purpose Revised)
HCLTECH,2015-10-23,dividend,1.000000,5,cash dividend per share,Interim Dividend - Rs 5/- Per Share (Purpose Revised)
HCLTECH,2016-01-27,dividend,1.000000,6,cash dividend per share,Interim Dividend Rs 6/- Per Share (Purpose Revised)
HCLTECH,2016-05-05,dividend,1.000000,6,cash dividend per share,Interim Dividend - Rs 6/- Per Share (Purpose Revised)
HCLTECH,2016-08-10,dividend,1.000000,6,cash dividend per share,Interim Dividend - Rs 6/- Per Share (Purpose Revised)
HCLTECH,2016-10-27,dividend,1.000000,6,cash dividend per share,Interim Dividend - Rs 6/- Per Share (Purpose Revised)
HCLTECH,2017-02-01,dividend,1.000000,6,cash dividend per share,Interim Dividend Rs 6/- Per Share (Purpose Revised)
HCLTECH,2017-05-24,dividend,1.000000,6,cash dividend per share,Buyback/Interim Dividend Rs 6/- Per Share (Purpose Revised)
HCLTECH,2017-08-03,dividend,1.000000,2,cash dividend per share,Interim Dividend - Rs 2/- Per Share
HCLTECH,2017-11-01,dividend,1.000000,2,cash dividend per share,Interim Dividend - Rs 2/- Per Share
HCLTECH,2018-01-29,dividend,1.000000,2,cash dividend per share,Interim Dividend - Rs 2 Per Share (Purpose Revised)
HCLTECH,2018-05-09,dividend,1.000000,2,cash dividend per share,Interim Dividend - Rs 2 Per Share (Purpose Revised)
HCLTECH,2018-10-30,dividend,1.000000,2,cash dividend per share,Interim Dividend - Rs 2 Per Sh
HCLTECH,2019-02-05,dividend,1.000000,2,cash dividend per share,Interim Dividend - Rs 2 Per Share
HCLTECH,2019-05-16,dividend,1.000000,2,cash dividend per share,Interim Dividend - Rs 2 Per Share
HCLTECH,2019-08-14,dividend,1.000000,2,cash dividend per share,Interim Dividend - Rs 2 Per Share
HCLTECH,2019-10-31,dividend,1.000000,2,cash dividend per share,Interim Dividend - Rs 2 Per Sh
HCLTECH,2019-12-05,bonus,0.500000,,bonus 1:1,Bonus 1:1
HCLTECH,2020-01-24,dividend,1.000000,2,cash dividend per share,Interim Dividend - Rs 2 Per Share
HCLTECH,2020-07-23,dividend,1.000000,2,cash dividend per share,Interim Dividend - Rs 2 Per Share
HCLTECH,2020-09-14,dividend,1.000000,2,cash dividend per share,Dividend - Rs 2 Per Share
HCLTECH,2020-10-22,dividend,1.000000,4,cash dividend per share,Interim Dividend - Rs 4 Per Share
HCLTECH,2021-01-21,dividend,1.000000,4,cash dividend per share,Interim Dividend - Rs 4 Per Share
HCLTECH,2021-04-29,dividend,1.000000,16,cash dividend per share,Interim Dividend - Rs 6 Per Share Special Interim Dividend - Rs 10 Per Share
HCLTECH,2021-07-27,dividend,1.000000,6,cash dividend per share,Interim Dividend - Rs 6 Per Share
HCLTECH,2021-10-21,dividend,1.000000,10,cash dividend per share,Interm Dividend - Rs 10 Per Share
HCLTECH,2022-01-20,dividend,1.000000,10,cash dividend per share,Interim Dividend - Rs 10 Per Share
HCLTECH,2022-04-28,dividend,1.000000,18,cash dividend per share,Interim Dividend Rs 18 Per Share
HCLTECH,2022-07-19,dividend,1.000000,10,cash dividend per share,Interim Dividend- Rs 10 Per Share
HCLTECH,2022-10-19,dividend,1.000000,10,cash dividend per share,Interim Dividend - Rs 10 Per Share
HCLTECH,2023-01-19,dividend,1.000000,10,cash dividend per share,Interim Dividend - Rs 10 Per Share
HCLTECH,2023-04-28,dividend,1.000000,18,cash dividend per share,Interim Dividend - Rs 18 Per Share
HCLTECH,2023-07-20,dividend,1.000000,10,cash dividend per share,Dividend - Rs 10 Per Share
HCLTECH,2023-10-20,dividend,1.000000,12,cash dividend per share,Interim Dividend - Rs 12 Per Share
HCLTECH,2024-01-19,dividend,1.000000,12,cash dividend per share,Interim Dividend - Rs 12 Per Share
HCLTECH,2024-05-07,dividend,1.000000,18,cash dividend per share,Interim Dividend - Rs 18 Per Share
HCLTECH,2024-07-23,dividend,1.000000,12,cash dividend per share,Interim Dividend - Rs 12 Per Share
HCLTECH,2024-10-22,dividend,1.000000,12,cash dividend per share,Interim Dividend - Rs 12 Per Share
HCLTECH,2025-01-17,dividend,1.000000,18,cash dividend per share,Interim Dividend - Rs 12 Per Share Special Dividend - Rs 6 Per Share
HCLTECH,2025-04-28,dividend,1.000000,18,cash dividend per share,Interim Dividend - Rs 18 Per Share
HCLTECH,2025-07-18,dividend,1.000000,12,cash dividend per share,Interim Dividend - Rs 12 Per Share
HCLTECH,2025-10-17,dividend,1.000000,12,cash dividend per share,Interim Dividend - Rs 12 Per Share
HCLTECH,2026-01-16,dividend,1.000000,12,cash dividend per share,Interim Dividend - Rs 12 Per Share
HCLTECH,2026-04-24,dividend,1.000000,24,cash dividend per share,Interim Dividend - Rs 24 Per Share
HCLTECH,2026-07-17,dividend,1.000000,12,cash dividend per share,Interim Dividend - Rs 12 Per Share
HDBFS,2025-10-24,dividend,1.000000,2,cash dividend per share,Interim Dividend - Rs 2 Per Share
HDBFS,2026-06-18,dividend,1.000000,2,cash dividend per share,Dividend - Rs 2 Per Share
HDFC,2007-06-12,dividend,1.000000,22,cash dividend per share,Agm/Div - Rs. 22 Per Sh
HDFC,2008-06-27,dividend,1.000000,25,cash dividend per share,Agm/Div-Rs.25 Per Share
HDFC,2009-07-06,dividend,1.000000,30,cash dividend per share,Agm/Div-Rs.30/- Per Share
HDFC,2010-06-29,dividend,1.000000,36,cash dividend per share,Dividend Rs 36 Per Share
HDFC,2010-08-18,split,0.200000,,face value 10 to 2,Face Value Split From Rs.10/- To Rs.2/-
HDFC,2011-06-22,dividend,1.000000,9,cash dividend per share,Dividend-Rs.9/- Per Share
HDFC,2012-06-22,dividend,1.000000,11,cash dividend per share,Annual General Meeting And Dividend - Rs.11/- Per Share
HDFC,2013-06-27,dividend,1.000000,12.5,cash dividend per share,Annual General Meeting/Dividend Rs 12.50 Per Equity Share
HDFC,2014-07-04,dividend,1.000000,14,cash dividend per share,Annual General Meeting / Dividend - Rs 14/- Per Share
HDFC,2015-03-25,dividend,1.000000,2,cash dividend per share,Interim Dividend - Rs 2/- Per Share (Purpose Revised)
HDFC,2015-07-15,dividend,1.000000,13,cash dividend per share,Annual General Meeting/ Dividend - Rs 13/- Per Share
HDFC,2016-03-30,dividend,1.000000,3,cash dividend per share,Interim Dividend - Rs 3/- Per Share (Purpose Revised)
HDFC,2016-07-15,dividend,1.000000,14,cash dividend per share,Annual General Meeting/ Dividend - Rs 14/- Per Share
HDFC,2017-03-09,dividend,1.000000,3,cash dividend per share,Interim Dividend Rs 3/- Per Share (Purpose Revised)
HDFC,2017-07-14,dividend,1.000000,15,cash dividend per share,Dividend - Rs 15/- Per Share
HDFC,2018-03-22,dividend,1.000000,3.5,cash dividend per share,Interim Dividend Rs 3.50 Per Share (Purpose Revised)
HDFC,2018-07-19,dividend,1.000000,16.5,cash dividend per share,Dividend- Rs 16.50 Per Share
HDFC,2019-03-15,dividend,1.000000,3.5,cash dividend per share,Interim Dividend - Rs 3.50 Per Share
HDFC,2019-07-19,dividend,1.000000,17.5,cash dividend per share,Annual General Meeting/Dividend - Rs 17.50 Per Share
HDFC,2020-07-09,dividend,1.000000,21,cash dividend per share,Annual General Meeting/Dividend - Rs 21 Per Share
HDFC,2021-05-31,dividend,1.000000,23,cash dividend per share,Dividend - Rs 23 Per Sh
HDFC,2022-05-31,dividend,1.000000,30,cash dividend per share,Dividend - Rs 30 Per Share
HDFC,2023-05-16,dividend,1.000000,44,cash dividend per share,Interim Dividend - Rs 44 Per Share
HDFCAMC,2019-03-06,dividend,1.000000,12,cash dividend per share,Interim Dividend - Rs 12 Per Share
HDFCAMC,2019-07-04,dividend,1.000000,12,cash dividend per share,Annual General Meeting/Dividend - Rs 12 Per Share
HDFCAMC,2020-07-09,dividend,1.000000,28,cash dividend per share,Annual General Meeting/Dividend - Rs 28 Per Sh
HDFCAMC,2021-06-29,dividend,1.000000,34,cash dividend per share,Annual General Meeting/Dividend - Rs 34 Per Share
HDFCAMC,2022-06-09,dividend,1.000000,42,cash dividend per share,Annual General Meeting/Dividend - Rs 42 Per Share
HDFCAMC,2023-06-09,dividend,1.000000,48,cash dividend per share,Dividend - Rs 48 Per Share
HDFCAMC,2024-06-18,dividend,1.000000,70,cash dividend per share,Interim Dividend - Rs 70 Per Share
HDFCAMC,2025-06-06,dividend,1.000000,90,cash dividend per share,Dividend - Rs 90 Per Share
HDFCAMC,2025-11-26,bonus,0.500000,,bonus 1:1,Bonus 1:1
HDFCAMC,2026-06-05,dividend,1.000000,54,cash dividend per share,Dividend - Rs 54 Per Share
HDFCBANK,2007-05-17,dividend,1.000000,7,cash dividend per share,Agm/Div-Rs.7/- Per Sh
HDFCBANK,2008-04-29,dividend,1.000000,8.5,cash dividend per share,Div-Rs.8.50 Per Share Purpose Revised
HDFCBANK,2009-06-22,dividend,1.000000,10,cash dividend per share,Agm/Div-Rs.10/- Per Share
HDFCBANK,2010-06-10,dividend,1.000000,12,cash dividend per share,Agm/Div-Rs.12/- Per Share
HDFCBANK,2011-06-02,dividend,1.000000,16.5,cash dividend per share,Annual General Meeting And Dividend Rs.16.50 Per Share
HDFCBANK,2011-07-14,split,0.200000,,face value 10 to 2,Face Value Split From Rs.10/- To Rs.2/-
HDFCBANK,2012-06-28,dividend,1.000000,4.3,cash dividend per share,Annual General Meeting And Dividend Rs.4.30 Per Share
HDFCBANK,2013-06-13,dividend,1.000000,5.5,cash dividend per share,Annual General Meeting / Final Dividend Rs.5.50/- Per Equity Share
HDFCBANK,2014-06-05,dividend,1.000000,6.85,cash dividend per share,Annual General Meeting And Dividend - Rs.6.85/- Per Share
HDFCBANK,2015-07-02,dividend,1.000000,8,cash dividend per share,Annual General Meeting/ Dividend - Rs 8/- Per Share
HDFCBANK,2016-06-29,dividend,1.000000,9.5,cash dividend per share,Dividend - Rs 9.50/- Per Share
HDFCBANK,2017-06-29,dividend,1.000000,11,cash dividend per share,Dividend - Rs 11/- Per Share
HDFCBANK,2018-05-31,dividend,1.000000,13,cash dividend per share,Dividend- Rs 13 Per Share
HDFCBANK,2019-06-20,dividend,1.000000,15,cash dividend per share,Dividend Rs 15 Per Sh
HDFCBANK,2019-08-01,dividend,1.000000,5,cash dividend per share,Special Dividend - Rs 5 Per Share
HDFCBANK,2019-09-19,split,0.500000,,face value 2 to 1,Face Value Split (Sub-Division) - From Rs 2 Per Share To Rs 1 Per Share
HDFCBANK,2021-06-29,dividend,1.000000,6.5,cash dividend per share,Dividend - Rs 6.50 Per Share
HDFCBANK,2022-05-12,dividend,1.000000,15.5,cash dividend per share,Dividend - Rs 15.50 Per Share
HDFCBANK,2023-05-16,dividend,1.000000,19,cash dividend per share,Dividend - Rs 19 Per Share
HDFCBANK,2024-05-10,dividend,1.000000,19.5,cash dividend per share,Dividend - Rs 19.50 Per Share
HDFCBANK,2025-06-27,dividend,1.000000,22,cash dividend per share,Dividend - Rs 22 Per Share
HDFCBANK,2025-07-25,dividend,1.000000,5,cash dividend per share,Special Dividend - Rs 5 Per Share
HDFCBANK,2025-08-26,bonus,0.500000,,bonus 1:1,Bonus 1:1
HDFCBANK,2026-06-19,dividend,1.000000,13,cash dividend per share,Dividend - Rs 13 Per Share
HDFCLIFE,2017-12-15,dividend,1.000000,1.36,cash dividend per share,Interim Dividend - Rs 1.36 Per Share (Purpose Revised)
HDFCLIFE,2019-03-14,dividend,1.000000,1.63,cash dividend per share,Interim Dividend - Rs 1.63 Per Share
HDFCLIFE,2021-06-30,dividend,1.000000,2.02,cash dividend per share,Dividend - Rs 2.02 Per Sh
HDFCLIFE,2022-05-31,dividend,1.000000,1.7,cash dividend per share,Dividend - Rs 1.70 Per Share
HDFCLIFE,2023-06-16,dividend,1.000000,1.9,cash dividend per share,Dividend - Rs 1.90 Per Share
HDFCLIFE,2024-06-21,dividend,1.000000,2,cash dividend per share,Dividend - Rs 2 Per Share
HDFCLIFE,2025-06-20,dividend,1.000000,2.1,cash dividend per share,Dividend - Rs 2.10 Per Share
HDFCLIFE,2026-06-19,dividend,1.000000,2.1,cash dividend per share,Dividend - Rs 2.10 Per Share
HEGAM,2007-09-18,dividend,1.000000,1,cash dividend per share,Agm/Dividend-50%
HEGAM,2008-01-11,dividend,1.000000,1.4,cash dividend per share,Interim Dividend - 70% Purpose Revised
HEGAM,2008-09-17,dividend,1.000000,0.6,cash dividend per share,Agm/Dividend - 30%
HEGAM,2009-09-08,dividend,1.000000,6.5,cash dividend per share,Agm/Div-Rs.6.50 Per Share
HEGAM,2010-09-08,dividend,1.000000,10,cash dividend per share,Agm / Dividend Rs 10 Per Share
HEGAM,2011-02-14,dividend,1.000000,5,cash dividend per share,Interim Dividend-Rs.5/- Per Share (Purpose Revised)
HEGAM,2011-09-02,dividend,1.000000,5,cash dividend per share,Annual General Meeting And Dividend - Rs 5.00 Per Share
HEGAM,2012-09-07,dividend,1.000000,5,cash dividend per share,Annual General Meeting And Dividend Rs.5/- Per Share
HEGAM,2013-09-06,dividend,1.000000,8,cash dividend per share,Annual General Meeting / Final Dividend Rs.8/- Per Equity Share
HEGAM,2014-08-14,dividend,1.000000,6,cash dividend per share,Annual General Meeting/Dividend Rs 6/- Per Share
HEGAM,2015-09-14,dividend,1.000000,3,cash dividend per share,Annual General Meeting/Dividend - Rs 3/- Per Share
HEGAM,2018-02-15,dividend,1.000000,30,cash dividend per share,Interim Dividend Rs 30/- Per Share (Purpose Revised)
HEGAM,2018-07-13,dividend,1.000000,50,cash dividend per share,Annual General Meeting/Dividend- Rs 50 Per Share
HEGAM,2018-11-12,dividend,1.000000,30,cash dividend per share,Interim Dividend - Rs 30 Per Sh
HEGAM,2019-08-09,dividend,1.000000,50,cash dividend per share,Annual General Meeting/Dividend - Rs 50 Per Share
HEGAM,2020-02-17,dividend,1.000000,25,cash dividend per share,Interim Dividend - Rs 25 Per Share
HEGAM,2021-07-19,dividend,1.000000,3,cash dividend per share,Annual General Meeting/Dividend - Rs 3 Per Share
HEGAM,2022-08-24,dividend,1.000000,40,cash dividend per share,Annual General Meeting/Dividend - Rs 40 Per Share
HEGAM,2023-08-24,dividend,1.000000,42.5,cash dividend per share,Annual General Meeting/Dividend - Rs 42.50 Per Share
HEGAM,2024-07-31,dividend,1.000000,22.5,cash dividend per share,Annual General Meeting/Dividend - Rs 22.50 Per Share
HEGAM,2024-10-18,split,0.200000,,face value 10 to 2,Face Value Split (Sub-Division) - From Rs 10/- Per Share To Rs 2/- Per Share
HEGAM,2025-08-13,dividend,1.000000,1.8,cash dividend per share,Dividend - Rs 1.80 Per Share
HEGAM,2026-07-22,dividend,1.000000,3.4,cash dividend per share,Dividend - Rs 3.40 Per Share
HEGAM,2026-09-07,demerger,0.357020,,ex-date open (special pre-open price) / previous close,Demerger
HEROMOTOCO,2007-07-10,dividend,1.000000,17,cash dividend per share,Agm/Dividend-850%
HEROMOTOCO,2008-09-09,dividend,1.000000,19,cash dividend per share,Agm/Dividend - 950%
HEROMOTOCO,2009-08-28,dividend,1.000000,20,cash dividend per share,Agm/Div-Rs.20/- Per Share
HEROMOTOCO,2010-08-30,dividend,1.000000,30,cash dividend per share,Annual General Meeting And Final Dividend Rs.30/- Per Share
HEROMOTOCO,2011-04-20,dividend,1.000000,70,cash dividend per share,Interim Dividend-Rs.70/- Per Share (Purpose Revised)
HEROMOTOCO,2011-08-25,dividend,1.000000,35,cash dividend per share,Annual General Meeting And Dividend Rs.35/- Per Share
HEROMOTOCO,2012-08-07,dividend,1.000000,45,cash dividend per share,Annual General Meeting / Dividend Rs. 45 Per Share
HEROMOTOCO,2013-09-03,dividend,1.000000,60,cash dividend per share,Annual General Meeting And Dividend Rs.60/- Per Share
HEROMOTOCO,2014-07-03,dividend,1.000000,65,cash dividend per share,Annual General Meeting / Dividend - Rs 65/- Per Share
HEROMOTOCO,2014-08-08,dividend,1.000000,30,cash dividend per share,Interim Dividend - Rs 30/- Per Share (Purpose Revised)
HEROMOTOCO,2015-06-01,dividend,1.000000,30,cash dividend per share,Dividend - Rs 30/- Per Share
HEROMOTOCO,2016-03-21,dividend,1.000000,40,cash dividend per share,Interim Dividend - Rs 40/- Per Share
HEROMOTOCO,2016-09-15,dividend,1.000000,32,cash dividend per share,Annual General Meeting/Dividend - Rs 32/- Per Share
HEROMOTOCO,2017-03-16,dividend,1.000000,55,cash dividend per share,Interim Dividend Rs 55/- Per Share
HEROMOTOCO,2017-06-30,dividend,1.000000,30,cash dividend per share,Annual General Meeting/Dividend - Rs 30/- Per Share
HEROMOTOCO,2018-02-15,dividend,1.000000,55,cash dividend per share,Interim Dividend Rs 55/- Per Share
HEROMOTOCO,2018-07-11,dividend,1.000000,40,cash dividend per share,Annual General Meeting / Dividend- Rs 40 Per Share
HEROMOTOCO,2019-02-11,dividend,1.000000,55,cash dividend per share,Interim Dividend - Rs 55 Per Share
HEROMOTOCO,2019-07-16,dividend,1.000000,32,cash dividend per share,Annual General Meeting/Dividend - Rs 32 Per Share
HEROMOTOCO,2020-02-17,dividend,1.000000,65,cash dividend per share,Interim Dividend - Rs 65 Per Sh
HEROMOTOCO,2020-07-30,dividend,1.000000,25,cash dividend per share,Annual General Meeting/Dividend - Rs 25 Per Share
HEROMOTOCO,2021-02-15,dividend,1.000000,70,cash dividend per share,Interim Dividend - Rs 65 Per Share Special Dividend - Rs 5 Per Share
HEROMOTOCO,2021-07-22,dividend,1.000000,35,cash dividend per share,Annual General Meeting/Dividend - Rs 25 Per Share/ Special Dividend - Rs 10 Per Share
HEROMOTOCO,2022-02-21,dividend,1.000000,60,cash dividend per share,Interim Dividend - Rs 60 Per Share
HEROMOTOCO,2022-07-27,dividend,1.000000,35,cash dividend per share,Annual General Meeting/Dividend - Rs 35 Per Share
HEROMOTOCO,2023-02-17,dividend,1.000000,65,cash dividend per share,Interim Dividend - Rs 65 Per Share
HEROMOTOCO,2023-07-27,dividend,1.000000,35,cash dividend per share,Annual General Meeting/Dividend - Rs 35 Per Share
HEROMOTOCO,2024-02-21,dividend,1.000000,100,cash dividend per share,Interim Dividend - Rs 75 Per Share/ Special Dividend - Rs 25 Per Share
HEROMOTOCO,2024-08-01,dividend,1.000000,40,cash dividend per share,Annual General Meeting/Dividend - Rs 40 Per Share
HEROMOTOCO,2025-02-12,dividend,1.000000,100,cash dividend per share,Interim Dividend - Rs 100 Per Share
HEROMOTOCO,2025-07-24,dividend,1.000000,65,cash dividend per share,Dividend - Rs 65 Per Share
HEROMOTOCO,2026-02-11,dividend,1.000000,110,cash dividend per share,Interim Dividend - Rs 110 Per Share
HEROMOTOCO,2026-07-24,dividend,1.000000,75,cash dividend per share,Dividend - Rs 75 Per Share
HEXAWARE,2007-04-18,dividend,1.000000,0.8,cash dividend per share,Agm/Final Dividend-40%
HEXAWARE,2007-08-02,dividend,1.000000,0.8,cash dividend per share,Interim Dividend-40%
HEXAWARE,2008-08-13,dividend,1.000000,0.5,cash dividend per share,Interim Dividend - 25% Purpose Revised
HEXAWARE,2009-04-27,dividend,1.000000,0.5,cash dividend per share,Agm/Dividend - 25%
HEXAWARE,2009-08-13,dividend,1.000000,0.6,cash dividend per share,Int Div-Re.0.60 Per Share
HEXAWARE,2010-04-20,dividend,1.000000,0.8,cash dividend per share,Dividend-Re.0.80 Pr Share
HEXAWARE,2010-08-12,dividend,1.000000,0.6,cash dividend per share,Interim Dividend-Re.0.60 Per Share
HEXAWARE,2011-01-20,dividend,1.000000,1,cash dividend per share,Special Interim Dividend-Re.1/- Per Share
HEXAWARE,2011-02-24,bonus,0.500000,,bonus 1:1,Dividend Rs 1.40 Per Share / Bonus 1:1
HEXAWARE,2011-02-24,dividend,1.000000,1.4,cash dividend per share,Dividend Rs 1.40 Per Share / Bonus 1:1
HEXAWARE,2011-05-26,dividend,1.000000,0.5,cash dividend per share,Interim Dividend - Rs.0.50 Per Share
HEXAWARE,2011-08-05,dividend,1.000000,1,cash dividend per share,Interim Dividend Re.1/- Per Share
HEXAWARE,2011-11-03,dividend,1.000000,1,cash dividend per share,Interim Dividend Re.1/- Per Share
HEXAWARE,2012-03-29,dividend,1.000000,1.5,cash dividend per share,Final Dividend-Rs.1.50 Per Share
HEXAWARE,2012-05-10,dividend,1.000000,1.5,cash dividend per share,Interim Dividend Rs.1.50 Per Share
HEXAWARE,2012-08-09,dividend,1.000000,1.5,cash dividend per share,Interim Dividend Of Rs 1.50 Per Share
HEXAWARE,2012-11-15,dividend,1.000000,1.2,cash dividend per share,Interim Dividend Rs 1.20 Per Share
HEXAWARE,2013-03-26,dividend,1.000000,1.2,cash dividend per share,Annual General Meeting/Dividend Rs 1.20 Per Share
HEXAWARE,2013-05-09,dividend,1.000000,1.2,cash dividend per share,Interim Dividend Rs 1.20 Per Share
HEXAWARE,2013-07-30,dividend,1.000000,1.4,cash dividend per share,Interim Dividend - Rs 1.40/- Per Share
HEXAWARE,2014-02-20,dividend,1.000000,7.5,cash dividend per share,Interim Dividend Rs 7.5/- Per Share
HEXAWARE,2014-03-20,dividend,1.000000,1,cash dividend per share,Annual General Meeting/Final Dividend - Re 1/- Per Share
HEXAWARE,2014-05-09,dividend,1.000000,3,cash dividend per share,Interim Dividend Rs 3/- Per Share
HEXAWARE,2014-07-31,dividend,1.000000,1.6,cash dividend per share,Interim Div-Rs.1.60 Per Share
HEXAWARE,2014-11-12,dividend,1.000000,2.35,cash dividend per share,Interim Divided - Rs 2.35/- Per Share (Purpose Revised)
HEXAWARE,2015-02-18,dividend,1.000000,2.5,cash dividend per share,Interim Dividend - Rs 2.50/- Per Share
HEXAWARE,2015-05-05,dividend,1.000000,2,cash dividend per share,Annual General Meeting/ Interim Dividend Rs. 2/- Per Share (Purpose Revised)
HEXAWARE,2015-08-13,dividend,1.000000,2,cash dividend per share,Interim Dividend - Rs 2/- Per Share
HEXAWARE,2015-11-16,dividend,1.000000,2.25,cash dividend per share,Interim Dividend Rs 2.25 Per Share
HEXAWARE,2016-02-12,dividend,1.000000,2.4,cash dividend per share,Interim Dividend - Rs 2.40/- Per Share
HEXAWARE,2016-05-13,dividend,1.000000,2.5,cash dividend per share,Interim Dividend - Rs 2.50/- Per Share
HEXAWARE,2016-08-08,dividend,1.000000,1,cash dividend per share,Dividend - Re 1/- Per Share
HEXAWARE,2016-11-04,dividend,1.000000,1,cash dividend per share,Interim Dividend - Re 1/- Per Share
HEXAWARE,2017-03-02,dividend,1.000000,1,cash dividend per share,Interim Dividend Re 1/- Per Share
HEXAWARE,2017-05-05,dividend,1.000000,1,cash dividend per share,Interim Dividend Re 1/- Per Share
HEXAWARE,2017-08-10,dividend,1.000000,1,cash dividend per share,Interm Dividend - Re 1/- Per Share
HEXAWARE,2017-11-10,dividend,1.000000,1,cash dividend per share,Interim Dividend - Re 1/- Per Share
HEXAWARE,2018-02-16,dividend,1.000000,1,cash dividend per share,Interim Dividend Re 1/- Per Share
HEXAWARE,2018-05-14,dividend,1.000000,1,cash dividend per share,Interim Dividend- Re 1 Per Share
HEXAWARE,2018-08-02,dividend,1.000000,2.5,cash dividend per share,Interim Dividend- Rs 2.50 Per Share
HEXAWARE,2018-11-02,dividend,1.000000,2.5,cash dividend per share,Interim Dividend - Rs 2.50 Per Share
HEXAWARE,2019-02-08,dividend,1.000000,2.5,cash dividend per share,Interim Dividend - Rs 2.50 Per Share
HEXAWARE,2019-05-07,dividend,1.000000,2.5,cash dividend per share,Interim Dividend - Rs 2.50 Per Share
HEXAWARE,2019-08-21,dividend,1.000000,1.5,cash dividend per share,Interim Dividend - Rs 1.50 Per Share
HEXAWARE,2019-11-04,dividend,1.000000,2,cash dividend per share,Interim Dividend -Rs 2 Per Sh
HEXAWARE,2020-03-30,dividend,1.000000,2.5,cash dividend per share,Dividend - Rs 2.50 Per Share
HEXAWARE,2020-06-30,dividend,1.000000,3,cash dividend per share,Interim Dividend - Rs 3 Per Share
HEXAWARE,2020-08-06,dividend,1.000000,1.5,cash dividend per share,Interim Dividend - Rs 1.50 Per Share
HEXT,2025-04-15,dividend,1.000000,5.75,cash dividend per share,Interim Dividend - Rs 5.75 Per Share
HEXT,2025-10-10,dividend,1.000000,5.75,cash dividend per share,Interim Dividend - Rs 5.75 Per Share
HEXT,2026-05-05,dividend,1.000000,8.5,cash dividend per share,Interim Dividend - Rs 8.50 Per Share
HINDALCO,2007-03-16,dividend,1.000000,1.7,cash dividend per share,Interim Dividend-170% Purpose Revised
HINDALCO,2008-08-28,dividend,1.000000,1.85,cash dividend per share,Rhs 3:7@Prem Rs95/Div185%
HINDALCO,2009-09-10,dividend,1.000000,1.35,cash dividend per share,Dividend-Rs.1.35 Pr Share
HINDALCO,2010-08-24,dividend,1.000000,1.35,cash dividend per share,Dividend-Rs.1.35 Per Share
HINDALCO,2011-09-14,dividend,1.000000,1.5,cash dividend per share,Dividend-Rs.1.50 Per Share
HINDALCO,2012-08-31,dividend,1.000000,1.55,cash dividend per share,Annual General Meeting/Dividend Rs 1.55 Per Share
HINDALCO,2013-08-30,dividend,1.000000,1.4,cash dividend per share,Annual General Meeting And Dividend Rs.1.40 Per Share
HINDALCO,2014-09-08,dividend,1.000000,1,cash dividend per share,Annual General Meeting / Dividend - Re 1/- Per Share
HINDALCO,2015-09-07,dividend,1.000000,1,cash dividend per share,Dividend - Re 1 Per Share
HINDALCO,2016-09-06,dividend,1.000000,1,cash dividend per share,Dividend - Re 1/- Per Share
HINDALCO,2017-09-05,dividend,1.000000,1.1,cash dividend per share,Annual General Meeting/Dividend - Rs 1.10 Per Share
HINDALCO,2018-09-12,dividend,1.000000,1.2,cash dividend per share,Dividend- Rs 1.20 Per Share
HINDALCO,2019-08-14,dividend,1.000000,1.2,cash dividend per share,Annual General Meeting/Dividend - Rs 1.20 Per Share
HINDALCO,2020-09-03,dividend,1.000000,1,cash dividend per share,Annual General Meeting/Dividend - Re 1 Per Share
HINDALCO,2021-08-12,dividend,1.000000,3,cash dividend per share,Annual General Meeting/Dividend - Rs 3 Per Share
HINDALCO,2022-08-11,dividend,1.000000,4,cash dividend per share,Annual General Meeting/Dividend - Rs 4 Per Share
HINDALCO,2023-08-14,dividend,1.000000,3,cash dividend per share,Annual General Meeting/Dividend - Rs 3 Per Share
HINDALCO,2024-08-09,dividend,1.000000,3.5,cash dividend per share,Annual General Meeting/Dividend - Rs 3.5 Per Share
HINDALCO,2025-08-08,dividend,1.000000,5,cash dividend per share,Dividend - Rs 5 Per Share
HINDALCO,2026-07-10,dividend,1.000000,5,cash dividend per share,Dividend - Rs 5 Per Share
HINDCOPPER,2010-11-11,dividend,1.000000,0.5,cash dividend per share,Interim Dividend - Rs.0.50/- Per Share
HINDCOPPER,2011-09-02,dividend,1.000000,0.5,cash dividend per share,Annual General Meeting And Dividend Re.0.50 Per Share
HINDCOPPER,2012-09-18,dividend,1.000000,1,cash dividend per share,Annual General Meeting And Dividend Re.1/- Per Share
HINDCOPPER,2013-09-13,dividend,1.000000,1,cash dividend per share,Annual General Meeting And Dividend Re.1/- Per Share
HINDCOPPER,2014-09-05,dividend,1.000000,1,cash dividend per share,Annual General Meeting / Dividend - Re 1 Per Share
HINDCOPPER,2015-08-07,dividend,1.000000,0.15,cash dividend per share,Annual General Meeting/ Dividend - Re 0.15/- Per Share
HINDCOPPER,2017-08-14,dividend,1.000000,0.2,cash dividend per share,Annual General Meeting/Dividend - Re 0.20 Per Share
HINDCOPPER,2018-09-18,dividend,1.000000,0.25,cash dividend per share,Annual General Meeting/Dividend Re 0.25 Per Share
HINDCOPPER,2019-07-23,dividend,1.000000,0.52,cash dividend per share,Annual General Meeting/Dividend - Rs 0.52 Per Share
HINDCOPPER,2021-09-14,dividend,1.000000,0.35,cash dividend per share,Annual General Meeting/Dividend - Rs 0.35 Per Share
HINDCOPPER,2022-09-20,dividend,1.000000,1.16,cash dividend per share,Annual General Meeting/Dividend - Rs 1.16 Per Share
HINDCOPPER,2023-09-22,dividend,1.000000,0.92,cash dividend per share,Annual General Meeting/Dividend - Re 0.92 Per Share
HINDCOPPER,2024-09-19,dividend,1.000000,0.92,cash dividend per share,Annual General Meeting/Dividend - Re 0.92 Per Share
HINDCOPPER,2025-09-18,dividend,1.000000,1.46,cash dividend per share,Dividend - Rs 1.46 Per Share
HINDCOPPER,2026-02-13,dividend,1.000000,1,cash dividend per share,Interim Dividend - Re 1 Per Share
HINDCOPPER,2026-09-16,dividend,1.000000,1.86,cash dividend per share,Dividend - Rs 1.86 Per Share
HINDPETRO,2007-08-17,dividend,1.000000,12,cash dividend per share,Agm/Final Dividend-120%
HINDPETRO,2008-09-02,dividend,1.000000,3,cash dividend per share,Agm/Dividend - 30%
HINDPETRO,2009-08-13,dividend,1.000000,5.25,cash dividend per share,Agm/Div-Rs.5.25 Per Share
HINDPETRO,2010-09-03,dividend,1.000000,12,cash dividend per share,Annual General Meeting And Final Dividend Rs.12/- Per Share
HINDPETRO,2011-09-08,dividend,1.000000,14,cash dividend per share,Dividend-Rs.14/- Per Share
HINDPETRO,2012-08-30,dividend,1.000000,8.5,cash dividend per share,Annual General Meeting/ Dividend Rs 8.50 Per Share
HINDPETRO,2013-08-14,dividend,1.000000,8.5,cash dividend per share,Annual General Meeting And Dividend Rs.8.50 Per Share
HINDPETRO,2014-08-12,dividend,1.000000,15.5,cash dividend per share,Annual General Meeting / Final Dividend - Rs 15.50/- Per Share
HINDPETRO,2015-09-02,dividend,1.000000,24.5,cash dividend per share,Annual General Meeting/ Dividend - Rs 24.50/- Per Share
HINDPETRO,2016-02-11,dividend,1.000000,11.5,cash dividend per share,Interim Dividend Rs 11.50 Per Share
HINDPETRO,2016-03-17,dividend,1.000000,7,cash dividend per share,Interim Dividend - Rs 7/- Per Share (Purpose Revised)
HINDPETRO,2016-07-28,dividend,1.000000,16,cash dividend per share,Annual General Meeting/ Dividend -Rs 16/- Per Share
HINDPETRO,2016-09-14,bonus,0.333333,,bonus 2:1,Bonus 2:1
HINDPETRO,2017-03-01,dividend,1.000000,22.5,cash dividend per share,Interim Dividend Rs 22.50 Per Share
HINDPETRO,2017-03-24,dividend,1.000000,6.4,cash dividend per share,Interim Dividend Rs 6.40 Per Share
HINDPETRO,2017-07-11,bonus,0.666667,,bonus 1:2,Bonus 1:2/ Dividend - Rs 1.10 Per Share
HINDPETRO,2017-07-11,dividend,1.000000,1.1,cash dividend per share,Bonus 1:2/ Dividend - Rs 1.10 Per Share
HINDPETRO,2018-06-28,dividend,1.000000,2.5,cash dividend per share,Dividend- Rs 2.50 Per Share
HINDPETRO,2019-02-14,dividend,1.000000,6.5,cash dividend per share,Interim Dividend - Rs 6.50 Per Share
HINDPETRO,2019-06-06,dividend,1.000000,9.4,cash dividend per share,Dividend Rs - 9.40 Per Share
HINDPETRO,2020-07-02,dividend,1.000000,9.75,cash dividend per share,Dividend - Rs 9.75 Per Share
HINDPETRO,2021-07-08,dividend,1.000000,22.75,cash dividend per share,Dividend - Rs 22.75 Per Share
HINDPETRO,2022-08-22,dividend,1.000000,14,cash dividend per share,Dividend - Rs 14 Per Share
HINDPETRO,2024-02-07,dividend,1.000000,15,cash dividend per share,Interim Dividend - Rs 15 Per Share
HINDPETRO,2024-06-21,bonus,0.666667,,bonus 1:2,Bonus 1:2
HINDPETRO,2024-08-09,dividend,1.000000,11,cash dividend per share,Dividend - Rs 11 Per Share
HINDPETRO,2025-08-14,dividend,1.000000,10.5,cash dividend per share,Dividend - Rs 10.50 Per Share
HINDPETRO,2025-11-06,dividend,1.000000,5,cash dividend per share,Interim Dividend - Rs 5 Per Share
HINDPETRO,2026-08-14,dividend,1.000000,19.25,cash dividend per share,Dividend - Rs 19.25 Per Share
HINDUNILVR,2007-04-20,dividend,1.000000,3,cash dividend per share,Agm/Fin Div-Rs.3/- Per Sh
HINDUNILVR,2007-08-07,dividend,1.000000,3,cash dividend per share,Int Div-Rs.3/- Per Sh Purpose Revised
HINDUNILVR,2007-11-07,dividend,1.000000,3,cash dividend per share,Pltnm Jub Div-Rs.3 Per Shpurpose Revised
HINDUNILVR,2008-03-17,dividend,1.000000,3,cash dividend per share,Agm/Dividend- Rs.3 Per Sh
HINDUNILVR,2008-08-04,dividend,1.000000,3.5,cash dividend per share,Int Div-Rs.3.50 Per Sharepurpose Revised
HINDUNILVR,2009-06-12,dividend,1.000000,4,cash dividend per share,Agm/Div-Rs.4/- Per Share
HINDUNILVR,2009-11-06,dividend,1.000000,3,cash dividend per share,Int Div-Rs.3/- Per Share Purpose Revised
HINDUNILVR,2010-07-08,dividend,1.000000,3.5,cash dividend per share,Annual General Meeting And Final Dividend Rs.3.50 Per Share
HINDUNILVR,2010-11-01,dividend,1.000000,3,cash dividend per share,Interim Dividend-Rs.3/- Per Share (Purpose Revised)
HINDUNILVR,2011-07-08,dividend,1.000000,3.5,cash dividend per share,Annual General Meeting And Dividend Rs.3.50 Per Share
HINDUNILVR,2011-11-04,dividend,1.000000,3.5,cash dividend per share,Interim Dividend Rs.3.50 Per Share (Purpose Revised)
HINDUNILVR,2012-07-04,dividend,1.000000,4,cash dividend per share,Annual General Meeting And Dividend Rs.4/- Per Share
HINDUNILVR,2012-11-01,dividend,1.000000,12.5,cash dividend per share,Interim Dividend Rs.4.50 Per Share And Special Dividend Rs.8 Per Share (Purpose Revised)
HINDUNILVR,2013-07-10,dividend,1.000000,6,cash dividend per share,Annual General Meeting/Final Dividend Rs.6/- Per Equity Share
HINDUNILVR,2013-10-31,dividend,1.000000,5.5,cash dividend per share,Interim Dividend Rs.5.50 Per Share (Purpose Revised)
HINDUNILVR,2014-06-11,dividend,1.000000,7.5,cash dividend per share,Annual General Meeting/Dividend Rs 7.50/- Per Share
HINDUNILVR,2014-10-31,dividend,1.000000,6,cash dividend per share,Interim Dividend Rs.6/- Per Share (Purpose Revised)
HINDUNILVR,2015-06-19,dividend,1.000000,9,cash dividend per share,Annual General Meeting/ Dividend - Rs 9/- Per Share
HINDUNILVR,2015-10-19,dividend,1.000000,6.5,cash dividend per share,Interim Dividend - Rs 6.50/- Per Share (Purpose Revised)
HINDUNILVR,2016-06-22,dividend,1.000000,9.5,cash dividend per share,Annual General Meeting/ Dividend - Rs 9.50 Per Share
HINDUNILVR,2016-11-01,dividend,1.000000,7,cash dividend per share,Interim Dividend Rs 7/- Per Share (Purpose Revised)
HINDUNILVR,2017-06-22,dividend,1.000000,10,cash dividend per share,Annual General Meeting/Dividend - Rs 10/- Per Share
HINDUNILVR,2017-11-01,dividend,1.000000,8,cash dividend per share,Interim Dividend - Rs 8/- Per Share
HINDUNILVR,2018-06-21,dividend,1.000000,12,cash dividend per share,Annual General Meeting / Dividend- Rs 12 Per Share
HINDUNILVR,2018-10-25,dividend,1.000000,9,cash dividend per share,Interim Dividend - Rs 9 Per Share (Date And Purpose Revised)
HINDUNILVR,2019-06-20,dividend,1.000000,13,cash dividend per share,Annual General Meeting/ Dividend - Rs 13 Per Share
HINDUNILVR,2019-10-23,dividend,1.000000,11,cash dividend per share,Interim Dividend - Rs 11 Per Sh
HINDUNILVR,2020-06-19,dividend,1.000000,14,cash dividend per share,Annual General Meeting/Dividend - Rs 14 Per Share
HINDUNILVR,2020-07-30,dividend,1.000000,9.5,cash dividend per share,Special Dividend - Rs 9.50 Per Share
HINDUNILVR,2020-10-28,dividend,1.000000,14,cash dividend per share,Interim Dividend - Rs 14 Per Share
HINDUNILVR,2021-06-14,dividend,1.000000,17,cash dividend per share,Annual General Meeting/Dividend - Rs 17 Per Sh
HINDUNILVR,2021-10-26,dividend,1.000000,15,cash dividend per share,Interim Dividend - Rs 15 Per Share
HINDUNILVR,2022-06-15,dividend,1.000000,19,cash dividend per share,Annual General Meeting/Dividend - Rs 19 Per Share
HINDUNILVR,2022-11-01,dividend,1.000000,17,cash dividend per share,Interim Dividend - Rs 17 Per Share
HINDUNILVR,2023-06-19,dividend,1.000000,22,cash dividend per share,Annual General Meeting/Dividend - Rs 22 Per Share
HINDUNILVR,2023-11-02,dividend,1.000000,18,cash dividend per share,Interim Dividend - Rs 18 Per Share
HINDUNILVR,2024-06-14,dividend,1.000000,24,cash dividend per share,Annual General Meeting/Dividend - Rs 24 Per Share
HINDUNILVR,2024-11-06,dividend,1.000000,29,cash dividend per share,Interim Dividend - Rs 19 Per Share/Special Dividend - Rs 10 Per Share
HINDUNILVR,2025-06-23,dividend,1.000000,24,cash dividend per share,Dividend - Rs 24 Per Share
HINDUNILVR,2025-11-07,dividend,1.000000,19,cash dividend per share,Interim Dividend - Rs 19 Per Share
HINDUNILVR,2025-12-05,demerger,0.983673,,ex-date open (special pre-open price) / previous close,Demerger
HINDUNILVR,2026-06-23,dividend,1.000000,22,cash dividend per share,Dividend - Rs 22 Per Share
HINDZINC,2007-02-08,dividend,1.000000,0.5,cash dividend per share,Interim Dividend-25%
HINDZINC,2007-09-12,dividend,1.000000,0.5,cash dividend per share,Agm/Dividend-25%
HINDZINC,2007-11-08,dividend,1.000000,0.5,cash dividend per share,Interim Dividend-25%
HINDZINC,2008-08-12,dividend,1.000000,0.5,cash dividend per share,Agm/Dividend - 25%
HINDZINC,2009-07-29,dividend,1.000000,0.8,cash dividend per share,Agm/Dividend-40%
HINDZINC,2010-07-22,dividend,1.000000,6,cash dividend per share,Annual General Meeting And Dividend Rs.6/- Per Share
HINDZINC,2011-03-07,bonus,0.500000,,bonus 1:1,Bonus - 1:1 And Face Value Split From Rs. 10 To Rs. 2
HINDZINC,2011-03-07,split,0.200000,,face value 10 to 2,Bonus - 1:1 And Face Value Split From Rs. 10 To Rs. 2
HINDZINC,2011-06-16,dividend,1.000000,1,cash dividend per share,Dividend-Re.1/- Per Share
HINDZINC,2011-10-25,dividend,1.000000,1.5,cash dividend per share,Interim Dividend Rs.1.50 Per Share (Purpose Revised)
HINDZINC,2012-06-28,dividend,1.000000,0.9,cash dividend per share,Annual General Meeting And Dividend Re.0.90 Per Share
HINDZINC,2012-10-23,dividend,1.000000,1.6,cash dividend per share,Interim Dividend Rs.1.60 Per Share (Purpose Revised)
HINDZINC,2013-05-09,dividend,1.000000,1.5,cash dividend per share,Annual General Meeting /Final Dividend Rs 1.50 Per Share
HINDZINC,2013-10-28,dividend,1.000000,1.6,cash dividend per share,Interim Dividend Rs.1.60 Per Share (Purpose Revised)
HINDZINC,2014-05-19,dividend,1.000000,1.9,cash dividend per share,Annual General Meeting / Final Dividend - Rs 1.90/- Per Share
HINDZINC,2014-09-22,dividend,1.000000,1.9,cash dividend per share,Interim Dividend Rs.1.90 Per Share (Purpose Revised)
HINDZINC,2015-05-12,dividend,1.000000,2.5,cash dividend per share,Dividend Rs 2.50 Per Share
HINDZINC,2015-10-23,dividend,1.000000,3.8,cash dividend per share,Interim Dividend Rs.1.90 Per Share And Special Interim Dividend Rs.1.90 Per Share (Purpose Revised)
HINDZINC,2016-04-06,dividend,1.000000,24,cash dividend per share,Special Dividend - Rs 24/- Per Share (Purpose Revised)
HINDZINC,2016-11-04,dividend,1.000000,1.9,cash dividend per share,Interim Dividend - Rs 1.90 Per Share (Record Date Revised)
HINDZINC,2017-03-29,dividend,1.000000,27.5,cash dividend per share,Special Interim Dividend Rs 27.50 Per Share (Purpose Revised)
HINDZINC,2017-11-01,dividend,1.000000,2,cash dividend per share,Interim Dividend - Rs 2/- Per Share
HINDZINC,2018-03-23,dividend,1.000000,15,cash dividend per share,Interim Dividend Rs 6/- Per Share 9purpose Revised)
HINDZINC,2018-10-31,dividend,1.000000,20,cash dividend per share,Interim Dividend - Rs 20 Per Share
HINDZINC,2020-05-19,dividend,1.000000,16.5,cash dividend per share,Interim Dividend - Rs 16.5 Per Share
HINDZINC,2020-10-27,dividend,1.000000,21.3,cash dividend per share,Interim Dividend - Rs 21.30 Per Share
HINDZINC,2021-12-14,dividend,1.000000,18,cash dividend per share,Interim Dividend - Rs 18 Per Share
HINDZINC,2022-07-20,dividend,1.000000,21,cash dividend per share,Interim Dividend- Rs 21 Per Share
HINDZINC,2022-11-23,dividend,1.000000,15.5,cash dividend per share,Interim Dividend - Rs 15.50 Per Share
HINDZINC,2023-01-30,dividend,1.000000,13,cash dividend per share,Interim Dividend - Rs 13 Per Share
HINDZINC,2023-03-29,dividend,1.000000,26,cash dividend per share,Interim Dividend - Rs 26 Per Share
HINDZINC,2023-07-14,dividend,1.000000,7,cash dividend per share,Interim Dividend - Rs 7 Per Share
HINDZINC,2023-12-14,dividend,1.000000,6,cash dividend per share,Interim Dividend - Rs 6 Per Share
HINDZINC,2024-05-15,dividend,1.000000,10,cash dividend per share,Interim Dividend - Rs 10 Per Share
HINDZINC,2024-08-28,dividend,1.000000,19,cash dividend per share,Interim Dividend - Rs 19 Per Share
HINDZINC,2025-06-17,dividend,1.000000,10,cash dividend per share,Interim Dividend - Rs 10 Per Share
HINDZINC,2026-04-30,dividend,1.000000,11,cash dividend per share,Interim Dividend - Rs 11 Per Share
HONAUT,2007-03-29,dividend,1.000000,10,cash dividend per share,Agm/Div-Rs.10/- Per Sh
HONAUT,2008-03-25,dividend,1.000000,10,cash dividend per share,Agm/Dividend Rs.10 Per Sh
HONAUT,2010-03-31,dividend,1.000000,10,cash dividend per share,Dividend-Rs.10 Per Share
HONAUT,2011-03-30,dividend,1.000000,10,cash dividend per share,Dividend-Rs.10/- Per Share
HONAUT,2012-04-03,dividend,1.000000,10,cash dividend per share,Dividend - Rs.10/- Per Share
HONAUT,2013-04-12,dividend,1.000000,10,cash dividend per share,Annual General Meeting / Dividend Rs 10 Per Share
HONAUT,2014-04-10,dividend,1.000000,10,cash dividend per share,Annual General Meeting / Dividend - Rs 10/- Per Share
HONAUT,2015-07-07,dividend,1.000000,12.5,cash dividend per share,Annual General Meeting/ Dividend - Rs 12.50/- Per Share
HONAUT,2016-08-02,dividend,1.000000,10,cash dividend per share,Dividend - Rs 10/- Per Share
HONAUT,2017-08-01,dividend,1.000000,10,cash dividend per share,Dividend - Rs 10 Per Share
HONAUT,2018-07-27,dividend,1.000000,32,cash dividend per share,Dividend- Rs 32 Per Share
HONAUT,2019-08-01,dividend,1.000000,45,cash dividend per share,Dividend - Rs 45 Per Share
HONAUT,2020-08-10,dividend,1.000000,75,cash dividend per share,Annual General Meeting/Dividend - Rs 75 Per Share
HONAUT,2021-08-10,dividend,1.000000,85,cash dividend per share,Dividend - Rs 85 Per Share
HONAUT,2022-08-08,dividend,1.000000,90,cash dividend per share,Dividend - Rs 90 Per Share
HONAUT,2023-08-03,dividend,1.000000,95,cash dividend per share,Annual General Meeting/Dividend - Rs 95 Per Share
HONAUT,2024-07-24,dividend,1.000000,100,cash dividend per share,Annual General Meeting/Dividend - Rs 100 Per Share
HONAUT,2025-06-16,dividend,1.000000,105,cash dividend per share,Dividend - Rs 105 Per Share
HONAUT,2026-07-17,dividend,1.000000,110,cash dividend per share,Dividend - Rs 110 Per Share
HUDCO,2017-09-14,dividend,1.000000,0.05,cash dividend per share,Annual General Meeting/Dividend - Re 0.05
HUDCO,2018-03-08,dividend,1.000000,0.55,cash dividend per share,Interim Dividend - Re 0.55 Per Share (Purpose Revised)
HUDCO,2019-03-20,dividend,1.000000,0.675,cash dividend per share,Interim Dividend - Re 0.675 Per Share
HUDCO,2019-09-12,dividend,1.000000,0.15,cash dividend per share,Dividend - Rs 0.15 Per Share
HUDCO,2020-03-26,dividend,1.000000,0.75,cash dividend per share,Interim Dividend - Rs 0.75 Per Share
HUDCO,2020-09-10,dividend,1.000000,2.35,cash dividend per share,Dividend - Rs 2.35 Per Share
HUDCO,2021-03-25,dividend,1.000000,0.75,cash dividend per share,Interim Dividend - Rs 0.75 Per Share
HUDCO,2021-09-16,dividend,1.000000,1.425,cash dividend per share,Dividend - Rs 1.425 Per Sh
HUDCO,2022-03-29,dividend,1.000000,0.75,cash dividend per share,Interim Dividend - Rs 0.75 Per Share
HUDCO,2022-09-15,dividend,1.000000,2.75,cash dividend per share,Dividend - Rs 2.75 Per Share
HUDCO,2023-03-21,dividend,1.000000,0.75,cash dividend per share,Interim Dividend - Re 0.75 Per Share
HUDCO,2023-09-08,dividend,1.000000,3.1,cash dividend per share,Dividend - Rs 3.10 Per Share
HUDCO,2024-03-28,dividend,1.000000,1.5,cash dividend per share,Interim Dividend - Rs 1.50 Per Share
HUDCO,2024-09-13,dividend,1.000000,2.65,cash dividend per share,Dividend - Rs 2.65 Per Share
HUDCO,2025-01-30,dividend,1.000000,2.05,cash dividend per share,Interim Dividend - Rs 2.05 Per Share
HUDCO,2025-03-13,dividend,1.000000,1.05,cash dividend per share,Interim Dividend - Rs 1.05 Per Share
HUDCO,2025-08-14,dividend,1.000000,1.15,cash dividend per share,Interim Dividend - Rs 1.15 Per Share
HUDCO,2025-09-08,dividend,1.000000,1.05,cash dividend per share,Dividend - Re 1.05 Per Share
HUDCO,2025-11-19,dividend,1.000000,1,cash dividend per share,Interim Dividend - Re 1 Per Share
HUDCO,2026-02-06,dividend,1.000000,1.15,cash dividend per share,Interim Dividend - Rs 1.15 Per Share
HUDCO,2026-03-27,dividend,1.000000,1.25,cash dividend per share,Interim Dividend - Rs 1.25 Per Share
HUDCO,2026-07-31,dividend,1.000000,1.25,cash dividend per share,Interim Dividend - Rs 1.25 Per Share
HUDCO,2026-08-17,dividend,1.000000,1.5,cash dividend per share,Dividend - Rs 1.50 Per Share
ICICIAMC,2026-01-21,dividend,1.000000,14.85,cash dividend per share,Interim Dividend - Rs 14.85 Per Share
ICICIAMC,2026-06-12,dividend,1.000000,12.4,cash dividend per share,Dividend - Rs 12.40 Per Share
ICICIBANK,2007-06-14,dividend,1.000000,2,cash dividend per share,Agm/Dividend -100%
ICICIBANK,2008-07-10,dividend,1.000000,2.2,cash dividend per share,Agm/Dividend - 110%
ICICIBANK,2009-06-11,dividend,1.000000,11,cash dividend per share,Agm/Div-Rs.11/- Per Share
ICICIBANK,2010-06-10,dividend,1.000000,12,cash dividend per share,Annual General Meeting And Dividend Rs.12/- Per Share
ICICIBANK,2011-06-02,dividend,1.000000,14,cash dividend per share,Annual General Meeting And Dividend Rs.14/- Per Share
ICICIBANK,2012-05-31,dividend,1.000000,16.5,cash dividend per share,Annual General Meeting And Dividend Rs.16.50 Per Share
ICICIBANK,2013-05-30,dividend,1.000000,20,cash dividend per share,Annual General Meeting/Dividend Rs.20/- Per Share
ICICIBANK,2014-06-05,dividend,1.000000,23,cash dividend per share,Annual General Meeting/Dividend Rs.23/- Per Share
ICICIBANK,2014-12-04,split,0.200000,,face value 10 to 2,Face Value Split (Sub-Division) - From Rs 10/- Per Share To Rs 2/- Per Share
ICICIBANK,2015-06-04,dividend,1.000000,5,cash dividend per share,Annual General Meeting/ Dividend - Rs 5/- Per Share
ICICIBANK,2016-06-16,dividend,1.000000,5,cash dividend per share,Annual General Meeting/ Dividend - Rs 5/- Per Share
ICICIBANK,2017-06-20,bonus,0.909091,,bonus 1:10,Annual General Meeting/Dividend - Rs 2.50 Per Share/Bonus 1:10 (Revised)
ICICIBANK,2017-06-20,dividend,1.000000,2.5,cash dividend per share,Annual General Meeting/Dividend - Rs 2.50 Per Share/Bonus 1:10 (Revised)
ICICIBANK,2018-08-24,dividend,1.000000,1.5,cash dividend per share,Dividend- Rs 1.50 Per Share (Date Revised)
ICICIBANK,2019-07-22,dividend,1.000000,1,cash dividend per share,Annual General Meeting/Dividend - Re 1 Per Share
ICICIBANK,2021-07-29,dividend,1.000000,2,cash dividend per share,Dividend - Rs 2 Per Share
ICICIBANK,2022-08-08,dividend,1.000000,5,cash dividend per share,Dividend - Rs 5 Per Share
ICICIBANK,2023-08-09,dividend,1.000000,8,cash dividend per share,Dividend - Rs 8 Per Share
ICICIBANK,2024-08-12,dividend,1.000000,10,cash dividend per share,Dividend - Rs 10 Per Share
ICICIBANK,2025-08-12,dividend,1.000000,11,cash dividend per share,Dividend - Rs 11 Per Share
ICICIBANK,2026-08-03,dividend,1.000000,12,cash dividend per share,Dividend - Rs 12 Per Share
ICICIGI,2017-10-26,dividend,1.000000,0.75,cash dividend per share,Interim Dividend - Re 0.75 Per Share
ICICIGI,2018-07-04,dividend,1.000000,2.5,cash dividend per share,Annual General Meeting/Dividend- Rs 2.50 Per Share
ICICIGI,2018-10-29,dividend,1.000000,2.5,cash dividend per share,Interim Dividend - Rs 2.50 Per Share
ICICIGI,2019-06-19,dividend,1.000000,3.5,cash dividend per share,Annual General Meeting/ Dividend - Rs 3.50 Per Share
ICICIGI,2019-10-31,dividend,1.000000,3.5,cash dividend per share,Interim Dividend - Rs 3.50 Per Sh
ICICIGI,2021-03-18,dividend,1.000000,4,cash dividend per share,Interim Dividend - Rs 4 Per Share
ICICIGI,2021-08-02,dividend,1.000000,4,cash dividend per share,Annual General Meeting/Dividend - Rs 4 Per Share
ICICIGI,2021-10-29,dividend,1.000000,4,cash dividend per share,Interim Dividend - Rs 4 Per Sh
ICICIGI,2022-07-28,dividend,1.000000,5,cash dividend per share,Dividend - Rs 5 Per Share
ICICIGI,2022-10-27,dividend,1.000000,4.5,cash dividend per share,Interim Dividend - Rs 4.50 Per Share
ICICIGI,2023-06-12,dividend,1.000000,5.5,cash dividend per share,Dividend - Rs 5.50 Per Share
ICICIGI,2023-10-27,dividend,1.000000,5,cash dividend per share,Interim Dividend - Rs 5 Per Share
ICICIGI,2024-06-07,dividend,1.000000,6,cash dividend per share,Dividend - Rs 6 Per Share
ICICIGI,2024-10-28,dividend,1.000000,5.5,cash dividend per share,Interim Dividend - Rs 5.50 Per Share
ICICIGI,2025-06-06,dividend,1.000000,7,cash dividend per share,Dividend - Rs 7 Per Share
ICICIGI,2025-10-23,dividend,1.000000,6.5,cash dividend per share,Interim Dividend - Rs 6.50 Per Share
ICICIGI,2026-05-29,dividend,1.000000,7,cash dividend per share,Dividend - Rs 7 Per Share
ICICIPRULI,2016-11-02,dividend,1.000000,1.75,cash dividend per share,Interim Dividend Rs 1.75 Per Share (Purpose Revised)
ICICIPRULI,2017-07-07,dividend,1.000000,3.5,cash dividend per share,Annual General Meeting/Dividend - Rs 2.30/- Per Share/Special Dividend Rs 1.20/- Per Share
ICICIPRULI,2017-11-02,dividend,1.000000,3.4,cash dividend per share,Interim Dividend - Rs 2.30 Per Share/ Special Dividend Rs 1.10 Per Share (Purpose Revised)
ICICIPRULI,2018-06-18,dividend,1.000000,3.3,cash dividend per share,Annual General Meeting / Final Dividend- Rs 2.20 Per Share / Special Dividend- Rs 1.10 Per Share
ICICIPRULI,2018-11-01,dividend,1.000000,1.6,cash dividend per share,Interim Dividend - Rs 1.6 Per Share
ICICIPRULI,2019-07-09,dividend,1.000000,1.55,cash dividend per share,Annual General Meeting/Dividend - Rs 1.55 Per Share
ICICIPRULI,2019-10-31,dividend,1.000000,0.8,cash dividend per share,Interim Dividend - Re 0.80 Per Sh
ICICIPRULI,2021-06-16,dividend,1.000000,2,cash dividend per share,Dividend - Rs 2 Per Share
ICICIPRULI,2022-06-16,dividend,1.000000,0.55,cash dividend per share,Dividend - Rs 0.55 Per Share
ICICIPRULI,2023-07-13,dividend,1.000000,0.6,cash dividend per share,Dividend - Re 0.60 Per Share
ICICIPRULI,2024-06-13,dividend,1.000000,0.6,cash dividend per share,Dividend - Re 0.60 Per Share
ICICIPRULI,2025-06-12,dividend,1.000000,0.85,cash dividend per share,Dividend - Re 0.85 Per Share
ICICIPRULI,2026-06-05,dividend,1.000000,1.65,cash dividend per share,Dividend - Rs 1.65 Per Share
IDBI,2007-06-14,dividend,1.000000,1.5,cash dividend per share,Dividend-Rs.1.50 Per Sh
IDBI,2008-07-16,dividend,1.000000,2,cash dividend per share,Agm/Div-Rs.2 Per Share
IDBI,2009-07-09,dividend,1.000000,2.5,cash dividend per share,Agm/Dividend - 25%
IDBI,2010-07-16,dividend,1.000000,3,cash dividend per share,Dividend-Rs.3/- Per Share
IDBI,2011-09-02,dividend,1.000000,3.5,cash dividend per share,Dividend Rs 3.50 Per Share
IDBI,2012-02-09,dividend,1.000000,2,cash dividend per share,Interim Dividend Rs.2/- Per Share
IDBI,2012-08-31,dividend,1.000000,1.5,cash dividend per share,Annual General Meeting/Dividend Of Rs 1.50 Per Share
IDBI,2013-08-29,dividend,1.000000,3.5,cash dividend per share,Annual General Meeting And Dividend Rs.3.50 Per Share
IDBI,2014-01-23,dividend,1.000000,0.725,cash dividend per share,Interim Dividend - Re 0.725/- Per Share
IDBI,2014-06-26,dividend,1.000000,0.275,cash dividend per share,Annual General Meeting / Dividend - Re 0.275/- Per Share
IDBI,2015-08-04,dividend,1.000000,0.75,cash dividend per share,Annual General Meeting/ Dividend - Re 0.75/- Per Share
IDBI,2023-07-06,dividend,1.000000,1,cash dividend per share,Annual General Meeting/Dividend - Re 1 Per Share
IDBI,2024-07-16,dividend,1.000000,1.5,cash dividend per share,Dividend - Rs 1.50 Per Share
IDBI,2025-07-15,dividend,1.000000,2.1,cash dividend per share,Dividend - Rs 2.10 Per Share
IDEA,2013-09-05,dividend,1.000000,0.3,cash dividend per share,Annual General Meeting And Dividend Re.0.30/- Per Share
IDEA,2014-09-18,dividend,1.000000,0.4,cash dividend per share,Annual General Meeting / Final Dividend - Re 0.40/- Per Share
IDEA,2015-09-18,dividend,1.000000,0.6,cash dividend per share,Annual General Meeting/ Dividend - Re 0.60/- Per Share
IDEA,2016-09-22,dividend,1.000000,0.6,cash dividend per share,Annual General Meeting/Dividend - Re 0.60 Per Share
IDEA,2019-03-29,rights,0.604000,,"rights 87:38 at 12.5, theoretical ex-rights price",Rights 87:38 @ Premium Of Rs 2.50 Per Share
IDFC,2007-06-13,dividend,1.000000,1,cash dividend per share,Agm/Div-Re.1/- Per Sh
IDFC,2008-07-10,dividend,1.000000,1.2,cash dividend per share,Agm/Div-Re.1.20 Per Share
IDFC,2009-07-07,dividend,1.000000,1.2,cash dividend per share,Agm/Div-Re.1.20 Per Share
IDFC,2010-06-17,dividend,1.000000,1.5,cash dividend per share,Dividend-Rs.1.50 Per Share
IDFC,2011-07-14,dividend,1.000000,2,cash dividend per share,Dividend-Rs.2/- Per Share
IDFC,2012-06-28,dividend,1.000000,2.3,cash dividend per share,Annual General Meeting/Dividend Rs 2.30 Per Share
IDFC,2013-07-18,dividend,1.000000,2.6,cash dividend per share,Annual General Meeting And Dividend @ Rs 2.60/- Per Equity Share
IDFC,2014-07-17,dividend,1.000000,2.6,cash dividend per share,Annual General Meeting/Dividend @ Rs.2.60 Per Share
IDFC,2015-07-23,dividend,1.000000,2.6,cash dividend per share,Final Dividend - Rs 2.60 Per Share
IDFC,2015-10-01,demerger,0.427862,,ex-date close / previous close,Demerger
IDFC,2017-07-20,dividend,1.000000,0.25,cash dividend per share,Dividend - Re 0.25 Per Share
IDFC,2018-07-23,dividend,1.000000,0.75,cash dividend per share,Dividend- Re 0.75 Per Share
IDFC,2019-09-27,dividend,1.000000,2.5,cash dividend per share,Dividend - Rs 2.50 Per Share
IDFC,2019-11-21,dividend,1.000000,0.65,cash dividend per share,Interim Dividend- Rs 0.65 Per Share
IDFC,2022-04-19,dividend,1.000000,1,cash dividend per share,Interim Dividend - Re 1 Per Share
IDFC,2023-02-13,dividend,1.000000,11,cash dividend per share,Special Dividend - Rs 11 Per Share
IDFC,2024-07-16,dividend,1.000000,1,cash dividend per share,Interim Dividend - Re 1 Per Share
IDFCFIRSTB,2016-07-19,dividend,1.000000,0.25,cash dividend per share,Dividend - Re 0.25/- Per Share
IDFCFIRSTB,2017-07-20,dividend,1.000000,0.75,cash dividend per share,Dividend - Re 0.75 Per Share
IDFCFIRSTB,2018-07-23,dividend,1.000000,0.75,cash dividend per share,Dividend Re 0.75 Per Share
IDFCFIRSTB,2025-07-11,dividend,1.000000,0.25,cash dividend per share,Dividend - Rs 0.25 Per Share
IDFCFIRSTB,2026-08-07,dividend,1.000000,0.25,cash dividend per share,Dividend - Re 0.25 Per Share
IEX,2018-09-10,dividend,1.000000,22,cash dividend per share,Annual General Meeting/Dividend Rs 22 Per Share
IEX,2018-10-19,split,0.100000,,face value 10 to 1,Face Value Split (Sub-Division) - From Rs 10/- Per Share To Re 1/- Per Share
IEX,2020-03-19,dividend,1.000000,2.5,cash dividend per share,Interim Dividend - Rs 2.50 Per Share
IEX,2021-01-28,dividend,1.000000,2.5,cash dividend per share,Interim Dividend - Rs 2.50 Per Share
IEX,2021-08-18,dividend,1.000000,1.5,cash dividend per share,Dividend - Rs 1.50 Per Share
IEX,2021-12-03,bonus,0.333333,,bonus 2:1,Bonus 2:1
IEX,2022-02-03,dividend,1.000000,1,cash dividend per share,Interim Dividend - Re 1 Per Share
IEX,2022-08-11,dividend,1.000000,1,cash dividend per share,Dividend - Re 1 Per Share
IEX,2023-07-28,dividend,1.000000,1,cash dividend per share,Dividend - Re 1 Per Share
IEX,2024-02-02,dividend,1.000000,1,cash dividend per share,Interim Dividend - Re 1 Per Share
IEX,2024-05-31,dividend,1.000000,1.5,cash dividend per share,Dividend - Rs 1.50 Per Share
IEX,2025-01-31,dividend,1.000000,1.5,cash dividend per share,Interim Dividend - Rs 1.50 Per Share
IEX,2025-05-16,dividend,1.000000,1.5,cash dividend per share,Dividend - Rs 1.50 Per Share
IEX,2026-02-04,dividend,1.000000,1.5,cash dividend per share,Interim Dividend - Rs 1.50 Per Share
IEX,2026-05-15,dividend,1.000000,2,cash dividend per share,Dividend - Rs 2 Per Share
IGL,2007-09-04,dividend,1.000000,0.6,cash dividend per share,Agm/Dividend-30%
IGL,2008-07-14,dividend,1.000000,0.8,cash dividend per share,Agm/Dividend - 40%
IGL,2009-07-20,dividend,1.000000,4,cash dividend per share,Agm/Div-Rs.4/- Per Share
IGL,2010-08-17,dividend,1.000000,4.5,cash dividend per share,Annual General Meeting And Dividend Rs.4.50 Per Share
IGL,2011-07-19,dividend,1.000000,5,cash dividend per share,Dividend-Rs.5/- Per Share
IGL,2012-07-24,dividend,1.000000,5,cash dividend per share,Annual General Meeting/ Dividend Rs 5/- Per Share
IGL,2013-08-20,dividend,1.000000,5.5,cash dividend per share,Annual General Meeting/Dividend Rs 5.50/- Per Share
IGL,2014-09-02,dividend,1.000000,5.5,cash dividend per share,Annual General Meeting / Dividend - Rs 5.50/- Per Share
IGL,2015-09-09,dividend,1.000000,6,cash dividend per share,Dividend-Rs 6 Per Share
IGL,2016-09-16,dividend,1.000000,6,cash dividend per share,Annual General Meeting/ Dividend - Rs 6/- Per Share
IGL,2016-11-29,dividend,1.000000,3.5,cash dividend per share,Interim Dividend Rs 3.50 Per Share
IGL,2017-09-18,dividend,1.000000,5,cash dividend per share,Annual General Meeting/Dividend - Rs 5 Per Share
IGL,2017-11-09,split,0.200000,,face value 10 to 2,Face Value Split (Sub-Division) - From Rs 10/- Per Share To Rs 2/- Per Share
IGL,2018-09-14,dividend,1.000000,2,cash dividend per share,Annual General Meeting/Dividend Rs 2 Per Share
IGL,2019-09-12,dividend,1.000000,2.4,cash dividend per share,Annual General Meeting/Dividend - Rs 2.40 Per Share
IGL,2020-09-17,dividend,1.000000,2.8,cash dividend per share,Annual General Meeting/Dividend - Rs 2.80 Per Share
IGL,2021-09-16,dividend,1.000000,3.6,cash dividend per share,Annual General Meeting/Dividend - Rs 3.60 Per Share
IGL,2022-09-15,dividend,1.000000,5.5,cash dividend per share,Annual General Meeting/Dividend - Rs 5.50 Per Share
IGL,2023-02-07,dividend,1.000000,3,cash dividend per share,Interim Dividend - Rs 3 Per Share
IGL,2023-03-31,dividend,1.000000,10,cash dividend per share,Interim Dividend - Rs 10 Per Share
IGL,2023-11-15,dividend,1.000000,4,cash dividend per share,Interim Dividend - Rs 4 Per Share
IGL,2024-09-13,dividend,1.000000,5,cash dividend per share,Annual General Meeting/Dividend - Rs 5 Per Share
IGL,2024-11-12,dividend,1.000000,5.5,cash dividend per share,Interim Dividend - Rs 5.50 Per Share
IGL,2025-01-31,bonus,0.500000,,bonus 1:1,Bonus 1:1
IGL,2025-09-15,dividend,1.000000,1.5,cash dividend per share,Dividend - Rs 1.50 Per Share
IGL,2026-02-18,dividend,1.000000,3.25,cash dividend per share,Interim Dividend - Rs 3.25 Per Share
IGL,2026-10-01,dividend,1.000000,1.5,cash dividend per share,Dividend - Rs 1.50 Per Share
IIFL,2007-03-22,dividend,1.000000,0.6,cash dividend per share,Interim Dividend-30% Purpose Revised
IIFL,2008-06-26,dividend,1.000000,6,cash dividend per share,Agm/Div-Rs.6 Per Share
IIFL,2008-08-08,split,0.200000,,face value 10 to 2,Fv Split Rs.10/- To Rs.2/
IIFL,2009-01-29,dividend,1.000000,2.8,cash dividend per share,Int Div-Rs.2.80 Per Sharepurpose Revised
IIFL,2009-08-17,dividend,1.000000,1.2,cash dividend per share,Int Div-Rs.1.20 Per Sharepurpose Revised
IIFL,2010-01-25,dividend,1.000000,1.8,cash dividend per share,2nd Int Div-Rs.1.80 Pr Shpurpose Revised
IIFL,2011-03-07,dividend,1.000000,3,cash dividend per share,Interim Dividend Rs 3 Per Share (Purpose Revised)
IIFL,2012-05-18,dividend,1.000000,1.5,cash dividend per share,Interim Dividend Rs.1.50 Per Share (Purpose Revised)
IIFL,2013-02-04,dividend,1.000000,3,cash dividend per share,Interim Dividend Rs 3 Per Share (Purpose Revised)
IIFL,2014-02-03,dividend,1.000000,3,cash dividend per share,Interim Dividend - Rs 3/- Per Share (Purpose Revised)
IIFL,2014-09-23,dividend,1.000000,3,cash dividend per share,Interim Dividend Rs.3/- Per Share (Purpose Revised)
IIFL,2016-02-05,dividend,1.000000,4.25,cash dividend per share,Interim Dividend Rs 3/- Per Share + Special Dividend Rs 1.25/- Per Share (Purpose Revised)
IIFL,2017-02-02,dividend,1.000000,4.5,cash dividend per share,Interim Dividend Rs 4.50 Per Share (Purpose Revised)
IIFL,2017-10-17,demerger,1.000000,,no price effect (ex-date move under 3%),Scheme Of Arrangement
IIFL,2018-02-07,dividend,1.000000,5,cash dividend per share,Interim Dividend Rs 5/- Per Share (Purpose Revised)
IIFL,2019-02-06,dividend,1.000000,5,cash dividend per share,Interim Dividend - Rs 5 Per Share
IIFL,2019-05-30,demerger,0.502934,,ex-date open (special pre-open price) / previous close,Scheme Of Arrangement
IIFL,2020-03-19,dividend,1.000000,2.25,cash dividend per share,Interim Dividend - Rs 2.25 Per Share
IIFL,2021-02-04,dividend,1.000000,3,cash dividend per share,Interim Dividend - Rs 3.00 Per Share
IIFL,2022-02-03,dividend,1.000000,3.5,cash dividend per share,Interim Dividend - Rs 3.50 Per Share
IIFL,2023-02-07,dividend,1.000000,4,cash dividend per share,Interim Dividend - Rs 4 Per Share
IIFL,2024-01-25,dividend,1.000000,4,cash dividend per share,Interim Dividend - Rs 4 Per Share
IIFL,2024-04-23,rights,0.971361,,"rights 1:9 at 300, theoretical ex-rights price",Rights 1:9 @ Premium Rs 298/-
IIFL,2026-01-29,dividend,1.000000,4,cash dividend per share,Interim Dividend - Rs 4 Per Share
INDHOTEL,2007-07-18,dividend,1.000000,1.6,cash dividend per share,Dividend-160%
INDHOTEL,2008-04-22,dividend,1.000000,1.9,cash dividend per share,Interim Dividend - 190% Purpose Revised
INDHOTEL,2009-07-17,dividend,1.000000,1.2,cash dividend per share,Dividend-Re.1.20 Pr Share
INDHOTEL,2010-07-23,dividend,1.000000,1,cash dividend per share,Dividend-Re.1/- Per Share
INDHOTEL,2011-07-20,dividend,1.000000,1,cash dividend per share,Annual General Meeting And Dividend Re.1/- Per Share
INDHOTEL,2012-07-18,dividend,1.000000,1,cash dividend per share,Annual General Meeting/Dividend Re.1/- Per Share
INDHOTEL,2013-07-17,dividend,1.000000,0.8,cash dividend per share,Annual General Meeting/Dividend Re 0.80/- Per Share
INDHOTEL,2016-08-12,dividend,1.000000,0.3,cash dividend per share,Annual General Meeting/ Dividend - Re 0.30/- Per Share
INDHOTEL,2017-08-11,dividend,1.000000,0.35,cash dividend per share,Annual General Meeting/Dividend - Re 0.35 Per Share
INDHOTEL,2017-10-04,rights,0.935876,,"rights 1:5 at 75, theoretical ex-rights price",Rights 1:5 @ Premium Rs 74/-
INDHOTEL,2018-07-11,dividend,1.000000,0.4,cash dividend per share,Annual General Meeting/Dividend Re- 0.40 Per Share
INDHOTEL,2019-06-12,dividend,1.000000,0.5,cash dividend per share,Annual General Meeting/Dividend Rs 0.50 Per Share
INDHOTEL,2020-07-17,dividend,1.000000,0.5,cash dividend per share,Annual General Meeting/Dividend - Rs 0.50 Per Share
INDHOTEL,2021-06-14,dividend,1.000000,0.4,cash dividend per share,Annual General Meeting/Dividend - Rs 0.40 Per Share
INDHOTEL,2021-11-11,rights,0.969670,,"rights 1:9 at 150, theoretical ex-rights price",Rights 1:9 @ Premium Rs 149/-
INDHOTEL,2022-06-22,dividend,1.000000,0.4,cash dividend per share,Dividend - Rs 0.40 Per Share
INDHOTEL,2023-06-09,dividend,1.000000,1,cash dividend per share,Annual General Meeting/Dividend - Re 1 Per Share
INDHOTEL,2024-06-07,dividend,1.000000,1.75,cash dividend per share,Dividend - Rs 1.75 Per Share
INDHOTEL,2025-06-30,dividend,1.000000,2.25,cash dividend per share,Dividend - Rs 2.25 Per Sh
INDHOTEL,2026-06-23,dividend,1.000000,3.25,cash dividend per share,Dividend - Rs 3.25 Per Share
INDIAMART,2020-03-12,dividend,1.000000,10,cash dividend per share,Interim Dividend - Rs 10 Per Share
INDIAMART,2021-08-23,dividend,1.000000,15,cash dividend per share,Dividend - Rs 15 Per Share
INDIAMART,2022-09-01,dividend,1.000000,2,cash dividend per share,Dividend - Rs 2 Per Share
INDIAMART,2023-05-11,dividend,1.000000,20,cash dividend per share,Dividend - Rs 20 Per Share
INDIAMART,2023-06-21,bonus,0.500000,,bonus 1:1,Bonus 1:1
INDIAMART,2024-06-07,dividend,1.000000,20,cash dividend per share,Dividend - Rs 20 Per Share
INDIAMART,2025-06-06,dividend,1.000000,50,cash dividend per share,Dividend - Rs 30 Per Share/Special Dividend - Rs 20 Per Share
INDIAMART,2026-06-19,dividend,1.000000,60,cash dividend per share,Dividend - Rs 30 Per Share/ Special Dividend - Rs 30 Per Share
INDIANB,2007-06-15,dividend,1.000000,2,cash dividend per share,Agm/Div Fin-20% + Spl-10%
INDIANB,2008-05-22,dividend,1.000000,4,cash dividend per share,Elec. Of Dir/Agm/Div-40% Purpose Revised
INDIANB,2009-03-09,dividend,1.000000,2,cash dividend per share,Interim Dividend - 20%
INDIANB,2009-06-18,dividend,1.000000,3,cash dividend per share,Agm/Div-Rs.3/- Per Share
INDIANB,2010-03-04,dividend,1.000000,2.5,cash dividend per share,Int Div-Rs.2.50 Per Share
INDIANB,2010-06-07,dividend,1.000000,4,cash dividend per share,Dividend-Rs.4/- Per Share
INDIANB,2011-05-30,dividend,1.000000,7.5,cash dividend per share,Annual General Meeting And Dividend Rs.7.50 Per Share
INDIANB,2012-06-25,dividend,1.000000,7.5,cash dividend per share,Annual General Meeting And Dividend - Rs. 7.50 Per Share
INDIANB,2013-06-24,dividend,1.000000,6.6,cash dividend per share,Annual General Meeting And Dividend Rs.6.60 Per Share
INDIANB,2014-01-20,dividend,1.000000,3,cash dividend per share,Interim Dividend - Rs 3/- Per Share
INDIANB,2014-06-23,dividend,1.000000,1.7,cash dividend per share,Annual General Meeting/Dividend Rs 1.70/- Per Share
INDIANB,2015-06-23,dividend,1.000000,4.2,cash dividend per share,Annual General Meeting/ Dividend - Rs 4.20/- Per Share
INDIANB,2016-06-23,dividend,1.000000,1.5,cash dividend per share,Annual General Meeting/ Dividend - Rs 1.50/- Per Share
INDIANB,2017-06-02,dividend,1.000000,6,cash dividend per share,Annual General Meeting/Dividend - Rs 6/- Per Share
INDIANB,2018-06-21,dividend,1.000000,6,cash dividend per share,Annual General Meeting / Dividend- Rs 6 Per Share
INDIANB,2021-07-08,dividend,1.000000,2,cash dividend per share,Annual General Meeting/Dividend - Rs 2 Per Share
INDIANB,2022-06-14,dividend,1.000000,6.5,cash dividend per share,Annual General Meeting/Dividend - Rs 6.50 Per Share
INDIANB,2023-06-12,dividend,1.000000,8.6,cash dividend per share,Annual General Meeting/Dividend - Rs 8.60 Per Share
INDIANB,2024-06-07,dividend,1.000000,12,cash dividend per share,Dividend - Rs 12 Per Share
INDIANB,2025-06-10,dividend,1.000000,16.25,cash dividend per share,Dividend - Rs 16.25 Per Share
INDIANB,2026-06-10,dividend,1.000000,18.25,cash dividend per share,Dividend - Rs 18.25 Per Share
INDIGO,2016-09-12,dividend,1.000000,15,cash dividend per share,Dividend - Rs 15/- Per Share
INDIGO,2017-08-18,dividend,1.000000,34,cash dividend per share,Annual General Meeting/Dividend - Rs 34/- Per Share
INDIGO,2018-08-02,dividend,1.000000,6,cash dividend per share,Annual General Meeting/Dividend- Rs 6 Per Share
INDIGO,2019-08-19,dividend,1.000000,5,cash dividend per share,Annual General Meeting/Dividend - Rs 5 Per Share
INDIGO,2025-08-13,dividend,1.000000,10,cash dividend per share,Dividend - Rs 10 Per Share
INDUSINDBK,2007-08-31,dividend,1.000000,0.6,cash dividend per share,Agm/Dividend-6% Purpose Revised
INDUSINDBK,2008-09-04,dividend,1.000000,0.6,cash dividend per share,Agm/Dividend - 6% Bc Dates Revised
INDUSINDBK,2009-06-22,dividend,1.000000,1.2,cash dividend per share,Agm/Div-Rs.1.20 Per Share
INDUSINDBK,2010-06-17,dividend,1.000000,1.8,cash dividend per share,Annual General Meeting And Dividend Rs.1.80 Per Share
INDUSINDBK,2011-06-30,dividend,1.000000,2,cash dividend per share,Annual General Meeting And Dividend Rs.2/- Per Share
INDUSINDBK,2012-07-05,dividend,1.000000,2.2,cash dividend per share,Annual General Meeting/Dividend Rs 2.20 Per Share
INDUSINDBK,2013-06-17,dividend,1.000000,3,cash dividend per share,Annual General Meeting / Dividend Rs.3/- Per Equity Share
INDUSINDBK,2014-06-16,dividend,1.000000,3.5,cash dividend per share,Annual General Meeting / Dividend - Rs 3.50/- Per Share
INDUSINDBK,2015-08-07,dividend,1.000000,4,cash dividend per share,Annual General Meeting And Dividend Rs.4/- Per Share
INDUSINDBK,2016-06-23,dividend,1.000000,4.5,cash dividend per share,Annual General Meeting/ Dividend -Rs 4.50/- Per Share
INDUSINDBK,2017-07-18,dividend,1.000000,6,cash dividend per share,Annual General Meeting/Dividend - Rs 6/- Per Share
INDUSINDBK,2018-07-18,dividend,1.000000,7.5,cash dividend per share,Annual General Meeting / Dividend- Rs 7.50 Per Share (Date Revised)
INDUSINDBK,2019-08-08,dividend,1.000000,7.5,cash dividend per share,Annual General Meeting/Dividend - Rs 7.50 Per Share
INDUSINDBK,2021-08-17,dividend,1.000000,5,cash dividend per share,Dividend - Rs 5 Per Share
INDUSINDBK,2022-08-11,dividend,1.000000,8.5,cash dividend per share,Annual General Meeting/Dividend - Rs 8.50 Per Share
INDUSINDBK,2023-06-02,dividend,1.000000,14,cash dividend per share,Dividend - Rs 14 Per Share
INDUSINDBK,2024-06-28,dividend,1.000000,16.5,cash dividend per share,Dividend - Rs 16.50 Per Share
INDUSINDBK,2026-06-25,dividend,1.000000,1.5,cash dividend per share,Dividend - Rs 1.50 Per Share
INDUSTOWER,2013-06-20,dividend,1.000000,3,cash dividend per share,Annual General Meeting And Dividend Rs.3/- Per Share
INDUSTOWER,2014-07-24,dividend,1.000000,8.9,cash dividend per share,Annual General Meeting + Dividend - Rs.4.40/- Per Share + Interim Dividend Rs 4.50/- Per Share(Purpose Revised)
INDUSTOWER,2015-08-03,dividend,1.000000,6.5,cash dividend per share,Annual General Meeting/ Dividend - Rs 6.50/- Per Share
INDUSTOWER,2016-08-09,dividend,1.000000,3,cash dividend per share,Dividend - Rs 3/- Per Share
INDUSTOWER,2017-03-31,dividend,1.000000,12,cash dividend per share,Interm Dividend Rs 12/- Per Share
INDUSTOWER,2017-07-20,dividend,1.000000,4,cash dividend per share,Dividend - Rs 4 Per Share
INDUSTOWER,2018-07-19,dividend,1.000000,14,cash dividend per share,Dividend- Rs 14 Per Share
INDUSTOWER,2018-11-01,dividend,1.000000,7.5,cash dividend per share,Interim Dividend - Rs 7.50 Per Sh
INDUSTOWER,2019-05-07,dividend,1.000000,7.5,cash dividend per share,Interim Dividend - Rs 7.50 Per Share
INDUSTOWER,2019-08-22,dividend,1.000000,3.65,cash dividend per share,Interim Dividend - Rs 3.65 Per Share
INDUSTOWER,2019-12-19,dividend,1.000000,2.75,cash dividend per share,Interim Dividend - Rs 2.75 Per Share
INDUSTOWER,2020-05-05,dividend,1.000000,4.1,cash dividend per share,Interim Dividend - Rs 4.10 Per Share
INDUSTOWER,2020-08-05,dividend,1.000000,2.3,cash dividend per share,Interim Dividend - Rs 2.30 Per Share
INDUSTOWER,2021-02-08,dividend,1.000000,17.82,cash dividend per share,Interim Dividend - Rs 17.82 Per Share
INDUSTOWER,2022-05-13,dividend,1.000000,11,cash dividend per share,Interim Dividend - Rs 11 Per Share
INDUSTOWER,2026-08-10,dividend,1.000000,14,cash dividend per share,Dividend - Rs 14 Per Share
INFY,2007-06-06,dividend,1.000000,6.5,cash dividend per share,Agm/Fin Div-Rs6.50 Per Sh
INFY,2007-10-18,dividend,1.000000,6,cash dividend per share,Int Div-Rs.6/- Per Share Purpose Revised
INFY,2008-05-29,dividend,1.000000,7.25,cash dividend per share,Agm/Div-145%+Spl Div-400%
INFY,2008-10-16,dividend,1.000000,10,cash dividend per share,Interim Dividend - 200% Purpose Revised
INFY,2009-06-04,dividend,1.000000,13.5,cash dividend per share,Agm/Dividend - 270%
INFY,2009-10-15,dividend,1.000000,10,cash dividend per share,Int Div-Rs.10/- Per Sharepurpose Revised
INFY,2010-05-26,dividend,1.000000,15,cash dividend per share,Agm/Div-Rs.15/- Per Share
INFY,2010-10-21,dividend,1.000000,40,cash dividend per share,Interim Dividend Rs.10/- Per Share And Special Dividend Rs.30/- Per Share (Purpose Revised)
INFY,2011-05-26,dividend,1.000000,20,cash dividend per share,Annual General Meeting And Final Dividend Rs.20/- Per Share
INFY,2011-10-20,dividend,1.000000,15,cash dividend per share,Interim Dividend - Rs.15 Per Share (Purpose Revised)
INFY,2012-05-24,dividend,1.000000,32,cash dividend per share,Annual General Meeting / Dividend - Final Rs 22 + Special Rs 10
INFY,2012-10-18,dividend,1.000000,15,cash dividend per share,Interim Dividend Rs.15/- Per Share (Purpose Revised)
INFY,2013-05-30,dividend,1.000000,27,cash dividend per share,Annual General Meeting/Final Dividend Rs.27 Per Share
INFY,2013-10-17,dividend,1.000000,20,cash dividend per share,Interim Dividend Rs.20/- Per Share (Purpose Revised)
INFY,2014-05-29,dividend,1.000000,43,cash dividend per share,Annual General Meeting / Final Dividend - Rs 43/- Per Share
INFY,2014-10-16,dividend,1.000000,30,cash dividend per share,Interim Dividend Rs.30/- Per Share (Purpose Revised)
INFY,2014-12-02,bonus,0.500000,,bonus 1:1,Bonus 1:1
INFY,2015-06-15,bonus,0.500000,,bonus 1:1,Annual General Meeting/ Dividend - Rs 29.50/- Per Share And Bonus 1:1
INFY,2015-06-15,dividend,1.000000,29.5,cash dividend per share,Annual General Meeting/ Dividend - Rs 29.50/- Per Share And Bonus 1:1
INFY,2015-10-16,dividend,1.000000,10,cash dividend per share,Interim Dividend Rs.10/- Per Share (Purpose Revised)
INFY,2016-06-09,dividend,1.000000,14.25,cash dividend per share,Annual General Meeting And Final Dividend Rs.14.25 Per Share
INFY,2016-10-21,dividend,1.000000,11,cash dividend per share,Interim Dividend Rs 11/- Per Share (Purpose Revised)
INFY,2017-06-01,dividend,1.000000,14.75,cash dividend per share,Annual General Meeting/Dividend - Rs 14.75 Per Share
INFY,2017-10-31,dividend,1.000000,13,cash dividend per share,Interim Dividend - Rs 13/- Per Share (Purpose Revised)
INFY,2018-06-14,dividend,1.000000,30.5,cash dividend per share,Annual General Meeting/ Final Dividend Rs 20.50 Per Shar/ Special Dividend - Rs 10 Per Share
INFY,2018-09-04,bonus,0.500000,,bonus 1:1,Bonus 1:1
INFY,2018-10-25,dividend,1.000000,7,cash dividend per share,Interim Dividend - Rs 7 Per Share
INFY,2019-01-24,dividend,1.000000,4,cash dividend per share,Special Dividend - Rs 4 Per Share
INFY,2019-06-13,dividend,1.000000,10.5,cash dividend per share,Annual General Meeting/Dividend- Rs 10.50 Per Share
INFY,2019-10-23,dividend,1.000000,8,cash dividend per share,Interim Dividend - Rs 8 Per Share
INFY,2020-05-29,dividend,1.000000,9.5,cash dividend per share,Dividend - Rs 9.50 Per Share
INFY,2020-10-23,dividend,1.000000,12,cash dividend per share,Interim Dividend - Rs 12 Per Share
INFY,2021-05-31,dividend,1.000000,15,cash dividend per share,Annual General Meeting/Dividend - Rs 15 Per Share
INFY,2021-10-26,dividend,1.000000,15,cash dividend per share,Interim Dividend - Rs 15 Per Sh
INFY,2022-05-31,dividend,1.000000,16,cash dividend per share,Annual General Meeting/Dividend - Rs 16 Per Share
INFY,2022-10-27,dividend,1.000000,16.5,cash dividend per share,Interim Dividend - Rs 16.50 Per Share
INFY,2023-06-02,dividend,1.000000,17.5,cash dividend per share,Annual General Meeting/Dividend - Rs 17.50 Per Share
INFY,2023-10-25,dividend,1.000000,18,cash dividend per share,Interim Dividend - Rs 18 Per Share
INFY,2024-05-31,dividend,1.000000,28,cash dividend per share,Annual General Meeting/Special Dividend - Rs 8 Per Share /Dividend - Rs 20 Per Share
INFY,2024-10-29,dividend,1.000000,21,cash dividend per share,Interim Dividend - Rs 21 Per Share
INFY,2025-05-30,dividend,1.000000,22,cash dividend per share,Dividend - Rs 22 Per Share
INFY,2025-10-27,dividend,1.000000,23,cash dividend per share,Interim Dividend - Rs 23 Per Share
INFY,2026-06-10,dividend,1.000000,25,cash dividend per share,Dividend - Rs 25 Per Share
INOXWIND,2024-05-24,bonus,0.250000,,bonus 3:1,Bonus 3:1
INOXWIND,2025-07-29,rights,0.985730,,"rights 5:78 at 120, theoretical ex-rights price",Rights 5:78 @ Premium Rs 110/-
IOB,2007-05-07,dividend,1.000000,3,cash dividend per share,Agm/Dividend-30%
IOB,2008-05-05,dividend,1.000000,3.5,cash dividend per share,Agm/Dividend - 35% Purpose Revised
IOB,2009-05-21,dividend,1.000000,4.5,cash dividend per share,Agm/Div-Rs.4.50 Per Share
IOB,2010-05-26,dividend,1.000000,3.5,cash dividend per share,Dividend-Rs.3.50 Pr Share
IOB,2011-07-04,dividend,1.000000,5,cash dividend per share,Dividend-Rs.5/- Per Share
IOB,2012-06-21,dividend,1.000000,4.5,cash dividend per share,Annual General Meeting And Dividend Rs.4.50 Per Share
IOB,2013-06-20,dividend,1.000000,2,cash dividend per share,Final Dividend Rs.2/- Per Equity Share
IOB,2014-02-10,dividend,1.000000,0.7,cash dividend per share,Interim Dividend - Re 0.70/- Per Share
IOB,2014-06-19,dividend,1.000000,0.5,cash dividend per share,Annual General Meeting / Final Dividend - Re 0.50/- Per Share
IOC,2007-09-10,dividend,1.000000,13,cash dividend per share,Agm/Final Dividend-130%
IOC,2008-09-09,dividend,1.000000,5.5,cash dividend per share,Agm/Dividend - 55%
IOC,2009-09-02,dividend,1.000000,7.5,cash dividend per share,Dividend-Rs.7.50 Pr Share
IOC,2009-10-29,bonus,0.500000,,bonus 1:1,Bonus 1:1
IOC,2010-09-08,dividend,1.000000,13,cash dividend per share,Annual General Meeting And Dividend Rs.13/- Per Share
IOC,2011-09-15,dividend,1.000000,9.5,cash dividend per share,Dividend-Rs.9.50 Per Share
IOC,2012-09-05,dividend,1.000000,5,cash dividend per share,Annual General Meeting/Dividend Rs 5 Per Share
IOC,2013-08-22,dividend,1.000000,6.2,cash dividend per share,Annual General Meeting / Dividend - Rs 6.20/- Per Share
IOC,2014-08-14,dividend,1.000000,8.7,cash dividend per share,Annual General Meeting/Dividend Rs.8.70/- Per Share
IOC,2015-09-04,dividend,1.000000,6.6,cash dividend per share,Annual General Meeting/ Dividend - Rs 6.60/- Per Share
IOC,2016-02-23,dividend,1.000000,5.5,cash dividend per share,Interim Dividend - Rs 5.50/- Per Share
IOC,2016-09-02,dividend,1.000000,8.5,cash dividend per share,Dividend - Rs 8.50 Per Share
IOC,2016-10-18,bonus,0.500000,,bonus 1:1,Bonus 1:1
IOC,2017-02-09,dividend,1.000000,13.5,cash dividend per share,Interim Dividend Rs 13.50 Per Share
IOC,2017-03-24,dividend,1.000000,4.5,cash dividend per share,Interim Dividend Rs 4.50 Per Share
IOC,2017-08-18,dividend,1.000000,1,cash dividend per share,Annual General Meeting/Dividend - Re 1/- Per Share
IOC,2018-02-08,dividend,1.000000,19,cash dividend per share,Interim Dividend Rs 19/- Per Share
IOC,2018-03-15,bonus,0.500000,,bonus 1:1,Bonus 1:1
IOC,2018-08-20,dividend,1.000000,2,cash dividend per share,Dividend Rs 2 Per Share
IOC,2018-12-21,dividend,1.000000,6.75,cash dividend per share,Interim Dividend - Rs 6.75 Per Share
IOC,2019-03-27,dividend,1.000000,1.5,cash dividend per share,Interim Dividend - Rs 1.50 Per Share
IOC,2019-08-21,dividend,1.000000,1,cash dividend per share,Annual General Meeting/Dividend - Re 1 Per Share
IOC,2020-03-23,dividend,1.000000,4.25,cash dividend per share,Interim Dividend - Rs 4.25 Per Share
IOC,2021-02-09,dividend,1.000000,7.5,cash dividend per share,Interim Dividend - Rs 7.50 Per Share
IOC,2021-03-23,dividend,1.000000,3,cash dividend per share,Interim Dividend - Rs 3 Per Share
IOC,2021-08-05,dividend,1.000000,1.5,cash dividend per share,Dividend - Rs 1.50 Per Share
IOC,2021-11-11,dividend,1.000000,5,cash dividend per share,Interim Dividend - Rs 5 Per Share
IOC,2022-02-09,dividend,1.000000,4,cash dividend per share,Interim Dividend - Rs 4 Per Share
IOC,2022-06-30,bonus,0.666667,,bonus 1:2,Bonus 1:2
IOC,2022-08-11,dividend,1.000000,2.4,cash dividend per share,Dividend - Rs 2.40 Per Share
IOC,2023-07-28,dividend,1.000000,3,cash dividend per share,Dividend - Rs 3 Per Share
IOC,2023-11-10,dividend,1.000000,5,cash dividend per share,Interim Dividend - Rs 5 Per Share
IOC,2024-07-12,dividend,1.000000,7,cash dividend per share,Dividend - Rs 7 Per Share
IOC,2025-08-08,dividend,1.000000,3,cash dividend per share,Dividend - Rs 3 Per Share
IOC,2025-12-18,dividend,1.000000,5,cash dividend per share,Interim Dividend - Rs 5 Per Share
IOC,2026-03-12,dividend,1.000000,2,cash dividend per share,Interim Dividend - Rs 2 Per Share
IOC,2026-08-14,dividend,1.000000,1.25,cash dividend per share,Dividend - Rs 1.25 Per Share
IPCALAB,2007-07-10,dividend,1.000000,0.4,cash dividend per share,Agm/Final Dividend-40%
IPCALAB,2007-11-06,dividend,1.000000,0.35,cash dividend per share,Interim Dividend-35% Purpose Revised
IPCALAB,2008-07-14,dividend,1.000000,0.45,cash dividend per share,Agm/Dividend - 45%
IPCALAB,2008-11-07,dividend,1.000000,0.4,cash dividend per share,Interim Dividend - 40% Purpose Revised
IPCALAB,2009-01-27,dividend,1.000000,0.3,cash dividend per share,2nd Interim Dividend-30% Purpose Revised
IPCALAB,2009-07-20,dividend,1.000000,4,cash dividend per share,Agm/Div-Rs.4/- Per Share
IPCALAB,2009-10-30,dividend,1.000000,5,cash dividend per share,Int Div-Rs.5/- Per Share Purpose Revised
IPCALAB,2010-01-27,dividend,1.000000,4,cash dividend per share,2nd Int Div-Rs.4/- Pr Shrpurpose Revised
IPCALAB,2010-03-22,split,0.200000,,face value 10 to 2,Fv Split Rs.10 To Rs.2
IPCALAB,2010-07-16,dividend,1.000000,1,cash dividend per share,Annual General Meeting And Final Dividend Re.1/- Per Share
IPCALAB,2010-10-28,dividend,1.000000,1,cash dividend per share,Interim Dividend-Re.1/- Per Share (Purpose Revised)
IPCALAB,2011-02-01,dividend,1.000000,1,cash dividend per share,2nd Interim Dividend-Re.1/- Per Share (Purpose Revised)
IPCALAB,2011-07-18,dividend,1.000000,1.2,cash dividend per share,Annual General Meeting And Dividend Rs.1.20 Per Share
IPCALAB,2011-11-03,dividend,1.000000,1,cash dividend per share,Interim Dividend Re.1/- Per Share (Purpose Revised)
IPCALAB,2012-02-07,dividend,1.000000,1,cash dividend per share,2nd Interim Dividend Re.1/- Per Share (Purpose Revised)
IPCALAB,2012-07-20,dividend,1.000000,1.2,cash dividend per share,Annual General Meeting/ Dividend Rs 1.20 Per Share
IPCALAB,2013-07-19,dividend,1.000000,2,cash dividend per share,Annual General Meeting/Dividend Rs 2/- Per Share
IPCALAB,2013-10-31,dividend,1.000000,2.5,cash dividend per share,Interim Dividend Rs.2.50 Per Share (Purpose Revised)
IPCALAB,2014-07-18,dividend,1.000000,2.5,cash dividend per share,Annual General Meeting / Final Dividend - Rs 2.50/- Per Share
IPCALAB,2015-07-22,dividend,1.000000,1,cash dividend per share,Annual General Meeting / Dividend - Re 1/- Per Share
IPCALAB,2017-07-27,dividend,1.000000,1,cash dividend per share,Annual General Meeting/Dividend - Re 1/- Per Share
IPCALAB,2018-08-02,dividend,1.000000,1,cash dividend per share,Annual General Meeting/Dividend- Re 1 Per Share
IPCALAB,2019-08-06,dividend,1.000000,3,cash dividend per share,Annual General Meeting/Dividend - Rs 3 Per Share
IPCALAB,2020-02-18,dividend,1.000000,5,cash dividend per share,Interim Dividend - Rs 5 Per Share
IPCALAB,2020-11-13,dividend,1.000000,8,cash dividend per share,Interim Dividend - Rs 8 Per Share
IPCALAB,2021-11-22,dividend,1.000000,8,cash dividend per share,Interim Dividend - Rs 8 Per Share
IPCALAB,2022-01-10,split,0.500000,,face value 2 to 1,Face Value Split (Sub-Division) - From Rs 2/- Per Share To Re 1/- Per Share
IPCALAB,2022-11-22,dividend,1.000000,4,cash dividend per share,Interim Dividend - Rs 4 Per Share
IPCALAB,2023-11-22,dividend,1.000000,2,cash dividend per share,Interim Dividend - Rs 2 Per Share
IPCALAB,2024-08-06,dividend,1.000000,2,cash dividend per share,Annual General Meeting/Dividend - Rs 2 Per Share
IPCALAB,2024-11-27,dividend,1.000000,2,cash dividend per share,Interim Dividend - Rs 2 Per Share
IPCALAB,2025-08-05,dividend,1.000000,2,cash dividend per share,Dividend - Rs 2 Per Share
IPCALAB,2026-08-07,dividend,1.000000,6,cash dividend per share,Dividend - Rs 6 Per Share
IRB,2009-02-12,dividend,1.000000,0.1,cash dividend per share,Interim Dividend - 10% Purpose Revised
IRB,2009-08-27,dividend,1.000000,0.5,cash dividend per share,Dividend-Re.0.50 Pr Share
IRB,2010-09-21,dividend,1.000000,1.5,cash dividend per share,Annual General Meeting And Dividend Rs.1.50 Per Share
IRB,2011-08-17,dividend,1.000000,1.5,cash dividend per share,Dividend-Rs.1.50 Per Share
IRB,2012-01-31,dividend,1.000000,1.8,cash dividend per share,Interim Dividend Rs.1.80 Per Share (Purpose Revised)
IRB,2012-08-01,dividend,1.000000,1,cash dividend per share,Annual General Meeting/ Interim Dividend Rs 1 Per Share (Purpose Revised)
IRB,2012-11-02,dividend,1.000000,1,cash dividend per share,Interim Dividend Re 1 Per Share (Purpose Revised)
IRB,2013-02-11,dividend,1.000000,1,cash dividend per share,Interim Dividend Re 1 Per Share (Purpose Revised)
IRB,2013-05-20,dividend,1.000000,1,cash dividend per share,Fourth Interim Dividend @ Re.1/- Per Equity Share (Purpose Revised)
IRB,2013-08-12,dividend,1.000000,2,cash dividend per share,1st Interim Dividend Rs.2/- Per Share (Purpose Revised)
IRB,2014-02-05,dividend,1.000000,2,cash dividend per share,Second Interim Dividend - Rs 2/- Per Share
IRB,2014-08-04,dividend,1.000000,2,cash dividend per share,Interim Dividend Rs 2/- Per Share (Purpose Revised)
IRB,2015-06-04,dividend,1.000000,2,cash dividend per share,Second Interim Dividend - Rs 2/- Per Share (Purpose Revised)
IRB,2015-10-27,dividend,1.000000,2,cash dividend per share,Interim Dividend - Rs 2/- Per Share (Purpose Revised)
IRB,2016-03-16,dividend,1.000000,2,cash dividend per share,Interim Dividend - Rs 2/- Per Share (Purpose Revised)
IRB,2017-02-02,dividend,1.000000,2,cash dividend per share,Interim Dividend Rs 2/- Per Share (Purpose Revised)
IRB,2017-06-06,dividend,1.000000,3,cash dividend per share,Interim Dividend Rs 3/- Per Share
IRB,2017-07-31,dividend,1.000000,2.5,cash dividend per share,Interim Dividend - Rs 2.50 Per Share (Purpose Revised)
IRB,2018-02-15,dividend,1.000000,2.5,cash dividend per share,Interim Dividend Rs 2.50 Per Share (Purpose Revised)
IRB,2018-08-01,dividend,1.000000,2.5,cash dividend per share,Interim Dividend- Rs 2.50 Per Share (Purpose Revised)
IRB,2020-07-16,dividend,1.000000,5,cash dividend per share,Dividend - Rs 5 Per Share
IRB,2022-08-12,dividend,1.000000,1.25,cash dividend per share,Interim Dividend - Rs 1.25 Per Share
IRB,2023-02-22,split,0.100000,,face value 10 to 1,Face Value Split (Sub-Division) - From Rs 10/- Per Share To Re 1/- Per Share
IRB,2023-05-29,dividend,1.000000,0.075,cash dividend per share,Interim Dividend - Re 0.075 Per Share
IRB,2023-11-06,dividend,1.000000,0.1,cash dividend per share,Inteim Dividend - Re 0.10 Per Share
IRB,2024-02-08,dividend,1.000000,0.1,cash dividend per share,Interim Dividend - Re 0.10 Per Share
IRB,2024-05-15,dividend,1.000000,0.1,cash dividend per share,Interim Dividend - Re 0.10 Per Share
IRB,2024-08-20,dividend,1.000000,0.1,cash dividend per share,Interim Dividend - Re 0.1 Per Share
IRB,2024-11-08,dividend,1.000000,0.1,cash dividend per share,Interim Dividend - Re 0.10 Per Share
IRB,2025-02-06,dividend,1.000000,0.1,cash dividend per share,Interim Dividend - Re 0.10 Per Share
IRB,2025-08-29,dividend,1.000000,0.07,cash dividend per share,Interim Dividend - Re 0.07 Per Share
IRB,2025-11-18,dividend,1.000000,0.07,cash dividend per share,Interim Dividend - Rs 0.07 Per Share
IRB,2026-02-18,dividend,1.000000,0.07,cash dividend per share,Interim Dividend - Re 0.07 Per Share
IRB,2026-03-30,bonus,0.500000,,bonus 1:1,Bonus 1:1
IRB,2026-05-26,dividend,1.000000,0.05,cash dividend per share,Interim Dividend - Re 0.05 Per Share
IRB,2026-08-05,dividend,1.000000,0.05,cash dividend per share,Interim Dividend - Re 0.05 Per Share
IRCTC,2020-02-24,dividend,1.000000,10,cash dividend per share,Interim Dividend - Rs 10 Per Share
IRCTC,2020-10-19,dividend,1.000000,2.5,cash dividend per share,Dividend - Rs 2.50 Per Share
IRCTC,2021-09-21,dividend,1.000000,5,cash dividend per share,Dividend - Rs 5 Per Share
IRCTC,2021-10-28,split,0.200000,,face value 10 to 2,Face Value Split (Sub-Division) - From Rs 10/- Per Share To Rs 2/- Per Share
IRCTC,2022-02-17,dividend,1.000000,2,cash dividend per share,Interim Dividend - Rs 2 Per Share
IRCTC,2022-08-18,dividend,1.000000,1.5,cash dividend per share,Annual General Meeting/Dividend - Rs 1.50 Per Share
IRCTC,2023-02-22,dividend,1.000000,3.5,cash dividend per share,Interim Dividend - Rs 3.50 Per Share
IRCTC,2023-08-18,dividend,1.000000,2,cash dividend per share,Annual General Meeting/Dividend - Rs 2 Per Share
IRCTC,2023-11-17,dividend,1.000000,2.5,cash dividend per share,Interim Dividend - Rs 2.50 Per Share
IRCTC,2024-08-23,dividend,1.000000,4,cash dividend per share,Dividend - Rs 4 Per Share
IRCTC,2024-11-14,dividend,1.000000,4,cash dividend per share,Interim Dividend - Rs 4 Per Share
IRCTC,2025-02-20,dividend,1.000000,3,cash dividend per share,Interim Dividend - Rs 3 Per Share
IRCTC,2025-08-22,dividend,1.000000,1,cash dividend per share,Dividend - Re 1 Per Share
IRCTC,2025-11-21,dividend,1.000000,5,cash dividend per share,Interim Dividend - Rs 5 Per Share
IRCTC,2026-02-20,dividend,1.000000,3.5,cash dividend per share,Interim Dividend - Rs 3.50 Per Share
IRCTC,2026-09-22,dividend,1.000000,0.5,cash dividend per share,Dividend - Re 0.50 Per Share
IREDA,2026-04-02,dividend,1.000000,0.6,cash dividend per share,Interim Dividend - Re 0.60 Per Share
IREDA,2026-09-11,dividend,1.000000,0.75,cash dividend per share,Dividend - Re 0.75 Per Share
IRFC,2021-02-17,dividend,1.000000,1.05,cash dividend per share,Interim Dividend - Rs 1.05 Per Share
IRFC,2021-11-10,dividend,1.000000,0.77,cash dividend per share,Interim Dividend - Rs 0.77 Per Share
IRFC,2022-09-15,dividend,1.000000,0.63,cash dividend per share,Dividend - Re 0.63 Per Share
IRFC,2022-11-17,dividend,1.000000,0.8,cash dividend per share,Interim Dividend - Re 0.80 Per Share
IRFC,2023-09-15,dividend,1.000000,0.7,cash dividend per share,Dividend - Re 0.70 Per Share
IRFC,2023-11-10,dividend,1.000000,0.8,cash dividend per share,Interim Dividend - Re 0.80 Per Share
IRFC,2024-08-22,dividend,1.000000,0.7,cash dividend per share,Dividend - Rs 0.70 Per Share
IRFC,2024-11-12,dividend,1.000000,0.8,cash dividend per share,Interim Dividend - Re 0.80 Per Share
IRFC,2025-03-21,dividend,1.000000,0.8,cash dividend per share,Interim Dividend - Re 0.80 Per Share
IRFC,2025-10-24,dividend,1.000000,1.05,cash dividend per share,Interim Dividend - Rs 1.05 Per Share
IRFC,2026-03-13,dividend,1.000000,1.05,cash dividend per share,Interim Dividend - Rs 1.05 Per Share
ISEC,2018-08-21,dividend,1.000000,3.9,cash dividend per share,Annual General Meeting/Dividend- Rs 3.90 Per Share
ISEC,2018-10-26,dividend,1.000000,3.7,cash dividend per share,Interim Dividend - Rs 3.70 Per Share
ISEC,2019-07-25,dividend,1.000000,5.7,cash dividend per share,Annual General Meeting/Dividend - Rs 5.70 Per Share
ISEC,2019-10-31,dividend,1.000000,4.25,cash dividend per share,Interim Dividend - Rs 4.25 Per Sh
ISEC,2020-08-03,dividend,1.000000,6.75,cash dividend per share,Annual General Meeting/Dividend - Rs 6.75 Per Share
ISEC,2020-11-05,dividend,1.000000,8,cash dividend per share,Interim Dividend - Rs 8 Per Share
ISEC,2021-08-10,dividend,1.000000,13.5,cash dividend per share,Annual General Meeting/Dividend - Rs 13.50 Per Sh
ISEC,2021-10-27,dividend,1.000000,11.25,cash dividend per share,Interim Dividend - Rs 11.25 Per Share
ISEC,2022-08-18,dividend,1.000000,12.75,cash dividend per share,Annual General Meeting/Dividend - Rs 12.75 Per Share
ISEC,2022-10-31,dividend,1.000000,9.75,cash dividend per share,Interim Dividend - Rs 9.75 Per Share
ISEC,2023-08-22,dividend,1.000000,9.25,cash dividend per share,Dividend - Rs 9.25 Per Share
ISEC,2023-10-27,dividend,1.000000,12,cash dividend per share,Interim Dividend - Rs 12 Per Share
ISEC,2024-04-26,dividend,1.000000,17,cash dividend per share,Interim Dividend - Rs 17 Per Share
ITC,2007-07-16,dividend,1.000000,3.1,cash dividend per share,Agm/Div-Rs.3.10 Per Sh
ITC,2008-07-16,dividend,1.000000,3.5,cash dividend per share,Agm/Div-Re. 3.50/- Pr Shr
ITC,2009-07-13,dividend,1.000000,3.7,cash dividend per share,Agm/Div-Rs.3.70 Per Share
ITC,2010-06-09,dividend,1.000000,10,cash dividend per share,Final Dividend Rs.4.50 Per Share And Special Centenary Dividend Rs.5.50 Per Share
ITC,2010-08-03,bonus,0.500000,,bonus 1:1,Bonus 1:1
ITC,2011-06-10,dividend,1.000000,4.45,cash dividend per share,Dividend Final Rs 2.80 And Special Rs 1.65 Per Share
ITC,2012-06-11,dividend,1.000000,4.5,cash dividend per share,Annual General Meeting/Dividend Rs 4.50 Per Share
ITC,2013-05-31,dividend,1.000000,5.25,cash dividend per share,Annual General Meeting And Dividend Rs.5.25 Per Share
ITC,2014-06-03,dividend,1.000000,6,cash dividend per share,Dividend - Rs 6/- Per Share
ITC,2015-06-03,dividend,1.000000,6.25,cash dividend per share,Dividend - Rs 6.25/- Per Share
ITC,2016-05-30,dividend,1.000000,10.5,cash dividend per share,Dividend-Rs.8.50 Per Share (Including Special Dividend Of Rs.2/- Per Share).
ITC,2016-07-01,bonus,0.666667,,bonus 1:2,Bonus 1:2
ITC,2017-06-05,dividend,1.000000,4.75,cash dividend per share,Dividend-Rs 4.75 Per Share
ITC,2018-05-25,dividend,1.000000,5.15,cash dividend per share,Dividend- Rs 5.15 Per Share
ITC,2019-05-22,dividend,1.000000,5.75,cash dividend per share,Dividend - Rs 5.75 Per Share
ITC,2020-07-06,dividend,1.000000,10.15,cash dividend per share,Dividend - Rs 10.15 Per Share
ITC,2021-02-22,dividend,1.000000,5,cash dividend per share,Interim Dividend - Rs 5 Per Share
ITC,2021-06-10,dividend,1.000000,5.75,cash dividend per share,Dividend - Rs 5.75 Per Share
ITC,2022-02-14,dividend,1.000000,5.25,cash dividend per share,Interim Dividend - Rs 5.25 Per Share
ITC,2022-05-26,dividend,1.000000,6.25,cash dividend per share,Dividend - Rs 6.25 Per Share
ITC,2023-02-15,dividend,1.000000,6,cash dividend per share,Interim Dividend - Rs 6 Per Share
ITC,2023-05-30,dividend,1.000000,9.5,cash dividend per share,Dividend - Rs 6.75 Per Share /Special Dividend - Rs 2.75 Per Share
ITC,2024-02-08,dividend,1.000000,6.25,cash dividend per share,Interim Dividend - Rs 6.25 Per Share
ITC,2024-06-04,dividend,1.000000,7.5,cash dividend per share,Dividend - Rs 7.50 Per Share
ITC,2025-01-06,demerger,0.946013,,ex-date open (special pre-open price) / previous close,Demerger
ITC,2025-02-12,dividend,1.000000,6.5,cash dividend per share,Interim Dividend - Rs 6.50 Per Share
ITC,2025-05-28,dividend,1.000000,7.85,cash dividend per share,Dividend - Rs 7.85 Per Share
ITC,2026-02-04,dividend,1.000000,6.5,cash dividend per share,Interim Dividend - Rs 6.50 Per Share
ITC,2026-05-27,dividend,1.000000,8,cash dividend per share,Dividend - Rs 8 Per Share
ITCHOTELS,2026-05-21,dividend,1.000000,1,cash dividend per share,Dividend - Re 1 Per Share
JAGRAN,2007-02-14,dividend,1.000000,7.5,cash dividend per share,Int Div-Rs.7.50 Per Sh
JAGRAN,2007-11-15,dividend,1.000000,5,cash dividend per share,Int Div - Rs.5/- Per Sh
JAGRAN,2008-01-09,split,0.200000,,face value 10 to 2,Fv Split Rs.10/- To Rs.2/
JAGRAN,2008-08-27,dividend,1.000000,1,cash dividend per share,Agm/Dividend - 50%
JAGRAN,2009-08-12,dividend,1.000000,2,cash dividend per share,Agm/Div-Rs.2/- Per Share
JAGRAN,2009-11-11,dividend,1.000000,2,cash dividend per share,Int Div-Rs.2/- Per Share
JAGRAN,2010-08-17,dividend,1.000000,1.5,cash dividend per share,Annual General Meeting And Final Dividend Rs.1.50 Per Share
JAGRAN,2011-06-15,dividend,1.000000,3.5,cash dividend per share,Dividend-Rs.3.50 Per Share
JAGRAN,2012-09-18,dividend,1.000000,3.5,cash dividend per share,Annual General Meeting And Dividend Rs.3.50 Per Share
JAGRAN,2013-09-18,dividend,1.000000,2,cash dividend per share,Annual General Meeting / Final Dividend - Rs 2/- Per Share
JAGRAN,2013-11-13,dividend,1.000000,1,cash dividend per share,Buy Back - Tender Offer / Interim Dividend - Re 1/- Per Share
JAGRAN,2014-09-18,dividend,1.000000,3,cash dividend per share,Annual General Meeting / Final Dividend - Rs 3/- Per Share
JAGRAN,2015-09-16,dividend,1.000000,3.5,cash dividend per share,Annual General Meeting/ Dividend - Rs 3.50/- Per Share
JAGRAN,2017-09-20,dividend,1.000000,3,cash dividend per share,Annual General Meeting/Dividend - Rs 3 Per Share
JAGRAN,2018-09-11,dividend,1.000000,3,cash dividend per share,Annual General Meeting/Dividend Rs 3 Per Share
JAGRAN,2019-09-19,dividend,1.000000,3.5,cash dividend per share,Annual General Meeting/Dividend - Rs 3.5 Per Share
JAGRAN,2022-08-17,dividend,1.000000,4,cash dividend per share,Annual General Meeting/Interim Dividend - Rs 4 Per Share
JAGRAN,2024-09-13,dividend,1.000000,5,cash dividend per share,Dividend - Rs 5 Per Share
JAGRAN,2025-05-30,dividend,1.000000,6,cash dividend per share,Interim Dividend - Rs 6 Per Share
JAGRAN,2026-06-05,dividend,1.000000,10,cash dividend per share,Interim Dividend - Rs 7 Per Share & Special Dividend Rs 3 Per Share
JETAIRWAYS,2007-09-13,dividend,1.000000,6,cash dividend per share,Agm/Div-Rs.6/- Per Sh
JINDALSTEL,2007-02-05,dividend,1.000000,1.2,cash dividend per share,Interim Dividend-120% Purpose Revised
JINDALSTEL,2007-09-06,dividend,1.000000,2.4,cash dividend per share,Agm/Dividend-240%
JINDALSTEL,2008-01-21,split,0.200000,,face value 5 to 1,Fv Split Rs.5/- To Re.1/-
JINDALSTEL,2008-02-27,dividend,1.000000,1.5,cash dividend per share,Int Div -Rs.1.50/- Per Sh
JINDALSTEL,2008-09-12,dividend,1.000000,2.5,cash dividend per share,Agm/Dividend - 250%
JINDALSTEL,2009-09-14,bonus,0.166667,,bonus 5:1,Div-Rs.5.50 Pr Sh/Bon 5:1purpose Revised
JINDALSTEL,2009-09-14,dividend,1.000000,5.5,cash dividend per share,Div-Rs.5.50 Pr Sh/Bon 5:1purpose Revised
JINDALSTEL,2010-09-13,dividend,1.000000,1.25,cash dividend per share,Dividend-Rs.1.25 Per Share
JINDALSTEL,2011-09-12,dividend,1.000000,1.5,cash dividend per share,Dividend-Rs.1.50 Per Share
JINDALSTEL,2012-09-10,dividend,1.000000,1.6,cash dividend per share,Annual General Meeting And Dividend Rs.1.60 Per Share
JINDALSTEL,2013-09-13,dividend,1.000000,1.6,cash dividend per share,Annual General Meeting And Dividend Rs.1.60 Per Share
JINDALSTEL,2014-07-11,dividend,1.000000,1.5,cash dividend per share,Annual General Meeting/Dividend Rs 1.50/- Per Share
JINDALSTEL,2022-03-16,dividend,1.000000,1,cash dividend per share,Interim Dividend - Re 1 Per Share
JINDALSTEL,2022-09-20,dividend,1.000000,2,cash dividend per share,Dividend - Rs 2 Per Share
JINDALSTEL,2023-08-18,dividend,1.000000,2,cash dividend per share,Dividend - Rs 2 Per Sh
JINDALSTEL,2024-08-22,dividend,1.000000,2,cash dividend per share,Dividend - Rs 2 Per Share
JINDALSTEL,2025-08-22,dividend,1.000000,2,cash dividend per share,Dividend - Rs 2 Per Share
JINDALSTEL,2026-08-21,dividend,1.000000,2,cash dividend per share,Dividend - Rs 2 Per Share
JIOFIN,2025-08-11,dividend,1.000000,0.5,cash dividend per share,Dividend - Re 0.50 Per Share
JIOFIN,2026-08-10,dividend,1.000000,0.6,cash dividend per share,Dividend - Rs 0.60 Per Share
JKCEMENT,2007-08-14,dividend,1.000000,3.5,cash dividend per share,Agm/Div-Rs.3.50 Per Share
JKCEMENT,2008-07-16,dividend,1.000000,5,cash dividend per share,Agm/Dividend-Rs.5 Per Sh
JKCEMENT,2009-07-20,dividend,1.000000,3.5,cash dividend per share,Agm/Div-Rs.3.50 Per Share
JKCEMENT,2009-11-11,dividend,1.000000,2.5,cash dividend per share,Int Div-Rs.2.50 Per Share
JKCEMENT,2010-07-16,dividend,1.000000,3.5,cash dividend per share,Annual General Meeting And Final Dividend Rs.3.50 Per Share
JKCEMENT,2011-07-18,dividend,1.000000,2,cash dividend per share,Annual General Meeting And Dividend Rs.2/- Per Share
JKCEMENT,2012-07-23,dividend,1.000000,5,cash dividend per share,Annual General Meeting And Dividend Rs.5/- Per Share
JKCEMENT,2013-07-15,dividend,1.000000,6.5,cash dividend per share,Annual General Meeting/Dividend Rs 6.50 Per Equity Share
JKCEMENT,2014-07-14,dividend,1.000000,3,cash dividend per share,Annual General Meeting / Dividiend - Rs 3/- Per Share
JKCEMENT,2015-07-20,dividend,1.000000,4,cash dividend per share,Annual General Meeting/Dividend - Rs 4/- Per Share
JKCEMENT,2016-07-26,dividend,1.000000,4,cash dividend per share,Annual General Meeting/ Dividend - Rs 4/- Per Share
JKCEMENT,2017-07-18,dividend,1.000000,8,cash dividend per share,Annual General Meeting/Dividend - Rs 8/- Per Share
JKCEMENT,2018-07-17,dividend,1.000000,10,cash dividend per share,Annual General Meeting / Dividend- Rs 10 Per Share
JKCEMENT,2019-07-23,dividend,1.000000,10,cash dividend per share,Annual General Meeting/Dividend - Rs 10 Per Share
JKCEMENT,2020-03-11,dividend,1.000000,7.5,cash dividend per share,Interim Dividend - Rs 7.5 Per Share
JKCEMENT,2021-08-03,dividend,1.000000,15,cash dividend per share,Annual General Meeting/Dividend - Rs 15 Per Share
JKCEMENT,2022-08-02,dividend,1.000000,15,cash dividend per share,Annual General Meeting/Dividend - Rs 15 Per Share
JKCEMENT,2023-08-01,dividend,1.000000,15,cash dividend per share,Annual General Meeting/Dividend - Rs 15 Per Share
JKCEMENT,2024-07-09,dividend,1.000000,20,cash dividend per share,Annual General Meeting/Dividend - Rs 15 Per Share/Special Dividend - Rs 5 Per Share
JKCEMENT,2025-07-08,dividend,1.000000,15,cash dividend per share,Annual General Meeting/Dividend - Rs 15 Per Share
JKCEMENT,2026-07-10,dividend,1.000000,20,cash dividend per share,Dividend - Rs 20 Per Share
JMFINANCIL,2007-08-28,dividend,1.000000,0.5,cash dividend per share,Dividend-50%
JMFINANCIL,2008-07-16,dividend,1.000000,0.5,cash dividend per share,Agm/Div-50%+Spl Div-200%
JMFINANCIL,2008-09-08,bonus,0.400000,,bonus 3:2,Fv Spl-Rs10tore1/Bon-3:2
JMFINANCIL,2008-09-08,split,0.100000,,face value 10 to 1,Fv Spl-Rs10tore1/Bon-3:2
JMFINANCIL,2009-09-01,dividend,1.000000,0.2,cash dividend per share,Agm/Div-Re.0.20 Per Share
JMFINANCIL,2010-07-20,dividend,1.000000,0.5,cash dividend per share,Final Dividend Re.0.25 Per Share And Special Dividend Re.0.25 Per Share
JMFINANCIL,2011-07-20,dividend,1.000000,0.6,cash dividend per share,Dividend-Re.0.60 Per Share
JMFINANCIL,2012-08-02,dividend,1.000000,0.6,cash dividend per share,Dividend - Rs. 0.60 Per Share
JMFINANCIL,2013-02-15,dividend,1.000000,0.4,cash dividend per share,Interim Dividend Re 0.40 Per Share
JMFINANCIL,2013-07-22,dividend,1.000000,0.5,cash dividend per share,Annual General Meeting/Divdend Re 0.50 Per Share
JMFINANCIL,2014-02-07,dividend,1.000000,0.45,cash dividend per share,Interim Dividend - Rs 0.45/- Per Share
JMFINANCIL,2014-06-25,dividend,1.000000,0.55,cash dividend per share,Final Dividend - Re 0.55/- Per Share
JMFINANCIL,2015-02-05,dividend,1.000000,0.55,cash dividend per share,Interim Dividend - Re 0.55/- Per Share
JMFINANCIL,2015-06-08,dividend,1.000000,0.8,cash dividend per share,Final Dividend - Re 0.80/- Per Share
JMFINANCIL,2016-02-11,dividend,1.000000,0.6,cash dividend per share,Interim Dividend Re 0.60/- Per Share (Purpose Revised)
JMFINANCIL,2016-05-23,dividend,1.000000,0.85,cash dividend per share,Dividend - Re 0.85/- Per Share
JMFINANCIL,2017-02-02,dividend,1.000000,0.65,cash dividend per share,Interim Dividend Rs 0.65/- Per Share
JMFINANCIL,2017-05-11,dividend,1.000000,0.85,cash dividend per share,Annual General Meeting/Dividend - Re 0.85 Per Share
JMFINANCIL,2018-01-31,dividend,1.000000,0.7,cash dividend per share,Interim Dividend - Re 0.70 Per Share
JMFINANCIL,2018-05-10,dividend,1.000000,1.1,cash dividend per share,Annual General Meeting / Dividend- Rs 1.10 Per Share
JMFINANCIL,2019-01-31,dividend,1.000000,0.5,cash dividend per share,Interim Dividend - Re 0.50 Per Share
JMFINANCIL,2019-05-10,dividend,1.000000,0.5,cash dividend per share,Annual General Meeting/Dividend - Re 0.50 Per Share
JMFINANCIL,2020-05-15,dividend,1.000000,0.2,cash dividend per share,Dividend - Rs 0.20 Per Share
JMFINANCIL,2021-05-28,dividend,1.000000,0.5,cash dividend per share,Annual General Meeting/Dividend - Rs 0.50 Per Share
JMFINANCIL,2022-02-17,dividend,1.000000,0.5,cash dividend per share,Interim Dividend - Rs 0.50 Per Share
JMFINANCIL,2022-07-07,dividend,1.000000,1.15,cash dividend per share,Dividend - Rs 1.15 Per Share
JMFINANCIL,2022-11-24,dividend,1.000000,0.9,cash dividend per share,Interim Dividend - Re 0.90 Per Share
JMFINANCIL,2023-05-19,dividend,1.000000,0.9,cash dividend per share,Dividend - Re 0.90 Per Share
JMFINANCIL,2024-06-07,dividend,1.000000,2,cash dividend per share,Dividend - Rs 2 Per Share
JMFINANCIL,2025-06-13,dividend,1.000000,2.7,cash dividend per share,Dividend - Rs 2.70 Per Share
JMFINANCIL,2025-11-14,dividend,1.000000,1.5,cash dividend per share,Interim Dividend - Rs 1.50 Per Share
JMFINANCIL,2026-06-12,dividend,1.000000,1.75,cash dividend per share,Dividend - Rs 1.75 Per Share
JPASSOCIAT,2007-01-24,dividend,1.000000,2,cash dividend per share,Int Div - Rs.2/- Per Sh
JPASSOCIAT,2007-07-23,dividend,1.000000,0.3,cash dividend per share,1st Interim Dividend-15% Purpose Revised
JPASSOCIAT,2007-08-23,dividend,1.000000,1.6,cash dividend per share,Fin Div-Rs.1.60 Per Sh
JPASSOCIAT,2007-12-17,split,0.200000,,face value 10 to 2,Fv Split Rs.10/- To Rs.2/
JPASSOCIAT,2008-01-28,dividend,1.000000,0.3,cash dividend per share,2nd Int Div-Re0.30 Per Shrd Date Revised
JPASSOCIAT,2008-08-18,dividend,1.000000,0.4,cash dividend per share,Agm/Dividend - 20%
JPASSOCIAT,2008-10-29,dividend,1.000000,0.3,cash dividend per share,1st Interim Dividend-15% Purpose Revised
JPASSOCIAT,2009-05-07,dividend,1.000000,0.3,cash dividend per share,2nd Interim Dividend-15% Purpose Revised
JPASSOCIAT,2009-09-22,dividend,1.000000,0.4,cash dividend per share,Agm/Div-Re.0.40 Per Share
JPASSOCIAT,2009-10-29,dividend,1.000000,0.54,cash dividend per share,Int Div-Re.0.54 Per Sharepurpose Revised
JPASSOCIAT,2009-12-17,bonus,0.666667,,bonus 1:2,Bonus 1:2
JPASSOCIAT,2010-09-15,dividend,1.000000,0.54,cash dividend per share,Annual General Meeting And Dividend Re.0.54 Per Share
JPASSOCIAT,2011-02-08,dividend,1.000000,0.4,cash dividend per share,Interim Dividend-Re.0.40 Per Share (Purpose Revised)
JPASSOCIAT,2011-09-19,dividend,1.000000,0.4,cash dividend per share,Annual General Meeting And Dividend Re.0.40 Per Share
JPASSOCIAT,2012-09-18,dividend,1.000000,0.5,cash dividend per share,Annual General Meeting/Dividend Re 0.50 Per Share
JPASSOCIAT,2013-07-19,dividend,1.000000,0.5,cash dividend per share,Annual General Meeting/Dividend Re 0.50 Per Share
JSL,2007-03-29,dividend,1.000000,1.6,cash dividend per share,Interim Dividend-80% Purpose Revised
JSL,2007-08-02,dividend,1.000000,0.4,cash dividend per share,Agm/Dividend-20%
JSL,2008-08-13,dividend,1.000000,2,cash dividend per share,Agm/Dividend - 100%
JSL,2015-11-19,demerger,0.372671,,ex-date open (special pre-open price) / previous close,Composite Scheme Of Arrangement
JSL,2023-04-28,dividend,1.000000,1,cash dividend per share,Special Interim Dividend - Re 1 Per Share
JSL,2023-09-15,dividend,1.000000,1.5,cash dividend per share,Annual General Meeting/Dividend - Rs 1.50 Per Share
JSL,2023-10-27,dividend,1.000000,1,cash dividend per share,Interim Dividend - Re 1 Per Share
JSL,2024-08-30,dividend,1.000000,2,cash dividend per share,Dividend - Rs 2 Per Share
JSL,2025-02-07,dividend,1.000000,1,cash dividend per share,Interim Dividend - Re 1 Per Share
JSL,2025-08-22,dividend,1.000000,2,cash dividend per share,Dividend - Rs 2 Per Share
JSL,2026-01-29,dividend,1.000000,1,cash dividend per share,Interim Dividend - Re 1 Per Share
JSL,2026-08-21,dividend,1.000000,3,cash dividend per share,Dividend - Rs 3 Per Share
JSWDULUX,2007-06-29,dividend,1.000000,27,cash dividend per share,Agm/Div-Rs.27/- Per Sh
JSWDULUX,2008-06-27,dividend,1.000000,8,cash dividend per share,Dividend - 80%
JSWDULUX,2009-06-29,dividend,1.000000,16,cash dividend per share,Dividend-Rs.16/ Per Share
JSWDULUX,2010-07-05,dividend,1.000000,16,cash dividend per share,Dividend-Rs.16/- Per Share
JSWDULUX,2011-07-08,dividend,1.000000,18,cash dividend per share,Dividend-Rs.18/- Per Share
JSWDULUX,2012-07-30,dividend,1.000000,20,cash dividend per share,Annul General Meeting/Dividend Rs 20 Per Share
JSWDULUX,2013-07-30,dividend,1.000000,80,cash dividend per share,Annual General Meeting/Final Dividend Rs.20 Per Share And Special Dividend Rs.60 Per Share
JSWDULUX,2014-07-30,dividend,1.000000,75,cash dividend per share,Annual General Meeting/Final Dividend Rs.15 Per Share + Special Dividend Rs.60 Per Share
JSWDULUX,2015-08-06,dividend,1.000000,20,cash dividend per share,Annual General Meeting/Dividend - Rs 20/- Per Share
JSWDULUX,2016-07-19,dividend,1.000000,70,cash dividend per share,Annual General Meeting/Final Dividend Rs.20/- Per Share And Special Dividend Rs.50/- Per Share
JSWDULUX,2017-08-04,dividend,1.000000,22,cash dividend per share,Annual General Meeting/Dividend - Rs 22/- Per Share
JSWDULUX,2018-07-25,dividend,1.000000,22,cash dividend per share,Annual General Meeting/Dividend- Rs 22 Per Share
JSWDULUX,2019-07-31,dividend,1.000000,24,cash dividend per share,Dividend - Rs 24 Per Share
JSWDULUX,2020-08-20,dividend,1.000000,14,cash dividend per share,Annual General Meeting/Dividend - Rs 14 Per Share
JSWDULUX,2021-02-17,dividend,1.000000,20,cash dividend per share,Interim Dividend - Rs 20 Per Share
JSWDULUX,2021-08-05,dividend,1.000000,30,cash dividend per share,Annual General Meeting/Dividend - Rs 30 Per Share
JSWDULUX,2022-02-22,dividend,1.000000,40,cash dividend per share,Interim Dividend - Rs 40 Per Share
JSWDULUX,2022-07-28,dividend,1.000000,35,cash dividend per share,Annual General Meeting/Dividend - Rs 35 Per Share
JSWDULUX,2023-02-21,dividend,1.000000,25,cash dividend per share,Interim Dividend - Rs 25 Per Share
JSWDULUX,2023-07-27,dividend,1.000000,40,cash dividend per share,Annual General Meeting/Dividend - Rs 40 Per Share
JSWDULUX,2024-02-16,dividend,1.000000,50,cash dividend per share,Interim Dividend - Rs 50 Per Share
JSWDULUX,2024-07-25,dividend,1.000000,25,cash dividend per share,Annual General Meeting/Dividend - Rs 25 Per Share
JSWDULUX,2024-11-19,dividend,1.000000,70,cash dividend per share,Interim Dividend - Rs 70 Per Share
JSWDULUX,2025-07-25,dividend,1.000000,30,cash dividend per share,Dividend - Rs 30 Per Share
JSWDULUX,2025-08-11,dividend,1.000000,156,cash dividend per share,Special Dividend - Rs 156 Per Share
JSWDULUX,2026-07-03,dividend,1.000000,50,cash dividend per share,Dividend - Rs 50 Per Share
JSWENERGY,2010-06-29,dividend,1.000000,0.75,cash dividend per share,Annual General Meeting And Dividend Re.0.75 Per Share
JSWENERGY,2011-06-16,dividend,1.000000,1,cash dividend per share,Annual General Meeting And Dividend Re.1/- Per Share
JSWENERGY,2012-06-14,dividend,1.000000,0.5,cash dividend per share,Annual General Meeting And Dividend Re.0.50 Per Share
JSWENERGY,2013-07-12,dividend,1.000000,2,cash dividend per share,Annual General Meeting / Final Dividend Rs.2/- Per Equity Share
JSWENERGY,2014-07-11,dividend,1.000000,2,cash dividend per share,Annual General Meeting / Dividend - Rs 2/- Per Share
JSWENERGY,2015-07-10,dividend,1.000000,2,cash dividend per share,Annual General Meeting/ Dividend - Rs 2 Per Share
JSWENERGY,2016-07-11,dividend,1.000000,2,cash dividend per share,Annual General Meeting/ Dividend - Rs 2/- Per Share
JSWENERGY,2019-08-02,dividend,1.000000,1,cash dividend per share,Annual General Meeting/Dividend Re -1 Per Share
JSWENERGY,2020-08-04,dividend,1.000000,1,cash dividend per share,Dividend - Re 1 Per Share
JSWENERGY,2021-07-27,dividend,1.000000,2,cash dividend per share,Dividend - Rs 2 Per Share
JSWENERGY,2022-05-30,dividend,1.000000,2,cash dividend per share,Dividend - Rs 2 Per Share
JSWENERGY,2023-06-02,dividend,1.000000,2,cash dividend per share,Dividend - Rs 2 Per Share
JSWENERGY,2024-05-31,dividend,1.000000,2,cash dividend per share,Dividend - Rs 2 Per Share
JSWENERGY,2025-06-06,dividend,1.000000,2,cash dividend per share,Dividend - Rs 2 Per Share
JSWENERGY,2026-06-05,dividend,1.000000,2,cash dividend per share,Dividend - Rs 2 Per Share
JSWINFRA,2024-07-19,dividend,1.000000,0.55,cash dividend per share,Dividend - Re 0.55 Per Share
JSWINFRA,2025-07-01,dividend,1.000000,0.8,cash dividend per share,Dividend - Re 0.80 Per Share
JSWINFRA,2026-06-18,dividend,1.000000,0.9,cash dividend per share,Dividend - Re 0.90 Per Share
JSWSTEEL,2007-03-20,dividend,1.000000,12.5,cash dividend per share,Int Div-Rs.12.50 Per Sh Purpose Revised
JSWSTEEL,2008-05-21,dividend,1.000000,1.4,cash dividend per share,Agm/Dividend - 140%
JSWSTEEL,2009-06-29,dividend,1.000000,1,cash dividend per share,Agm/Div-Re.1/- Per Share
JSWSTEEL,2010-06-14,dividend,1.000000,9.5,cash dividend per share,Agm/Dividend Rs 9.50 Per Share
JSWSTEEL,2011-07-11,dividend,1.000000,12.25,cash dividend per share,Annual General Meeting And Dividend Rs.12.25 Per Share
JSWSTEEL,2012-07-12,dividend,1.000000,7.5,cash dividend per share,Annual General Meeting / Dividend - Rs. 7.50 Per Share
JSWSTEEL,2013-07-15,dividend,1.000000,10,cash dividend per share,Annual General Meeting / Dividend - Rs.10/- Per Equity Share
JSWSTEEL,2014-07-07,dividend,1.000000,11,cash dividend per share,Annual General Meeting / Dividend - Rs 11/- Per Share
JSWSTEEL,2015-07-06,dividend,1.000000,11,cash dividend per share,Annual General Meeting/ Dividend - Rs 11/- Per Share
JSWSTEEL,2016-07-04,dividend,1.000000,7.5,cash dividend per share,Annual General Meeting/ Dividend - Rs 7.50/- Per Share
JSWSTEEL,2017-01-04,split,0.100000,,face value 10 to 1,Fv Splt Frm Rs 10 To Re 1
JSWSTEEL,2017-06-12,dividend,1.000000,2.25,cash dividend per share,Annual General Meeting/Dividend - Rs 2.25/- Per Share
JSWSTEEL,2018-07-06,dividend,1.000000,3.2,cash dividend per share,Annual General Meeting / Dividend- Rs 3.20 Per Share
JSWSTEEL,2019-07-08,dividend,1.000000,4.1,cash dividend per share,Annual General Meeting/Dividend Rs 4.10 Per Share
JSWSTEEL,2020-07-06,dividend,1.000000,2,cash dividend per share,Dividend - Rs 2 Per Share
JSWSTEEL,2021-07-05,dividend,1.000000,6.5,cash dividend per share,Annual General Meeting/Dividend - Rs 6.50 Per Share
JSWSTEEL,2022-07-04,dividend,1.000000,17.35,cash dividend per share,Annual General Meeting/Dividend - Rs 17.35 Per Share
JSWSTEEL,2023-07-11,dividend,1.000000,3.4,cash dividend per share,Annual General Meeting/Dividend - Rs 3.40 Per Share
JSWSTEEL,2024-07-09,dividend,1.000000,7.3,cash dividend per share,Annual General Meeting/Dividend - Rs 7.30 Per Share
JSWSTEEL,2025-07-08,dividend,1.000000,2.8,cash dividend per share,Dividend - Rs 2.80 Per Share
JSWSTEEL,2026-07-07,dividend,1.000000,7.1,cash dividend per share,Dividend - Rs 7.10 Per Share
JUBLFOOD,2015-08-26,dividend,1.000000,2.5,cash dividend per share,Annual General Meeting/ Dividend - Rs 2.50 Per Share
JUBLFOOD,2016-08-24,dividend,1.000000,2.5,cash dividend per share,Annual General Meeting/ Dividend - Rs 2.50/- Per Share
JUBLFOOD,2017-08-18,dividend,1.000000,2.5,cash dividend per share,Annual General Meeting/Dividend - Rs 2.50 Per Share
JUBLFOOD,2018-06-21,bonus,0.500000,,bonus 1:1,Bonus 1:1
JUBLFOOD,2018-09-18,dividend,1.000000,2.5,cash dividend per share,Annual General Meeting/Dividend- Rs 2.50 Per Share
JUBLFOOD,2019-09-16,dividend,1.000000,5,cash dividend per share,Annual General Meeting/Dividend - Rs 5 Per Share
JUBLFOOD,2020-03-09,dividend,1.000000,6,cash dividend per share,Interim Dividend - Rs 6 Per Share
JUBLFOOD,2021-08-06,dividend,1.000000,6,cash dividend per share,Dividend - Rs 6 Per Share
JUBLFOOD,2022-04-19,split,0.200000,,face value 10 to 2,Face Value Split (Sub-Division) - From Rs 10/- Per Share To Rs 2/- Per Share
JUBLFOOD,2022-07-08,dividend,1.000000,1.2,cash dividend per share,Dividend - Rs 1.20 Per Share
JUBLFOOD,2023-07-12,dividend,1.000000,1.2,cash dividend per share,Dividend - Rs 1.20 Per Share
JUBLFOOD,2024-07-12,dividend,1.000000,1.2,cash dividend per share,Dividend - Rs 1.20 Per Share
JUBLFOOD,2025-07-18,dividend,1.000000,1.2,cash dividend per share,Dividend - Rs 1.20 Per Share
JUBLFOOD,2026-07-17,dividend,1.000000,1.2,cash dividend per share,Dividend - Rs 1.20 Per Share
JUBLPHARMA,2007-09-17,dividend,1.000000,1.25,cash dividend per share,Agm/Div-Rs.1.25/- Per Sh
JUBLPHARMA,2008-09-17,dividend,1.000000,1.5,cash dividend per share,Agm/Div-Rs.1.50 Per Share
JUBLPHARMA,2009-06-29,dividend,1.000000,1.5,cash dividend per share,Dividend-Rs.1.50 Pr Share
JUBLPHARMA,2010-09-17,dividend,1.000000,2,cash dividend per share,Annual General Meeting And Dividend Rs.2/- Per Share
JUBLPHARMA,2010-11-25,demerger,0.989283,,ex-date open (special pre-open price) / previous close,Scheme Of Demerger
JUBLPHARMA,2011-08-10,dividend,1.000000,2,cash dividend per share,Annual General Meeting And Dividend Rs.2/- Per Share
JUBLPHARMA,2012-08-14,dividend,1.000000,3,cash dividend per share,Annual General Meeting/ Dividend Rs 3 Per Share
JUBLPHARMA,2013-08-14,dividend,1.000000,3,cash dividend per share,Annual General Meeting And Dividend Rs.3/- Per Share
JUBLPHARMA,2014-08-21,dividend,1.000000,3,cash dividend per share,Annual General Meeting / Dividend - Rs 3/- Per Share
JUBLPHARMA,2015-08-20,dividend,1.000000,3,cash dividend per share,Annual General Meeting/ Dividend - Rs 3/- Per Share
JUBLPHARMA,2016-08-18,dividend,1.000000,3,cash dividend per share,Annual General Meeting/ Dividend - Rs 3/- Per Share
JUBLPHARMA,2017-08-16,dividend,1.000000,3,cash dividend per share,Annual General Meeting/ Dividend - Rs 3/- Per Share
JUBLPHARMA,2018-09-12,dividend,1.000000,3,cash dividend per share,Annual General Meeting/Dividend Rs 3 Per Share
JUBLPHARMA,2019-09-12,dividend,1.000000,4.5,cash dividend per share,Annual General Meeting/Dividend - Rs 4.50 Per Share
JUBLPHARMA,2020-03-09,dividend,1.000000,5,cash dividend per share,Interim Dividend - Rs 5 Per Share
JUBLPHARMA,2021-02-04,demerger,0.867785,,ex-date open (special pre-open price) / previous close,Demerger
JUBLPHARMA,2021-08-05,dividend,1.000000,5,cash dividend per share,Dividend - Rs 5 Per Share
JUBLPHARMA,2022-08-11,dividend,1.000000,5,cash dividend per share,Dividend - Rs 5 Per Share
JUBLPHARMA,2023-08-10,dividend,1.000000,5,cash dividend per share,Dividend - Rs 5 Per Share
JUBLPHARMA,2024-08-02,dividend,1.000000,5,cash dividend per share,Dividend - Rs 5 Per Share
JUBLPHARMA,2025-07-25,dividend,1.000000,5,cash dividend per share,Dividend - Rs 5 Per Share
JUBLPHARMA,2026-07-24,dividend,1.000000,5,cash dividend per share,Dividend - Rs 5 Per Share
JUSTDIAL,2014-09-11,dividend,1.000000,2,cash dividend per share,Annual General Meeting / Dividend - Rs.2/- Per Share
JUSTDIAL,2015-09-10,dividend,1.000000,2,cash dividend per share,Annual General Meeting / Dividend - Rs.2/- Per Share
JYOTHYLAB,2008-10-29,dividend,1.000000,7.5,cash dividend per share,Agm/Div-F Rs7.5+Spl Rs2.5
JYOTHYLAB,2008-12-12,split,0.200000,,face value 5 to 1,Fv Split Rs.5/- To Re.1/-
JYOTHYLAB,2009-07-16,dividend,1.000000,2,cash dividend per share,Agm/Div-Rs.2/- Per Share
JYOTHYLAB,2010-07-15,dividend,1.000000,4,cash dividend per share,Annual General Meeting And Dividend Rs.4/- Per Share
JYOTHYLAB,2011-09-08,dividend,1.000000,5,cash dividend per share,Annual General Meeting And Dividend Rs.5/- Per Share
JYOTHYLAB,2012-07-12,bonus,0.500000,,bonus 1:1,Annual General Meeting/Dividend Of Rs.2.50 Per Share/ Bonus 1:1
JYOTHYLAB,2012-07-12,dividend,1.000000,2.5,cash dividend per share,Annual General Meeting/Dividend Of Rs.2.50 Per Share/ Bonus 1:1
JYOTHYLAB,2013-07-25,dividend,1.000000,2.5,cash dividend per share,Annual General Meeting/Dividend Rs 2.50/- Per Share
JYOTHYLAB,2014-02-06,dividend,1.000000,1,cash dividend per share,Interim Dividend - Re 1/- Per Share
JYOTHYLAB,2014-07-31,dividend,1.000000,2,cash dividend per share,Annual General Meeting / Final Dividend - Rs 2/- Per Share
JYOTHYLAB,2015-07-15,dividend,1.000000,4,cash dividend per share,Annual General Meeting/Dividend - Rs 4/- Per Share
JYOTHYLAB,2016-03-17,dividend,1.000000,4,cash dividend per share,Interim Dividend - Re 4/- Per Share (Purpose Revised)
JYOTHYLAB,2016-07-14,dividend,1.000000,1,cash dividend per share,Annual General Meeting And Dividend Re.1/- Per Share
JYOTHYLAB,2017-07-03,dividend,1.000000,6,cash dividend per share,Annual General Meeting/Dividend - Rs 6/- Per Share
JYOTHYLAB,2018-06-28,bonus,0.500000,,bonus 1:1,Bonus 1:1
JYOTHYLAB,2018-07-16,dividend,1.000000,0.5,cash dividend per share,Annual General Meeting / Dividend- Rs 0.50 Per Share
JYOTHYLAB,2019-07-12,dividend,1.000000,3,cash dividend per share,Annual General Meeting/Dividend - Rs 3 Per Share
JYOTHYLAB,2020-03-19,dividend,1.000000,3,cash dividend per share,Interim Dividend - Rs 3 Per Share
JYOTHYLAB,2021-07-20,dividend,1.000000,4,cash dividend per share,Annual General Meeting/Dividend - Rs 4 Per Share
JYOTHYLAB,2022-07-01,dividend,1.000000,2.5,cash dividend per share,Annual General Meeting/Dividend - Rs 2.50 Per Share
JYOTHYLAB,2023-07-03,dividend,1.000000,3,cash dividend per share,Annual General Meeting/Dividend - Rs 3 Per Share
JYOTHYLAB,2024-07-03,dividend,1.000000,3.5,cash dividend per share,Annual General Meeting/Dividend - Rs 3.50 Per Share
JYOTHYLAB,2025-08-28,dividend,1.000000,3.5,cash dividend per share,Dividend - Rs 3.50 Per Share
JYOTHYLAB,2026-06-29,dividend,1.000000,3.5,cash dividend per share,Dividend - Rs 3.50 Per Share
KAJARIACER,2007-09-13,dividend,1.000000,0.1,cash dividend per share,Agm/Dividend-10%
KAJARIACER,2008-09-12,dividend,1.000000,0.1,cash dividend per share,Agm/Dividend - 10%
KAJARIACER,2009-08-14,dividend,1.000000,0.2,cash dividend per share,Agm/Div-Re.0.20 Per Share
KAJARIACER,2010-08-10,dividend,1.000000,1,cash dividend per share,Annual General Meeting And Dividend Rs.1/- Per Share
KAJARIACER,2011-05-19,dividend,1.000000,2,cash dividend per share,Annual General Meeting And Dividend - Rs. 2 Per Share
KAJARIACER,2012-06-29,dividend,1.000000,2.5,cash dividend per share,Annual General Meeting/Dividend Rs 2.50 Per Share
KAJARIACER,2013-05-22,dividend,1.000000,3,cash dividend per share,Annual General Meeting / Final Dividend Rs.3/- Per Equity Share
KAJARIACER,2014-07-17,dividend,1.000000,3.5,cash dividend per share,Annual General Meeting / Dividend - Rs 3.50/- Per Share
KAJARIACER,2015-08-25,dividend,1.000000,4,cash dividend per share,Annual General Meeting/ Dividend - Rs 4/- Per Share
KAJARIACER,2016-08-12,dividend,1.000000,5,cash dividend per share,Annual General Meeting/ Dividend - Rs 5/- Per Share
KAJARIACER,2016-10-04,split,0.500000,,face value 2 to 1,Face Value Split From Rs 2 To Re 1
KAJARIACER,2017-08-03,dividend,1.000000,3,cash dividend per share,Annual General Meeting/Dividend - Rs 3 Per Share
KAJARIACER,2018-08-16,dividend,1.000000,3,cash dividend per share,Annual General Meeting/Dividend Rs - 3 Per Share
KAJARIACER,2019-08-16,dividend,1.000000,3,cash dividend per share,Annual General Meeting/Dividend - Rs 3 Per Share
KAJARIACER,2020-02-18,dividend,1.000000,3,cash dividend per share,Interim Dividend - Rs 3 Per Share
KAJARIACER,2021-02-02,dividend,1.000000,10,cash dividend per share,Interim Dividend - Rs 10 Per Share
KAJARIACER,2021-11-02,dividend,1.000000,8,cash dividend per share,Interim Dividend - Rs 8 Per Share
KAJARIACER,2022-09-15,dividend,1.000000,3,cash dividend per share,Annual General Meeting/Dividend - Rs 3 Per Share
KAJARIACER,2023-02-08,dividend,1.000000,6,cash dividend per share,Interim Dividend - Rs 6 Per Share
KAJARIACER,2023-09-05,dividend,1.000000,3,cash dividend per share,Annual General Meeting/Dividend - Rs 3 Per Share
KAJARIACER,2023-11-02,dividend,1.000000,6,cash dividend per share,Interim Dividend - Rs 6 Per Share
KAJARIACER,2024-08-30,dividend,1.000000,6,cash dividend per share,Annual General Meeting/Dividend - Rs 6 Per Share
KAJARIACER,2024-11-04,dividend,1.000000,5,cash dividend per share,Interim Dividend - Rs 5 Per Share
KAJARIACER,2025-09-12,dividend,1.000000,4,cash dividend per share,Dividend - Rs 4 Per Share
KAJARIACER,2025-10-24,dividend,1.000000,8,cash dividend per share,Interim Dividend - Rs 8 Per Share
KAJARIACER,2026-09-21,dividend,1.000000,6,cash dividend per share,Dividend - Rs 6 Per Share
KALYANKJIL,2023-08-04,dividend,1.000000,0.5,cash dividend per share,Annual General Meeting/Dividend - Rs 0.50 Per Share
KALYANKJIL,2024-08-09,dividend,1.000000,1.2,cash dividend per share,Annual General Meeting/Dividend - Rs 1.20 Per Share
KALYANKJIL,2025-09-04,dividend,1.000000,1.5,cash dividend per share,Dividend - Rs 1.50 Per Share
KALYANKJIL,2026-09-11,dividend,1.000000,2.5,cash dividend per share,Dividend - Rs 2.50 Per Share
KANSAINER,2007-03-20,dividend,1.000000,1.15,cash dividend per share,Interim Dividend-115% Purpose Revised
KANSAINER,2008-06-20,dividend,1.000000,1.2,cash dividend per share,Agm/Dividend - 120%
KANSAINER,2009-06-22,dividend,1.000000,12,cash dividend per share,Agm/Div-Rs.12/- Per Share
KANSAINER,2010-05-12,dividend,1.000000,15,cash dividend per share,Annual General Meeting And Dividend Rs.15/- Per Share
KANSAINER,2010-06-23,bonus,0.500000,,bonus 1:1,Bonus 1:1
KANSAINER,2011-06-02,dividend,1.000000,10,cash dividend per share,Annual General Meeting And Divided - Rs.10 Per Share
KANSAINER,2012-06-08,dividend,1.000000,11,cash dividend per share,Annual General Meeting And Dividend Rs.11/- Per Share
KANSAINER,2013-06-07,dividend,1.000000,11,cash dividend per share,Annual General Meeting And Dividend Rs.11/- Per Share
KANSAINER,2014-06-11,dividend,1.000000,11,cash dividend per share,Annual General Meeting / Final Dividend - Rs 11/- Per Share
KANSAINER,2015-03-26,split,0.100000,,face value 10 to 1,Face Value Split (Sub-Division) - From Rs 10/- Per Share To Re 1/- Per Share
KANSAINER,2015-06-26,dividend,1.000000,1.4,cash dividend per share,Annual General Meeting/Dividend-Re 1.40/- Per Share (Book Closure Start Date Revised)
KANSAINER,2016-06-14,dividend,1.000000,3.05,cash dividend per share,Annual General Meeting/Final Dividend Rs 1.80/- + Special Dividend Rs 1.25/- Per Share
KANSAINER,2017-06-13,dividend,1.000000,3,cash dividend per share,Annual General Meeting/Final Dividend Rs 2.50 + Special Dividend Re 0.50 Per Share
KANSAINER,2018-06-13,dividend,1.000000,2.6,cash dividend per share,Annual General Meeting / Dividend - Rs 2.60 Per Share
KANSAINER,2019-06-13,dividend,1.000000,2.6,cash dividend per share,Annual General Meeting/Dividend - Rs 2.60 Per Share
KANSAINER,2020-06-12,dividend,1.000000,3.15,cash dividend per share,Annual General Meeting/Dividend - Rs 3.15 Per Share
KANSAINER,2020-11-12,dividend,1.000000,1.25,cash dividend per share,Interim Dividend - Rs 1.25 Per Share
KANSAINER,2021-06-17,dividend,1.000000,4,cash dividend per share,Annual General Meeting/Dividend - Rs 2 Per Share/Special Dividend - Rs 2 Per Share
KANSAINER,2021-11-08,dividend,1.000000,1.25,cash dividend per share,Interim Dividend - Rs 1.25 Per Share
KANSAINER,2022-06-08,dividend,1.000000,1,cash dividend per share,Annual General Meeting/Dividend - Re 1 Per Share
KANSAINER,2023-05-25,dividend,1.000000,2.7,cash dividend per share,Annual General Meeting/Dividend - Rs 2.70 Per Share
KANSAINER,2023-07-04,bonus,0.666667,,bonus 1:2,Bonus 1:2
KANSAINER,2024-06-21,dividend,1.000000,3.75,cash dividend per share,Annual General Meeting/Special Dividend - Rs 1.25 Per Share/ Dividend - Rs 2.50 Per Share
KANSAINER,2025-06-23,dividend,1.000000,2.5,cash dividend per share,Dividend - Rs 2.50 Per Share/Special Dividend - 1.25 Per Share
KANSAINER,2026-06-29,dividend,1.000000,2.5,cash dividend per share,Dividend - Rs 2.50 Per Share
KARURVYSYA,2007-07-12,dividend,1.000000,2,cash dividend per share,Agm/Dividend-100%
KARURVYSYA,2008-07-16,dividend,1.000000,2.4,cash dividend per share,Agm/Dividend - 120%
KARURVYSYA,2009-07-14,dividend,1.000000,12,cash dividend per share,Dividend-Rs.12/ Per Share
KARURVYSYA,2010-07-14,dividend,1.000000,12,cash dividend per share,Dividend-Rs.12/- Per Share
KARURVYSYA,2010-09-16,bonus,0.714286,,bonus 2:5,Bonus 2:5
KARURVYSYA,2011-02-17,rights,0.790749,,"rights 2:5 at 142, theoretical ex-rights price",Rights 2:5 @ Premium Rs.140/- Per Share
KARURVYSYA,2011-07-21,dividend,1.000000,12,cash dividend per share,Dividend-Rs.12/- Per Share
KARURVYSYA,2012-07-19,dividend,1.000000,14,cash dividend per share,Annual General Meting / Dividend Rs 14 Per Share
KARURVYSYA,2013-07-11,dividend,1.000000,14,cash dividend per share,Annual General Meeting/Dividend Rs 14/- Per Share
KARURVYSYA,2014-07-03,dividend,1.000000,13,cash dividend per share,Annual General Meeting / Dividend Rs.13/- Per Share
KARURVYSYA,2015-07-10,dividend,1.000000,13,cash dividend per share,Annual General Meeting/ Dividend - Rs 13/- Per Share
KARURVYSYA,2016-03-21,dividend,1.000000,10,cash dividend per share,Interim Dividend - Rs 10/- Per Share (Purpose Revised)
KARURVYSYA,2016-07-12,dividend,1.000000,4,cash dividend per share,Annual General Meeting/ Dividend -Rs 4/- Per Share
KARURVYSYA,2016-11-17,split,0.200000,,face value 10 to 2,Fv Splt Frm Rs 10 To Rs 2
KARURVYSYA,2017-07-12,dividend,1.000000,2.6,cash dividend per share,Annual General Meeting/ Dividend � Rs 2.60 Per Share
KARURVYSYA,2017-10-12,rights,0.931660,,"rights 1:6 at 76, theoretical ex-rights price",Rights 1:6 @ Premium Rs 74/-
KARURVYSYA,2018-07-11,dividend,1.000000,0.6,cash dividend per share,Dividend- Re 0.60 Per Share
KARURVYSYA,2018-08-14,bonus,0.909091,,bonus 1:10,Bonus 1:10
KARURVYSYA,2019-07-10,dividend,1.000000,0.6,cash dividend per share,Annual General Meeting/Dividend - Rs 0.60 Per Share
KARURVYSYA,2021-07-23,dividend,1.000000,0.5,cash dividend per share,Annual General Meeting/Dividend - Rs 0.50 Per Share
KARURVYSYA,2022-07-19,dividend,1.000000,1.6,cash dividend per share,Annual General Meeting/Dividend - Rs 1.60 Per Share
KARURVYSYA,2023-08-07,dividend,1.000000,2,cash dividend per share,Dividend - Rs 2 Per Share
KARURVYSYA,2024-08-01,dividend,1.000000,2.4,cash dividend per share,Dividend - Rs 2.40 Per Share
KARURVYSYA,2025-08-07,dividend,1.000000,2.6,cash dividend per share,Dividend - Rs 2.60 Per Share
KARURVYSYA,2025-08-26,bonus,0.833333,,bonus 1:5,Bonus 1:5
KARURVYSYA,2026-07-24,dividend,1.000000,2.6,cash dividend per share,Dividend - Rs 2.60 Per Share
KEI,2007-09-06,dividend,1.000000,0.5,cash dividend per share,Agm/Dividend-25%
KEI,2008-08-14,dividend,1.000000,0.5,cash dividend per share,Agm/Dividend - 25%
KEI,2009-07-09,dividend,1.000000,0.2,cash dividend per share,Agm/Div-Re.0.20 Per Share
KEI,2010-08-17,dividend,1.000000,0.2,cash dividend per share,Annual General Meeting And Dividend Re.0.20 Per Share
KEI,2011-09-08,dividend,1.000000,0.2,cash dividend per share,Annual General Meeting And Dividend Re.0.20 Per Share
KEI,2012-09-06,dividend,1.000000,0.2,cash dividend per share,Annual General Meeting And Dividend Re.0.20 Per Share
KEI,2013-06-13,dividend,1.000000,0.2,cash dividend per share,Annual General Meeting And Dividend Re.0.20/- Per Equity Share
KEI,2014-09-11,dividend,1.000000,0.2,cash dividend per share,Annual General Meeting / Dividend - Re 0.20/- Per Share
KEI,2015-09-08,dividend,1.000000,0.4,cash dividend per share,Annual General Meeting/ Dividend - Re 0.40/- Per Share
KEI,2016-08-29,dividend,1.000000,0.5,cash dividend per share,Annual Genaral Meeting/ Dividend - Re 0.50/- Per Share (Book Closure Start Date Revised)
KEI,2017-07-11,dividend,1.000000,0.6,cash dividend per share,Dividend - Re 0.60 Per Share
KEI,2018-09-11,dividend,1.000000,1,cash dividend per share,Annual General Meeting/Dividend- Re 1 Per Share
KEI,2019-09-06,dividend,1.000000,1.2,cash dividend per share,Annual General Meeting/Dividend - Rs 1.20 Per Share
KEI,2020-03-19,dividend,1.000000,1.5,cash dividend per share,Interim Dividend - Rs 1.50 Per Share
KEI,2021-03-09,dividend,1.000000,2,cash dividend per share,Interim Dividend - Rs 2 Per Share
KEI,2022-02-07,dividend,1.000000,2.5,cash dividend per share,Interim Dividend - Rs 2.50 Per Share
KEI,2023-02-03,dividend,1.000000,3,cash dividend per share,Interim Dividend - Rs 3 Per Share
KEI,2024-03-19,dividend,1.000000,3.5,cash dividend per share,Interim Dividend - Rs 3.50 Per Share
KEI,2025-01-27,dividend,1.000000,4,cash dividend per share,Interim Dividend - Rs 4 Per Share
KEI,2026-01-28,dividend,1.000000,4.5,cash dividend per share,Interim Dividend - Rs 4.50 Per Share
KIOCL,2017-02-06,dividend,1.000000,0.11,cash dividend per share,Interim Dividend Re 0.11 Per Share
KIOCL,2017-08-23,dividend,1.000000,0.26,cash dividend per share,Annual General Meeting/Dividend - Re 0.26 Per Share
KIOCL,2018-03-26,dividend,1.000000,0.27,cash dividend per share,Interim Dividend - Re 0.27 Per Share (Purpose Revised)
KIOCL,2018-08-23,dividend,1.000000,0.79,cash dividend per share,Annual General Meeting/Dividend- Re 0.79 Per Share
KIOCL,2019-08-23,dividend,1.000000,1.33,cash dividend per share,Dividend - Rs 1.33 Per Share
KIOCL,2020-09-21,dividend,1.000000,0.7,cash dividend per share,Annual General Meeting/Dividend - Rs 0.70 Per Share
KIOCL,2021-09-07,dividend,1.000000,1.64,cash dividend per share,Annual General Meeting/Dividend - Rs 1.64 Per Share
KIOCL,2021-11-25,dividend,1.000000,0.98,cash dividend per share,Interim Dividend - Rs 0.98 Per Share
KIOCL,2022-09-08,dividend,1.000000,0.79,cash dividend per share,Annual General Meeting/Dividend - Re 0.79 Per Share
KOTAKBANK,2007-06-22,dividend,1.000000,0.07,cash dividend per share,Agm/Dividend-7%
KOTAKBANK,2008-07-14,dividend,1.000000,0.075,cash dividend per share,Agm/Dividend - 7.50%
KOTAKBANK,2009-07-14,dividend,1.000000,0.75,cash dividend per share,Agm/Div-Re.0.75 Per Share
KOTAKBANK,2010-06-30,dividend,1.000000,0.85,cash dividend per share,Annual General Meeting And Dividend Re.0.85 Per Share
KOTAKBANK,2010-09-13,split,0.500000,,face value 10 to 5,Face Value Split From Rs.10/- To Rs.5/-
KOTAKBANK,2011-07-12,dividend,1.000000,0.5,cash dividend per share,Annual General Meeting And Dividend Re.0.50 Per Share
KOTAKBANK,2012-07-06,dividend,1.000000,0.6,cash dividend per share,Annual General Meeting / Dividend Re 0.60 Per Share
KOTAKBANK,2013-07-04,dividend,1.000000,0.7,cash dividend per share,Annual General Meeting/Dividend Re 0.70/- Per Share
KOTAKBANK,2014-07-04,dividend,1.000000,0.8,cash dividend per share,Annual General Meeting/Dividend Re 0.80/- Per Share
KOTAKBANK,2015-06-18,dividend,1.000000,0.9,cash dividend per share,Annual General Meeting/Dividend Re 0.90/- Per Share
KOTAKBANK,2015-07-08,bonus,0.500000,,bonus 1:1,Bonus 1: 1
KOTAKBANK,2016-07-14,dividend,1.000000,0.5,cash dividend per share,Annual General Meeting/ Divdend - Re 0.50/- Per Share
KOTAKBANK,2017-07-12,dividend,1.000000,0.6,cash dividend per share,Annual General Meeting/Dividend-Re 0.60 Per Share
KOTAKBANK,2018-07-11,dividend,1.000000,0.7,cash dividend per share,Annual General Meeting/Dividend- Re 0.70 Per Share
KOTAKBANK,2019-07-12,dividend,1.000000,0.8,cash dividend per share,Annual General Meeting/Dividend Rs 0.80 Per Share
KOTAKBANK,2021-08-11,dividend,1.000000,0.9,cash dividend per share,Dividend - Rs 0.90 Per Share
KOTAKBANK,2022-08-11,dividend,1.000000,1.1,cash dividend per share,Dividend - Rs 1.10 Per Share
KOTAKBANK,2023-08-04,dividend,1.000000,1.5,cash dividend per share,Dividend - Rs 1.50 Per Sh
KOTAKBANK,2024-07-19,dividend,1.000000,2,cash dividend per share,Dividend - Rs 2 Per Share
KOTAKBANK,2025-07-18,dividend,1.000000,2.5,cash dividend per share,Dividend - Rs 2.50 Per Share
KOTAKBANK,2026-01-14,split,0.200000,,face value 5 to 1,Face Value Split (Sub-Division) - From Rs 5/- Per Share To Re 1/- Per Share
KOTAKBANK,2026-07-17,dividend,1.000000,0.65,cash dividend per share,Dividend - Rs 0.65 Per Share
KPITTECH,2019-08-20,dividend,1.000000,0.75,cash dividend per share,Annual General Meeting/Dividend - Rs 0.75 Per Share
KPITTECH,2020-02-17,dividend,1.000000,0.55,cash dividend per share,Interim Dividend - Rs 0.55 Per Share
KPITTECH,2020-03-19,dividend,1.000000,0.45,cash dividend per share,Interim Dividend - Rs 0.45 Per Share
KPITTECH,2021-08-17,dividend,1.000000,1.5,cash dividend per share,Annual General Meeting/Dividend - Rs 1.50 Per Share
KPITTECH,2022-02-10,dividend,1.000000,1.25,cash dividend per share,Interim Dividend - Rs 1.25 Per Share
KPITTECH,2022-08-12,dividend,1.000000,1.85,cash dividend per share,Dividend - Rs 1.85 Per Share
KPITTECH,2023-02-10,dividend,1.000000,1.45,cash dividend per share,Interim Dividend - Rs 1.45 Per Share
KPITTECH,2023-08-14,dividend,1.000000,2.65,cash dividend per share,Dividend - Rs 2.65 Per Share
KPITTECH,2024-02-09,dividend,1.000000,2.1,cash dividend per share,Interim Dividend - Rs 2.10 Per Share
KPITTECH,2024-08-09,dividend,1.000000,4.6,cash dividend per share,Dividend - Rs 4.60 Per Share
KPITTECH,2025-02-04,dividend,1.000000,2.5,cash dividend per share,Interim Dividend - Rs 2.5 Per Sh
KPITTECH,2025-07-28,dividend,1.000000,6,cash dividend per share,Dividend - Rs 6 Per Share
KPITTECH,2026-02-04,dividend,1.000000,2.25,cash dividend per share,Interim Dividend - Rs 2.25 Per Share
KPITTECH,2026-08-12,dividend,1.000000,5.25,cash dividend per share,Dividend - Rs 5.25 Per Share
KPRMILL,2007-10-31,dividend,1.000000,2,cash dividend per share,Int Div-Rs.2/- Per Sh Purpose Revised
KPRMILL,2008-08-12,dividend,1.000000,0.3,cash dividend per share,Agm/Dividend - 30%
KPRMILL,2009-08-13,dividend,1.000000,2,cash dividend per share,Agm/Div-Rs.2/- Per Share
KPRMILL,2010-04-22,dividend,1.000000,4,cash dividend per share,Int Div-Rs.4/- Per Share Purpose Revised
KPRMILL,2010-08-17,dividend,1.000000,1.5,cash dividend per share,Annual General Meeting And Dividend Rs.1.50 Per Share
KPRMILL,2010-11-02,dividend,1.000000,3,cash dividend per share,Interim Dividend-Rs.3/- Per Share (Purpose Revised)
KPRMILL,2011-07-20,dividend,1.000000,3,cash dividend per share,Annual General Meeting And Dividend Rs.3/- Per Share
KPRMILL,2012-05-18,dividend,1.000000,3,cash dividend per share,Interim Dividend Rs.3/- Per Share (Purpose Revised)
KPRMILL,2012-08-17,dividend,1.000000,2,cash dividend per share,Annual General Meeting/ Dividend Rs 2 Per Share
KPRMILL,2013-02-14,dividend,1.000000,3,cash dividend per share,Interim Dividend Rs 3 Per Share (Purpose Revised)
KPRMILL,2013-08-21,dividend,1.000000,3,cash dividend per share,Annual General Meeting/Dividend Rs 3/- Per Share
KPRMILL,2013-10-31,dividend,1.000000,4,cash dividend per share,Interim Dividend Rs.4/- Per Share
KPRMILL,2014-08-19,dividend,1.000000,3,cash dividend per share,Annual General Meeting / Final Dividend - Rs 3/- Per Share
KPRMILL,2015-02-12,dividend,1.000000,4,cash dividend per share,Interim Dividend - Rs 4/- Per Share (Purpose Revised)
KPRMILL,2015-08-14,dividend,1.000000,5,cash dividend per share,Annual General Meeting / Dividend - Rs 5/- Per Share
KPRMILL,2016-02-09,dividend,1.000000,5,cash dividend per share,Interim Dividend - Rs 5/- Per Share
KPRMILL,2016-03-16,dividend,1.000000,4,cash dividend per share,Interim Dividend - Rs 4/- Per Share (Purpose Revised)
KPRMILL,2016-08-16,dividend,1.000000,1,cash dividend per share,Annual General Meeting/ Dividend - Re 1/- Per Share
KPRMILL,2016-11-29,split,0.500000,,face value 10 to 5,Fv Splt Frm Rs 10 To Rs 5
KPRMILL,2017-08-18,dividend,1.000000,0.75,cash dividend per share,Annual General Meeting/Dividend - Re 0.75 Per Share
KPRMILL,2018-08-20,dividend,1.000000,0.75,cash dividend per share,Annual General Meeting/Dividend Re 0.75 Per Share
KPRMILL,2019-08-20,dividend,1.000000,0.75,cash dividend per share,Annual General Meeting/Dividend - Rs 0.75 Per Share
KPRMILL,2020-02-11,dividend,1.000000,3.75,cash dividend per share,Interim Dividend - Rs 3.75 Per Share
KPRMILL,2020-09-16,dividend,1.000000,0.75,cash dividend per share,Annual General Meeting/Dividend - Rs 0.75 Per Share
KPRMILL,2021-02-10,dividend,1.000000,3.75,cash dividend per share,Interim Dividend - Rs 3.75 Per Share
KPRMILL,2021-09-01,dividend,1.000000,0.75,cash dividend per share,Dividend - Rs 0.75 Per Share
KPRMILL,2021-09-24,split,0.200000,,face value 5 to 1,Face Value Split (Sub-Division) - From Rs 5/- Per Share To Re 1/- Per Share
KPRMILL,2022-08-11,dividend,1.000000,0.15,cash dividend per share,Annual General Meeting/Dividend - Rs 0.15 Per Share
KPRMILL,2023-02-14,dividend,1.000000,2,cash dividend per share,Interim Dividend - Rs 2 Per Share
KPRMILL,2023-07-21,dividend,1.000000,2,cash dividend per share,Annual General Meeting/Dividend - Rs 2 Per Share
KPRMILL,2024-02-13,dividend,1.000000,2.5,cash dividend per share,Interim Dividend - Rs 2.50 Per Share
KPRMILL,2024-07-15,dividend,1.000000,2.5,cash dividend per share,Annual General Meeting/Dividend - Rs 2.50 Per Share
KPRMILL,2025-02-07,dividend,1.000000,2.5,cash dividend per share,Interim Dividend - Rs 2.50 Per Share
KPRMILL,2025-07-23,dividend,1.000000,2.5,cash dividend per share,Dividend - Rs 2.50 Per Share
KPRMILL,2026-02-13,dividend,1.000000,2.5,cash dividend per share,Interim Dividend - Rs 2.50 Per Share
KPRMILL,2026-07-20,dividend,1.000000,2.5,cash dividend per share,Dividend - Rs 2.50 Per Share
KRBL,2007-09-18,dividend,1.000000,2,cash dividend per share,Agm/Div-Rs.2/- Per Sh
KRBL,2008-09-19,dividend,1.000000,2,cash dividend per share,Agm/Div-Rs.2 Per Share
KRBL,2009-09-17,dividend,1.000000,2,cash dividend per share,Agm/Div-Rs.2/- Per Share
KRBL,2010-02-10,split,0.100000,,face value 10 to 1,Fv Spl-Rs10tore1/Div-1.50
KRBL,2010-09-14,dividend,1.000000,0.15,cash dividend per share,Annual General Meeting And Dividend Re.0.15 Per Share
KRBL,2011-09-16,dividend,1.000000,0.3,cash dividend per share,Annual General Meeting And Dividend Re.0.30 Per Share
KRBL,2012-09-14,dividend,1.000000,0.3,cash dividend per share,Annual General Meeting/Dividend Re 0.30 Per Share
KRBL,2013-09-05,dividend,1.000000,0.8,cash dividend per share,Annual General Meeting/Dividend Re 0.80/- Per Share
KRBL,2014-08-26,dividend,1.000000,1.2,cash dividend per share,Annual General Meeting / Final Dividend - Rs 1.20/- Per Share
KRBL,2015-09-15,dividend,1.000000,1.7,cash dividend per share,Annual General Meeting/ Dividend - Rs 1.70/- Per Share
KRBL,2016-03-17,dividend,1.000000,1.9,cash dividend per share,Interim Dividend - Rs 1.90/- Per Share (Purpose Revised)
KRBL,2017-09-08,dividend,1.000000,2.1,cash dividend per share,Annual General Meeting/Dividend - Rs 2.10 Per Share
KRBL,2018-08-06,dividend,1.000000,2.3,cash dividend per share,Annual General Meeting/Dividend- Rs 2.30 Per Share
KRBL,2019-08-28,dividend,1.000000,2.5,cash dividend per share,Annual General Meeting/Dividend - Rs 2.50 Per Share
KRBL,2020-03-05,dividend,1.000000,2.8,cash dividend per share,Interim Dividend - Rs 2.80 Per Share
KRBL,2021-09-16,dividend,1.000000,3.5,cash dividend per share,Annual General Meeting/Dividend - Rs 3.50 Per Share
KRBL,2022-09-08,dividend,1.000000,3.5,cash dividend per share,Annual General Meeting/Dividend - Rs 3.50 Per Share
KRBL,2023-08-25,dividend,1.000000,1,cash dividend per share,Dividend - Re 1 Per Share
KRBL,2024-09-06,dividend,1.000000,4,cash dividend per share,Dividend - Rs 4 Per Share
KRBL,2025-09-17,dividend,1.000000,3.5,cash dividend per share,Dividend - Rs 3.50 Per Share
KRBL,2026-09-18,dividend,1.000000,4.5,cash dividend per share,Dividend - Rs 4.50 Per Share
LALPATHLAB,2016-07-20,dividend,1.000000,2.45,cash dividend per share,Annual Genral Meeting/Dividend Rs 2.45 Per Share
LALPATHLAB,2017-02-13,dividend,1.000000,1.3,cash dividend per share,Interim Dividend Rs 1.30 Per Share
LALPATHLAB,2017-07-12,dividend,1.000000,1.7,cash dividend per share,Annual General Meetin/Dividend - Rs 1.70 Per Share
LALPATHLAB,2017-11-20,dividend,1.000000,1.5,cash dividend per share,Interim Dividend Rs 1.50 Per Share
LALPATHLAB,2018-08-03,dividend,1.000000,3,cash dividend per share,Annual General Meeting / Dividend- Rs 3 Per Share
LALPATHLAB,2018-11-19,dividend,1.000000,2.5,cash dividend per share,Interim Dividend - Rs 2.50 Per Share
LALPATHLAB,2019-08-02,dividend,1.000000,3.5,cash dividend per share,Annual General Meeting/ Dividend - Rs 3.5 Per Share
LALPATHLAB,2019-11-20,dividend,1.000000,6,cash dividend per share,Interim Dividend - Rs 6 Per Share
LALPATHLAB,2020-03-05,dividend,1.000000,6,cash dividend per share,Interim Dividend - Rs 6 Per Share
LALPATHLAB,2020-11-18,dividend,1.000000,6,cash dividend per share,Interim Dividend - Rs 6 Per Share
LALPATHLAB,2021-02-09,dividend,1.000000,6,cash dividend per share,Interim Dividend - Rs 6.00 Per Share
LALPATHLAB,2021-07-20,dividend,1.000000,8,cash dividend per share,Annual General Meeting/Dividend - Rs 8 Per Share
LALPATHLAB,2021-08-18,dividend,1.000000,6,cash dividend per share,Interim Dividend - Rs 6 Per Share
LALPATHLAB,2022-06-22,dividend,1.000000,6,cash dividend per share,Annual General Meeting/Dividend - Rs 6 Per Share
LALPATHLAB,2022-08-05,dividend,1.000000,6,cash dividend per share,Interim Dividend - Rs 6 Per Share
LALPATHLAB,2023-08-11,dividend,1.000000,12,cash dividend per share,Dividend - Rs 6 Per Share | Interim Dividend - Rs 6 Per Share
LALPATHLAB,2024-02-13,dividend,1.000000,12,cash dividend per share,Interim Dividend - Rs 12 Per Share
LALPATHLAB,2024-06-10,dividend,1.000000,6,cash dividend per share,Dividend - Rs 6 Per Share
LALPATHLAB,2024-08-20,dividend,1.000000,6,cash dividend per share,Interim Dividend - Rs 6 Per Share
LALPATHLAB,2024-11-05,dividend,1.000000,6,cash dividend per share,Interim Dividend - Rs 6 Per Share
LALPATHLAB,2025-02-05,dividend,1.000000,6,cash dividend per share,Interim Dividend - Rs 6 Per Share
LALPATHLAB,2025-06-06,dividend,1.000000,6,cash dividend per share,Dividend - Rs 6 Per Share
LALPATHLAB,2025-08-06,dividend,1.000000,6,cash dividend per share,Interim Dividend - Rs 6 Per Share
LALPATHLAB,2025-11-07,dividend,1.000000,7,cash dividend per share,Interim Dividend - Rs 7 Per Share
LALPATHLAB,2025-12-19,bonus,0.500000,,bonus 1:1,Bonus 1:1
LALPATHLAB,2026-02-05,dividend,1.000000,3.5,cash dividend per share,Interim Dividend - Rs 3.50 Per Share
LALPATHLAB,2026-06-25,dividend,1.000000,4,cash dividend per share,Dividend - Rs 4 Per Share
LALPATHLAB,2026-07-30,dividend,1.000000,5,cash dividend per share,Interim Dividend - Rs 5 Per Share
LAURUSLABS,2017-07-06,dividend,1.000000,1.5,cash dividend per share,Annual General Meeting/Dividend - Rs 1.50/- Per Share
LAURUSLABS,2018-06-28,dividend,1.000000,1.5,cash dividend per share,Annual General Meeting / Dividend- Rs 1.50 Per Share
LAURUSLABS,2019-07-03,dividend,1.000000,1.5,cash dividend per share,Annual General Meeting/ Dividend - Rs 1.50 Per Share
LAURUSLABS,2020-03-23,dividend,1.000000,1.5,cash dividend per share,Interim Dividend - Rs 1.50 Per Share
LAURUSLABS,2020-07-01,dividend,1.000000,1,cash dividend per share,Annual General Meeting/Dividend - Re 1 Per Share
LAURUSLABS,2020-09-29,split,0.200000,,face value 10 to 2,Face Value Split (Sub-Division) - From Rs 10/- Per Share To Rs 2/- Per Share
LAURUSLABS,2020-11-10,dividend,1.000000,0.8,cash dividend per share,Interim Dividend - Rs 0.80 Per Share
LAURUSLABS,2021-02-08,dividend,1.000000,0.4,cash dividend per share,Interim Dividend - Rs 0.40 Per Share
LAURUSLABS,2021-05-11,dividend,1.000000,0.8,cash dividend per share,Interim Dividend - Re 0.80 Per Share
LAURUSLABS,2021-11-17,dividend,1.000000,0.8,cash dividend per share,Interim Dividend - Rs 0.80 Per Share
LAURUSLABS,2022-05-10,dividend,1.000000,1.2,cash dividend per share,Interim Dividend - Rs 1.20 Per Share
LAURUSLABS,2022-11-03,dividend,1.000000,0.8,cash dividend per share,Interim Dividend - Rs 0.80 Per Share
LAURUSLABS,2023-05-10,dividend,1.000000,1.2,cash dividend per share,Interim Dividend - Rs 1.20 Per Share
LAURUSLABS,2023-11-02,dividend,1.000000,0.4,cash dividend per share,Interim Dividend - Re 0.40 Per Share
LAURUSLABS,2024-05-08,dividend,1.000000,0.4,cash dividend per share,Interim Dividend - Re 0.40 Per Share
LAURUSLABS,2024-11-06,dividend,1.000000,0.4,cash dividend per share,Interim Dividend - Rs 0.40 Per Share
LAURUSLABS,2025-05-09,dividend,1.000000,0.8,cash dividend per share,Interim Dividend - Rs 0.80 Per Share
LAURUSLABS,2025-10-31,dividend,1.000000,0.8,cash dividend per share,Interim Dividend - Re 0.80 Per Sh
LAURUSLABS,2026-05-08,dividend,1.000000,1.2,cash dividend per share,Interim Dividend - Rs 1.20 Per Share
LICHSGFIN,2007-03-26,dividend,1.000000,1,cash dividend per share,Interim Dividend-50%
LICHSGFIN,2007-06-28,dividend,1.000000,0.6,cash dividend per share,Agm/Dividend-30%
LICHSGFIN,2008-06-13,dividend,1.000000,2,cash dividend per share,Agm/Dividend - 100%
LICHSGFIN,2009-06-29,dividend,1.000000,13,cash dividend per share,Agm/Div-Rs.13/- Per Share
LICHSGFIN,2010-06-29,dividend,1.000000,15,cash dividend per share,Dividend-Rs.15/- Pr Share
LICHSGFIN,2010-12-30,split,0.200000,,face value 10 to 2,Face Value Split From Rs.10/- To Rs.2/-
LICHSGFIN,2011-07-04,dividend,1.000000,3.5,cash dividend per share,Annual General Meeting And Dividend Rs.3.50 Per Share
LICHSGFIN,2012-07-06,dividend,1.000000,3.6,cash dividend per share,Annual General Meeting And Dividend Rs.3.60 Per Share
LICHSGFIN,2013-07-09,dividend,1.000000,3.8,cash dividend per share,Annual General Meeting / Final Dividend Rs.3.80/- Per Equity Share
LICHSGFIN,2014-08-07,dividend,1.000000,4.5,cash dividend per share,Annual General Meeting / Dividend - Rs 4.50/- Per Share
LICHSGFIN,2015-08-07,dividend,1.000000,5,cash dividend per share,Annual General Meeting/ Dividend - Rs 5/- Per Share
LICHSGFIN,2016-08-09,dividend,1.000000,5.5,cash dividend per share,Annual General Meeting/ Dividend - Rs 5.50/- Per Share
LICHSGFIN,2017-08-08,dividend,1.000000,6.2,cash dividend per share,Annual General Meeting/Dividend - Rs 6.20 Per Share
LICHSGFIN,2018-08-09,dividend,1.000000,6.8,cash dividend per share,Annual General Meeting / Dividend- Rs 6.80 Per Share
LICHSGFIN,2019-08-16,dividend,1.000000,7.6,cash dividend per share,Annual General Meeting/ Dividend - Rs 7.60 Per Share
LICHSGFIN,2020-09-17,dividend,1.000000,8,cash dividend per share,Annual General Meeting/Dividend - Rs 8 Per Share
LICHSGFIN,2021-09-16,dividend,1.000000,8.5,cash dividend per share,Annual General Meeting/Dividend - Rs 8.50 Per Share
LICHSGFIN,2022-09-19,dividend,1.000000,8.5,cash dividend per share,Annual General Meeting/Dividend - Rs 8.50 Per Share
LICHSGFIN,2023-08-18,dividend,1.000000,8.5,cash dividend per share,Annual General Meeting/Dividend - Rs 8.50 Per Share
LICHSGFIN,2024-08-23,dividend,1.000000,9,cash dividend per share,Annual General Meeting/Dividend - Rs 9 Per Share
LICHSGFIN,2025-08-22,dividend,1.000000,10,cash dividend per share,Dividend - Rs 10 Per Share
LICHSGFIN,2026-08-21,dividend,1.000000,10,cash dividend per share,Dividend - Rs 10 Per Share
LICI,2022-08-25,dividend,1.000000,1.5,cash dividend per share,Dividend - Rs 1.50 Per Share
LICI,2023-07-21,dividend,1.000000,3,cash dividend per share,Dividend - Rs 3 Per Share
LICI,2024-02-21,dividend,1.000000,4,cash dividend per share,Interim Dividend - Rs 4 Per Share
LICI,2024-07-19,dividend,1.000000,6,cash dividend per share,Dividend - Rs 6 Per Share
LICI,2025-07-25,dividend,1.000000,12,cash dividend per share,Dividend - Rs 12 Per Share
LICI,2026-05-29,bonus,0.500000,,bonus 1:1,Bonus 1:1
LICI,2026-06-25,dividend,1.000000,10,cash dividend per share,Dividend - Rs 10 Per Share
LINDEINDIA,2007-07-13,dividend,1.000000,2.5,cash dividend per share,Agm/Dividend-25%
LINDEINDIA,2008-05-15,dividend,1.000000,2,cash dividend per share,Agm/Dividend - 20%
LINDEINDIA,2009-05-18,dividend,1.000000,1.5,cash dividend per share,Agm/Dividend - 15%
LINDEINDIA,2010-05-14,dividend,1.000000,1.5,cash dividend per share,Agm/Div-Rs.1.50 Per Share
LINDEINDIA,2011-05-20,dividend,1.000000,1.5,cash dividend per share,Annual General Meeting And Dividend Rs.1.50 Per Share
LINDEINDIA,2012-05-04,dividend,1.000000,1.5,cash dividend per share,Annual General Meeting And Dividend Rs.1.50 Per Share
LINDEINDIA,2013-05-06,dividend,1.000000,1.5,cash dividend per share,Annual General Meeting/Dividend Rs 1.50 Per Share
LINDEINDIA,2014-05-12,dividend,1.000000,1.5,cash dividend per share,Annual General Meeting/Dividend Rs 1.50 Per Share
LINDEINDIA,2015-04-30,dividend,1.000000,1.5,cash dividend per share,Annual General Meeting / Dividend - Rs 1.50/- Per Share
LINDEINDIA,2016-05-06,dividend,1.000000,0.75,cash dividend per share,Annual General Meeting/ Dividend - Re 0.75/- Per Share (Book Closure Dates Revised)
LINDEINDIA,2017-04-07,dividend,1.000000,0.75,cash dividend per share,Annual General Meeting/Dividend Re 0.75 Per Share
LINDEINDIA,2018-04-06,dividend,1.000000,1,cash dividend per share,Annual General Meeting/ Dividend - Re 1 Per Share
LINDEINDIA,2019-05-08,dividend,1.000000,1.5,cash dividend per share,Annual General Meeting / Dividend - Rs 1.50 Per Share
LINDEINDIA,2020-09-10,dividend,1.000000,10,cash dividend per share,Annual General Meeting/Dividend - Rs 2.50 Per Share And Special Dividend - Rs 7.50 Per Share
LINDEINDIA,2021-06-16,dividend,1.000000,3,cash dividend per share,Annual General Meeting/Dividend - Rs 3 Per Share
LINDEINDIA,2022-06-01,dividend,1.000000,13.5,cash dividend per share,Annual General Meeting/Dividend - Rs 3.50 Per Share/Special Dividend - Rs 10 Per Share
LINDEINDIA,2023-08-10,dividend,1.000000,12,cash dividend per share,Annual General Meeting/Dividend - Rs 4.50 Per Share/Special Dividend -Rs 7.50 Per Share
LINDEINDIA,2024-08-05,dividend,1.000000,12,cash dividend per share,Annual General Meeting/Dividend - Rs 4 Per Share/ Special Dividend - Rs 8 Per Share
LINDEINDIA,2025-08-07,dividend,1.000000,12,cash dividend per share,Dividend - Rs 4.50 Per Share & Special Dividend - Rs 7.50 Per Share
LINDEINDIA,2026-08-06,dividend,1.000000,4,cash dividend per share,Dividend - Rs 4 Per Share/Special Dividend - 8 Per Share
LLOYDSME,2024-08-13,dividend,1.000000,1,cash dividend per share,Annual General Meeting/Dividend - Re 1 Per Share
LLOYDSME,2025-05-26,dividend,1.000000,1,cash dividend per share,Dividend - Re 1 Per Share
LLOYDSME,2026-06-12,dividend,1.000000,1,cash dividend per share,Dividend - Rs 1 Per Share
LODHA,2023-05-31,bonus,0.500000,,bonus 1:1,Bonus 1:1
LODHA,2023-09-08,dividend,1.000000,1,cash dividend per share,Dividend - Re 1 Per Share
LODHA,2024-08-16,dividend,1.000000,2.25,cash dividend per share,Dividend - Rs 2.25 Per Share
LODHA,2025-08-22,dividend,1.000000,4.25,cash dividend per share,Dividend - Rs 4.25 Per Share
LODHA,2026-08-07,dividend,1.000000,4.25,cash dividend per share,Dividend - Rs 4.25 Per Share
LT,2007-03-28,dividend,1.000000,11,cash dividend per share,Int Div-Rs.11/- Per Sh
LT,2007-08-14,dividend,1.000000,2,cash dividend per share,Agm/Fin Div-Rs.2/- Per Sh
LT,2008-08-20,dividend,1.000000,15,cash dividend per share,Agm/Div - Rs.15 Per Share
LT,2008-10-01,bonus,0.500000,,bonus 1:1,Bonus 1:1
LT,2009-08-18,dividend,1.000000,10.5,cash dividend per share,Dividend-Rs10.50 Pr Share
LT,2010-08-17,dividend,1.000000,12.5,cash dividend per share,Annual General Meeting And Dividend Rs.12.50 Per Share
LT,2011-08-17,dividend,1.000000,14.5,cash dividend per share,Dividend-Rs.14.50 Per Share
LT,2012-08-14,dividend,1.000000,16.5,cash dividend per share,Annual General Meeting / Dividend Rs 16.50 Per Share
LT,2013-07-11,bonus,0.666667,,bonus 1:2,Bonus 1:2
LT,2013-08-13,dividend,1.000000,12.33,cash dividend per share,Annual General Meeting / Dividend - Rs 12.33/- Per Share
LT,2014-08-13,dividend,1.000000,14.25,cash dividend per share,Annual General Meeting / Dividend - Rs 14.25/- Per Share
LT,2015-09-01,dividend,1.000000,16.25,cash dividend per share,Annual General Meeting/ Dividend - Rs 16.25/- Per Share
LT,2016-08-18,dividend,1.000000,18.25,cash dividend per share,Dividend - Rs 18.25/- Per Share
LT,2017-07-13,bonus,0.666667,,bonus 1:2,Bonus 1:2
LT,2017-08-11,dividend,1.000000,14,cash dividend per share,Annual General Meeting/Dividend - Rs 14/- Per Share
LT,2018-08-14,dividend,1.000000,16,cash dividend per share,Annual General Meeting/Dividend- Rs 16 Per Share
LT,2019-07-24,dividend,1.000000,18,cash dividend per share,Annual General Meeting/Dividend - Rs 18 Per Share
LT,2020-03-24,dividend,1.000000,10,cash dividend per share,Interim Dividend - Rs 10 Per Share
LT,2020-08-05,dividend,1.000000,8,cash dividend per share,Annual General Meeting/Dividend - Rs 8 Per Share
LT,2020-11-04,dividend,1.000000,18,cash dividend per share,Special Dividend - Rs 18 Per Share
LT,2021-07-28,dividend,1.000000,18,cash dividend per share,Annual General Meeting/Dividend - Rs 18 Per Share
LT,2022-07-21,dividend,1.000000,22,cash dividend per share,Dividend - Rs 22 Per Share
LT,2023-08-02,dividend,1.000000,30,cash dividend per share,Special Dividend - Rs 6 Per Share | Dividend - Rs 24 Per Share
LT,2024-06-20,dividend,1.000000,28,cash dividend per share,Dividend - Rs 28 Per Share
LT,2025-06-03,dividend,1.000000,34,cash dividend per share,Dividend - Rs 34 Per Share
LT,2026-05-22,dividend,1.000000,38,cash dividend per share,Dividend - Rs 38 Per Share
LTF,2013-07-26,dividend,1.000000,0.75,cash dividend per share,Annual Generalmeeting / Dividend Rs.0.75 Per Equity Share
LTF,2014-07-18,dividend,1.000000,0.75,cash dividend per share,Annual General Meeting / Dividend - Re 0.75/- Per Share
LTF,2015-09-01,dividend,1.000000,0.8,cash dividend per share,Annual General Meeting/ Dividend - Re 0.80/- Per Share
LTF,2016-08-12,dividend,1.000000,0.8,cash dividend per share,Annual General Meeting/ Dividend - Re 0.80/- Per Share
LTF,2017-08-18,dividend,1.000000,0.8,cash dividend per share,Annual General Meeting/Dividend - Re 0.80 Per Share
LTF,2018-08-20,dividend,1.000000,1,cash dividend per share,Annual General Meeting/Dividend- Re 1 Per Share
LTF,2019-07-19,dividend,1.000000,1,cash dividend per share,Annual General Meeting/Dividend - Re 1 Per Share
LTF,2020-03-26,dividend,1.000000,0.9,cash dividend per share,Interim Dividend - Rs 0.90 Per Share
LTF,2021-01-21,rights,0.930114,,"rights 17:74 at 65, theoretical ex-rights price",Rights 17:74@ Premium Rs 55 Per Share
LTF,2022-07-01,dividend,1.000000,0.5,cash dividend per share,Dividend - Rs 0.50 Per Share
LTF,2023-07-21,dividend,1.000000,2,cash dividend per share,Dividend - Rs 2 Per Share
LTF,2024-06-18,dividend,1.000000,2.5,cash dividend per share,Dividend - Rs 2.50 Per Share
LTF,2025-05-27,dividend,1.000000,2.75,cash dividend per share,Dividend - Rs 2.75 Per Share
LTF,2026-05-22,dividend,1.000000,2.75,cash dividend per share,Dividend - Rs 2.75 Per Share
LTM,2016-11-17,dividend,1.000000,6.85,cash dividend per share,Interim Dividend Rs 6.85 Per Share (Purpose Revised)
LTM,2017-08-14,dividend,1.000000,9.7,cash dividend per share,Annual General Meeting/Dividend - Rs 9.70 Per Share
LTM,2017-11-13,dividend,1.000000,8,cash dividend per share,Interim Dividend - Rs 8/- Per Share (Purpose Revised)
LTM,2018-08-14,dividend,1.000000,13.5,cash dividend per share,Annual General Meeting/Dividend Rs 13.50 Per Share
LTM,2018-10-31,dividend,1.000000,12.5,cash dividend per share,Interim Dividend - Rs 12.50 Per Share
LTM,2019-07-11,dividend,1.000000,15.5,cash dividend per share,Dividend - Rs 15.50 Per Share
LTM,2019-10-24,dividend,1.000000,12.5,cash dividend per share,Interim Dividend - Rs 12.50 Per Share
LTM,2020-07-09,dividend,1.000000,15.5,cash dividend per share,Annual General Meeting/Dividend - Rs 15.50 Per Share
LTM,2020-10-27,dividend,1.000000,15,cash dividend per share,Interim Dividend -Rs 15 Per Share
LTM,2021-07-01,dividend,1.000000,25,cash dividend per share,Dividend - Rs 25 Per Share
LTM,2021-07-30,dividend,1.000000,10,cash dividend per share,Special Dividend - Rs 10 Per Share
LTM,2021-10-25,dividend,1.000000,15,cash dividend per share,Interim Dividend - Rs 15 Per Share
LTM,2022-06-30,dividend,1.000000,30,cash dividend per share,Dividend- Rs 30 Per Share
LTM,2023-01-31,dividend,1.000000,20,cash dividend per share,Interim Dividend - Rs 20 Per Share
LTM,2023-07-10,dividend,1.000000,40,cash dividend per share,Dividend - Rs 40 Per Share
LTM,2023-10-27,dividend,1.000000,20,cash dividend per share,Interim Dividend - Rs 20 Per Share
LTM,2024-06-19,dividend,1.000000,45,cash dividend per share,Dividend - Rs 45 Per Share
LTM,2024-10-25,dividend,1.000000,20,cash dividend per share,Interim Dividend - Rs 20 Per Share
LTM,2025-05-23,dividend,1.000000,45,cash dividend per share,Dividend - Rs 45 Per Share
LTM,2025-10-24,dividend,1.000000,22,cash dividend per share,Interim Dividend - Rs 22 Per Share
LTM,2026-05-25,dividend,1.000000,53,cash dividend per share,Dividend - Rs 53 Per Share
LTTS,2016-11-21,dividend,1.000000,3,cash dividend per share,Interim Dividend Rs 3/- Per Share (Purpose Revised)
LTTS,2017-08-14,dividend,1.000000,4,cash dividend per share,Dividend - Rs 4/- Per Share
LTTS,2017-11-14,dividend,1.000000,4,cash dividend per share,Interim Dividend - Rs 4/- Per Share (Purpose Revised)
LTTS,2018-08-13,dividend,1.000000,12,cash dividend per share,Annual General Meeting/Dividend Rs 12/- Per Share
LTTS,2018-11-01,dividend,1.000000,7.5,cash dividend per share,Interim Dividend - Rs 7.50 Per Share
LTTS,2019-07-11,dividend,1.000000,13.5,cash dividend per share,Annual General Meeting/Dividend - Rs 13.50 Per Share
LTTS,2019-10-30,dividend,1.000000,7.5,cash dividend per share,Interim Dividend - Rs 7.50 Per Sh
LTTS,2020-07-08,dividend,1.000000,13.5,cash dividend per share,Annual General Meeting/Dividend - Rs 13.50 Per Share
LTTS,2020-10-26,dividend,1.000000,7.5,cash dividend per share,Interim Dividend - Rs 7.50 Per Share
LTTS,2021-07-08,dividend,1.000000,14.5,cash dividend per share,Annual General Meeting/Dividend - Rs 14.50 Per Share
LTTS,2021-10-26,dividend,1.000000,10,cash dividend per share,Special Dividend - Rs 10 Per Share
LTTS,2022-01-25,dividend,1.000000,10,cash dividend per share,Interim Dividend - Rs 10 Per Share
LTTS,2022-07-07,dividend,1.000000,15,cash dividend per share,Annual General Meeting/Dividend - Rs 15 Per Share
LTTS,2022-10-27,dividend,1.000000,15,cash dividend per share,Interim Dividend - Rs 15 Per Share
LTTS,2023-07-07,dividend,1.000000,30,cash dividend per share,Dividend - Rs 30 Per Share
LTTS,2023-10-27,dividend,1.000000,17,cash dividend per share,Interim Dividend - Rs 17 Per Share
LTTS,2024-06-14,dividend,1.000000,33,cash dividend per share,Dividend - Rs 33 Per Share
LTTS,2024-10-25,dividend,1.000000,17,cash dividend per share,Interim Dividend - Rs 17 Per Share
LTTS,2025-06-06,dividend,1.000000,38,cash dividend per share,Dividend - Rs 38 Per Share
LTTS,2025-10-27,dividend,1.000000,18,cash dividend per share,Interim Dividend - Rs 18 Per Share
LTTS,2026-05-22,dividend,1.000000,40,cash dividend per share,Dividend - Rs 40 Per Share
LUPIN,2007-07-10,dividend,1.000000,1,cash dividend per share,Agm/Dividend-50%
LUPIN,2008-07-11,dividend,1.000000,1,cash dividend per share,Agm/Div-50% + Spl Div-50%
LUPIN,2009-07-20,dividend,1.000000,12.5,cash dividend per share,Agm/Div-Rs.12.50 Pr Share
LUPIN,2010-07-19,dividend,1.000000,13.5,cash dividend per share,Annual General Meeting And Dividend Rs.13.50 Per Share
LUPIN,2010-08-27,split,0.200000,,face value 10 to 2,Face Value Split From Rs.10/- To Rs.2/-
LUPIN,2011-07-18,dividend,1.000000,3,cash dividend per share,Annual General Meeting And Dividend Rs.3/- Per Share
LUPIN,2012-07-13,dividend,1.000000,3.2,cash dividend per share,Annual General Meeting And Dividend Rs.3.20 Per Share
LUPIN,2013-07-29,dividend,1.000000,4,cash dividend per share,Annual General Meeting / Dividend - Rs 4/- Per Share
LUPIN,2014-02-13,dividend,1.000000,3,cash dividend per share,Interim Dividend - Rs 3/- Per Share
LUPIN,2014-07-21,dividend,1.000000,3,cash dividend per share,Annual General Meeting / Final Dividend - Rs 3/- Per Share
LUPIN,2015-07-14,dividend,1.000000,7.5,cash dividend per share,Annual General Meeting/ Dividend - Rs 7.50/- Per Share
LUPIN,2016-07-25,dividend,1.000000,7.5,cash dividend per share,Annual General Meeting/ Dividend -Rs 7.50/- Per Share
LUPIN,2017-07-24,dividend,1.000000,7.5,cash dividend per share,Annual General Meeting/Dividend - Rs 7.50 Per Share
LUPIN,2018-07-30,dividend,1.000000,5,cash dividend per share,Annual General Meeting/Dividend Rs 5/- Per Share
LUPIN,2019-07-29,dividend,1.000000,5,cash dividend per share,Annual General Meeting/Dividend - Rs 5 Per Share
LUPIN,2020-08-03,dividend,1.000000,6,cash dividend per share,Annual General Meeting/Dividend - Rs 6 Per Share
LUPIN,2021-07-27,dividend,1.000000,6.5,cash dividend per share,Dividend - Rs 6.50 Per Share
LUPIN,2022-07-14,dividend,1.000000,4,cash dividend per share,Dividend - Rs 4 Per Share
LUPIN,2023-07-14,dividend,1.000000,4,cash dividend per share,Dividend - Rs 4 Per Share
LUPIN,2024-07-16,dividend,1.000000,8,cash dividend per share,Dividend - Rs 8 Per Share
LUPIN,2025-07-25,dividend,1.000000,12,cash dividend per share,Dividend - Rs 12 Per Share
LUPIN,2026-07-17,dividend,1.000000,18,cash dividend per share,Dividend - Rs 18 Per Share
M&M,2007-03-23,dividend,1.000000,3.75,cash dividend per share,Interim Dividend-75% Purpose Revised
M&M,2007-07-05,dividend,1.000000,1.25,cash dividend per share,Agm/Div Fin-25% + Spl-15%Purpose Revised
M&M,2008-07-03,dividend,1.000000,5.75,cash dividend per share,Agm/Dividend - 115% Purpose Revised
M&M,2009-07-09,dividend,1.000000,10,cash dividend per share,Agm/Div-Rs.10/- Per Sharepurpose Revised
M&M,2010-03-29,split,0.500000,,face value 10 to 5,Fv Split Rs.10 To Rs.5
M&M,2010-07-08,dividend,1.000000,9.5,cash dividend per share,Annual General Meeting/Final Dividend Rs.8.75 Per Share And Special Dividend Re.0.75 Per Share (Purpose Revised)
M&M,2011-07-14,dividend,1.000000,11.5,cash dividend per share,Annual General Meeting/Final Dividend Rs.10.50 Per Share And Special Dividend Re.1/- Per Share
M&M,2012-07-12,dividend,1.000000,12.5,cash dividend per share,Annual General Meeting And Dividend - Rs.12.50 Per Share
M&M,2014-07-17,dividend,1.000000,14,cash dividend per share,Annual General Meeting / Dividend - Rs 13.50/- Per Share + Special Dividend - Re 0.50/- Per Share
M&M,2015-07-16,dividend,1.000000,12,cash dividend per share,Annual General Meeting/Dividend - Rs 12/- Per Share
M&M,2016-07-21,dividend,1.000000,12,cash dividend per share,Annual General Meeting/ Dividend - Rs 12/- Per Share
M&M,2017-07-13,dividend,1.000000,13,cash dividend per share,Annual General Meeting/Dividend - Rs 13/- Per Share
M&M,2017-12-21,bonus,0.500000,,bonus 1:1,Bonus 1:1
M&M,2018-07-12,dividend,1.000000,7.5,cash dividend per share,Annual General Meeting/Dividend- Rs 7.50 Per Share
M&M,2019-07-18,dividend,1.000000,8.5,cash dividend per share,Annual General Meeting/Dividend - Rs 8.50 Per Share
M&M,2020-07-16,dividend,1.000000,2.35,cash dividend per share,Annual General Meeting/Dividend - Rs 2.35 Per Share
M&M,2021-07-15,dividend,1.000000,8.75,cash dividend per share,Annual General Meeting/Dividend - Rs 8.75 Per Share
M&M,2022-07-14,dividend,1.000000,11.55,cash dividend per share,Annual General Meeting/Dividend - Rs 11.55 Per Share
M&M,2023-07-14,dividend,1.000000,16.25,cash dividend per share,Annual General Meeting/Dividend - Rs 16.25 Per Share
M&M,2024-07-05,dividend,1.000000,21.1,cash dividend per share,Annual General Meeting/Dividend - Rs 21.10 Per Share
M&M,2025-07-04,dividend,1.000000,25.3,cash dividend per share,Dividend - Rs 25.30 Per Share
M&M,2026-07-03,dividend,1.000000,33,cash dividend per share,Dividend - Rs 33 Per Share
M&MFIN,2007-03-26,dividend,1.000000,0.4,cash dividend per share,Interim Dividend-20% Purpose Revised
M&MFIN,2007-06-28,dividend,1.000000,0.4,cash dividend per share,Agm/Final Dividend-20%
M&MFIN,2008-06-26,dividend,1.000000,0.9,cash dividend per share,Agm/Dividend - 45%
M&MFIN,2009-07-02,dividend,1.000000,5.5,cash dividend per share,Agm/Div-Rs.5.50 Per Share
M&MFIN,2010-06-30,dividend,1.000000,7.5,cash dividend per share,Agm/Div-Rs.7.50 Per Share
M&MFIN,2011-07-07,dividend,1.000000,10,cash dividend per share,Annual General Meeting And Dividend Rs.10/- Per Share
M&MFIN,2012-07-05,dividend,1.000000,14,cash dividend per share,Annual General Meeting And Dividend Rs.14/- Per Share
M&MFIN,2013-02-15,split,0.200000,,face value 10 to 2,Face Value Split Rs 10 To Rs 2
M&MFIN,2013-07-04,dividend,1.000000,3.6,cash dividend per share,Annual General Meeting/Dividend - Final Rs.3.40 + Special Re.0.20 Per Share
M&MFIN,2014-07-03,dividend,1.000000,3.8,cash dividend per share,Annual General Meeting / Dividend - Rs 3.80/- Per Share
M&MFIN,2015-07-02,dividend,1.000000,4,cash dividend per share,Annual General Meeting/Dividend - Rs 4/- Per Share
M&MFIN,2016-07-14,dividend,1.000000,4,cash dividend per share,Annual General Meeting/ Dividend -Rs 4/- Per Share
M&MFIN,2017-07-14,dividend,1.000000,2.4,cash dividend per share,Annual General Meeting/Dividend - Rs 2.40 Per Share
M&MFIN,2018-07-19,dividend,1.000000,4,cash dividend per share,Annual General Meeting/Dividend - Rs 4 Per Share
M&MFIN,2019-07-15,dividend,1.000000,6.5,cash dividend per share,Annual General Meeting/Dividend - Rs 4 Per Share/ Special Dividend - Rs 2.5 Per Share
M&MFIN,2020-07-22,rights,0.609697,,"rights 1:1 at 50, theoretical ex-rights price",Rights 1:1 @ Premium Rs 48/-
M&MFIN,2021-07-16,dividend,1.000000,0.8,cash dividend per share,Annual General Meeting/Dividend - Rs 0.80 Per Share
M&MFIN,2022-07-20,dividend,1.000000,3.6,cash dividend per share,Annual General Meeting/Dividend - Rs 3.60 Per Share
M&MFIN,2023-07-21,dividend,1.000000,6,cash dividend per share,Annual General Meeting/Dividend - Rs 6 Per Share
M&MFIN,2024-07-16,dividend,1.000000,6.3,cash dividend per share,Annual General Meeting/Dividend - Rs 6.30 Per Share
M&MFIN,2025-05-14,rights,0.972992,,"rights 1:8 at 194, theoretical ex-rights price",Rights 1:8 @ Premium Rs 192/-
M&MFIN,2025-07-15,dividend,1.000000,6.5,cash dividend per share,Dividend - Rs 6.50 Per Share
M&MFIN,2026-07-13,dividend,1.000000,7.5,cash dividend per share,Dividend - Rs 7.50 Per Share
MAHABANK,2007-05-30,dividend,1.000000,2,cash dividend per share,Agm/Dividend - 20%
MAHABANK,2008-05-29,dividend,1.000000,2,cash dividend per share,Agm/Dividend - 20%
MAHABANK,2009-07-02,dividend,1.000000,1.5,cash dividend per share,Agm/Div-Rs.1.50 Per Share
MAHABANK,2010-06-30,dividend,1.000000,2,cash dividend per share,Dividend-Rs.2/- Per Share
MAHABANK,2011-06-16,dividend,1.000000,2,cash dividend per share,Dividend-Rs.2/- Per Share
MAHABANK,2012-06-14,dividend,1.000000,2.2,cash dividend per share,Annual General Meeting And Dividend - Rs. 2.20 Per Share
MAHABANK,2013-05-30,dividend,1.000000,2.3,cash dividend per share,Annual General Meeting And Dividend - Rs. 2.30 Per Share
MAHABANK,2014-02-06,dividend,1.000000,1,cash dividend per share,Interim Dividend - Re 1/- Per Share (Purpose Revised)
MAHABANK,2015-06-19,dividend,1.000000,0.8,cash dividend per share,Annual General Meeting/ Dividend - Re 0.80/- Per Share
MAHABANK,2022-06-20,dividend,1.000000,0.5,cash dividend per share,Annual General Meeting/Dividend - Rs 0.50 Per Share
MAHABANK,2023-05-23,dividend,1.000000,1.3,cash dividend per share,Dividend - Rs 1.30 Per Share
MAHABANK,2024-05-10,dividend,1.000000,1.4,cash dividend per share,Dividend - Rs 1.40 Per Share
MAHABANK,2025-05-09,dividend,1.000000,1.5,cash dividend per share,Dividend - Rs 1.50 Per Share
MAHABANK,2026-01-20,dividend,1.000000,1,cash dividend per share,Interim Dividend - Re 1 Per Share
MAHABANK,2026-06-05,dividend,1.000000,1.2,cash dividend per share,Dividend - Rs 1.20 Per Sh
MANAPPURAM,2010-07-12,dividend,1.000000,0.5,cash dividend per share,Annual General Meeting And Div. Of Re.0.50 Per Equity Share
MANAPPURAM,2011-06-09,bonus,0.500000,,bonus 1:1,Bonus Shares In The Ratio Of 1:1
MANAPPURAM,2011-08-10,dividend,1.000000,0.6,cash dividend per share,Annual General Meeting/Fin.Div.Re.0.60 Per Share
MANAPPURAM,2012-02-13,dividend,1.000000,0.5,cash dividend per share,Interim Dividend Re.0.50 Per Share
MANAPPURAM,2012-07-25,dividend,1.000000,1,cash dividend per share,Annual General Meeting/Div - Final Re 0.50 + Special Re 0.50 Per Share
MANAPPURAM,2013-03-22,dividend,1.000000,1.5,cash dividend per share,Interim Dividend Rs. 1.50 Per Share
MANAPPURAM,2013-08-22,dividend,1.000000,0.45,cash dividend per share,Interim Dividend Re.0.45 Per Share
MANAPPURAM,2013-11-25,dividend,1.000000,0.45,cash dividend per share,Interim Dividend Re.0.45 Per Share
MANAPPURAM,2014-02-18,dividend,1.000000,0.45,cash dividend per share,Interim Dividend Re 0.45/- Per Share
MANAPPURAM,2014-07-23,dividend,1.000000,0.9,cash dividend per share,Annual General Meeting / Final Dividend - Re 0.45/- Per Share (22.5%)
MANAPPURAM,2014-08-13,dividend,1.000000,0.9,cash dividend per share,Interim Dividend - Re 0.45/- Per Share (22.5%)
MANAPPURAM,2014-11-12,dividend,1.000000,0.45,cash dividend per share,Interim Dividend - Re 0.45/- Per Share
MANAPPURAM,2015-02-12,dividend,1.000000,0.45,cash dividend per share,Interim Dividend - Re 0.45/- Per Share
MANAPPURAM,2015-05-25,dividend,1.000000,0.45,cash dividend per share,Interim Dividend - Re 0.45/- Per Share
MANAPPURAM,2015-09-04,dividend,1.000000,0.45,cash dividend per share,Interim Dividend - Re 0.45/- Per Share
MANAPPURAM,2015-11-24,dividend,1.000000,0.45,cash dividend per share,Interim Dividend-Re 0.45/- Per Share
MANAPPURAM,2016-02-23,dividend,1.000000,0.45,cash dividend per share,Interim Dividend - Re 0.45/- Per Share
MANAPPURAM,2016-03-22,dividend,1.000000,0.45,cash dividend per share,Interim Dividend - Re 0.45/- Per Share
MANAPPURAM,2016-08-22,dividend,1.000000,0.5,cash dividend per share,Dividend Re 0.50 Per Share
MANAPPURAM,2016-11-22,dividend,1.000000,0.5,cash dividend per share,Interim Dividend Re 0.50 Per Share
MANAPPURAM,2017-02-16,dividend,1.000000,0.5,cash dividend per share,Interim Dividend Re 0.50 Per Share
MANAPPURAM,2017-06-05,dividend,1.000000,0.5,cash dividend per share,Interim Dividend Re 0.50/- Per Share
MANAPPURAM,2017-08-22,dividend,1.000000,0.5,cash dividend per share,Interim Dividend - Re 0.50 Per Share
MANAPPURAM,2017-11-16,dividend,1.000000,0.5,cash dividend per share,Interim Dividend - Re 0.50 Per Share
MANAPPURAM,2018-02-20,dividend,1.000000,0.5,cash dividend per share,Interim Dividend Re 0.50 Per Share
MANAPPURAM,2018-05-29,dividend,1.000000,0.5,cash dividend per share,Interim Dividend- Re 0.50 Per Share
MANAPPURAM,2018-08-23,dividend,1.000000,0.55,cash dividend per share,Interim Dividend- Re 0.55 Per Share
MANAPPURAM,2018-11-19,dividend,1.000000,0.55,cash dividend per share,Interim Dividend - Re 0.55 Per Share
MANAPPURAM,2019-02-15,dividend,1.000000,0.55,cash dividend per share,Interim Dividend - Re 0.55 Per Share
MANAPPURAM,2019-05-27,dividend,1.000000,0.55,cash dividend per share,Interim Dividend - Re 0.55 Per Share
MANAPPURAM,2019-08-23,dividend,1.000000,0.55,cash dividend per share,Interim Dividend - Rs 0.55 Per Share
MANAPPURAM,2019-11-19,dividend,1.000000,0.55,cash dividend per share,Interim Dividend - Rs 0.55 Per Share
MANAPPURAM,2020-02-06,dividend,1.000000,0.55,cash dividend per share,Interim Dividend - Rs 0.55 Per Share
MANAPPURAM,2020-03-12,dividend,1.000000,0.55,cash dividend per share,Interim Dividend - Rs 0.55 Per Share
MANAPPURAM,2020-11-18,dividend,1.000000,0.6,cash dividend per share,Interim Dividend - Rs 0.60 Per Share
MANAPPURAM,2021-02-10,dividend,1.000000,0.65,cash dividend per share,Interim Dividend - Rs 0.65 Per Share
MANAPPURAM,2021-06-04,dividend,1.000000,0.75,cash dividend per share,Interim Dividend - Rs 0.75 Per Share
MANAPPURAM,2021-08-20,dividend,1.000000,0.75,cash dividend per share,Interim Dividend - Rs 0.75 Per Share
MANAPPURAM,2021-11-24,dividend,1.000000,0.75,cash dividend per share,Interim Dividend - Rs 0.75 Per Share
MANAPPURAM,2022-02-24,dividend,1.000000,0.75,cash dividend per share,Int Dividend - Rs 0.75 Per Share
MANAPPURAM,2022-05-27,dividend,1.000000,0.75,cash dividend per share,Interim Dividend - Rs 0.75 Per Share
MANAPPURAM,2022-08-17,dividend,1.000000,0.75,cash dividend per share,Interim Dividend - Rs 0.75 Per Share
MANAPPURAM,2022-11-22,dividend,1.000000,0.75,cash dividend per share,Interim Dividend - Re 0.75 Per Share
MANAPPURAM,2023-02-15,dividend,1.000000,0.75,cash dividend per share,Interim Dividend - Re 0.75 Per Share
MANAPPURAM,2023-05-24,dividend,1.000000,0.75,cash dividend per share,Interim Dividend - Re 0.75 Per Share
MANAPPURAM,2023-08-23,dividend,1.000000,0.8,cash dividend per share,Interim Dividend - Rs 0.80 Per Share
MANAPPURAM,2023-11-24,dividend,1.000000,0.85,cash dividend per share,Interim Dividend - Re 0.85 Per Share
MANAPPURAM,2024-02-16,dividend,1.000000,0.9,cash dividend per share,Interim Dividend - Re 0.90 Per Share
MANAPPURAM,2024-06-05,dividend,1.000000,1,cash dividend per share,Interim Dividend - Re 1 Per Share
MANAPPURAM,2024-08-26,dividend,1.000000,1,cash dividend per share,Interim Dividend - Re 1 Per Share
MANAPPURAM,2024-11-18,dividend,1.000000,1,cash dividend per share,Interim Dividend - Re 1 Per Share
MANAPPURAM,2025-02-21,dividend,1.000000,1,cash dividend per share,Interim Dividend - Re 1 Per Share
MANAPPURAM,2025-05-15,dividend,1.000000,0.5,cash dividend per share,Interim Dividend - Rs 0.50 Per Share
MANAPPURAM,2025-08-14,dividend,1.000000,0.5,cash dividend per share,Interim Dividend - Rs 0.50 Per Share
MANAPPURAM,2025-11-07,dividend,1.000000,0.5,cash dividend per share,Interim Dividend - Re 0.50 Per Share
MANAPPURAM,2026-02-06,dividend,1.000000,0.5,cash dividend per share,Interim Dividend - Re 0.50 Per Share
MANAPPURAM,2026-05-11,dividend,1.000000,0.5,cash dividend per share,Interim Dividend - Re 0.50 Per Share
MANAPPURAM,2026-08-17,dividend,1.000000,1,cash dividend per share,Interim Dividend - Re 1 Per Share
MANKIND,2025-08-08,dividend,1.000000,1,cash dividend per share,Interim Dividend - Re 1 Per Share
MANYAVAR,2022-08-30,dividend,1.000000,5,cash dividend per share,Annual General Meeting/Dividend - Rs 5 Per Share
MANYAVAR,2023-08-17,dividend,1.000000,9,cash dividend per share,Annual General Meeting/Dividend - Rs 9 Per Share
MANYAVAR,2024-08-23,dividend,1.000000,8.5,cash dividend per share,Annual General Meeting/Dividend - Rs 8.50 Per Share
MANYAVAR,2025-08-28,dividend,1.000000,8,cash dividend per share,Dividend - Rs 8 Per Share
MANYAVAR,2026-09-21,dividend,1.000000,7.75,cash dividend per share,Dividend - Rs 7.75 Per Share
MARICO,2007-01-23,dividend,1.000000,1.7,cash dividend per share,3rd Int Div-Rs1.70 Per Shpurpose Revised
MARICO,2007-02-21,split,0.100000,,face value 10 to 1,Fv Split Rs.10/- To Re.1/
MARICO,2007-03-29,dividend,1.000000,0.2,cash dividend per share,4th Int Div-Re0.20 Per Shpurpose Revised
MARICO,2007-07-30,dividend,1.000000,0.135,cash dividend per share,Interim Dividend-13.5% Purpose Revised
MARICO,2007-10-29,dividend,1.000000,0.15,cash dividend per share,2nd Interim Dividend-15% Purpose Revised
MARICO,2008-04-29,dividend,1.000000,0.37,cash dividend per share,3rd Interim Dividend-37% Purpose Revised
MARICO,2008-10-24,dividend,1.000000,0.3,cash dividend per share,1st Interim Dividend-30% Purpose Revised
MARICO,2009-04-27,dividend,1.000000,0.355,cash dividend per share,2nd Interim Div-35.5% Purpose Revised
MARICO,2009-10-30,dividend,1.000000,0.3,cash dividend per share,1st Int Div-Re.0.30 Pr Shpurpose Revised
MARICO,2010-05-03,dividend,1.000000,0.36,cash dividend per share,2nd Int Div-Re.0.36 Pr Shpurpose Revised
MARICO,2010-11-01,dividend,1.000000,0.3,cash dividend per share,Interim Dividend-Re.0.30 Per Share (Purpose Revised)
MARICO,2011-05-06,dividend,1.000000,0.36,cash dividend per share,2nd Interim Dividend Re 0.36 Per Share (Purpose Revised)
MARICO,2011-11-09,dividend,1.000000,0.3,cash dividend per share,1st Interim Dividend Re.0.30 Per Share (Purpose Revised)
MARICO,2012-05-08,dividend,1.000000,0.4,cash dividend per share,Interim Dividend - Re.0.40 Per Share (Purpose Revised)
MARICO,2012-11-07,dividend,1.000000,0.5,cash dividend per share,Interim Dividend Re.0.50 Per Share (Purpose Revised)
MARICO,2013-05-03,dividend,1.000000,0.5,cash dividend per share,Second Interim Dividend Re.0.50 Per Equity Share (Purpose Revised)
MARICO,2013-11-01,demerger,1.000000,,no price effect (ex-date move under 3%),Scheme Of Arrangement And First Interim Dividend
MARICO,2014-02-06,dividend,1.000000,1,cash dividend per share,Interim Dividend Re 1/- Per Share
MARICO,2014-03-27,dividend,1.000000,1.75,cash dividend per share,Silver Jubilee Third Interim Dividend Re 1.75/- Per Equity Share (Purpose Revised)
MARICO,2014-11-13,dividend,1.000000,1,cash dividend per share,First Interim Dividend - Re 1/- Per Share (Purpose Revised)
MARICO,2015-02-06,dividend,1.000000,1.5,cash dividend per share,Second Interim Dividend - Rs 1.50/- Per Share (Purpose Revised)
MARICO,2015-11-09,dividend,1.000000,1.75,cash dividend per share,Interim Dividend Rs 1.75 Per Share (Purposed Revised)
MARICO,2015-12-22,bonus,0.500000,,bonus 1:1,Bonus 1:1
MARICO,2016-02-05,dividend,1.000000,1.5,cash dividend per share,Interim Dividend Rs 1.50 Per Share (Purpose Revised)
MARICO,2016-03-17,dividend,1.000000,1,cash dividend per share,Interim Dividend - Re 1/- Per Share (Purpose Revised)
MARICO,2016-11-16,dividend,1.000000,1.5,cash dividend per share,Interim Dividend - Rs 1.50/- Per Share
MARICO,2017-02-09,dividend,1.000000,2,cash dividend per share,Interim Dividend Rs 2/- Per Share (Purpose Revised)
MARICO,2017-11-06,dividend,1.000000,1.75,cash dividend per share,Interim Dividend - Rs 1.75 Per Share (Purpose Revised)
MARICO,2018-02-16,dividend,1.000000,2.5,cash dividend per share,Interim Dividend - Rs 2.50 Per Share (Purpose Revised)
MARICO,2018-11-12,dividend,1.000000,2,cash dividend per share,Interim Dividend - Rs 2 Per Sh
MARICO,2019-02-12,dividend,1.000000,2.75,cash dividend per share,Interim Dividend - Rs 2.75 Per Share
MARICO,2019-11-04,dividend,1.000000,2.75,cash dividend per share,Interim Dividend - Rs 2.75 Per Sh
MARICO,2020-02-06,dividend,1.000000,3.25,cash dividend per share,Interim Dividend - Rs 3.25 Per Share
MARICO,2020-03-16,dividend,1.000000,0.75,cash dividend per share,Interim Dividend - Rs 0.75 Per Share
MARICO,2020-11-05,dividend,1.000000,3,cash dividend per share,Interim Dividend - Rs 3 Per Share
MARICO,2021-03-10,dividend,1.000000,4.5,cash dividend per share,Interim Dividend - Rs 4.50 Per Share
MARICO,2021-11-08,dividend,1.000000,3,cash dividend per share,Interim Dividend - Rs 3 Per Share
MARICO,2022-02-04,dividend,1.000000,6.25,cash dividend per share,Interim Dividend - Rs 6.25 Per Share
MARICO,2023-03-08,dividend,1.000000,4.5,cash dividend per share,Interim Dividend - Rs 4.50 Per Share
MARICO,2023-11-07,dividend,1.000000,3,cash dividend per share,Interim Dividend - Rs 3 Per Share
MARICO,2024-03-06,dividend,1.000000,6.5,cash dividend per share,Interim Dividend - Rs. 6.50 Per Share
MARICO,2025-02-07,dividend,1.000000,3.5,cash dividend per share,Interim Dividend - Rs 3.50 Per Share
MARICO,2025-08-01,dividend,1.000000,7,cash dividend per share,Dividend - Rs 7 Per Share
MARICO,2026-07-30,dividend,1.000000,4,cash dividend per share,Dividend - Rs 4 Per Share
MARUTI,2007-08-22,dividend,1.000000,4.5,cash dividend per share,Agm/Fin Div-Rs4.50 Per Sh
MARUTI,2008-08-14,dividend,1.000000,5,cash dividend per share,Agm/Dividend - 100%
MARUTI,2009-08-18,dividend,1.000000,3.5,cash dividend per share,Agm/Div-Rs.3.50 Per Share
MARUTI,2010-08-24,dividend,1.000000,6,cash dividend per share,Annual General Meeting And Final Dividend Rs.6/- Per Share
MARUTI,2011-08-24,dividend,1.000000,7.5,cash dividend per share,Dividend-Rs.7.50 Per Share
MARUTI,2012-08-14,dividend,1.000000,7.5,cash dividend per share,Annual General Meeting/ Dividend Rs.7.50 Per Share
MARUTI,2013-08-13,dividend,1.000000,8,cash dividend per share,Annual General Meeting / Final Dividend Rs.8/- Per Equity Share
MARUTI,2014-08-27,dividend,1.000000,12,cash dividend per share,Annual General Meeting / Dividend - Rs 12/- Per Share
MARUTI,2015-08-26,dividend,1.000000,25,cash dividend per share,Annual General Meeting / Dividend - Rs 25/- Per Share
MARUTI,2016-08-31,dividend,1.000000,35,cash dividend per share,Final Dividend - Rs 35/- Per Share
MARUTI,2017-08-24,dividend,1.000000,75,cash dividend per share,Dividend - Rs 75/- Per Share
MARUTI,2018-08-14,dividend,1.000000,80,cash dividend per share,Dividend Rs 80/- Per Share
MARUTI,2019-08-14,dividend,1.000000,80,cash dividend per share,Dividend - Rs 80 Per Share
MARUTI,2020-08-13,dividend,1.000000,60,cash dividend per share,Dividend - Rs 60 Per Share
MARUTI,2021-08-05,dividend,1.000000,45,cash dividend per share,Dividend - Rs 45 Per Share
MARUTI,2022-08-03,dividend,1.000000,60,cash dividend per share,Dividend - Rs 60 Per Share
MARUTI,2023-08-03,dividend,1.000000,90,cash dividend per share,Dividend - Rs 90 Per Share
MARUTI,2024-08-02,dividend,1.000000,125,cash dividend per share,Dividend - Rs 125 Per Share
MARUTI,2025-08-01,dividend,1.000000,135,cash dividend per share,Dividend - Rs 135 Per Share
MARUTI,2026-08-07,dividend,1.000000,140,cash dividend per share,Dividend - Rs 140 Per Share
MAXHEALTH,2023-09-08,dividend,1.000000,1,cash dividend per share,Dividend - Re 1 Per Share
MAXHEALTH,2024-08-23,dividend,1.000000,1.5,cash dividend per share,Dividend - Rs 1.5 Per Share
MAXHEALTH,2025-07-04,dividend,1.000000,1.5,cash dividend per share,Dividend - Rs 1.50 Per Share
MAXHEALTH,2026-07-03,dividend,1.000000,2,cash dividend per share,Dividend - Rs 2 Per Share
MAZDOCK,2021-02-22,dividend,1.000000,5.41,cash dividend per share,Interim Dividend - Rs 5.41 Per Share
MAZDOCK,2021-09-20,dividend,1.000000,1.83,cash dividend per share,Annual General Meeting/Dividend - Rs 1.83 Per Share
MAZDOCK,2022-01-06,dividend,1.000000,7.1,cash dividend per share,Interim Dividend - Rs 7.10 Per Share
MAZDOCK,2022-09-19,dividend,1.000000,1.63,cash dividend per share,Annual General Meeting/Dividend - Rs 1.63 Per Share
MAZDOCK,2022-11-21,dividend,1.000000,9.1,cash dividend per share,Interim Dividend - Rs 9.10 Per Share
MAZDOCK,2023-09-20,dividend,1.000000,6.86,cash dividend per share,Annual General Meeting/Dividend - Rs 6.86 Per Share
MAZDOCK,2023-11-20,dividend,1.000000,15.34,cash dividend per share,Interim Dividend - Rs 15.34 Per Share
MAZDOCK,2024-09-19,dividend,1.000000,12.11,cash dividend per share,Annual General Meeting/Dividend - Rs 12.11 Per Share
MAZDOCK,2024-10-30,dividend,1.000000,23.19,cash dividend per share,Interim Dividend - Rs 23.19 Per Share
MAZDOCK,2024-12-27,split,0.500000,,face value 10 to 5,Face Value Split (Sub-Division) - From Rs 10/- Per Share To Rs 5/- Per Share
MAZDOCK,2025-04-16,dividend,1.000000,3,cash dividend per share,Interim Dividend - Rs 3 Per Share
MAZDOCK,2025-09-19,dividend,1.000000,2.71,cash dividend per share,Dividend - Rs 2.71 Per Share
MAZDOCK,2025-11-04,dividend,1.000000,6,cash dividend per share,Interim Dividend - Rs 6 Per Share
MAZDOCK,2026-02-13,dividend,1.000000,7.5,cash dividend per share,Interim Dividend - Rs 7.50 Per Share
MAZDOCK,2026-08-20,dividend,1.000000,4.62,cash dividend per share,Dividend - Rs 4.62 Per Share
MCX,2012-04-26,dividend,1.000000,18,cash dividend per share,Interim Dividend Rs.18/- Per Share
MCX,2012-09-14,dividend,1.000000,6,cash dividend per share,Annual General Meeting And Dividend Rs.6/- Per Share
MCX,2012-11-15,dividend,1.000000,12,cash dividend per share,Interim Dividend Rs.12/- Per Share
MCX,2013-09-18,dividend,1.000000,12,cash dividend per share,Annual General Meeting And Dividend Rs.12/- Per Share
MCX,2013-11-21,dividend,1.000000,7,cash dividend per share,Interim Dividend Rs.7/- Per Share
MCX,2014-09-11,dividend,1.000000,3,cash dividend per share,Annual General Meeting And Dividend Rs.3/- Per Share
MCX,2015-09-16,dividend,1.000000,10,cash dividend per share,Annual General Meeting/ Dividend - Rs 10/- Per Share
MCX,2016-09-09,dividend,1.000000,6.5,cash dividend per share,Annual General Meeting/Dividend - Rs 6.50 Per Share
MCX,2017-08-14,dividend,1.000000,15,cash dividend per share,Annual General Meeting/Dividend - Rs 15 Per Share
MCX,2018-08-23,dividend,1.000000,17,cash dividend per share,Annual General Meeting/Dividend- Rs 17 Per Share
MCX,2019-09-12,dividend,1.000000,20,cash dividend per share,Annual General Meeting/Dividend - Rs 20 Per Share
MCX,2020-08-21,dividend,1.000000,30,cash dividend per share,Annual General Meeting/Dividend - Rs 30 Per Share
MCX,2021-08-26,dividend,1.000000,27.6,cash dividend per share,Dividend - Rs 27.60 Per Share
MCX,2022-09-19,dividend,1.000000,17.4,cash dividend per share,Dividend - Rs 17.40 Per Share
MCX,2023-09-15,dividend,1.000000,19.09,cash dividend per share,Dividend - Rs 19.09 Per Share
MCX,2024-09-19,dividend,1.000000,7.64,cash dividend per share,Dividend - Rs 7.64 Per Share
MCX,2025-08-08,dividend,1.000000,30,cash dividend per share,Dividend - Rs 30 Per Share
MCX,2026-01-02,split,0.200000,,face value 10 to 2,Face Value Split (Sub-Division) - From Rs 10/- Per Share To Rs 2/- Per Share
MCX,2026-08-28,dividend,1.000000,8,cash dividend per share,Dividend - Rs 8 Per Share
MEDANTA,2025-08-22,dividend,1.000000,0.5,cash dividend per share,Dividend - Re 0.50 Per Share
MEDANTA,2026-08-14,dividend,1.000000,0.5,cash dividend per share,Dividend - Re 0.50 Per Share
METROBRAND,2022-03-16,dividend,1.000000,1.5,cash dividend per share,Interim Dividend - Rs 1.50 Per Share
METROBRAND,2022-08-29,dividend,1.000000,0.75,cash dividend per share,Annual General Meeting/Dividend - Re 0.75 Per Share
METROBRAND,2023-01-27,dividend,1.000000,2.5,cash dividend per share,Interim Dividend - Rs 2.50 Per Share
METROBRAND,2023-09-01,dividend,1.000000,1.5,cash dividend per share,Dividend - Rs 1.50 Per Share
METROBRAND,2024-01-31,dividend,1.000000,2.75,cash dividend per share,Interim Dividend - Rs 2.75 Per Share
METROBRAND,2024-09-06,dividend,1.000000,2.25,cash dividend per share,Dividend - Rs 2.25 Per Share
METROBRAND,2025-03-07,dividend,1.000000,17.5,cash dividend per share,Interim Dividend - Rs 3 Per Share & Special Dividend - Rs 14.50 Per Share
METROBRAND,2025-09-04,dividend,1.000000,2.5,cash dividend per share,Dividend - Rs 2.50 Per Share
METROBRAND,2026-02-02,dividend,1.000000,3,cash dividend per share,Interim Dividend - Rs 3 Per Share
METROBRAND,2026-09-04,dividend,1.000000,3,cash dividend per share,Dividend - Rs 3 Per Share
METROPOLIS,2020-02-13,dividend,1.000000,8,cash dividend per share,Interim Dividend - Rs 8 Per Share
METROPOLIS,2021-02-17,dividend,1.000000,8,cash dividend per share,Interim Dividend - Rs 8 Per Share
METROPOLIS,2022-02-21,dividend,1.000000,8,cash dividend per share,Interim Dividend - Rs. 8 Per Share
METROPOLIS,2023-02-23,dividend,1.000000,8,cash dividend per share,Interim Dividend - Rs 8 Per Share
METROPOLIS,2023-11-17,dividend,1.000000,4,cash dividend per share,Interim Dividend - Rs 4 Per Share
METROPOLIS,2025-11-11,dividend,1.000000,4,cash dividend per share,Interim Dividend - Rs 4 Per Share
METROPOLIS,2026-03-20,bonus,0.250000,,bonus 3:1,Bonus 3:1
METROPOLIS,2026-05-19,dividend,1.000000,1,cash dividend per share,Interim Dividend - Re 1 Per Share
MFSL,2007-03-12,split,0.200000,,face value 10 to 2,Fv Split Rs.10/- To Rs.2/
MFSL,2012-11-22,dividend,1.000000,10,cash dividend per share,Interim Dividend Rs.10/- Per Share
MFSL,2013-09-10,dividend,1.000000,2.2,cash dividend per share,Annual General Meeting And Dividend Rs.2.20 Per Share
MFSL,2013-11-21,dividend,1.000000,1.8,cash dividend per share,Interim Dividend - Rs 1.80/- Per Share
MFSL,2014-09-12,dividend,1.000000,1.8,cash dividend per share,Annual General Meeting / Final Dividend - Rs 1.80/- Per Share
MFSL,2014-11-25,dividend,1.000000,4,cash dividend per share,Interim Dividend - Rs 4/- Per Share
MFSL,2015-09-15,dividend,1.000000,1,cash dividend per share,Annual General Meeting/ Dividend - Re 1/- Per Share
MFSL,2015-11-19,dividend,1.000000,1.8,cash dividend per share,Interim Dividend - Rs 1.80/- Per Share
MFSL,2016-01-27,demerger,0.703986,,ex-date open (special pre-open price) / previous close,Scheme Of Arrangement
MFSL,2016-09-19,dividend,1.000000,1.8,cash dividend per share,Dividend - Rs 1.80 Per Share
MGL,2016-09-15,dividend,1.000000,17.5,cash dividend per share,Annual General Meeting / Dividend - Rs 10/- Per Share + Special Dividend - Rs 7.5/- Per Share
MGL,2017-02-17,dividend,1.000000,8,cash dividend per share,Interim Dividend Rs 8/- Per Share (Purpose Revised)
MGL,2017-09-14,dividend,1.000000,11,cash dividend per share,Annual General Meeting/Dividend - Rs 11/- Per Share
MGL,2018-02-20,dividend,1.000000,8,cash dividend per share,Interim Dividend - Rs 8 Per Share (Purpose Revised)
MGL,2018-09-07,dividend,1.000000,11,cash dividend per share,Annual General Meeting/Dividend Rs 11/- Per Share
MGL,2019-02-07,dividend,1.000000,9.5,cash dividend per share,Interim Dividend - Rs 9.50 Per Share
MGL,2019-08-29,dividend,1.000000,10.5,cash dividend per share,Annual General Meeting/ Dividend - Rs 10.50 Per Share
MGL,2020-03-06,dividend,1.000000,9.5,cash dividend per share,Interim Dividend - Rs 9.50 Per Share
MGL,2020-09-16,dividend,1.000000,25.5,cash dividend per share,Annual General Meeting/Dividend - Rs 10.50 Per Share And Special Dividend - Rs 15 Per Share
MGL,2021-02-18,dividend,1.000000,9,cash dividend per share,Interim Dividend - Rs 9 Per Share
MGL,2021-09-17,dividend,1.000000,14,cash dividend per share,Annual General Meeting/Dividend - Rs 14 Per Share
MGL,2022-02-17,dividend,1.000000,9.5,cash dividend per share,Interim Dividend - Rs 9.50 Per Share
MGL,2022-08-11,dividend,1.000000,15.5,cash dividend per share,Annual General Meeting/Dividend - Rs 15.5 Per Share
MGL,2023-02-14,dividend,1.000000,10,cash dividend per share,Interim Dividend - Rs 10 Per Share
MGL,2023-08-14,dividend,1.000000,16,cash dividend per share,Annual General Meeting/Dividend - Rs 16 Per Share
MGL,2024-02-05,dividend,1.000000,12,cash dividend per share,Interim Dividend - Rs 12 Per Share
MGL,2024-08-14,dividend,1.000000,18,cash dividend per share,Annual General Meeting/Dividend - Rs 18 Per Share
MGL,2025-02-03,dividend,1.000000,12,cash dividend per share,Interim Dividend - Rs 12 Per Share
MGL,2025-08-14,dividend,1.000000,18,cash dividend per share,Dividend - Rs 18 Per Share
MGL,2026-02-13,dividend,1.000000,12,cash dividend per share,Interim Dividend - Rs 12 Per Share
MGL,2026-08-18,dividend,1.000000,18,cash dividend per share,Dividend - Rs 18 Per Share
MINDTREE,2007-07-09,dividend,1.000000,1,cash dividend per share,Dividend-Rs.1/- Per Share
MINDTREE,2007-10-29,dividend,1.000000,1,cash dividend per share,Int Div-Re.1.00 Per Sh Purpose Revised
MINDTREE,2008-06-19,dividend,1.000000,1,cash dividend per share,Agm/Dividend - 10% Bc End Date Revised
MINDTREE,2008-11-06,dividend,1.000000,1,cash dividend per share,Interim Dividend - 10%
MINDTREE,2009-11-05,dividend,1.000000,1,cash dividend per share,Int Div-Re.1/- Per Share
MINDTREE,2010-07-14,dividend,1.000000,2,cash dividend per share,Annual General Meeting And Final Dividend Rs.2/- Per Share
MINDTREE,2010-11-01,dividend,1.000000,1.25,cash dividend per share,Interim Dividend-Rs.1.25 Per Share
MINDTREE,2011-07-13,dividend,1.000000,1.25,cash dividend per share,Annual General Meeting/Dividend Rs 1.25 Per Share
MINDTREE,2011-10-31,dividend,1.000000,2.5,cash dividend per share,Interim Dividend Rs.1.50 Per Share And Special Dividend Re.1 Per Share
MINDTREE,2012-07-06,dividend,1.000000,1.5,cash dividend per share,Annual General Meeting And Dividend Rs.1.50 Per Share
MINDTREE,2012-10-25,dividend,1.000000,3,cash dividend per share,Interim Dividend Rs 3 Per Share
MINDTREE,2013-05-03,dividend,1.000000,4,cash dividend per share,Second Interim Dividend Rs 4/- Per Equity Share
MINDTREE,2013-07-12,dividend,1.000000,5,cash dividend per share,Annual General Meeting / Final Dividend - Rs 5/- Per Equity Share
MINDTREE,2013-10-21,dividend,1.000000,5,cash dividend per share,Interim Dividend Rs.5/- Per Share
MINDTREE,2014-01-21,dividend,1.000000,5,cash dividend per share,Second Interim Dividend Rs 5/- Per Share
MINDTREE,2014-04-21,dividend,1.000000,5,cash dividend per share,Third Interim Dividend - Rs 5/- Per Share (Purpose Revised)
MINDTREE,2014-06-03,bonus,0.500000,,bonus 1:1,Bonus 1 : 1
MINDTREE,2014-07-09,dividend,1.000000,5,cash dividend per share,Annual General Meeting / Final Dividend - Rs 2.5/- Per Share And Special Dividend - Rs 2.5/- Per Share
MINDTREE,2014-10-20,dividend,1.000000,3,cash dividend per share,Interim Dividend Rs.3/- Per Share (Purpose Revised)
MINDTREE,2015-01-23,dividend,1.000000,4,cash dividend per share,Interim Dividend - Rs 4/- Per Share (Purpose Revised)
MINDTREE,2015-06-11,dividend,1.000000,10,cash dividend per share,Annual General Meeting/ Final Dividend - Rs 10/- Per Share
MINDTREE,2015-07-21,dividend,1.000000,3,cash dividend per share,Interim Dividend - Re 3/- Per Share
MINDTREE,2015-10-21,dividend,1.000000,4,cash dividend per share,Interim Dividend Rs.4/- Per Share (Purpose Revised)
MINDTREE,2016-01-25,dividend,1.000000,4,cash dividend per share,Interim Dividend - Rs 4/- Per Share (Purpose Revised)
MINDTREE,2016-03-09,bonus,0.500000,,bonus 1:1,Bonus 1:1
MINDTREE,2016-04-11,dividend,1.000000,2,cash dividend per share,Interim Dividend - Rs 2/- Per Share (Purpose Revised)
MINDTREE,2016-07-08,dividend,1.000000,3,cash dividend per share,Annual General Meeting/Dividend Rs 3/- Per Share
MINDTREE,2016-10-28,dividend,1.000000,3,cash dividend per share,Interim Dividend Rs 3/- Per Share
MINDTREE,2017-01-25,dividend,1.000000,2,cash dividend per share,Interim Dividend Rs 2/- Per Share (Purpose Revised)
MINDTREE,2017-04-07,dividend,1.000000,2,cash dividend per share,Interim Dividend Rs 2/- Per Share (Purpose Revised)
MINDTREE,2017-07-10,dividend,1.000000,3,cash dividend per share,Annual General Meeting/Dividend - Rs 3/- Per Share
MINDTREE,2017-11-02,dividend,1.000000,4,cash dividend per share,Interim Dividend - Rs 2/- Per Share/ Special Dividend Rs 2/- Per Share (Purpose Revised)
MINDTREE,2018-01-24,dividend,1.000000,2,cash dividend per share,Interim Dividend Rs 2/- Per Share (Purpose Revised)
MINDTREE,2018-04-25,dividend,1.000000,2,cash dividend per share,Interim Dividend - Rs 2 Per Share (Purpose Revised)
MINDTREE,2018-07-09,dividend,1.000000,3,cash dividend per share,Annual General Meeting/Dividend- Rs 3 Per Share
MINDTREE,2018-10-25,dividend,1.000000,3,cash dividend per share,Interim Div - Rs 3 Per Share
MINDTREE,2019-01-23,dividend,1.000000,3,cash dividend per share,Interim Dividend - Rs 3 Per Share
MINDTREE,2019-04-25,dividend,1.000000,3,cash dividend per share,Interim Dividend - Rs 3 Per Share
MINDTREE,2019-07-08,dividend,1.000000,24,cash dividend per share,Annual General Meeting/Dividend Rs 4 Per Share/Special Dividend Rs 20 Per Share
MINDTREE,2019-10-24,dividend,1.000000,3,cash dividend per share,Interim Dividend - Rs 3 Per Eq Share
MINDTREE,2020-07-06,dividend,1.000000,10,cash dividend per share,Annual General Meeting/Dividend - Rs 10 Per Share
MINDTREE,2020-10-26,dividend,1.000000,7.5,cash dividend per share,Interim Dividend - Rs 7.50 Per Share
MINDTREE,2021-07-05,dividend,1.000000,17.5,cash dividend per share,Annual General Meeting/Dividend - Rs 17.50 Per Share
MINDTREE,2021-10-21,dividend,1.000000,10,cash dividend per share,Interim Dividend - Rs 10 Per Share
MINDTREE,2022-07-05,dividend,1.000000,27,cash dividend per share,Annual General Meeting/Dividend - Rs 27 Per Share
MOTILALOFS,2008-05-14,dividend,1.000000,0.8,cash dividend per share,Agm/Dividend - 80%
MOTILALOFS,2008-07-25,split,0.200000,,face value 5 to 1,Fv Split Rs.5/- To Re.1/-
MOTILALOFS,2009-05-28,dividend,1.000000,0.8,cash dividend per share,Agm/Div-Re0.80 Per Share
MOTILALOFS,2010-07-14,dividend,1.000000,1.2,cash dividend per share,Annual General Meeting And Dividend Rs.1.20 Per Share
MOTILALOFS,2011-07-11,dividend,1.000000,1.4,cash dividend per share,Annual General Meeting And Dividend Rs.1.40 Per Share
MOTILALOFS,2012-01-20,dividend,1.000000,1,cash dividend per share,Interim Dividend Re.1/- Per Share (Purpose Revised)
MOTILALOFS,2012-07-16,dividend,1.000000,0.5,cash dividend per share,Annual General Meeting/Dividend Rs. 0.50 Per Share
MOTILALOFS,2012-10-23,dividend,1.000000,1,cash dividend per share,Interim Dividend Re 1 Per Share (Purpose Revised)
MOTILALOFS,2013-07-18,dividend,1.000000,1,cash dividend per share,Annual General Meeting / Dividend - Re 1/- Per Share
MOTILALOFS,2013-10-31,dividend,1.000000,1,cash dividend per share,Interim Dividend Re 1 Per Share (Purpose Revised)
MOTILALOFS,2014-08-13,dividend,1.000000,1,cash dividend per share,Annual General Meeting / Final Dividend - Re 1/- Per Share
MOTILALOFS,2015-02-05,dividend,1.000000,2,cash dividend per share,Interim Dividend - Rs 2/- Per Share (Purpose Revised)
MOTILALOFS,2015-07-30,dividend,1.000000,1,cash dividend per share,Annual General Meeting/Dividend - Re 1/- Per Share
MOTILALOFS,2016-02-11,dividend,1.000000,2,cash dividend per share,Interim Dividend - Rs 2/- Per Share
MOTILALOFS,2016-03-22,dividend,1.000000,1.5,cash dividend per share,Interim Dividend - Rs 1.50/- Per Share
MOTILALOFS,2017-02-08,dividend,1.000000,2.5,cash dividend per share,Interim Dividend Rs 2.50 Per Share
MOTILALOFS,2017-07-20,dividend,1.000000,3,cash dividend per share,Dividend - Rs 3 Per Share
MOTILALOFS,2018-02-05,dividend,1.000000,4,cash dividend per share,Interim Dividend - Rs 4 Per Share
MOTILALOFS,2018-09-19,dividend,1.000000,4.5,cash dividend per share,Dividend- Rs 4.50 Per Share
MOTILALOFS,2019-01-25,dividend,1.000000,4,cash dividend per share,Interim Dividend - Rs 4 Per Share
MOTILALOFS,2019-07-24,dividend,1.000000,4.5,cash dividend per share,Dividend - Rs 4.50 Per Sh
MOTILALOFS,2020-01-31,dividend,1.000000,4,cash dividend per share,Interim Dividend-Rs 4 Per Share
MOTILALOFS,2021-02-08,dividend,1.000000,5,cash dividend per share,Interim Dividend - Rs 5 Per Share
MOTILALOFS,2021-08-02,dividend,1.000000,5,cash dividend per share,Dividend - Rs 5 Per Share
MOTILALOFS,2022-02-03,dividend,1.000000,7,cash dividend per share,Interim Dividend - Rs 7 Per Share
MOTILALOFS,2022-07-01,dividend,1.000000,3,cash dividend per share,Dividend - Rs 3 Per Share
MOTILALOFS,2023-02-03,dividend,1.000000,7,cash dividend per share,Interim Dividend - Rs 7 Per Share
MOTILALOFS,2023-07-04,dividend,1.000000,3,cash dividend per share,Dividend - Rs 3 Per Share
MOTILALOFS,2024-02-06,dividend,1.000000,14,cash dividend per share,Interim Dividend - Rs 14 Per Share
MOTILALOFS,2024-06-10,bonus,0.250000,,bonus 3:1,Bonus 3:1
MOTILALOFS,2025-01-31,dividend,1.000000,5,cash dividend per share,Interim Dividend - Rs 5 Per Sh
MOTILALOFS,2026-01-30,dividend,1.000000,6,cash dividend per share,Interim Dividend - Rs 6 Per Share
MPHASIS,2007-09-07,dividend,1.000000,3,cash dividend per share,Agm/Fin Div-Rs.3/- Per Sh
MPHASIS,2008-07-16,dividend,1.000000,3.3,cash dividend per share,Agm/Div-Rs.3.30 Per Share
MPHASIS,2009-01-22,dividend,1.000000,2,cash dividend per share,Agm/Div-Rs.2 Per Share
MPHASIS,2010-02-10,dividend,1.000000,3.5,cash dividend per share,Dividend-Rs.3.50 Pr Share
MPHASIS,2011-02-10,dividend,1.000000,4,cash dividend per share,Final Dividend-Rs.4/- Per Share
MPHASIS,2012-02-15,dividend,1.000000,6.5,cash dividend per share,Dividend-Rs.6.50 Per Share
MPHASIS,2013-01-17,dividend,1.000000,17,cash dividend per share,Annual General Meeting/Dividend Rs.17 Per Share
MPHASIS,2014-01-22,dividend,1.000000,17,cash dividend per share,Annual General Meeting / Dividend - Rs 17/- Per Share
MPHASIS,2014-07-16,dividend,1.000000,7,cash dividend per share,Annual General Meeting / Dividend - Rs 7/- Per Share
MPHASIS,2015-08-25,dividend,1.000000,16,cash dividend per share,Annual General Meeting/ Dividend - Rs 16/- Per Share
MPHASIS,2016-10-19,dividend,1.000000,20,cash dividend per share,Annual General Meeting/Dividend - Rs 20/- Per Share
MPHASIS,2017-07-13,dividend,1.000000,17,cash dividend per share,Annual General Meeting/Dividend - Rs 17/- Per Share
MPHASIS,2018-07-26,dividend,1.000000,20,cash dividend per share,Annual General Meeting / Dividend- Rs 20 Per Share
MPHASIS,2019-07-11,dividend,1.000000,27,cash dividend per share,Annual General Meeting/ Dividend - Rs 27 Per Share
MPHASIS,2020-07-02,dividend,1.000000,35,cash dividend per share,Annual General Meeting/Dividend - Rs 35 Per Share
MPHASIS,2021-09-13,dividend,1.000000,65,cash dividend per share,Annual General Meeting/Dividend - Rs 38 Per Share/Special Dividend - Rs 27 Per Share
MPHASIS,2022-07-05,dividend,1.000000,46,cash dividend per share,Annual General Meeting/Dividend - Rs 46 Per Share
MPHASIS,2023-07-05,dividend,1.000000,50,cash dividend per share,Annual General Meeting/Dividend - Rs 50 Per Share
MPHASIS,2024-07-10,dividend,1.000000,55,cash dividend per share,Annual General Meeting/Dividend - Rs 55 Per Share
MPHASIS,2025-07-09,dividend,1.000000,57,cash dividend per share,Dividend - Rs 57 Per Share
MPHASIS,2026-07-08,dividend,1.000000,62,cash dividend per share,Dividend - Rs 62 Per Share
MRF,2007-03-09,dividend,1.000000,14,cash dividend per share,Agm/Final Dividend - 140%
MRF,2007-08-10,dividend,1.000000,3,cash dividend per share,Int Div-Rs.3/- Per Sh
MRF,2007-11-07,dividend,1.000000,3,cash dividend per share,2nd Interim Dividend-30%
MRF,2008-03-05,dividend,1.000000,14,cash dividend per share,Agm/Final Dividend - 140%
MRF,2008-08-08,dividend,1.000000,3,cash dividend per share,Interim Dividend - 30%
MRF,2008-11-06,dividend,1.000000,3,cash dividend per share,2nd Interim Dividend-30%
MRF,2009-03-06,dividend,1.000000,14,cash dividend per share,Agm/Dividend - 140%
MRF,2009-08-06,dividend,1.000000,3,cash dividend per share,Int Div-Rs.3/- Per Share
MRF,2009-11-05,dividend,1.000000,3,cash dividend per share,2nd Int Div-Rs.3/- Pr Shr
MRF,2010-02-25,dividend,1.000000,19,cash dividend per share,Fin Div-Rs.19/- Per Share
MRF,2010-08-06,dividend,1.000000,3,cash dividend per share,Interim Dividend-Rs.3/- Per Share
MRF,2010-11-02,dividend,1.000000,3,cash dividend per share,2nd Interim Dividend-Rs.3/- Per Share
MRF,2011-01-28,dividend,1.000000,44,cash dividend per share,Annual General Meeting/Final Dividend Rs.19/- Per Share/Special Dividend Rs.25/- Per Share
MRF,2011-08-09,dividend,1.000000,3,cash dividend per share,Interim Dividend Rs.3/- Per Share
MRF,2011-11-02,dividend,1.000000,3,cash dividend per share,2nd Interim Dividend Rs.3/- Per Share
MRF,2012-01-30,dividend,1.000000,19,cash dividend per share,Dividend Rs 19 Per Share
MRF,2012-08-06,dividend,1.000000,3,cash dividend per share,Interim Dividend Rs 3 Per Share
MRF,2012-11-07,dividend,1.000000,3,cash dividend per share,2nd Interim Dividend Rs 3 Per Share
MRF,2013-01-30,dividend,1.000000,19,cash dividend per share,Annual General Meeting/Dividend Rs 19 Per Share
MRF,2013-08-06,dividend,1.000000,3,cash dividend per share,Interim Dividend - Rs 3/- Per Share
MRF,2013-11-05,dividend,1.000000,3,cash dividend per share,2nd Interim Dividend Rs.3/- Per Share
MRF,2014-01-30,dividend,1.000000,24,cash dividend per share,Annual General Meeting And Dividend Rs.24/- Per Share
MRF,2014-08-06,dividend,1.000000,3,cash dividend per share,Interim Dividend - Rs 3/- Per Share
MRF,2014-11-13,dividend,1.000000,3,cash dividend per share,Second Inerim Dividend - Rs 3/- Per Share
MRF,2015-02-04,dividend,1.000000,44,cash dividend per share,Annual General Meeting / Final Dividend - Rs 44/- Per Share
MRF,2015-08-06,dividend,1.000000,3,cash dividend per share,Interim Dividend - Rs 3/- Per Share
MRF,2015-11-10,dividend,1.000000,3,cash dividend per share,Interim Dividend - Rs 3/- Per Share
MRF,2016-08-03,dividend,1.000000,94,cash dividend per share,Annual General Meeting/ Dividend -Rs 94/- Per Share
MRF,2016-11-08,dividend,1.000000,3,cash dividend per share,Interim Dividend Rs 3/- Per Share
MRF,2017-02-14,dividend,1.000000,3,cash dividend per share,Interim Dividend Rs 3/- Per Share
MRF,2017-07-27,dividend,1.000000,54,cash dividend per share,Annual General Meeting/Dividend - Rs 54/- Per Share
MRF,2017-11-21,dividend,1.000000,3,cash dividend per share,Interim Dividend - Rs 3/- Per Share
MRF,2018-02-09,dividend,1.000000,3,cash dividend per share,Interim Dividend Rs 3/- Per Share
MRF,2018-08-01,dividend,1.000000,54,cash dividend per share,Annual General Meeting/Dividend- Rs 54 Per Share
MRF,2018-11-19,dividend,1.000000,3,cash dividend per share,Interim Dividend - Rs 3 Per Share
MRF,2019-02-15,dividend,1.000000,3,cash dividend per share,Interim Dividend - Rs 3 Per Share
MRF,2019-08-01,dividend,1.000000,54,cash dividend per share,Annual General Meeting/Dividend - Rs 54 Per Share
MRF,2019-11-21,dividend,1.000000,3,cash dividend per share,Interim Dividend - Rs 3 Per Share
MRF,2020-02-18,dividend,1.000000,3,cash dividend per share,Interim Dividend - Rs 3 Per Share
MRF,2020-09-14,dividend,1.000000,94,cash dividend per share,Annual General Meeting/Dividend - Rs 94 Per Share
MRF,2020-11-18,dividend,1.000000,3,cash dividend per share,Interim Dividend - Rs 3 Per Share
MRF,2021-02-17,dividend,1.000000,3,cash dividend per share,Interim Dividend - Rs 3 Per Share
MRF,2021-08-04,dividend,1.000000,144,cash dividend per share,Annual General Meeting/Dividend - Rs 94 Per Share/Special Dividend - Rs 50 Per Share
MRF,2021-11-17,dividend,1.000000,3,cash dividend per share,Interim Dividend - Rs 3 Per Share
MRF,2022-02-17,dividend,1.000000,3,cash dividend per share,Interim Dividend - Rs 3 Per Share
MRF,2022-07-27,dividend,1.000000,144,cash dividend per share,Annual General Meeting/Dividend - Rs 144 Per Share
MRF,2022-11-17,dividend,1.000000,3,cash dividend per share,Interim Dividend - Rs 3 Per Share
MRF,2023-02-21,dividend,1.000000,3,cash dividend per share,Interim Dividend - Rs 3 Per Share
MRF,2023-07-20,dividend,1.000000,169,cash dividend per share,Annual General Meeting/Dividend - Rs 169 Per Share
MRF,2023-11-17,dividend,1.000000,3,cash dividend per share,Interim Dividend - Rs 3 Per Share
MRF,2024-02-21,dividend,1.000000,3,cash dividend per share,Interim Dividend - Rs 3 Per Share
MRF,2024-07-25,dividend,1.000000,194,cash dividend per share,Annual General Meeting/Dividend - Rs 194 Per Share
MRF,2024-11-19,dividend,1.000000,3,cash dividend per share,Interim Dividend - Rs 3 Per Share
MRF,2025-02-14,dividend,1.000000,3,cash dividend per share,Interim Dividend - Rs 3 Per Share
MRF,2025-07-18,dividend,1.000000,229,cash dividend per share,Dividend - Rs 229 Per Share
MRF,2025-11-21,dividend,1.000000,3,cash dividend per share,Interim Dividend - Rs 3 Per Share
MRF,2026-02-13,dividend,1.000000,3,cash dividend per share,Interim Dividend - Rs 3 Per Share
MRF,2026-07-17,dividend,1.000000,229,cash dividend per share,Dividend - Rs 229 Per Share
MRPL,2007-08-01,dividend,1.000000,0.8,cash dividend per share,Agm/Div-Re.0.80 Per Sh
MRPL,2008-06-18,dividend,1.000000,1.2,cash dividend per share,Agm/Div-Rs 1.20 Per Sh
MRPL,2009-08-06,dividend,1.000000,1.2,cash dividend per share,Agm/Div-Rs.1.20 Per Share
MRPL,2010-07-15,dividend,1.000000,1.2,cash dividend per share,Annual General Meeting And Dividend Rs.1.20 Per Share
MRPL,2011-07-07,dividend,1.000000,1.2,cash dividend per share,Annual General Meeting And Dividend Re 1.20 Per Share
MRPL,2012-07-12,dividend,1.000000,1,cash dividend per share,Annual General Meeting/ Dividend Re.1 Per Share
MRPL,2017-08-10,dividend,1.000000,6,cash dividend per share,Dividend - Rs 6/- Per Share(Book Closure Dates Revised)
MRPL,2018-06-28,dividend,1.000000,3,cash dividend per share,Dividend Rs 3/- Per Share
MRPL,2019-05-30,dividend,1.000000,1,cash dividend per share,Dividend Rs - 1 Per Share
MRPL,2024-02-02,dividend,1.000000,1,cash dividend per share,Interim Dividend - Re 1 Per Share
MRPL,2024-08-09,dividend,1.000000,2,cash dividend per share,Dividend - Rs 2 Per Share
MRPL,2026-03-11,dividend,1.000000,4,cash dividend per share,Interim Dividend - Rs 4 Per Share
MSUMI,2022-11-16,bonus,0.714286,,bonus 2:5,Bonus 2:5
MSUMI,2023-08-09,dividend,1.000000,0.65,cash dividend per share,Annual General Meeting/Dividend - Re 0.65 Per Share
MSUMI,2024-08-14,dividend,1.000000,0.8,cash dividend per share,Annual General Meeting/Dividend - Re 0.80 Per Share
MSUMI,2025-03-28,dividend,1.000000,0.5,cash dividend per share,Interim Dividend - Rs 0.50 Per Share
MSUMI,2025-06-23,dividend,1.000000,0.35,cash dividend per share,Dividend - Re 0.35 Per Share
MSUMI,2025-07-18,bonus,0.666667,,bonus 1:2,Bonus 1:2
MSUMI,2026-07-14,dividend,1.000000,0.58,cash dividend per share,Dividend - Re 0.58 Per Share
MUTHOOTFIN,2012-08-16,dividend,1.000000,4,cash dividend per share,Annual General Meeting/ Dividend Rs. 4 Per Share
MUTHOOTFIN,2013-09-12,dividend,1.000000,4.5,cash dividend per share,Annual General Meeting And Dividend Rs.4.50 Per Share
MUTHOOTFIN,2013-11-05,dividend,1.000000,3,cash dividend per share,Interim Dividend Rs.3/- Per Share (Purpose Revised)
MUTHOOTFIN,2014-02-04,dividend,1.000000,2,cash dividend per share,Interim Dividend - Rs 2/- Per Share (Purpose Revised)
MUTHOOTFIN,2014-09-10,dividend,1.000000,1,cash dividend per share,Annual General Meeting / Dividend - Re 1/- Per Share
MUTHOOTFIN,2014-10-22,dividend,1.000000,4,cash dividend per share,1st Interim Dividend Rs.4/- Per Share
MUTHOOTFIN,2015-09-22,dividend,1.000000,2,cash dividend per share,Annual General Meeting/ Dividend - Rs 2/- Per Share
MUTHOOTFIN,2015-11-05,dividend,1.000000,4,cash dividend per share,Interim Dividend - Rs 4/- Per Share (Purpose Revised)
MUTHOOTFIN,2016-03-16,dividend,1.000000,2,cash dividend per share,Interim Dividend - Rs 2/- Per Share
MUTHOOTFIN,2017-03-30,dividend,1.000000,6,cash dividend per share,Interim Dividend-Rs 6/- Per Share (Purpose Revised)
MUTHOOTFIN,2018-02-15,dividend,1.000000,10,cash dividend per share,Interim Dividend Rs 10/- Per Share (Purpose Revised)
MUTHOOTFIN,2019-04-11,dividend,1.000000,12,cash dividend per share,Interim Dividend - Rs 12 Per Share
MUTHOOTFIN,2020-03-23,dividend,1.000000,15,cash dividend per share,Interim Dividend - Rs 15 Per Share
MUTHOOTFIN,2021-04-22,dividend,1.000000,20,cash dividend per share,Interim Dividend - Rs 20 Per Share
MUTHOOTFIN,2022-04-25,dividend,1.000000,20,cash dividend per share,Interim Dividend - Rs 20 Per Share
MUTHOOTFIN,2023-04-18,dividend,1.000000,22,cash dividend per share,Interim Dividend - Rs 22 Per Share
MUTHOOTFIN,2024-05-31,dividend,1.000000,24,cash dividend per share,Interim Dividend - Rs 24 Per Share
MUTHOOTFIN,2025-04-25,dividend,1.000000,26,cash dividend per share,Interim Dividend - Rs 26 Per Share
MUTHOOTFIN,2026-04-17,dividend,1.000000,30,cash dividend per share,Interim Dividend - Rs 30 Per Share
NAM-INDIA,2018-01-31,dividend,1.000000,5,cash dividend per share,Interim Dividend - Rs 5 Per Share
NAM-INDIA,2018-09-12,dividend,1.000000,1,cash dividend per share,Annual General Meeting/Dividend Re 1 Per Share
NAM-INDIA,2019-01-31,dividend,1.000000,3,cash dividend per share,Interim Dividend - Rs 3 Per Share
NAM-INDIA,2019-05-09,dividend,1.000000,3,cash dividend per share,Interim Dividend - Rs 3 Per Share
NAM-INDIA,2020-02-03,dividend,1.000000,3,cash dividend per share,Interim Dividend - Rs 3 Per Share
NAM-INDIA,2020-06-29,dividend,1.000000,2,cash dividend per share,Dividend - Rs 2 Per Share
NAM-INDIA,2021-02-05,dividend,1.000000,3,cash dividend per share,Interim Dividend - Rs 3.00 Per Share
NAM-INDIA,2021-06-10,dividend,1.000000,5,cash dividend per share,Dividend - Rs 5 Per Share
NAM-INDIA,2021-11-08,dividend,1.000000,3.5,cash dividend per share,Interim Dividend - Rs 3.50 Per Share
NAM-INDIA,2022-06-30,dividend,1.000000,7.5,cash dividend per share,Dividend - Rs 7.50 Per Share
NAM-INDIA,2022-11-01,dividend,1.000000,4,cash dividend per share,Interim Dividend - Rs 4 Per Share
NAM-INDIA,2023-06-30,dividend,1.000000,7.5,cash dividend per share,Dividend - Rs 7.50 Per Share
NAM-INDIA,2023-11-09,dividend,1.000000,5.5,cash dividend per share,Interim Dividend - Rs 5.50 Per Share
NAM-INDIA,2024-06-28,dividend,1.000000,11,cash dividend per share,Dividend - Rs 11 Per Share
NAM-INDIA,2024-11-06,dividend,1.000000,8,cash dividend per share,Interim Dividend - Rs 8 Per Share
NAM-INDIA,2025-07-04,dividend,1.000000,10,cash dividend per share,Dividend - Rs 10 Per Share
NAM-INDIA,2025-11-06,dividend,1.000000,9,cash dividend per share,Interim Dividend - Rs 9 Per Share
NAM-INDIA,2026-06-25,dividend,1.000000,12.5,cash dividend per share,Dividend - Rs 12.50 Per Share
NATCOPHARM,2007-11-12,dividend,1.000000,1.25,cash dividend per share,Int Div-Rs.1.25 Per Sh
NATCOPHARM,2009-06-04,dividend,1.000000,1.25,cash dividend per share,Int Div-Rs.1.25 Per Share
NATCOPHARM,2010-02-05,dividend,1.000000,2,cash dividend per share,Int Div-Rs.2/- Per Share
NATCOPHARM,2011-02-24,dividend,1.000000,2,cash dividend per share,Interim Dividend-Rs.2/- Per Share
NATCOPHARM,2012-02-22,dividend,1.000000,3,cash dividend per share,Interim Dividend Rs.3/- Per Share
NATCOPHARM,2013-02-22,dividend,1.000000,4,cash dividend per share,Interim Dividend Rs 4 Per Share
NATCOPHARM,2014-02-24,dividend,1.000000,5,cash dividend per share,Interim Dividend Rs.5/- Per Share
NATCOPHARM,2015-02-24,dividend,1.000000,5,cash dividend per share,Interim Dividend - Rs 5/- Per Share
NATCOPHARM,2015-11-26,split,0.200000,,face value 10 to 2,Face Value Split (Sub-Division) - From Rs 10/- Per Share To Rs 2/- Per Share
NATCOPHARM,2016-02-22,dividend,1.000000,1.25,cash dividend per share,Interim Dividend - Rs 1.25/- Per Share
NATCOPHARM,2016-08-19,dividend,1.000000,0.75,cash dividend per share,Dividend - Re 0.75/- Per Share
NATCOPHARM,2017-02-23,dividend,1.000000,6,cash dividend per share,Interim Dividend Rs 6/- Per Share
NATCOPHARM,2017-08-16,dividend,1.000000,1.25,cash dividend per share,Interim Dividend - Rs 1.25 Per Share
NATCOPHARM,2018-02-15,dividend,1.000000,7,cash dividend per share,Interim Dividend Rs 7/- Per Share
NATCOPHARM,2018-08-20,dividend,1.000000,1.5,cash dividend per share,Interim Dividend- Rs 1.50 Per Share
NATCOPHARM,2019-02-21,dividend,1.000000,3.5,cash dividend per share,Interim Dividend - Rs 3.50 Per Share
NATCOPHARM,2019-06-06,dividend,1.000000,1.25,cash dividend per share,Interim Dividend - Rs 1.25 Per Share
NATCOPHARM,2019-08-22,dividend,1.000000,1.25,cash dividend per share,Interim Dividend - Rs 1.25 Per Share
NATCOPHARM,2019-11-21,dividend,1.000000,1,cash dividend per share,Interim Dividend - Re 1 Per Share
NATCOPHARM,2020-02-24,dividend,1.000000,3.5,cash dividend per share,Interim Dividend - Rs 3.5 Per Share
NATCOPHARM,2020-06-26,dividend,1.000000,1,cash dividend per share,Interim Dividend - Re 1 Per Share
NATCOPHARM,2020-08-21,dividend,1.000000,1.25,cash dividend per share,Interim Dividend - Rs 1.25 Per Share
NATCOPHARM,2020-11-24,dividend,1.000000,3,cash dividend per share,Interim Dividend - Rs 3 Per Share
NATCOPHARM,2021-02-22,dividend,1.000000,1,cash dividend per share,Interim Dividend - Re 1 Per Share
NATCOPHARM,2021-08-24,dividend,1.000000,2,cash dividend per share,Interim Dividend - Rs 2 Per Share
NATCOPHARM,2021-11-23,dividend,1.000000,0.5,cash dividend per share,Interim Dividend - Rs 0.50 Per Share
NATCOPHARM,2022-02-24,dividend,1.000000,2,cash dividend per share,Interim Dividend - Rs 2 Per Share
NATCOPHARM,2022-08-19,dividend,1.000000,3.5,cash dividend per share,Interim Dividend - Rs 3.50 Per Share
NATCOPHARM,2022-11-21,dividend,1.000000,0.75,cash dividend per share,Interim Dividend - Re 0.75 Per Share
NATCOPHARM,2023-02-21,dividend,1.000000,1.25,cash dividend per share,Interim Dividend - Rs 1.25 Per Share
NATCOPHARM,2023-08-22,dividend,1.000000,7,cash dividend per share,Interim Dividend - Rs 7 Per Share
NATCOPHARM,2023-11-24,dividend,1.000000,1.25,cash dividend per share,Interim Dividend - Rs 1.25 Per Share
NATCOPHARM,2024-02-26,dividend,1.000000,1.25,cash dividend per share,Interim Dividend - Rs 1.25 Per Share
NATCOPHARM,2024-08-23,dividend,1.000000,3,cash dividend per share,Interim Dividend - Rs 3 Per Share
NATCOPHARM,2024-11-27,dividend,1.000000,1.5,cash dividend per share,Interim Dividend - Rs 1.50 Per Share
NATCOPHARM,2025-02-18,dividend,1.000000,1.5,cash dividend per share,Interim Dividend - Rs 1.50 Per Share
NATCOPHARM,2025-08-19,dividend,1.000000,2,cash dividend per share,Interim Dividend - Rs 2 Per Share
NATCOPHARM,2025-11-20,dividend,1.000000,1.5,cash dividend per share,Interim Dividend - Rs 1.50 Per Share
NATCOPHARM,2026-02-18,dividend,1.000000,1.5,cash dividend per share,Interim Dividend - Rs 1.50 Per Share
NATCOPHARM,2026-08-20,dividend,1.000000,1.5,cash dividend per share,Interim Dividend - Rs 1.50 Per Share
NATCOPHARM,2026-10-01,rights,0.991856,,"rights 2:21 at 750, theoretical ex-rights price",Rights 2:21 @ Premium Rs 748/-
NATIONALUM,2007-02-06,dividend,1.000000,1.75,cash dividend per share,Interim Dividend-35%
NATIONALUM,2007-03-22,dividend,1.000000,0.75,cash dividend per share,2nd Interim Dividend-15%
NATIONALUM,2007-09-14,dividend,1.000000,1.25,cash dividend per share,Agm/Final Dividend-25%
NATIONALUM,2008-02-13,dividend,1.000000,2.25,cash dividend per share,Interim Dividend - 45% Dividend Revised
NATIONALUM,2008-09-01,dividend,1.000000,0.75,cash dividend per share,Agm/Dividend - 15%
NATIONALUM,2009-02-12,dividend,1.000000,1.75,cash dividend per share,Interim Dividend - 35%
NATIONALUM,2009-09-04,dividend,1.000000,1.5,cash dividend per share,Dividend-Rs.1.50 Pr Share
NATIONALUM,2010-03-23,dividend,1.000000,1.5,cash dividend per share,Int Div-Rs.1.50 Per Sharepurpose Revised
NATIONALUM,2010-08-27,dividend,1.000000,1,cash dividend per share,Annual General Meeting And Final Dividend Re.1/- Per Share
NATIONALUM,2011-02-07,dividend,1.000000,2,cash dividend per share,Interim Dividend-Rs.2/- Per Share (Purpose Revised)
NATIONALUM,2011-03-15,bonus,0.500000,,bonus 1:1,Bonus 1:1 And Face Value Split From Rs.10/- To Rs.5/-
NATIONALUM,2011-03-15,split,0.500000,,face value 10 to 5,Bonus 1:1 And Face Value Split From Rs.10/- To Rs.5/-
NATIONALUM,2011-09-16,dividend,1.000000,0.5,cash dividend per share,Dividend-Re.0.50 Per Share
NATIONALUM,2012-03-22,dividend,1.000000,0.9,cash dividend per share,Interim Dividend Re.0.90 Per Share (Purpose Revised)
NATIONALUM,2012-08-03,dividend,1.000000,0.1,cash dividend per share,Annual General Meeting/ Dividend Rs. 0.10 Per Share
NATIONALUM,2013-03-26,dividend,1.000000,0.75,cash dividend per share,Interim Dividend Re.0.75 Per Share (Purpose Revised)
NATIONALUM,2013-09-20,dividend,1.000000,0.5,cash dividend per share,Annual General Meeting And Dividend Re.0.50 Per Share
NATIONALUM,2014-03-05,dividend,1.000000,1.1,cash dividend per share,Interim Dividend - Rs 1.10/- Per Share (Purpose Revised)
NATIONALUM,2014-09-12,dividend,1.000000,0.4,cash dividend per share,Annual General Meeting / Final Dividend - Re 0.40/- Per Share
NATIONALUM,2015-03-18,dividend,1.000000,1.25,cash dividend per share,Interim Dividend - Rs 1.25/- Per Share (Purpose Revised)
NATIONALUM,2015-09-18,dividend,1.000000,0.5,cash dividend per share,Annual General Meeting/ Dividend - Re 0.50/- Per Share
NATIONALUM,2016-03-23,dividend,1.000000,1.25,cash dividend per share,Interim Dividend - Rs 1.25/- Per Share (Purpose Revised)
NATIONALUM,2016-09-27,dividend,1.000000,0.75,cash dividend per share,Dividend - Re 0.75 Per Share
NATIONALUM,2017-03-09,dividend,1.000000,2.8,cash dividend per share,Interim Dividend Rs 2.80 Per Share (Purpose Revised)
NATIONALUM,2018-02-16,dividend,1.000000,4.7,cash dividend per share,Interim Dividend - Rs 4.70 Per Share (Purpose Revised)
NATIONALUM,2018-08-23,dividend,1.000000,1,cash dividend per share,Annual General Meeting/Dividend- Re 1 Per Share
NATIONALUM,2019-03-11,dividend,1.000000,4.5,cash dividend per share,Interim Dividend - Rs 4.50 Per Share
NATIONALUM,2019-09-11,dividend,1.000000,1.25,cash dividend per share,Annual General Meeting/Dividend - Rs 1.25 Per Share
NATIONALUM,2020-02-18,dividend,1.000000,1.5,cash dividend per share,Interim Dividend - Rs 1.5 Per Share
NATIONALUM,2020-12-01,dividend,1.000000,0.5,cash dividend per share,Interim Dividend - Rs 0.50 Per Share
NATIONALUM,2021-03-22,dividend,1.000000,2,cash dividend per share,Interim Dividend - Rs 2 Per Share
NATIONALUM,2021-09-23,dividend,1.000000,1,cash dividend per share,Annual General Meeting/Dividend - Re 1 Per Share
NATIONALUM,2021-11-24,dividend,1.000000,2,cash dividend per share,Interim Dividend - Rs 2 Per Share
NATIONALUM,2022-02-17,dividend,1.000000,3,cash dividend per share,Interim Dividend - Rs 3 Per Share
NATIONALUM,2022-09-15,dividend,1.000000,1.5,cash dividend per share,Annual General Meeting/Dividend - Rs 1.50 Per Share
NATIONALUM,2023-01-25,dividend,1.000000,1,cash dividend per share,Interim Dividend - Re 1 Per Share
NATIONALUM,2023-03-21,dividend,1.000000,2.5,cash dividend per share,Interim Dividend - Rs 2.50 Per Share
NATIONALUM,2023-09-15,dividend,1.000000,1,cash dividend per share,Annual General Meeting/Dividend - Re 1 Per Share
NATIONALUM,2023-11-22,dividend,1.000000,1,cash dividend per share,Interim Dividend - Re 1 Per Share
NATIONALUM,2024-02-23,dividend,1.000000,2,cash dividend per share,Interim Dividend - Rs 2 Per Share
NATIONALUM,2024-09-20,dividend,1.000000,2,cash dividend per share,Annual General Meeting/Dividend - Rs 2 Per Share
NATIONALUM,2024-11-29,dividend,1.000000,4,cash dividend per share,Interim Dividend - Rs 4 Per Share
NATIONALUM,2025-02-14,dividend,1.000000,4,cash dividend per share,Interim Dividend - Rs 4 Per Share
NATIONALUM,2025-09-19,dividend,1.000000,2.5,cash dividend per share,Dividend - Rs 2.50 Per Share
NATIONALUM,2025-11-14,dividend,1.000000,4,cash dividend per share,Interim Dividend - Rs 4 Per Share
NATIONALUM,2026-02-06,dividend,1.000000,4.5,cash dividend per share,Interim Dividend - Rs 4.50 Per Share
NATIONALUM,2026-05-08,dividend,1.000000,2,cash dividend per share,Interim Dividend - Rs 2 Per Share
NATIONALUM,2026-08-24,dividend,1.000000,1,cash dividend per share,Dividend - Re 1 Per Share
NAUKRI,2007-07-18,dividend,1.000000,0.75,cash dividend per share,Agm/Div-Re.0.75/- Per Sh
NAUKRI,2008-07-18,dividend,1.000000,0.15,cash dividend per share,Dividend-7.5%
NAUKRI,2009-07-15,dividend,1.000000,0.75,cash dividend per share,Agm/Div-Re.0.75 Per Share
NAUKRI,2010-07-15,dividend,1.000000,0.75,cash dividend per share,Dividend-Re.0.75 Per Share
NAUKRI,2010-09-27,bonus,0.500000,,bonus 1:1,Bonus 1:1
NAUKRI,2011-07-13,dividend,1.000000,0.75,cash dividend per share,Dividend-Re.0.75 Per Share
NAUKRI,2012-06-22,bonus,0.500000,,bonus 1:1,Annual General Meeting/Dividend-Re.1/- Per Share/Bonus 1:1
NAUKRI,2012-06-22,dividend,1.000000,1,cash dividend per share,Annual General Meeting/Dividend-Re.1/- Per Share/Bonus 1:1
NAUKRI,2013-07-15,dividend,1.000000,1,cash dividend per share,Annual General Meeting/Dividend Re 1/- Per Share
NAUKRI,2013-10-30,dividend,1.000000,1,cash dividend per share,Interim Dividend - Re 1/- Per Share
NAUKRI,2014-07-15,dividend,1.000000,1.5,cash dividend per share,Annual General Meeting / Final Dividend - Rs 1.50/- Per Share
NAUKRI,2014-10-30,dividend,1.000000,1,cash dividend per share,Interim Dividend Re.1/- Per Share
NAUKRI,2015-07-17,dividend,1.000000,2,cash dividend per share,Annual General Meeting/Dividend Rs 2/- Per Share
NAUKRI,2015-11-19,dividend,1.000000,1,cash dividend per share,Interim Dividend - Re 1/- Per Share
NAUKRI,2016-03-18,dividend,1.000000,2,cash dividend per share,Interim Dividend - Rs 2/- Per Share (Purpose Revised)
NAUKRI,2016-11-04,dividend,1.000000,1.5,cash dividend per share,Interim Dividend Rs 1.50 Per Share (Purpose Revised)
NAUKRI,2017-03-03,dividend,1.000000,1.5,cash dividend per share,Interim Dividend Rs 1.50 Per Share (Purpose Revised)
NAUKRI,2017-07-13,dividend,1.000000,1.5,cash dividend per share,Annual General Meeting/ Dividend - Rs 1.50 Per Share
NAUKRI,2017-11-08,dividend,1.000000,2.5,cash dividend per share,Interim Dividend - Rs 2.50 Per Share (Purpose Revised)
NAUKRI,2018-02-09,dividend,1.000000,1.5,cash dividend per share,Interim Dividend Rs 1.50 Per Share (Purpose Revised)
NAUKRI,2018-07-16,dividend,1.000000,1.5,cash dividend per share,Annual General Meeting/Dividend- Rs 1.5 Per Share
NAUKRI,2018-11-09,dividend,1.000000,2.5,cash dividend per share,Interim Dividend - Rs 2.50 Per Sh
NAUKRI,2019-02-07,dividend,1.000000,1.5,cash dividend per share,Interim Dividend - Rs 1.50 Per Share
NAUKRI,2019-08-05,dividend,1.000000,2,cash dividend per share,Annual General Meeting/Dividend - Rs 2 Per Share
NAUKRI,2019-11-21,dividend,1.000000,2.5,cash dividend per share,Interim Dividend - Rs 2.5 Per Share
NAUKRI,2020-02-18,dividend,1.000000,3.5,cash dividend per share,Interim Dividend - Rs 3.50 Per Share
NAUKRI,2021-06-21,dividend,1.000000,8,cash dividend per share,Interim Dividend - Rs 8 Per Share
NAUKRI,2022-01-17,dividend,1.000000,8,cash dividend per share,Interim Dividend - Rs 8 Per Sh
NAUKRI,2022-08-18,dividend,1.000000,5,cash dividend per share,Annual General Meeting/Dividend - Rs 5 Per Share
NAUKRI,2022-11-18,dividend,1.000000,10,cash dividend per share,Interim Dividend - Rs 10 Per Share
NAUKRI,2023-07-28,dividend,1.000000,9,cash dividend per share,Dividend - Rs 9 Per Share
NAUKRI,2023-11-17,dividend,1.000000,10,cash dividend per share,Interim Dividend - Rs 10 Per Share
NAUKRI,2024-07-29,dividend,1.000000,12,cash dividend per share,Dividend - Rs 12 Per Share
NAUKRI,2024-11-19,dividend,1.000000,12,cash dividend per share,Interim Dividend - Rs 12 Per Share
NAUKRI,2025-05-07,split,0.200000,,face value 10 to 2,Face Value Split (Sub-Division) - From Rs 10/- Per Share To Rs 2/- Per Share
NAUKRI,2025-07-25,dividend,1.000000,3.6,cash dividend per share,Dividend - Rs 3.60 Per Share
NAUKRI,2025-11-21,dividend,1.000000,2.4,cash dividend per share,Interim Dividend - Rs 2.40 Per Share
NAUKRI,2026-02-20,dividend,1.000000,2.4,cash dividend per share,Interim Dividend - Rs 2.40 Per Share
NAUKRI,2026-07-24,dividend,1.000000,3.6,cash dividend per share,Dividend - Rs 3.60 Per Share
NAVINFLUOR,2007-06-14,dividend,1.000000,0.8,cash dividend per share,Agm/Dividend-40%
NAVINFLUOR,2008-06-12,dividend,1.000000,0.8,cash dividend per share,Agm/Dividend - 40%
NAVINFLUOR,2008-11-06,dividend,1.000000,1,cash dividend per share,Interim Dividend - 50%
NAVINFLUOR,2009-06-04,dividend,1.000000,5,cash dividend per share,Agm/Div-Rs.5/- Per Share
NAVINFLUOR,2009-11-12,dividend,1.000000,6.5,cash dividend per share,Int Div-Rs.6.50 Per Share
NAVINFLUOR,2010-06-11,dividend,1.000000,7.5,cash dividend per share,Dividend-Rs.7.50 Pr Share
NAVINFLUOR,2010-11-11,dividend,1.000000,6.5,cash dividend per share,Interim Dividend-Rs.6.50 Per Share
NAVINFLUOR,2011-06-14,dividend,1.000000,8.5,cash dividend per share,Annual General Meeting And Dividend Rs.8.50 Per Share
NAVINFLUOR,2011-11-02,dividend,1.000000,8.5,cash dividend per share,Interim Dividend Rs.8.50 Per Share
NAVINFLUOR,2012-06-07,dividend,1.000000,66.5,cash dividend per share,Final Dividend Rs.6.50 Per Share And Special Dividend Rs.60 Per Share
NAVINFLUOR,2012-10-29,dividend,1.000000,7.5,cash dividend per share,Interim Dividend Rs 7.50 Per Share
NAVINFLUOR,2013-06-13,dividend,1.000000,7.5,cash dividend per share,Annual General Meeting / Final Dividend Rs.7.50/- Per Equity Share
NAVINFLUOR,2013-11-07,dividend,1.000000,7.5,cash dividend per share,Interim Dividend Rs.7.50 Per Share
NAVINFLUOR,2014-06-12,dividend,1.000000,8.5,cash dividend per share,Annual General Meeting / Final Dividend - Rs 8.50/- Per Share
NAVINFLUOR,2014-11-05,dividend,1.000000,7.5,cash dividend per share,Interim Dividend - Rs 7.50/- Per Share
NAVINFLUOR,2015-06-19,dividend,1.000000,8.5,cash dividend per share,Final Dividend - Rs 8.50/- Per Share
NAVINFLUOR,2015-11-06,dividend,1.000000,10,cash dividend per share,Interim Dividend - Rs 10/- Per Share
NAVINFLUOR,2016-07-15,dividend,1.000000,11,cash dividend per share,Annual General Meeting/ Dividend - Rs 11/- Per Share
NAVINFLUOR,2016-11-04,dividend,1.000000,18.5,cash dividend per share,Interim Dividend Rs 11/- + Special Dividend Rs 7.50 Per Share
NAVINFLUOR,2017-06-16,dividend,1.000000,13,cash dividend per share,Dividend - Rs 13/- Per Share
NAVINFLUOR,2017-07-19,split,0.200000,,face value 10 to 2,Face Value Split From Rs 10/- Per Share To Rs 2/- Per Share
NAVINFLUOR,2017-11-08,dividend,1.000000,3.4,cash dividend per share,Interim Dividend - Rs 3.40 Per Share
NAVINFLUOR,2018-07-13,dividend,1.000000,6.6,cash dividend per share,Final Dividend- Rs 3.60 Per Share/ Special Dividend- Rs 3 Per Share
NAVINFLUOR,2018-11-14,dividend,1.000000,3.8,cash dividend per share,Interim Dividend Rs - Rs 3.80 Per Sh
NAVINFLUOR,2019-06-07,dividend,1.000000,4,cash dividend per share,Dividend Rs - 4 Per Share
NAVINFLUOR,2019-11-05,dividend,1.000000,4,cash dividend per share,Interim Dividend Rs 4 Per Share
NAVINFLUOR,2020-03-05,dividend,1.000000,4,cash dividend per share,Interim Dividend - Rs 4 Per Share
NAVINFLUOR,2020-08-07,dividend,1.000000,3,cash dividend per share,Dividend - Rs 3 Per Share
NAVINFLUOR,2020-11-10,dividend,1.000000,5,cash dividend per share,Interim Dividend - Rs 5 Per Share
NAVINFLUOR,2021-07-09,dividend,1.000000,6,cash dividend per share,Dividend - Rs 6 Per Share
NAVINFLUOR,2021-11-01,dividend,1.000000,5,cash dividend per share,Interim Dividend - Rs 5 Per Share
NAVINFLUOR,2022-07-07,dividend,1.000000,6,cash dividend per share,Dividend - Rs 6 Per Share
NAVINFLUOR,2022-11-03,dividend,1.000000,5,cash dividend per share,Interim Dividend - Rs 5 Per Share
NAVINFLUOR,2023-07-07,dividend,1.000000,7,cash dividend per share,Dividend - Rs 7 Per Share
NAVINFLUOR,2023-11-10,dividend,1.000000,8,cash dividend per share,Interim Dividend - Rs 5 Per Share/ Special Dividend - Rs 3 Per Share
NAVINFLUOR,2024-07-05,dividend,1.000000,7,cash dividend per share,Dividend - Rs 7 Per Share
NAVINFLUOR,2024-11-07,dividend,1.000000,5,cash dividend per share,Interim Dividend - Rs 5 Per Share
NAVINFLUOR,2025-07-04,dividend,1.000000,7,cash dividend per share,Dividend - Rs 7 Per Share
NAVINFLUOR,2025-11-07,dividend,1.000000,6.5,cash dividend per share,Interim Dividend - Rs 6.50 Per Share
NAVINFLUOR,2026-06-12,dividend,1.000000,8.6,cash dividend per share,Dividend - Rs 8.60 Per Share
NBCC,2012-08-30,dividend,1.000000,3.5,cash dividend per share,Annual General Meeting And Dividend Rs.3.50 Per Share
NBCC,2013-09-03,dividend,1.000000,3.75,cash dividend per share,Annual General Meeting / Dividend - Rs 3.75/- Per Share
NBCC,2014-09-04,dividend,1.000000,5,cash dividend per share,Annual General Meeting / Dividend - Rs 5/- Per Share
NBCC,2015-09-10,dividend,1.000000,5.5,cash dividend per share,Annual General Meeting/ Dividend - Rs 5.50 Per Share
NBCC,2016-06-02,split,0.200000,,face value 10 to 2,Face Value Split (Sub-Division) - From Rs 10/- Per Share To Rs 2/- Per Share
NBCC,2016-09-08,dividend,1.000000,2,cash dividend per share,Annual General Meeting/ Dividend -Rs 2/- Per Share (Purpose Revised)
NBCC,2017-02-17,bonus,0.666667,,bonus 1:2,Bonus 1:2
NBCC,2017-03-29,dividend,1.000000,0.53,cash dividend per share,Interim Dividend Re 0.53 Per Share (Purpose Revised)
NBCC,2017-09-07,dividend,1.000000,1.1,cash dividend per share,Annual General Meeting/ Dividend - Rs 1.10 Per Share
NBCC,2018-03-15,dividend,1.000000,0.55,cash dividend per share,Interim Dividend - Re 0.55 Per Share (Purpose Revised)
NBCC,2018-04-25,split,0.500000,,face value 2 to 1,Face Value Split (Sub-Division) - From Rs 2/- Per Share To Re 1/- Per Share
NBCC,2018-09-06,dividend,1.000000,0.56,cash dividend per share,Annual General Meeting/Dividend Re 0.56 Per Share
NBCC,2019-09-12,dividend,1.000000,0.65,cash dividend per share,Annual General Meeting/Dividend - Rs 0.65 Per Share
NBCC,2020-11-26,dividend,1.000000,0.135,cash dividend per share,Dividend - Rs 0.135 Per Share
NBCC,2021-09-22,dividend,1.000000,0.47,cash dividend per share,Dividend - Rs 0.47 Per Share
NBCC,2022-09-01,dividend,1.000000,0.5,cash dividend per share,Dividend - Re 0.50 Per Share
NBCC,2023-09-01,dividend,1.000000,0.54,cash dividend per share,Dividend - Re 0.54 Per Share
NBCC,2024-09-06,dividend,1.000000,0.63,cash dividend per share,Dividend - Re 0.63 Per Share
NBCC,2024-10-07,bonus,0.666667,,bonus 1:2,Bonus 1:2
NBCC,2025-02-18,dividend,1.000000,0.53,cash dividend per share,Interim Dividend - Re 0.53 Per Share
NBCC,2025-08-13,dividend,1.000000,0.21,cash dividend per share,Interim Dividend - Re 0.21 Per Share
NBCC,2025-08-29,dividend,1.000000,0.14,cash dividend per share,Dividend - Re 0.14 Per Share
NBCC,2025-11-19,dividend,1.000000,0.21,cash dividend per share,Interim Dividend - Re 0.21 Per Share
NBCC,2026-02-25,dividend,1.000000,0.12,cash dividend per share,Interim Dividend - Re 0.12 Per Share
NBCC,2026-08-17,dividend,1.000000,0.15,cash dividend per share,Interim Dividend - Re 0.15 Per Share
NBCC,2026-08-28,dividend,1.000000,0.46,cash dividend per share,Dividend - Re 0.46 Per Share
NESTLEIND,2010-04-23,dividend,1.000000,12.5,cash dividend per share,Div-Fin Rs.12.5+Int Rs.9 Purpose Revised
NESTLEIND,2010-11-03,dividend,1.000000,27,cash dividend per share,2nd Interim Dividend - Rs 27/- Per Share (Purpose Revised)
NESTLEIND,2011-04-21,dividend,1.000000,21.5,cash dividend per share,Final Dividend Rs.12.50/- Per Share And Interim Dividend Rs.9/- Per Share(Purpose Revised)
NESTLEIND,2011-12-12,dividend,1.000000,27,cash dividend per share,2nd Interim Dividend Rs.27/- Per Share (Purpose Revised)
NESTLEIND,2012-03-21,dividend,1.000000,12.5,cash dividend per share,Annual General Meeting And Dividend - Rs.12.50/- Per Share
NESTLEIND,2012-08-01,dividend,1.000000,18,cash dividend per share,Interim Dividend Rs 18 Per Share (Purpose Revised)
NESTLEIND,2012-12-12,dividend,1.000000,18,cash dividend per share,2nd Interim Dividend Rs.18/- Per Share (Purpose Revised)
NESTLEIND,2013-02-25,dividend,1.000000,12.5,cash dividend per share,Interim Dividend Rs 12.50 Per Share
NESTLEIND,2013-11-01,dividend,1.000000,18,cash dividend per share,2nd Interim Dividend Rs.18/- Per Share (Purpose Revised)
NESTLEIND,2014-05-15,dividend,1.000000,12.5,cash dividend per share,Annual General Meeting / Final Dividend - Rs 12.50/- Per Share
NESTLEIND,2014-09-15,dividend,1.000000,30,cash dividend per share,2nd Interim Dividend Rs.30/- Per Share (Purpose Revised)
NESTLEIND,2014-12-08,dividend,1.000000,8,cash dividend per share,Third Interim Dividend - Rs 8/- Per Share (Purpose Revised)
NESTLEIND,2015-05-19,dividend,1.000000,26.5,cash dividend per share,Annual General Meeting/Final Dividend - Rs 12.50/- Per Share / Interim Dividend - Rs 14/- Per Share (Purpose Revised)
NESTLEIND,2015-12-11,dividend,1.000000,16,cash dividend per share,Interim Dividend-Rs 16/- Per Share
NESTLEIND,2016-05-18,dividend,1.000000,30.5,cash dividend per share,Annual General Meeting/Final Dividend- Rs 18.50/- Per Share + Interim Dividend -Rs 12/- Per Share (Purpose Revised)
NESTLEIND,2016-08-05,dividend,1.000000,12,cash dividend per share,Interim Dividend - Re 12/- Per Share(Purpose Revised)
NESTLEIND,2016-12-09,dividend,1.000000,16,cash dividend per share,Interim Dividend Rs 16/- Per Share (Purpose Revised)
NESTLEIND,2017-05-19,dividend,1.000000,38,cash dividend per share,Annual General Meeting/Dividend - Rs 23/- Per Share/Interim Dividend -Rs 15/- Per Share
NESTLEIND,2017-08-02,dividend,1.000000,15,cash dividend per share,Interim Dividend Rs 15/- Per Share
NESTLEIND,2017-12-11,dividend,1.000000,33,cash dividend per share,Interim Dividend - Rs 33/- Per Share (Purpose Revised)
NESTLEIND,2018-05-16,dividend,1.000000,43,cash dividend per share,Annual General Meeting/ Final Dividend - Rs 23 Per Share/ Interim Dividend - Rs 20 Per Share (Purpose Revised)
NESTLEIND,2018-08-10,dividend,1.000000,20,cash dividend per share,Interim Dividend Rs 20 Per Share
NESTLEIND,2018-12-12,dividend,1.000000,50,cash dividend per share,Interim Dividend - Rs 50 Per Share
NESTLEIND,2019-04-30,dividend,1.000000,25,cash dividend per share,Annual General Meeting/ Dividend - Rs 25 Per Share
NESTLEIND,2019-05-06,dividend,1.000000,23,cash dividend per share,Interim Dividend - Rs 23 Per Share
NESTLEIND,2019-08-09,dividend,1.000000,203,cash dividend per share,Interim Dividend - Rs 23 Per Share/ Special Dividend - Rs180 Per Share
NESTLEIND,2019-12-10,dividend,1.000000,55,cash dividend per share,Interim Dividend - Rs 55 Per Share
NESTLEIND,2020-06-11,dividend,1.000000,61,cash dividend per share,Annual General Meeting/Dividend - Rs 61 Per Share
NESTLEIND,2020-10-29,dividend,1.000000,135,cash dividend per share,Interim Dividned - Rs 135 Per Share
NESTLEIND,2021-04-29,dividend,1.000000,90,cash dividend per share,Interim Dividend - Rs 25 Per Share | Annual General Meeting/Dividend - Rs 65 Per Share
NESTLEIND,2021-10-26,dividend,1.000000,110,cash dividend per share,Interim Dividend - Rs 110 Per Share
NESTLEIND,2022-04-21,dividend,1.000000,90,cash dividend per share,Interim Dividend - Rs 25 Per Sh/Dividend - Rs 65 Per Share
NESTLEIND,2022-10-31,dividend,1.000000,120,cash dividend per share,Interim Dividend - Rs 120 Per Share
NESTLEIND,2023-04-21,dividend,1.000000,102,cash dividend per share,Final Dividend - Rs 75 Per Share | Interim Dividend - Rs 27 Per Share
NESTLEIND,2023-11-01,dividend,1.000000,140,cash dividend per share,Interim Dividend - Rs 140 Per Share
NESTLEIND,2024-01-05,split,0.100000,,face value 10 to 1,Face Value Split (Sub-Division) - From Rs10/- Per Share To Re 1/- Per Share
NESTLEIND,2024-02-15,dividend,1.000000,7,cash dividend per share,Interim Dividend - Rs 7 Per Share
NESTLEIND,2024-07-16,dividend,1.000000,11.25,cash dividend per share,Dividend - Rs 8.50 Per Share | Interim Dividend - Rs 2.75 Per Share
NESTLEIND,2025-02-07,dividend,1.000000,14.25,cash dividend per share,Interim Dividend - Rs 14.25 Per Share
NESTLEIND,2025-07-04,dividend,1.000000,10,cash dividend per share,Dividend - Rs 10 Per Share
NESTLEIND,2025-08-08,bonus,0.500000,,bonus 1:1,Bonus 1:1
NESTLEIND,2026-02-06,dividend,1.000000,7,cash dividend per share,Interim Dividend - Rs 7 Per Share
NESTLEIND,2026-07-10,dividend,1.000000,7,cash dividend per share,Dividend - Rs 5 Per Share | Special Dividend - Rs 2 Per Share
NETWORK18,2008-02-14,dividend,1.000000,1.25,cash dividend per share,Interim Div-Rs1.25 Per Sh
NETWORK18,2012-09-11,rights,0.995722,,"rights 307:50 at 30, theoretical ex-rights price",Rights 307:50 @ Premium Rs.25/- Per Share
NH,2019-08-01,dividend,1.000000,1,cash dividend per share,Dividend - Re 1 Per Share
NH,2020-03-11,dividend,1.000000,1,cash dividend per share,Interim Dividend - Re 1 Per Share
NH,2022-08-22,dividend,1.000000,1,cash dividend per share,Dividend - Rs 1 Per Share
NH,2023-07-07,dividend,1.000000,2.5,cash dividend per share,Dividend - Rs 2.50 Per Share
NH,2024-08-02,dividend,1.000000,4,cash dividend per share,Dividend - Rs 4 Per Share
NH,2025-08-01,dividend,1.000000,4.5,cash dividend per share,Dividend - Rs 4.50 Per Share
NH,2026-07-17,dividend,1.000000,4.5,cash dividend per share,Dividend - Rs 4.50 Per Share
NHPC,2010-09-07,dividend,1.000000,0.55,cash dividend per share,Annual General Meeting And Dividend Re.0.55 Per Share
NHPC,2011-09-02,dividend,1.000000,0.6,cash dividend per share,Annual General Meeting And Dividend Re.0.60 Per Share (Bc Dates Revised)
NHPC,2012-08-31,dividend,1.000000,0.7,cash dividend per share,Annual General Meeting/Dividend Re 0.70 Per Share
NHPC,2013-08-30,dividend,1.000000,0.6,cash dividend per share,Annual General Meeting / Final Dividend - Re 0.60/- Per Share
NHPC,2014-09-11,dividend,1.000000,0.3,cash dividend per share,Annual General Meeting / Final Dividend - Re 0.30/- Per Share
NHPC,2015-01-29,dividend,1.000000,0.2,cash dividend per share,Interim Dividend - Re 0.20/- Per Share
NHPC,2015-09-10,dividend,1.000000,0.4,cash dividend per share,Annual General Meeting/ Dividend - Re 0.40/- Per Share
NHPC,2016-02-18,dividend,1.000000,0.92,cash dividend per share,Interim Dividend - Re 0.92/- Per Share
NHPC,2016-09-08,dividend,1.000000,0.58,cash dividend per share,Annual General Meeting/Dividend-Re 0.58 Per Share
NHPC,2017-01-19,dividend,1.000000,1.7,cash dividend per share,Interim Dividend Rs 1.70/- Per Share (Purpose Revised)
NHPC,2017-09-13,dividend,1.000000,0.1,cash dividend per share,Dividend - Re 0.10 Per Share
NHPC,2018-02-20,dividend,1.000000,1.12,cash dividend per share,Interim Dividend - Rs 1.12 Per Share (Purpose Revised)
NHPC,2018-09-12,dividend,1.000000,0.28,cash dividend per share,Dividend- Re 0.28 Per Share
NHPC,2019-02-18,dividend,1.000000,0.71,cash dividend per share,Int Div - Rs 0.71 Per Sh
NHPC,2019-09-12,dividend,1.000000,0.75,cash dividend per share,Annual General Meeting/Dividend - Rs 0.75 Per Share
NHPC,2020-02-17,dividend,1.000000,1.18,cash dividend per share,Int Dividend - Rs 1.18 Per Share
NHPC,2020-09-17,dividend,1.000000,0.32,cash dividend per share,Dividend - Rs 0.32 Per Share
NHPC,2021-02-22,dividend,1.000000,1.25,cash dividend per share,Interim Dividend - Rs 1.25 Per Share
NHPC,2021-09-16,dividend,1.000000,0.35,cash dividend per share,Dividend - Rs 0.35 Per Share
NHPC,2022-02-22,dividend,1.000000,1.31,cash dividend per share,Interim Dividend - Rs 1.31 Per Share
NHPC,2022-08-10,dividend,1.000000,0.5,cash dividend per share,Dividend - Rs 0.50 Per Share
NHPC,2023-02-17,dividend,1.000000,1.4,cash dividend per share,Interim Dividend - Rs 1.40 Per Share
NHPC,2023-08-22,dividend,1.000000,0.45,cash dividend per share,Dividend - Rs 0.45 Per Share
NHPC,2024-02-22,dividend,1.000000,1.4,cash dividend per share,Interim Dividend - Rs 1.40 Per Share
NHPC,2024-08-12,dividend,1.000000,0.5,cash dividend per share,Dividend - Re 0.50 Per Share
NHPC,2025-02-13,dividend,1.000000,1.4,cash dividend per share,Interim Dividend - Rs 1.4 Per Share
NHPC,2025-08-14,dividend,1.000000,0.51,cash dividend per share,Dividend - Rs 0.51 Per Share
NHPC,2026-02-10,dividend,1.000000,1.4,cash dividend per share,Interim Dividend - Rs 1.40 Per Share
NHPC,2026-08-12,dividend,1.000000,0.21,cash dividend per share,Dividend - Re 0.21 Per Sh
NIACL,2017-11-29,dividend,1.000000,3.75,cash dividend per share,Interim Dividend - Rs 3.75 Per Share
NIACL,2018-06-27,bonus,0.500000,,bonus 1:1,Bonus 1:1/ Dividend- Rs 5 Per Share
NIACL,2018-06-27,dividend,1.000000,5,cash dividend per share,Bonus 1:1/ Dividend- Rs 5 Per Share
NIACL,2019-07-18,dividend,1.000000,1.5,cash dividend per share,Dividend - Rs 1.50 Per Share
NIACL,2022-08-25,dividend,1.000000,0.3,cash dividend per share,Dividend - Rs 0.30 Per Share
NIACL,2023-09-08,dividend,1.000000,1.93,cash dividend per share,Dividend - Rs 1.93 Per Share
NIACL,2024-09-06,dividend,1.000000,2.06,cash dividend per share,Dividend - Rs 2.06 Per Share
NIACL,2025-09-04,dividend,1.000000,1.8,cash dividend per share,Dividend - Rs 1.80 Per Share
NIACL,2026-07-10,dividend,1.000000,1.5,cash dividend per share,Dividend - Rs 1.50 Per Share
NLCINDIA,2007-08-16,dividend,1.000000,1.2,cash dividend per share,Agm/Dividend-12%
NLCINDIA,2008-02-05,dividend,1.000000,1,cash dividend per share,Interim Dividend - 10%
NLCINDIA,2008-08-14,dividend,1.000000,1,cash dividend per share,Agm/Dividend - 10%
NLCINDIA,2009-08-20,dividend,1.000000,2,cash dividend per share,Agm/Div-Rs.2/- Per Share
NLCINDIA,2010-03-15,dividend,1.000000,1,cash dividend per share,Int Div-Re.1/- Per Share
NLCINDIA,2010-08-18,dividend,1.000000,1,cash dividend per share,Annual General Meeting And Final Dividend Re.1/- Per Share
NLCINDIA,2011-08-30,dividend,1.000000,2.3,cash dividend per share,Annual General Meeting And Dividend Rs.2.30 Per Share
NLCINDIA,2012-08-30,dividend,1.000000,2.8,cash dividend per share,Annual General Meeting/Dividend Rs. 2.80 Per Share
NLCINDIA,2013-03-11,dividend,1.000000,1,cash dividend per share,Interim Dividend Re 1 Per Share
NLCINDIA,2013-08-26,dividend,1.000000,1.8,cash dividend per share,Annual General Meeting / Dividend - Rs 1.80/- Per Share
NLCINDIA,2014-03-26,dividend,1.000000,1,cash dividend per share,Interim Dividend - Re 1/- Per Share (Purpose Revised)
NLCINDIA,2014-09-11,dividend,1.000000,1.8,cash dividend per share,Annual General Meeting / Final Dividend - Rs 1.80/- Per Share
NLCINDIA,2015-02-26,dividend,1.000000,1.8,cash dividend per share,Interim Dividend - Re 1.80/- Per Share
NLCINDIA,2015-09-08,dividend,1.000000,1,cash dividend per share,Annual General Meeting/ Dividend Re 1/- Per Share
NLCINDIA,2016-02-11,dividend,1.000000,1.5,cash dividend per share,Interim Dividend - Rs 1.50/- Per Share
NLCINDIA,2016-03-14,dividend,1.000000,0.3,cash dividend per share,Interest Dividend - Re 0.30/- Per Share
NLCINDIA,2016-09-07,dividend,1.000000,1.2,cash dividend per share,Annual General Meeting/Dividend-Rs 1.20 Per Share
NLCINDIA,2017-03-24,dividend,1.000000,7.34,cash dividend per share,Interim Dividend Rs 7.34 Per Share (Purpose Revised)
NLCINDIA,2018-03-26,dividend,1.000000,4.23,cash dividend per share,Interim Dividend - Rs 4.23 Per Share (Purpose Revised)
NLCINDIA,2018-07-20,dividend,1.000000,0.27,cash dividend per share,Annual General Meeting/Dividend- Re 0.27 Per Share
NLCINDIA,2019-03-26,dividend,1.000000,4.53,cash dividend per share,Interim Dividend - Rs 4.53 Per Share
NLCINDIA,2020-03-05,dividend,1.000000,7.06,cash dividend per share,Interim Dividend - Rs 7.06 Per Share
NLCINDIA,2021-02-17,dividend,1.000000,1,cash dividend per share,Interim Dividend - Re 1 Per Share
NLCINDIA,2021-09-21,dividend,1.000000,1.5,cash dividend per share,Annual General Meeting/Dividend - Rs 1.50 Per Share
NLCINDIA,2022-03-14,dividend,1.000000,1.5,cash dividend per share,Interim Dividend - Rs 1.50 Per Share
NLCINDIA,2022-09-21,dividend,1.000000,1.5,cash dividend per share,Annual General Meeting/Dividend - Rs 1.50 Per Share
NLCINDIA,2023-02-24,dividend,1.000000,1.5,cash dividend per share,Dividend - Rs 1.50 Per Share
NLCINDIA,2023-09-18,dividend,1.000000,2,cash dividend per share,Annual General Meeting/Dividend - Rs 2 Per Share
NLCINDIA,2024-02-16,dividend,1.000000,1.5,cash dividend per share,Interim Dividend - Rs 1.50 Per Share
NLCINDIA,2025-02-07,dividend,1.000000,1.5,cash dividend per share,Interim Dividend - Rs 1.50 Per Share
NLCINDIA,2025-09-19,dividend,1.000000,1.5,cash dividend per share,Dividend - Rs 1.50 Per Share
NLCINDIA,2026-01-20,dividend,1.000000,3.6,cash dividend per share,Interim Dividend - Rs 3.60 Per Share
NLCINDIA,2026-09-22,dividend,1.000000,0.25,cash dividend per share,Dividend - Re 0.25 Per Share
NMDC,2008-04-10,split,0.100000,,face value 10 to 1,Fv Split Rs.10/- To Re.1/
NMDC,2008-05-21,bonus,0.333333,,bonus 2:1,Bonus 2:1
NMDC,2008-08-04,dividend,1.000000,0.54,cash dividend per share,Agm/Final Dividend - 54%
NMDC,2009-02-18,dividend,1.000000,1.03,cash dividend per share,Interim Dividend -103%
NMDC,2009-08-20,dividend,1.000000,1.18,cash dividend per share,Agm/Div-Rs.1.18 Per Share
NMDC,2010-02-04,dividend,1.000000,0.75,cash dividend per share,Int Div-Re.0.75 Per Share
NMDC,2010-07-29,dividend,1.000000,1,cash dividend per share,Annual General Meeting / Dividend Re 1 Per Share
NMDC,2011-02-10,dividend,1.000000,1.15,cash dividend per share,Interim Dividend-Rs.1.15 Per Share
NMDC,2011-09-15,dividend,1.000000,2.15,cash dividend per share,Dividend-Rs.2.15 Per Share
NMDC,2011-11-17,dividend,1.000000,1,cash dividend per share,Interim Dividend Re.1/- Per Share
NMDC,2012-02-09,dividend,1.000000,1,cash dividend per share,2nd Interim Dividend Re.1/- Per Share
NMDC,2012-09-13,dividend,1.000000,2.5,cash dividend per share,Annual General Meeting And Dividend Rs.2.50 Per Share
NMDC,2012-11-22,dividend,1.000000,2,cash dividend per share,1st Interim Dividend Rs.2/- Per Share
NMDC,2013-02-28,dividend,1.000000,1,cash dividend per share,Interim Dividend Re 1 Per Share
NMDC,2013-09-19,dividend,1.000000,4,cash dividend per share,Annual General Meeting / Final Dividend - Rs 4/- Per Share
NMDC,2013-11-07,dividend,1.000000,3,cash dividend per share,Interim Dividend - Rs 3/- Per Share
NMDC,2014-02-17,dividend,1.000000,5.5,cash dividend per share,Ii Interim Dividend @ Rs.5.50/- Per Share (Purpose Revised)
NMDC,2014-11-13,dividend,1.000000,3,cash dividend per share,Interim Dividend - Rs 3/- Per Share
NMDC,2015-02-18,dividend,1.000000,4.25,cash dividend per share,Second Interim Dividend - Rs 4.25/- Per Share
NMDC,2015-09-21,dividend,1.000000,1.3,cash dividend per share,Annual General Meeting/ Dividend - Rs 1.30/- Per Share
NMDC,2016-02-24,dividend,1.000000,9.5,cash dividend per share,Interim Dividend - Rs 9.50/- Per Share
NMDC,2016-03-30,dividend,1.000000,1.5,cash dividend per share,Interim Dividend - Rs 1.50/- Per Share (Purpose Revised)
NMDC,2017-03-16,dividend,1.000000,4.15,cash dividend per share,Interim Dividend Rs 4.15 Per Share
NMDC,2017-09-14,dividend,1.000000,1,cash dividend per share,Annual General Meeting/Dividend - Re 1/- Per Share
NMDC,2018-03-27,dividend,1.000000,4.3,cash dividend per share,Interim Dividend Rs 4.30 Per Share
NMDC,2019-03-22,dividend,1.000000,5.52,cash dividend per share,Interim Dividend - Rs 5.52 Per Share
NMDC,2020-02-18,dividend,1.000000,5.29,cash dividend per share,Interim Dividend - Rs 5.29 Per Share
NMDC,2021-03-22,dividend,1.000000,7.76,cash dividend per share,Interim Dividend - Rs 7.76 Per Share
NMDC,2021-12-14,dividend,1.000000,9.01,cash dividend per share,Interim Dividend - Rs 9.01 Per Share
NMDC,2022-02-17,dividend,1.000000,5.73,cash dividend per share,Interim Dividend - Rs 5.73 Per Share
NMDC,2022-10-27,demerger,0.797706,,ex-date close / previous close,Demerger
NMDC,2023-02-24,dividend,1.000000,3.75,cash dividend per share,Interim Dividend - Rs 3.75 Per Share
NMDC,2023-08-31,dividend,1.000000,2.85,cash dividend per share,Annual General Meeting/Dividend - Rs 2.85 Per Share
NMDC,2024-02-27,dividend,1.000000,5.75,cash dividend per share,Interim Dividend - Rs 5.75 Per Share
NMDC,2024-09-17,dividend,1.000000,1.5,cash dividend per share,Annual General Meeting/Dividend - Rs 1.50 Per Share
NMDC,2024-12-27,bonus,0.333333,,bonus 2:1,Bonus 2:1
NMDC,2025-03-21,dividend,1.000000,2.3,cash dividend per share,Interim Dividend - Rs 2.30 Per Share
NMDC,2025-08-14,dividend,1.000000,1,cash dividend per share,Dividend - Re 1 Per Share
NMDC,2026-02-13,dividend,1.000000,2.5,cash dividend per share,Interim Dividend - Rs 2.50 Per Share
NMDC,2026-10-05,dividend,1.000000,1,cash dividend per share,Dividend - Re 1 Per Share
NTPC,2007-02-02,dividend,1.000000,2.4,cash dividend per share,Interim Dividend-24% Purpose Revised
NTPC,2007-08-30,dividend,1.000000,0.8,cash dividend per share,Agm/Final Dividend-8%
NTPC,2008-02-04,dividend,1.000000,2.7,cash dividend per share,Interim Dividend - 27% Purpose Revised
NTPC,2008-08-28,dividend,1.000000,0.8,cash dividend per share,Agm/Final Dividend - 8%
NTPC,2009-01-29,dividend,1.000000,2.8,cash dividend per share,Interim Dividend - 28% Purpose Revised
NTPC,2009-09-03,dividend,1.000000,0.8,cash dividend per share,Agm/Div-Re.0.80 Per Share
NTPC,2010-03-18,dividend,1.000000,3,cash dividend per share,Int Div-Rs.3/- Per Share Purpose Revised
NTPC,2010-09-08,dividend,1.000000,0.8,cash dividend per share,Annual General Meeting And Final Dividend Re.0.80 Per Share
NTPC,2011-02-04,dividend,1.000000,3,cash dividend per share,Interim Dividend-Rs.3/- Per Share (Purpose Revised)
NTPC,2011-09-08,dividend,1.000000,0.8,cash dividend per share,Annual General Meeting And Dividend Re.0.80 Per Share
NTPC,2012-01-31,dividend,1.000000,3.5,cash dividend per share,Interim Dividend Rs.3.50 Per Share (Purpose Revised)
NTPC,2012-09-06,dividend,1.000000,0.5,cash dividend per share,Annual General Meeting And Dividend Re.0.50 Per Share
NTPC,2013-03-01,dividend,1.000000,3.75,cash dividend per share,Interim Dividend Rs.3.75 Per Share (Purpose Revised)
NTPC,2013-09-05,dividend,1.000000,2,cash dividend per share,Annual General Meeting/Final Dividend Re.0.75 Per Share And Special Dividend Rs.1.25 Per Share
NTPC,2014-01-31,dividend,1.000000,4,cash dividend per share,Interim Dividend - Rs 4/- Per Share (Purpose Revised)
NTPC,2014-08-13,dividend,1.000000,1.75,cash dividend per share,Annual General Meeting / Final Dividend - Rs 1.75/- Per Share
NTPC,2015-02-04,dividend,1.000000,0.75,cash dividend per share,Interim Dividend - Re 0.75/- Per Share (Purpose Revised)
NTPC,2015-03-20,demerger,0.929241,,ex-date open (special pre-open price) / previous close,Scheme Of Arrangement - Bonus Debentures 1:1
NTPC,2015-09-03,dividend,1.000000,1.75,cash dividend per share,Annual General Meeting/ Dividend - Rs 1.75/- Per Share
NTPC,2016-02-05,dividend,1.000000,1.6,cash dividend per share,Interim Dividend - Rs 1.60/- Per Share (Purpose Revised)
NTPC,2016-09-08,dividend,1.000000,1.75,cash dividend per share,Dividend - Rs 1.75 Per Share
NTPC,2017-02-15,dividend,1.000000,2.61,cash dividend per share,Interim Dividend Rs 2.61/- Per Share (Purpose Revised)
NTPC,2017-09-07,dividend,1.000000,2.17,cash dividend per share,Annual General Meeting/Dividend - Rs 2.17 Per Share
NTPC,2018-02-07,dividend,1.000000,2.73,cash dividend per share,Interim Dividend Rs 2.73 Per Share (Purpose Revised)
NTPC,2018-09-06,dividend,1.000000,2.39,cash dividend per share,Dividend Rs 2.39 Per Share
NTPC,2019-02-06,dividend,1.000000,3.58,cash dividend per share,Interim Dividend - Rs 3.58 Per Share
NTPC,2019-03-19,bonus,0.833333,,bonus 1:5,Bonus 1:5
NTPC,2019-08-13,dividend,1.000000,2.5,cash dividend per share,Dividend - Rs 2.50 Per Share
NTPC,2020-03-26,dividend,1.000000,0.5,cash dividend per share,Interim Dividend - Rs 0.50 Per Hsare
NTPC,2020-08-13,dividend,1.000000,2.65,cash dividend per share,Dividend - Rs 2.65 Per Share
NTPC,2021-02-11,dividend,1.000000,3,cash dividend per share,Interim Dividend - Rs 3 Per Share
NTPC,2021-09-08,dividend,1.000000,3.15,cash dividend per share,Dividend - Rs 3.15 Per Share
NTPC,2022-02-03,dividend,1.000000,4,cash dividend per share,Interim Dividend - Rs 4 Per Share
NTPC,2022-08-10,dividend,1.000000,3,cash dividend per share,Dividend - Rs 3 Per Share
NTPC,2023-02-03,dividend,1.000000,4.25,cash dividend per share,Interim Dividend - Rs 4.25 Per Share
NTPC,2023-08-11,dividend,1.000000,3,cash dividend per share,Dividend - Rs 3 Per Share
NTPC,2023-11-03,dividend,1.000000,2.25,cash dividend per share,Interim Dividend - Rs 2.25 Per Share
NTPC,2024-02-06,dividend,1.000000,2.25,cash dividend per share,Interim Dividend - Rs 2.25 Per Share
NTPC,2024-08-07,dividend,1.000000,3.25,cash dividend per share,Dividend - Rs 3.25 Per Share
NTPC,2024-10-31,dividend,1.000000,2.5,cash dividend per share,Interim Dividend - Rs 2.50 Per Share
NTPC,2025-01-31,dividend,1.000000,2.5,cash dividend per share,Interim Dividend - Rs 2.50 Per Share
NTPC,2025-09-04,dividend,1.000000,3.35,cash dividend per share,Dividend - Rs 3.35 Per Share
NTPC,2025-11-07,dividend,1.000000,2.75,cash dividend per share,Interim Dividend - Rs 2.75 Per Share
NTPC,2026-02-06,dividend,1.000000,2.75,cash dividend per share,Interim Dividend - Rs 2.75 Per Share
NTPC,2026-09-02,dividend,1.000000,3.5,cash dividend per share,Dividend - Rs 3.50 Per Share
NYKAA,2022-11-10,bonus,0.166667,,bonus 5:1,Bonus 5:1
OBEROIRLTY,2011-06-16,dividend,1.000000,1,cash dividend per share,Dividend-Re.1/- Per Share
OBEROIRLTY,2012-06-21,dividend,1.000000,2,cash dividend per share,Annual General Meeting/Dividend Rs 2 Per Share
OBEROIRLTY,2013-07-11,dividend,1.000000,2,cash dividend per share,Annual General Meeting/Dividend Rs 2/- Per Share
OBEROIRLTY,2014-08-21,dividend,1.000000,2,cash dividend per share,Annual General Meeting / Dividend - Rs 2/- Per Share
OBEROIRLTY,2015-06-25,dividend,1.000000,2,cash dividend per share,Dividend - Rs 2/- Per Share
OBEROIRLTY,2016-03-17,dividend,1.000000,2,cash dividend per share,Interim Dividend - Rs 2 Per Share (Purpose Revised)
OBEROIRLTY,2017-09-13,dividend,1.000000,2,cash dividend per share,Dividend - Rs 2/- Per Share
OBEROIRLTY,2018-05-31,dividend,1.000000,2,cash dividend per share,Dividend- Rs 2 Per Share
OBEROIRLTY,2019-08-14,dividend,1.000000,2,cash dividend per share,Annual General Meeting/Dividend - Rs 2 Per Share
OBEROIRLTY,2022-07-07,dividend,1.000000,3,cash dividend per share,Dividend - Rs 3 Per Share
OBEROIRLTY,2023-06-21,dividend,1.000000,4,cash dividend per share,Dividend - Rs 4 Per Share
OBEROIRLTY,2023-11-08,dividend,1.000000,2,cash dividend per share,Interim Dividend - Rs 2 Per Share
OBEROIRLTY,2024-02-02,dividend,1.000000,2,cash dividend per share,Interim Dividend - Rs 2 Per Share
OBEROIRLTY,2024-05-22,dividend,1.000000,2,cash dividend per share,Interim Dividend - Rs 2 Per Share
OBEROIRLTY,2024-06-24,dividend,1.000000,2,cash dividend per share,Dividend - Rs 2 Per Share
OBEROIRLTY,2024-08-01,dividend,1.000000,2,cash dividend per share,Interim Dividend - Rs 2 Per Share
OBEROIRLTY,2024-11-04,dividend,1.000000,2,cash dividend per share,Interim Dividend - Rs 2 Per Share
OBEROIRLTY,2025-01-24,dividend,1.000000,2,cash dividend per share,Interim Dividend - Rs 2 Per Share
OBEROIRLTY,2025-05-05,dividend,1.000000,2,cash dividend per share,Interim Dividend - Rs 2 Per Share
OBEROIRLTY,2025-07-25,dividend,1.000000,2,cash dividend per share,Interim Dividend - Rs 2 Per Share
OBEROIRLTY,2025-10-20,dividend,1.000000,2,cash dividend per share,Interim Dividend - Rs 2 Per Share
OBEROIRLTY,2026-01-23,dividend,1.000000,2,cash dividend per share,Interim Dividend - Rs 2 Per Share
OBEROIRLTY,2026-05-14,dividend,1.000000,2,cash dividend per share,Interim Dividend - Rs 2 Per Share
OBEROIRLTY,2026-07-23,dividend,1.000000,2,cash dividend per share,Interim Dividend - Rs 2 Per Share
OFSS,2014-09-24,dividend,1.000000,485,cash dividend per share,Interim Dividend - Rs 485/- Per Share
OFSS,2015-09-03,dividend,1.000000,180,cash dividend per share,Annual General Meeting/ Dividend - Rs 180/- Per Share
OFSS,2016-08-30,dividend,1.000000,100,cash dividend per share,Annual General Meeting/ Dividend -Rs 100/- Per Share
OFSS,2017-04-19,dividend,1.000000,170,cash dividend per share,Interim Dividend Rs 170 Per Share
OFSS,2018-08-06,dividend,1.000000,130,cash dividend per share,Annual General Meeting/Dividend- Rs 130 Per Share
OFSS,2020-05-19,dividend,1.000000,180,cash dividend per share,Interim Dividend -Rs 180 Per Share
OFSS,2021-05-17,dividend,1.000000,200,cash dividend per share,Interim Dividend - Rs 200 Per Share
OFSS,2022-05-13,dividend,1.000000,190,cash dividend per share,Interim Dividend - Rs 190 Per Share
OFSS,2023-05-09,dividend,1.000000,225,cash dividend per share,Interim Dividend - Rs 225 Per Share
OFSS,2024-05-07,dividend,1.000000,240,cash dividend per share,Interim Dividend - Rs 240 Per Share
OFSS,2025-05-08,dividend,1.000000,265,cash dividend per share,Interim Dividend - Rs 265 Per Share
OFSS,2025-11-03,dividend,1.000000,130,cash dividend per share,Interim Dividend - Rs 130 Per Share
OFSS,2026-05-07,dividend,1.000000,270,cash dividend per share,Interim Dividend - Rs 270 Per Share
OIL,2010-02-10,dividend,1.000000,18,cash dividend per share,Int Div-Rs.18/- Per Share
OIL,2010-09-16,dividend,1.000000,16,cash dividend per share,Annual General Meeting And Final Dividend Rs.16/- Per Share
OIL,2011-01-03,dividend,1.000000,18,cash dividend per share,Interim Dividend-Rs.18/- Per Share
OIL,2011-09-15,dividend,1.000000,19.5,cash dividend per share,Annual General Meeting And Dividend Rs.19.50 Per Share
OIL,2012-01-03,dividend,1.000000,25,cash dividend per share,Interim Dividend Rs.25/- Per Share
OIL,2012-02-22,dividend,1.000000,10,cash dividend per share,2nd Interim Dividend Rs.10/- Per Share
OIL,2012-03-29,bonus,0.400000,,bonus 3:2,Bonus 3:2
OIL,2012-09-06,dividend,1.000000,5,cash dividend per share,Annual General Meeting And Dividend Rs.5/- Per Share
OIL,2013-01-23,dividend,1.000000,11,cash dividend per share,Interim Dividend Rs 11 Per Share
OIL,2013-03-21,dividend,1.000000,12,cash dividend per share,Second Interim Dividend Rs.12/- Share (Purpose Revised)
OIL,2013-09-12,dividend,1.000000,7,cash dividend per share,Annual General Meeting / Final Dividend - Rs 7/- Per Share
OIL,2014-02-03,dividend,1.000000,11,cash dividend per share,Interim Dividend - Rs 11/- Per Share (Purpose Revised)
OIL,2014-03-26,dividend,1.000000,10,cash dividend per share,2nd Interim Dividend - Rs 10/- Per Share (Purpose Revised)
OIL,2014-09-18,dividend,1.000000,0.5,cash dividend per share,Annual General Meeting / Final Dividend - Re 0.50/- Per Share
OIL,2015-03-24,dividend,1.000000,10,cash dividend per share,Interim Dividend - Rs 10/- Per Share (Purpose Revised)
OIL,2015-09-16,dividend,1.000000,10,cash dividend per share,Annual General Meeting/ Dividend - Rs 10/- Per Share
OIL,2016-01-19,dividend,1.000000,8,cash dividend per share,Interim Dividend-Rs 8/- Per Share (Purposed Revised)
OIL,2016-09-15,dividend,1.000000,8,cash dividend per share,Annual General Meeting/Dividend - Rs 8/- Per Share
OIL,2017-01-12,bonus,0.750000,,bonus 1:3,Bonus 1:3
OIL,2017-02-13,dividend,1.000000,9.5,cash dividend per share,Interim Dividend Rs 9.50 Per Share
OIL,2017-09-14,dividend,1.000000,4.75,cash dividend per share,Annual General Meeting/Dividend - Rs 4.75 Per Share
OIL,2018-02-21,dividend,1.000000,14,cash dividend per share,Interim Dividend - Rs 14 Per Share
OIL,2018-03-27,bonus,0.666667,,bonus 1:2,Bonus 1:2
OIL,2018-09-12,dividend,1.000000,1,cash dividend per share,Annual General Meeting/Dividend Re 1 Per Share
OIL,2019-02-21,dividend,1.000000,8.5,cash dividend per share,Interim Dividend - Rs 8.50 Per Share
OIL,2019-08-08,dividend,1.000000,1.75,cash dividend per share,Annual General Meeting/Dividend - Rs 1.75 Per Share
OIL,2020-02-20,dividend,1.000000,9,cash dividend per share,Interim Dividend - Rs 9 Per Share
OIL,2020-09-21,dividend,1.000000,1.6,cash dividend per share,Annual General Meeting/Dividend - Rs 1.60 Per Share
OIL,2021-02-23,dividend,1.000000,3.5,cash dividend per share,Interim Dividend - Rs 3.50 Per Share
OIL,2021-09-16,dividend,1.000000,1.5,cash dividend per share,Annual General Meeting/Dividend - Rs 1.50 Per Share
OIL,2021-11-23,dividend,1.000000,3.5,cash dividend per share,Interim Dividend - Rs 3.50 Per Sh
OIL,2022-02-22,dividend,1.000000,5.75,cash dividend per share,Interim Dividend - Rs 5.75 Per Sh
OIL,2022-09-15,dividend,1.000000,5,cash dividend per share,Annual General Meeting/Dividend - Rs 5 Per Share
OIL,2022-11-21,dividend,1.000000,4.5,cash dividend per share,Interim Dividend - Rs 4.50 Per Share
OIL,2023-02-22,dividend,1.000000,10,cash dividend per share,Interim Dividend - Rs 10 Per Share
OIL,2023-08-25,dividend,1.000000,5.5,cash dividend per share,Annual General Meeting/Dividend - Rs 5.50 Per Share
OIL,2023-11-22,dividend,1.000000,3.5,cash dividend per share,Interim Dividend - Rs 3.50 Per Share
OIL,2024-03-18,dividend,1.000000,8.5,cash dividend per share,Interim Dividend - Rs 8.50 Per Share
OIL,2024-07-02,bonus,0.666667,,bonus 1:2,Bonus 1:2
OIL,2024-08-30,dividend,1.000000,2.5,cash dividend per share,Dividend - Rs 2.50 Per Sh
OIL,2024-11-14,dividend,1.000000,3,cash dividend per share,Interim Dividend - Rs 3 Per Share
OIL,2025-02-17,dividend,1.000000,7,cash dividend per share,Interim Dividend - Rs 7 Per Share
OIL,2025-09-04,dividend,1.000000,1.5,cash dividend per share,Dividend - Rs 1.50 Per Share
OIL,2025-11-21,dividend,1.000000,3.5,cash dividend per share,Interim Dividend - Rs 3.50 Per Share
OIL,2026-02-18,dividend,1.000000,7,cash dividend per share,Interim Dividend - Rs 7 Per Share
OIL,2026-09-04,dividend,1.000000,1,cash dividend per share,Dividend - Re 1 Per Share
ONGC,2007-09-10,dividend,1.000000,6.5,cash dividend per share,Agm/Final Dividend-130%
ONGC,2007-12-26,dividend,1.000000,18,cash dividend per share,Int Dividend-Rs.18 Per Shpurpose Revised
ONGC,2008-09-08,dividend,1.000000,7,cash dividend per share,Agm/Dividend - 140%
ONGC,2008-12-23,dividend,1.000000,9,cash dividend per share,Interim Dividend - 180% Purpose Revised
ONGC,2009-09-11,dividend,1.000000,14,cash dividend per share,Agm/Div-Rs.14/- Per Share
ONGC,2009-12-22,dividend,1.000000,18,cash dividend per share,Int Div-Rs.18/- Per Sharepurpose Revised
ONGC,2010-09-09,dividend,1.000000,15,cash dividend per share,Annual General Meeting And Final Dividend Rs.15/- Per Share
ONGC,2010-12-20,dividend,1.000000,32,cash dividend per share,Special Interim Dividend-Rs.32/- Per Share (Purpose Revised)
ONGC,2011-02-08,bonus,0.500000,,bonus 1:1,Bonus 1:1 And Face Value Split From Rs.10/- To Rs.5/-
ONGC,2011-02-08,split,0.500000,,face value 10 to 5,Bonus 1:1 And Face Value Split From Rs.10/- To Rs.5/-
ONGC,2011-08-18,dividend,1.000000,0.75,cash dividend per share,Annual General Meeting And Dividend Re.0.75 Per Share
ONGC,2012-01-06,dividend,1.000000,6.25,cash dividend per share,Interim Dividend Rs.6.25 Per Share (Purpose Revised)
ONGC,2012-03-19,dividend,1.000000,1.5,cash dividend per share,Interim Dividend Rs.1.50 Per Share (Purpose Revised)
ONGC,2012-09-14,dividend,1.000000,2,cash dividend per share,Annual General Meeting/ Dividend Rs 2.00 Per Share
ONGC,2012-12-24,dividend,1.000000,5,cash dividend per share,Interim Dividend Of Rs.5/- Per Equity Share
ONGC,2013-03-22,dividend,1.000000,4,cash dividend per share,Second Interim Dividend Rs.4 Per Share (Purpose Revised)
ONGC,2013-09-17,dividend,1.000000,0.5,cash dividend per share,Annual General Meeting / Dividend - Re 0.50 Per Share
ONGC,2013-12-10,dividend,1.000000,5,cash dividend per share,Interim Dividend Of Rs.5/- Per Equity Share
ONGC,2014-03-27,dividend,1.000000,4.25,cash dividend per share,Second Interim Dividend - Rs 4.25/- Per Share (Purpose Revised)
ONGC,2014-09-11,dividend,1.000000,0.25,cash dividend per share,Annual General Meeting And Dividend Re.0.25 Per Share
ONGC,2014-12-16,dividend,1.000000,5,cash dividend per share,Interim Dividend - Rs 5/- Per Share (Purpose Revised)
ONGC,2015-03-24,dividend,1.000000,4,cash dividend per share,Second Interim Dividend - Rs 4/- Per Share (Purpose Revised)
ONGC,2015-09-07,dividend,1.000000,0.5,cash dividend per share,Annual General Meeting/ Dividend - Re 0.50/- Per Share
ONGC,2015-11-10,dividend,1.000000,4.5,cash dividend per share,Interim Dividend - Rs 4.50/- Per Share (Purpose Revised)
ONGC,2016-03-16,dividend,1.000000,0.75,cash dividend per share,Interim Dividend - Re 0.75/- Per Share (Purpose Revised)
ONGC,2016-08-31,dividend,1.000000,3.25,cash dividend per share,Annual General Meeting/Dividend - Rs 3.25 Per Share
ONGC,2016-11-03,dividend,1.000000,4.5,cash dividend per share,Interim Dividend Rs 4.50 Per Share (Purpose Revised)
ONGC,2016-12-15,bonus,0.666667,,bonus 1:2,Bonus 1: 2
ONGC,2017-02-07,dividend,1.000000,2.25,cash dividend per share,Interim Dividend Rs 2.25 Per Share (Purpose Revised)
ONGC,2017-09-21,dividend,1.000000,0.8,cash dividend per share,Annual General Meeting/Dividend - Re 0.80 Per Share
ONGC,2017-11-03,dividend,1.000000,3,cash dividend per share,Interim Dividend - Rs 3/- Per Share (Purpose Revised)
ONGC,2018-03-13,dividend,1.000000,2.25,cash dividend per share,Interim Dividend - Rs 2.25 Per Share (Purpose Revised)
ONGC,2018-09-19,dividend,1.000000,1.35,cash dividend per share,Dividend Rs 1.35 Per Share
ONGC,2019-02-28,dividend,1.000000,5.25,cash dividend per share,Interim Dividend - Rs 5.25 Per Sh
ONGC,2019-03-26,dividend,1.000000,1,cash dividend per share,Interim Dividend - Re 1 Per Sh
ONGC,2019-08-22,dividend,1.000000,0.75,cash dividend per share,Annual General Meeting/Dividend - Rs 0.75 Per Share
ONGC,2020-03-23,dividend,1.000000,5,cash dividend per share,Interim Dividend - Rs 5 Per Share
ONGC,2021-02-17,dividend,1.000000,1.75,cash dividend per share,Interim Dividend - Rs 1.75 Per Share
ONGC,2021-09-08,dividend,1.000000,1.85,cash dividend per share,Dividend - Rs 1.85 Per Share
ONGC,2021-11-22,dividend,1.000000,5.5,cash dividend per share,Interim Dividend - Rs 5.50 Per Share
ONGC,2022-02-21,dividend,1.000000,1.75,cash dividend per share,Interim Dividend - Rs 1.75 Per Share
ONGC,2022-08-18,dividend,1.000000,3.25,cash dividend per share,Dividend - Rs 3.25 Per Share
ONGC,2022-11-21,dividend,1.000000,6.75,cash dividend per share,Interim Dividend - Rs 6.75 Per Share
ONGC,2023-02-24,dividend,1.000000,4,cash dividend per share,Interim Dividend - Rs 4 Per Share
ONGC,2023-08-18,dividend,1.000000,0.5,cash dividend per share,Dividend - Re 0.50 Per Share
ONGC,2023-11-21,dividend,1.000000,5.75,cash dividend per share,Interim Dividend - Rs 5.75 Per Share
ONGC,2024-02-16,dividend,1.000000,4,cash dividend per share,Interim Dividend - Rs 4 Per Share
ONGC,2024-08-23,dividend,1.000000,2.5,cash dividend per share,Dividend - Rs 2.50 Per Share
ONGC,2024-11-19,dividend,1.000000,6,cash dividend per share,Interim Dividend - Rs 6 Per Share
ONGC,2025-02-07,dividend,1.000000,5,cash dividend per share,Interim Dividend - Rs 5 Per Share
ONGC,2025-09-04,dividend,1.000000,1.25,cash dividend per share,Dividend - Rs 1.25 Per Share
ONGC,2025-11-14,dividend,1.000000,6,cash dividend per share,Interim Dividend - Rs 6 Per Share
ONGC,2026-02-18,dividend,1.000000,6.25,cash dividend per share,Interim Dividend - Rs 6.25 Per Share
ONGC,2026-09-04,dividend,1.000000,1,cash dividend per share,Dividend - Re 1 Per Share
ORIENTBANK,2007-03-07,dividend,1.000000,2,cash dividend per share,Interim Dividend-20%
ORIENTBANK,2007-06-06,dividend,1.000000,2.7,cash dividend per share,Agm/Dividend-27%
ORIENTBANK,2008-06-09,dividend,1.000000,4.7,cash dividend per share,Agm/Dividend-47%
ORIENTBANK,2009-06-16,dividend,1.000000,7.3,cash dividend per share,Agm/Dividend - 73%
ORIENTBANK,2010-06-14,dividend,1.000000,9.1,cash dividend per share,Annual General Meeting And Dividend Rs.9.10 Per Share
ORIENTBANK,2011-06-14,dividend,1.000000,10.4,cash dividend per share,Annual General Meeting And Dividend Rs.10.40 Per Share
ORIENTBANK,2012-06-04,dividend,1.000000,7.9,cash dividend per share,Annual General Meeting And Dividend - Rs.7.90 Per Share
ORIENTBANK,2013-06-06,dividend,1.000000,9.2,cash dividend per share,Annual General Meeting And Dividend Rs.9.20 Per Share
ORIENTBANK,2014-01-21,dividend,1.000000,4,cash dividend per share,Interim Dividend - Rs 4/- Per Share
ORIENTBANK,2014-06-10,dividend,1.000000,3.6,cash dividend per share,Annual General Meeting And Dividend Rs.3.60 Per Share
ORIENTBANK,2015-06-10,dividend,1.000000,3.3,cash dividend per share,Annual General Meeting/ Dividend - Rs 3.30/- Per Share
ORIENTBANK,2016-06-15,dividend,1.000000,0.7,cash dividend per share,Annual General Meeting/Dividend Re 0.70 Per Share
PAGEIND,2007-08-27,dividend,1.000000,6,cash dividend per share,Interim Dividend-60% Purpose Revised
PAGEIND,2008-02-04,dividend,1.000000,4,cash dividend per share,2nd Interim Div-Rs4 Pr Shpurpose Revised
PAGEIND,2008-06-09,dividend,1.000000,6,cash dividend per share,1st Interim Dividend-60% Purpose Revised
PAGEIND,2008-11-03,dividend,1.000000,4,cash dividend per share,2nd Interim Dividend-40% Purpose Revised
PAGEIND,2009-02-04,dividend,1.000000,4,cash dividend per share,3rd Interim Dividend-40% Purpose Revised
PAGEIND,2009-04-15,dividend,1.000000,7,cash dividend per share,1st Interim Dividend-70% Purpose Revised
PAGEIND,2009-06-19,dividend,1.000000,2,cash dividend per share,2nd Int Div-Rs.2/- Per Shpurpose Revised
PAGEIND,2009-07-22,dividend,1.000000,3,cash dividend per share,Agm/Div-Rs.3/- Per Share
PAGEIND,2009-11-04,dividend,1.000000,6,cash dividend per share,3rd Int Div-Rs.6/- Pr Shrpurpose Revised
PAGEIND,2010-02-03,dividend,1.000000,6,cash dividend per share,4th Int Div-Rs.6/- Per Shpurpose Revised
PAGEIND,2010-06-18,dividend,1.000000,10,cash dividend per share,1st Interim Dividend Rs.10/- Per Share (Purpose Revised)
PAGEIND,2010-11-18,dividend,1.000000,8,cash dividend per share,2nd Interim Dividend Rs 8/- Per Share (Purpose Revised)
PAGEIND,2011-02-17,dividend,1.000000,4,cash dividend per share,3rd Interim Dividend Rs.4/- Per Share (Purpose Revised)
PAGEIND,2011-06-02,dividend,1.000000,5,cash dividend per share,1st Interim Dividend Rs.5/- Per Share (Purpose Revised)
PAGEIND,2011-08-01,dividend,1.000000,4,cash dividend per share,Annual General Meeting / Dividend - Rs.4/- Per Share
PAGEIND,2011-11-16,dividend,1.000000,12,cash dividend per share,2nd Interim Dividend Rs.12/- Per Share (Purpose Revised)
PAGEIND,2012-02-15,dividend,1.000000,10,cash dividend per share,3rd Interim Dividend Rs.10/- Per Share (Purpose Revised)
PAGEIND,2012-06-05,dividend,1.000000,10,cash dividend per share,Interim Dividend Rs 10 Per Share (Purpose Revised)
PAGEIND,2012-07-13,dividend,1.000000,10,cash dividend per share,Annual General Meeting And Dividend - Rs.10/- Per Share
PAGEIND,2012-11-15,dividend,1.000000,12,cash dividend per share,Interim Dividend Rs 12 Per Share (Purpose Revised)
PAGEIND,2013-02-20,dividend,1.000000,14,cash dividend per share,Interim Dividend Rs 14 Per Share (Purpose Revised)
PAGEIND,2013-06-05,dividend,1.000000,14,cash dividend per share,First Interim Dividend Rs.14/- Per Share (Purpose Revised)
PAGEIND,2013-07-30,dividend,1.000000,14,cash dividend per share,Annual General Meeting/Dividend Rs 14/- Per Share
PAGEIND,2013-11-21,dividend,1.000000,15,cash dividend per share,Interim Dividend Rs 15 Per Share
PAGEIND,2014-02-17,dividend,1.000000,15,cash dividend per share,Interim Dividend - Rs 15/- Per Share (Purpose Revised)
PAGEIND,2014-06-04,dividend,1.000000,16,cash dividend per share,Interim Dividend - Rs.16/- Per Share
PAGEIND,2014-08-05,dividend,1.000000,16,cash dividend per share,Annual General Meeting/Final Dividend - Rs.16/- Per Share
PAGEIND,2014-11-17,dividend,1.000000,18,cash dividend per share,Second Interim Dividend - Rs 18/- Per Share (Purpose Revised)
PAGEIND,2015-02-16,dividend,1.000000,18,cash dividend per share,Third Interim Dividend - Rs 18/- Per Share (Purpose Revised)
PAGEIND,2015-06-04,dividend,1.000000,19,cash dividend per share,Interim Dividend - Rs 19/- Per Share (Purpose Revised)
PAGEIND,2015-08-05,dividend,1.000000,20,cash dividend per share,Annual General Meeting/ Dividend - Rs 20/- Per Share (Purpose Revised)
PAGEIND,2015-11-16,dividend,1.000000,21,cash dividend per share,Interim Dividend Rs 21/- Per Share (Purposed Revised)
PAGEIND,2016-02-17,dividend,1.000000,21,cash dividend per share,Interim Dividend - Rs 21/- Per Share (Purpose Revised)
PAGEIND,2016-05-31,dividend,1.000000,22,cash dividend per share,Interim Dividend Rs 22/- Per Share (Purpose Revised)
PAGEIND,2016-08-03,dividend,1.000000,24,cash dividend per share,Annual General Meeting/Dividend Rs 24/- Per Share
PAGEIND,2016-11-17,dividend,1.000000,25,cash dividend per share,Interim Dividend Rs 25/- Per Share (Purpose Revised)
PAGEIND,2017-02-16,dividend,1.000000,25,cash dividend per share,Interim Dividend Rs 25/- Per Share (Purpose Revised)
PAGEIND,2017-06-01,dividend,1.000000,26,cash dividend per share,Interim Dividend Rs 26/- Per Share
PAGEIND,2017-08-02,dividend,1.000000,25,cash dividend per share,Annual General Meeting/Dividend - Rs 25/- Per Share
PAGEIND,2017-11-16,dividend,1.000000,35,cash dividend per share,Interim Dividend Rs 35/- Per Share (Purpose Revised)
PAGEIND,2018-02-15,dividend,1.000000,35,cash dividend per share,Interim Dividend Rs 35/- Per Share (Purpose Revised)
PAGEIND,2018-05-31,dividend,1.000000,35,cash dividend per share,Interim Dividend- Rs 35 Per Share (Purpose Revised)
PAGEIND,2018-08-23,dividend,1.000000,41,cash dividend per share,Interim Dividend- Rs 41 Per Share (Purpose Revised)
PAGEIND,2018-11-20,dividend,1.000000,151,cash dividend per share,Special Dividend - Rs 110 Per Share | Interim Dividend - Rs 41 Per Share
PAGEIND,2019-02-21,dividend,1.000000,111,cash dividend per share,Interim Dividend - Rs 41 Per Share And Special Dividend - Rs 70 Per Share
PAGEIND,2019-05-30,dividend,1.000000,41,cash dividend per share,Interim Dividend - Rs 41 Per Share
PAGEIND,2019-08-19,dividend,1.000000,51,cash dividend per share,Interim Dividend - Rs 51 Per Share
PAGEIND,2019-11-21,dividend,1.000000,52,cash dividend per share,Interim Dividend - Rs 52 Per Share
PAGEIND,2020-02-18,dividend,1.000000,58,cash dividend per share,Interim Dividend - Rs 58 Per Share
PAGEIND,2020-11-19,dividend,1.000000,100,cash dividend per share,Interim Dividend - Rs 100 Per Share
PAGEIND,2021-02-17,dividend,1.000000,150,cash dividend per share,Interim Dividend - Rs 150 Per Share
PAGEIND,2021-08-18,dividend,1.000000,50,cash dividend per share,Interim Dividend - Rs 50 Per Share
PAGEIND,2021-11-17,dividend,1.000000,150,cash dividend per share,Interim Dividend - Rs 150 Per Share
PAGEIND,2022-02-17,dividend,1.000000,100,cash dividend per share,Interim Dividend - Rs 100 Per Share
PAGEIND,2022-06-02,dividend,1.000000,70,cash dividend per share,Interim Dividend - Rs 70 Per Share
PAGEIND,2022-08-18,dividend,1.000000,60,cash dividend per share,Interim Dividend - Rs 60 Per Share
PAGEIND,2022-11-17,dividend,1.000000,70,cash dividend per share,Interim Dividend - Rs 70 Per Share
PAGEIND,2023-02-17,dividend,1.000000,60,cash dividend per share,Interim Dividend - Rs 60 Per Share
PAGEIND,2023-06-02,dividend,1.000000,60,cash dividend per share,Interim Dividend - Rs 60 Per Share
PAGEIND,2023-08-18,dividend,1.000000,75,cash dividend per share,Interim Dividend - Rs 75 Per Share
PAGEIND,2023-11-17,dividend,1.000000,75,cash dividend per share,Interim Dividend - Rs 75 Per Share
PAGEIND,2024-02-16,dividend,1.000000,100,cash dividend per share,Interim Dividend - Rs 100 Per Share
PAGEIND,2024-05-31,dividend,1.000000,120,cash dividend per share,Interim Dividend - Rs 120 Per Share
PAGEIND,2024-08-16,dividend,1.000000,300,cash dividend per share,Interim Dividend - Rs 300 Per Share
PAGEIND,2024-11-14,dividend,1.000000,250,cash dividend per share,Interim Dividend - Rs 250 Per Share
PAGEIND,2025-02-13,dividend,1.000000,150,cash dividend per share,Interim Dividend - Rs 150 Per Share
PAGEIND,2025-05-21,dividend,1.000000,200,cash dividend per share,Interim Dividend - Rs 200 Per Share
PAGEIND,2025-08-13,dividend,1.000000,150,cash dividend per share,Interim Dividend - Rs 150 Per Share
PAGEIND,2025-11-19,dividend,1.000000,125,cash dividend per share,Interim Dividend - Rs 125 Per Share
PAGEIND,2026-02-11,dividend,1.000000,125,cash dividend per share,Interim Dividend - Rs 125 Per Share
PAGEIND,2026-05-27,dividend,1.000000,150,cash dividend per share,Interim Dividend - Rs 150 Per Share
PAGEIND,2026-08-19,dividend,1.000000,200,cash dividend per share,Interim Dividend - Rs 200 Per Share
PATANJALI,2022-09-23,dividend,1.000000,5,cash dividend per share,Dividend - Rs 5 Per Share
PATANJALI,2023-09-21,dividend,1.000000,6,cash dividend per share,Annual General Meeting/Dividend - Rs 6 Per Share
PATANJALI,2024-03-21,dividend,1.000000,6,cash dividend per share,Interim Dividend - Rs 6 Per Share
PATANJALI,2024-11-04,dividend,1.000000,8,cash dividend per share,Interim Dividend - Rs 8 Per Share
PATANJALI,2025-09-03,dividend,1.000000,2,cash dividend per share,Dividend - Rs 2 Per Share
PATANJALI,2025-09-11,bonus,0.333333,,bonus 2:1,Bonus 2:1
PATANJALI,2025-11-13,dividend,1.000000,1.75,cash dividend per share,Interim Dividend - Rs 1.75 Per Share
PATANJALI,2026-04-24,dividend,1.000000,1.75,cash dividend per share,Interim Dividend - Rs 1.75 Per Share
PATANJALI,2026-08-21,dividend,1.000000,2.3,cash dividend per share,Interim Dividend - Re 0.80 Per Share | Interim Dividend - Rs 1.50 Per Share
PCJEWELLER,2013-09-06,dividend,1.000000,1,cash dividend per share,Annual General Meeting And Dividend Re.1/- Per Share
PCJEWELLER,2014-01-30,dividend,1.000000,1.5,cash dividend per share,Interim Dividend - Rs 1.50/- Per Share
PCJEWELLER,2014-09-04,dividend,1.000000,1.5,cash dividend per share,Annual General Meeting / Dividend - Rs 1.50/- Per Share
PCJEWELLER,2015-09-10,dividend,1.000000,3.2,cash dividend per share,Annual General Meeting/ Dividend - Rs 3.20/- Per Share
PCJEWELLER,2016-09-09,dividend,1.000000,3.35,cash dividend per share,Annual General Meeting/Dividend - Rs 3.35 Per Share
PCJEWELLER,2017-06-21,dividend,1.000000,1,cash dividend per share,Dividend - Re 1/- Per Share
PCJEWELLER,2017-07-06,bonus,0.500000,,bonus 1:1,Bonus 1:1
PCJEWELLER,2018-09-19,dividend,1.000000,0.5,cash dividend per share,Annual General Meeting/Dividend Re 0.50 Per Share
PCJEWELLER,2024-12-16,split,0.100000,,face value 10 to 1,Face Value Split (Sub-Division) - From Rs 10/- Per Share To Re 1/- Per Share
PEL,2007-03-23,dividend,1.000000,3,cash dividend per share,Interim Dividend-150% Purpose Revised
PEL,2007-05-31,dividend,1.000000,0.5,cash dividend per share,Agm/Final Dividend-25%
PEL,2008-02-15,demerger,0.883888,,ex-date close / previous close,Scheme Of Arrangement
PEL,2008-06-16,dividend,1.000000,4.2,cash dividend per share,Agm/Dividend - 210%
PEL,2009-06-05,dividend,1.000000,4.2,cash dividend per share,Agm/Div-Rs.4.20 Per Share
PEL,2010-06-29,dividend,1.000000,5.4,cash dividend per share,Dividend-Rs.5.40 Per Share
PEL,2011-07-28,dividend,1.000000,12,cash dividend per share,Final Dividend Rs.6/- Per Share And Special Dividend Rs.6/- Per Share
PEL,2012-07-09,dividend,1.000000,17.5,cash dividend per share,Annual General Meeting And Dividend Rs.17.50 Per Share
PEL,2013-07-15,dividend,1.000000,17.5,cash dividend per share,Annual General Meeting And Dividend Rs.17.50 Per Equity Share
PEL,2014-07-15,dividend,1.000000,52.5,cash dividend per share,Annual General Meeting / Dividend - Rs 52.5/- Per Share
PEL,2015-07-28,dividend,1.000000,20,cash dividend per share,Annual General Meeting/ Dividend - Rs 20/- Per Share
PEL,2016-03-17,dividend,1.000000,17.5,cash dividend per share,Interim Dividend -Rs 17.50/- Per Share
PEL,2017-07-21,dividend,1.000000,21,cash dividend per share,Dividend - Rs 21/- Per Share
PEL,2018-01-31,rights,0.994173,,"rights 1:23 at 2380, theoretical ex-rights price",Rights 1:23 @ Premium Rs 2378/-
PEL,2018-07-19,dividend,1.000000,25,cash dividend per share,Dividend- Rs 25 Per Share
PEL,2019-07-18,dividend,1.000000,28,cash dividend per share,Annual General Meeting/ Dividend - Rs 28 Per Share
PEL,2019-12-30,rights,0.976143,,"rights 11:83 at 1300, theoretical ex-rights price",Rights 11:83 @ Premium Rs 1298/-
PEL,2020-07-16,dividend,1.000000,14,cash dividend per share,Annual General Meeting/Dividend - Rs 14 Per Share
PEL,2021-07-06,dividend,1.000000,33,cash dividend per share,Dividend - Rs 33 Per Share
PEL,2022-07-14,dividend,1.000000,33,cash dividend per share,Dividend - Rs 33 Per Share
PEL,2022-08-30,demerger,0.547651,,ex-date open (special pre-open price) / previous close,Demerger
PEL,2023-06-16,dividend,1.000000,31,cash dividend per share,Dividend - Rs 31 Per Sh
PEL,2024-07-05,dividend,1.000000,10,cash dividend per share,Dividend - Rs 10 Per Share
PEL,2025-06-13,dividend,1.000000,11,cash dividend per share,Dividend - Rs 11 Per Share
PERSISTENT,2010-05-03,dividend,1.000000,1.5,cash dividend per share,Int Div-Rs.1.50 Per Share
PERSISTENT,2010-07-16,dividend,1.000000,0.5,cash dividend per share,Final Dividend-Re.0.50 Per Share
PERSISTENT,2011-01-31,dividend,1.000000,4,cash dividend per share,Interim Dividend Rs.2/- Per Share And Special Dividend Rs.2/- Per Share
PERSISTENT,2011-07-14,dividend,1.000000,1.5,cash dividend per share,Final Dividend-Rs.1.50 Per Share
PERSISTENT,2012-01-25,dividend,1.000000,3.5,cash dividend per share,Interim Dividend Rs.3.50 Per Share (Purpose Revised)
PERSISTENT,2012-07-17,dividend,1.000000,2.5,cash dividend per share,Annual General Meeting/Dividend Rs 2.50 Per Share
PERSISTENT,2013-01-31,dividend,1.000000,6,cash dividend per share,Interim Dividend Rs 6 Per Share (Purpose Revised)
PERSISTENT,2013-07-24,dividend,1.000000,3,cash dividend per share,Annual General Meeting / Final Dividend - Rs 3/- Per Share
PERSISTENT,2014-01-30,dividend,1.000000,8,cash dividend per share,Interim Dividend - Rs 8/- Per Share (Purpose Revised)
PERSISTENT,2014-07-17,dividend,1.000000,4,cash dividend per share,Annual General Meeting And Dividend Rs.4/- Per Share
PERSISTENT,2015-01-29,dividend,1.000000,10,cash dividend per share,Interim Dividend - Rs 10/- Per Share (Purpose Revised)
PERSISTENT,2015-03-10,bonus,0.500000,,bonus 1:1,Bonus 1 : 1
PERSISTENT,2015-07-16,dividend,1.000000,5,cash dividend per share,Annual General Meeting/Final Dividend - Rs. 2.50/- Per Share And Special Silver Jubilee Dividend - Rs. 2.50/- Per Share
PERSISTENT,2016-02-02,dividend,1.000000,5,cash dividend per share,Interim Dividend - Rs 5/- Per Share (Purpose Revised)
PERSISTENT,2016-03-17,dividend,1.000000,3,cash dividend per share,Interim Dividend - Rs 3/- Per Share (Purpose Revised)
PERSISTENT,2017-01-31,dividend,1.000000,6,cash dividend per share,Interim Dividend Rs 6/- Per Share (Purpose Revised)
PERSISTENT,2017-07-12,dividend,1.000000,3,cash dividend per share,Annual General Meeting/Dividend - Rs 3/- Per Share
PERSISTENT,2018-02-02,dividend,1.000000,7,cash dividend per share,Interim Dividend - Rs 7/- Per Share (Purpose Revised)
PERSISTENT,2018-07-19,dividend,1.000000,3,cash dividend per share,Annual General Meeting/Dividend- Rs 3 Per Share
PERSISTENT,2019-02-04,dividend,1.000000,8,cash dividend per share,Interim Dividend - Rs 8 Per Share
PERSISTENT,2019-07-11,dividend,1.000000,3,cash dividend per share,Annual General Meeting/Dividend Rs 3/-
PERSISTENT,2020-02-06,dividend,1.000000,9,cash dividend per share,Interim Dividend - Rs 9 Per Share
PERSISTENT,2020-03-18,dividend,1.000000,3,cash dividend per share,Interim Dividend - Rs 3 Per Share
PERSISTENT,2021-02-09,dividend,1.000000,14,cash dividend per share,Interim Dividend - Rs 14 Per Share
PERSISTENT,2021-07-13,dividend,1.000000,6,cash dividend per share,Annual General Meeting/Dividend - Rs 6 Per Share
PERSISTENT,2022-01-27,dividend,1.000000,20,cash dividend per share,Interim Dividend - Rs 20 Per Share
PERSISTENT,2022-07-11,dividend,1.000000,11,cash dividend per share,Annual General Meeting/Dividend - Rs 11 Per Share
PERSISTENT,2023-01-25,dividend,1.000000,28,cash dividend per share,Interim Dividend - Rs 28 Per Share
PERSISTENT,2023-07-11,dividend,1.000000,22,cash dividend per share,Annual General Meeting/Dividend - Rs 12 Per Share/ Special Dividend - Rs 10 Per Share
PERSISTENT,2024-01-30,dividend,1.000000,32,cash dividend per share,Interim Dividend - Rs 32 Per Share
PERSISTENT,2024-03-28,split,0.500000,,face value 10 to 5,Face Value Split (Sub-Division) - From Rs 10/- Per Share To Rs 5/- Per Share
PERSISTENT,2024-07-09,dividend,1.000000,10,cash dividend per share,Annual General Meeting/Dividend - Rs 10 Per Share
PERSISTENT,2025-01-31,dividend,1.000000,20,cash dividend per share,Interim Dividend - Rs 20 Per Share
PERSISTENT,2025-07-14,dividend,1.000000,15,cash dividend per share,Annual General Meeting/Dividend - Rs 15 Per Share
PERSISTENT,2026-01-27,dividend,1.000000,22,cash dividend per share,Interim Dividend - Rs 22 Per Share
PERSISTENT,2026-07-27,dividend,1.000000,18,cash dividend per share,Dividend - Rs 18 Per Share
PETRONET,2007-05-30,dividend,1.000000,1.25,cash dividend per share,Agm/Dividend-12.5%
PETRONET,2008-05-22,dividend,1.000000,1.5,cash dividend per share,Agm/Dividend - 15%
PETRONET,2009-06-11,dividend,1.000000,1.75,cash dividend per share,Agm/Div-Rs.1.75 Per Share
PETRONET,2010-06-10,dividend,1.000000,1.75,cash dividend per share,Annual General Meeting And Dividend Rs.1.75 Per Share
PETRONET,2011-06-16,dividend,1.000000,2,cash dividend per share,Annual General Meeting And Dividend Rs.2/- Per Share
PETRONET,2012-06-21,dividend,1.000000,2.5,cash dividend per share,Annual General Meeting/Dividend Rs 2.50 Per Share
PETRONET,2013-06-20,dividend,1.000000,2.5,cash dividend per share,Annual General Meeting/ Dividend Rs 2.50/- Per Share
PETRONET,2014-09-04,dividend,1.000000,2,cash dividend per share,Annual General Meeting / Dividend - Rs 2/- Per Share
PETRONET,2015-09-15,dividend,1.000000,2,cash dividend per share,Annual General Meeting/ Dividend - Rs 2/- Per Share
PETRONET,2016-09-12,dividend,1.000000,2.5,cash dividend per share,Annual General Meeting/Dividend - Rs 2.50 Per Share
PETRONET,2017-07-03,bonus,0.500000,,bonus 1:1,Bonus 1:1
PETRONET,2017-09-07,dividend,1.000000,2.5,cash dividend per share,Annual General Meeting/Dividend - Rs 2.50/- Per Share (Purpose Revised)
PETRONET,2018-09-06,dividend,1.000000,4.5,cash dividend per share,Annual General Meeting/Dividend Rs 4.50 Per Share
PETRONET,2018-11-15,dividend,1.000000,5.5,cash dividend per share,Interim Dividend - Rs 5.50 Per Sh
PETRONET,2019-08-19,dividend,1.000000,4.5,cash dividend per share,Annual General Meeting/Dividend - Rs 4.50 Per Share
PETRONET,2019-11-07,dividend,1.000000,5.5,cash dividend per share,Interim Dividend - Rs 5.50 Per Share
PETRONET,2020-07-15,dividend,1.000000,7,cash dividend per share,Dividend - Rs 7 Per Share
PETRONET,2020-11-23,dividend,1.000000,8,cash dividend per share,Interim Dividend - Rs 8 Per Share
PETRONET,2021-07-01,dividend,1.000000,3.5,cash dividend per share,Dividend - Rs 3.50 Per Share
PETRONET,2021-11-17,dividend,1.000000,7,cash dividend per share,Special Dividend - Rs 7 Per Share
PETRONET,2022-07-04,dividend,1.000000,4.5,cash dividend per share,Dividend - Rs 4.50 Per Share
PETRONET,2022-11-21,dividend,1.000000,7,cash dividend per share,Special Dividend - Rs 7 Per Share
PETRONET,2023-08-18,dividend,1.000000,3,cash dividend per share,Dividend - Rs 3 Per Share
PETRONET,2023-11-10,dividend,1.000000,7,cash dividend per share,Interim Dividend - Rs 7 Per Share
PETRONET,2024-07-12,dividend,1.000000,3,cash dividend per share,Dividend - Rs 3 Per Share
PETRONET,2024-11-08,dividend,1.000000,7,cash dividend per share,Interim Dividend - Rs 7 Per Share
PETRONET,2025-07-04,dividend,1.000000,3,cash dividend per share,Dividend - Rs 3 Per Share
PETRONET,2025-11-14,dividend,1.000000,7,cash dividend per share,Interim Dividend - Rs 7 Per Share
PETRONET,2026-06-12,dividend,1.000000,3,cash dividend per share,Dividend - Rs 3 Per Share
PFC,2007-09-07,dividend,1.000000,1,cash dividend per share,Agm/Final Dividend-10%
PFC,2008-02-11,dividend,1.000000,2.5,cash dividend per share,Interim Dividend - 25% Purpose Revised
PFC,2008-07-14,dividend,1.000000,1,cash dividend per share,Agm/Dividend - 10%
PFC,2009-02-24,dividend,1.000000,2.65,cash dividend per share,Interim Dividend - 26.5% Purpose Revised
PFC,2009-09-07,dividend,1.000000,1.35,cash dividend per share,Agm/Div-Rs.1.35 Per Share
PFC,2010-02-03,dividend,1.000000,3,cash dividend per share,Int Div-Rs.3/- Per Share Purpose Revised
PFC,2010-09-03,dividend,1.000000,1.5,cash dividend per share,Annual General Meeting And Dividend Rs.1.50 Per Share
PFC,2011-01-21,dividend,1.000000,3.5,cash dividend per share,Interim Dividend-Rs.3.50 Per Share (Purpose Revised)
PFC,2011-09-12,dividend,1.000000,1.5,cash dividend per share,Annual General Meeting And Dividend Rs.1.50 Per Share
PFC,2012-02-08,dividend,1.000000,5,cash dividend per share,Interim Dividend Rs.5/- Per Share (Purpose Revised)
PFC,2012-09-05,dividend,1.000000,1,cash dividend per share,Annual General Meeting And Dividend Re.1/- Per Share
PFC,2013-02-04,dividend,1.000000,6,cash dividend per share,Interim Dividend Rs 6 Per Share (Purpose Revised)
PFC,2013-09-10,dividend,1.000000,1,cash dividend per share,Annual General Meeting / Final Dividend - Re 1/- Per Share
PFC,2014-02-07,dividend,1.000000,8.8,cash dividend per share,Interim Dividend - Rs 8.80/- Per Share (Purpose Revised)
PFC,2014-09-10,dividend,1.000000,0.2,cash dividend per share,Annual General Meeting / Final Dividend - Re 0.20/- Per Share
PFC,2015-03-04,dividend,1.000000,8.5,cash dividend per share,Interim Dividend - Rs 8.50/- Per Share (Purpose Revised)
PFC,2015-09-15,dividend,1.000000,0.6,cash dividend per share,Annual General Meeting/ Dividend - Re 0.60/- Per Share
PFC,2015-12-23,dividend,1.000000,8.8,cash dividend per share,Interim Dividend - Rs 8.80/- Per Share (Purpose Revised)
PFC,2016-02-16,dividend,1.000000,4.5,cash dividend per share,Interim Dividend Rs 4.50 Per Share (Purpose Revised)
PFC,2016-08-11,dividend,1.000000,0.6,cash dividend per share,Annual General Meeting/ Dividend - Re 0.60/- Per Share
PFC,2016-08-26,bonus,0.500000,,bonus 1:1,Bonus 1:1
PFC,2017-03-30,dividend,1.000000,5,cash dividend per share,Interim Dividend Rs 5/- Per Equity Share (Purpose Revised)
PFC,2017-11-10,dividend,1.000000,6,cash dividend per share,Interim Dividend - Rs 6/- Per Share (Purpose Revised)
PFC,2018-03-06,dividend,1.000000,1.8,cash dividend per share,Interim Dividend - Rs 1.80 Per Share (Purpose Revised)
PFC,2020-02-28,dividend,1.000000,9.5,cash dividend per share,Interim Dividend - Rs 9.5 Per Share
PFC,2021-03-19,dividend,1.000000,8,cash dividend per share,Interim Dividend - Rs 8 Per Share
PFC,2021-07-01,dividend,1.000000,2,cash dividend per share,Dividend - Rs 2 Per Share
PFC,2021-08-31,dividend,1.000000,2.25,cash dividend per share,Interim Dividend - Rs 2.25 Per Share
PFC,2021-11-24,dividend,1.000000,2.5,cash dividend per share,Interim Dividend - Rs 2.50 Per Share
PFC,2022-02-25,dividend,1.000000,6,cash dividend per share,Interim Dividend - Rs 6 Per Share
PFC,2022-06-09,dividend,1.000000,1.25,cash dividend per share,Dividend - Rs 1.25 Per Share
PFC,2022-09-01,dividend,1.000000,2.25,cash dividend per share,Interim Dividend - Rs 2.25 Per Share
PFC,2022-11-24,dividend,1.000000,3,cash dividend per share,Interim Dividend - Rs 3 Per Share
PFC,2023-02-24,dividend,1.000000,3.5,cash dividend per share,Interim Dividend - Rs 3.50 Per Share
PFC,2023-06-16,dividend,1.000000,4.5,cash dividend per share,Dividend - Rs 4.50 Per Share
PFC,2023-09-21,bonus,0.800000,,bonus 1:4,Bonus 1:4
PFC,2023-11-24,dividend,1.000000,4.5,cash dividend per share,Interim Dividend - Rs 4.50 Per Share
PFC,2024-02-20,dividend,1.000000,3.5,cash dividend per share,Interim Dividend - Rs 3.50 Per Share
PFC,2024-03-22,dividend,1.000000,3,cash dividend per share,Interim Dividend - Rs 3 Per Share
PFC,2024-07-26,dividend,1.000000,2.5,cash dividend per share,Dividend - Rs 2.50 Per Share
PFC,2024-08-30,dividend,1.000000,3.25,cash dividend per share,Interim Dividend - Rs 3.25 Per Share
PFC,2024-11-25,dividend,1.000000,3.5,cash dividend per share,Interim Dividend - Rs 3.50 Per Share
PFC,2025-02-28,dividend,1.000000,3.5,cash dividend per share,Interim Dividend - Rs 3.50 Per Share
PFC,2025-03-19,dividend,1.000000,3.5,cash dividend per share,Interim Dividend - Rs 3.50 Per Share
PFC,2025-06-13,dividend,1.000000,2.05,cash dividend per share,Dividend - Rs 2.05 Per Share
PFC,2025-08-18,dividend,1.000000,3.7,cash dividend per share,Interim Dividend - Rs 3.70 Per Share
PFC,2025-11-26,dividend,1.000000,3.65,cash dividend per share,Interim Dividend - Rs 3.65 Per Share
PFC,2026-02-20,dividend,1.000000,4,cash dividend per share,Interim Dividend - Rs 4 Per Share
PFC,2026-03-23,dividend,1.000000,3.25,cash dividend per share,Interim Dividend - Rs 3.25 Per Share
PFC,2026-07-31,dividend,1.000000,3.95,cash dividend per share,Dividend - Rs 3.95 Per Share
PFC,2026-08-27,dividend,1.000000,3.9,cash dividend per share,Interim Dividend - Rs 3.90 Per Share
PFIZER,2007-03-09,dividend,1.000000,22.5,cash dividend per share,Agm/Div-Rs.22.50 Per Sh Purpose Revised
PFIZER,2008-04-03,dividend,1.000000,27.5,cash dividend per share,Agm/Dividend - 275%
PFIZER,2009-03-31,dividend,1.000000,12.5,cash dividend per share,Dividend-Rs.12.50/ Per Sh
PFIZER,2010-04-15,dividend,1.000000,12.5,cash dividend per share,Div-Rs.12.50 Per Share
PFIZER,2011-01-20,dividend,1.000000,12.5,cash dividend per share,Interim Dividend-Rs.12.50 Per Share
PFIZER,2011-07-08,dividend,1.000000,4,cash dividend per share,Dividend-Rs.4/- Per Share
PFIZER,2012-07-24,dividend,1.000000,12.5,cash dividend per share,Annual General Meeting/ Dividend Rs 12.50 Per Share
PFIZER,2013-08-28,dividend,1.000000,32.5,cash dividend per share,Annual General Meeting / Dividend - Rs 12.50/- Per Share + Special Dividend - Rs 20/- Per Share
PFIZER,2013-12-05,dividend,1.000000,360,cash dividend per share,Interim Dividend - Rs 360/- Per Share
PFIZER,2015-07-03,dividend,1.000000,12.5,cash dividend per share,Annual General Meeting And Dividend Rs.12.50 Per Share
PFIZER,2016-06-27,dividend,1.000000,15,cash dividend per share,Dividend - Rs.15/- Per Share
PFIZER,2017-08-22,dividend,1.000000,20,cash dividend per share,Dividend Rs 15/- Per Share + Special Dividend Rs 5/- Per Share
PFIZER,2018-08-29,dividend,1.000000,20,cash dividend per share,Annual General Meeting/Dividend- Rs 20 Per Share
PFIZER,2019-08-01,dividend,1.000000,22.5,cash dividend per share,Dividend - Rs 22.50 Per Share
PFIZER,2020-05-06,dividend,1.000000,320,cash dividend per share,Special Dividend - Rs 320 Per Share
PFIZER,2020-08-27,dividend,1.000000,10,cash dividend per share,Annual General Meeting/Dividend - Rs 10 Per Share
PFIZER,2021-08-11,dividend,1.000000,35,cash dividend per share,Annual General Meeting/Dividend - Rs 30 Per Share/Special Dividend - Rs 5 Per Share
PFIZER,2022-08-18,dividend,1.000000,35,cash dividend per share,Dividend - Rs 35 Per Share
PFIZER,2022-09-19,dividend,1.000000,30,cash dividend per share,Special Dividend - Rs 30 Per Share
PFIZER,2023-08-11,dividend,1.000000,40,cash dividend per share,Dividend - Rs 35 Per Share/ Special Dividend - Rs 5 Per Share
PFIZER,2024-08-21,dividend,1.000000,35,cash dividend per share,Dividend - Rs 35 Per Share
PFIZER,2025-07-09,dividend,1.000000,165,cash dividend per share,Dividend - Rs 35 Per Share & Special Dividend Of Rs 100 Per Share/ Special Dividend Of Rs 30
PFIZER,2026-07-17,dividend,1.000000,75,cash dividend per share,Dividend - Rs 75 Per Share
PGHH,2007-09-27,dividend,1.000000,20,cash dividend per share,Agm/Fin Div-Rs20/- Per Sh
PGHH,2008-09-25,dividend,1.000000,20,cash dividend per share,Agm/Div-Rs.20/- Per Sharepurpose Revised
PGHH,2009-09-29,dividend,1.000000,22.5,cash dividend per share,Agm/Div-Rs.22.50 Pr Share
PGHH,2010-09-23,dividend,1.000000,22.5,cash dividend per share,Annual General Meeting And Dividend Rs.22.50 Per Share
PGHH,2011-11-04,dividend,1.000000,22.5,cash dividend per share,Dividend-Rs.22.50 Per Share (Bc Dates Revised)
PGHH,2012-11-20,dividend,1.000000,22.5,cash dividend per share,Annual General Meeting/Dividend Rs 22.50 Per Share
PGHH,2013-11-21,dividend,1.000000,25,cash dividend per share,Annual General Meeting/Dividend Rs 25/- Per Share
PGHH,2014-09-08,dividend,1.000000,27.5,cash dividend per share,Annual General Meeting / Dividend - Rs 27.50/- Per Share
PGHH,2015-10-19,dividend,1.000000,30.25,cash dividend per share,Dividend - Rs 30.25/- Per Share
PGHH,2016-11-24,dividend,1.000000,36,cash dividend per share,Dividend Rs 36/- Per Share
PGHH,2017-05-17,dividend,1.000000,362,cash dividend per share,Special Interim Dividend Rs 362/- Per Share
PGHH,2017-11-07,dividend,1.000000,27,cash dividend per share,Dividend - Rs 27/- Per Share
PGHH,2018-11-20,dividend,1.000000,40,cash dividend per share,Annual General Meeting/Dividend Rs 40 Per Share
PGHH,2019-02-15,dividend,1.000000,40,cash dividend per share,Interim Dividend - Rs 40 Per Share
PGHH,2019-11-19,dividend,1.000000,48,cash dividend per share,Dividend Rs 48 Per Eq Sh
PGHH,2020-11-13,dividend,1.000000,105,cash dividend per share,Annual General Meeting/Dividend - Rs 105 Per Share
PGHH,2021-02-10,dividend,1.000000,85,cash dividend per share,Interim Dividend - Rs 85 Per Share
PGHH,2021-05-11,dividend,1.000000,150,cash dividend per share,Special Dividend - Rs 150 Per Share
PGHH,2021-11-09,dividend,1.000000,80,cash dividend per share,Annual General Meeting/Dividend - Rs 80 Per Share
PGHH,2022-02-08,dividend,1.000000,95,cash dividend per share,Interim Dividend - Rs 95 Per Share
PGHH,2022-11-04,dividend,1.000000,65,cash dividend per share,Annual General Meeting/Dividend - Rs 65 Per Share
PGHH,2023-02-08,dividend,1.000000,80,cash dividend per share,Interim Dividend - Rs 80 Per Share
PGHH,2023-11-17,dividend,1.000000,105,cash dividend per share,Annual General Meeting/Dividend - Rs 105 Per Share
PGHH,2024-02-09,dividend,1.000000,160,cash dividend per share,Interim Dividend - Rs 100 Per Share/ Special Dividend - Rs 60 Per Share
PGHH,2024-11-19,dividend,1.000000,95,cash dividend per share,Annual General Meeting/Dividend - Rs 95 Per Share
PGHH,2025-02-20,dividend,1.000000,110,cash dividend per share,Interim Dividend - Rs 110 Per Share
PGHH,2025-08-28,dividend,1.000000,65,cash dividend per share,Dividend - Rs 65 Per Share
PGHH,2026-02-05,dividend,1.000000,195,cash dividend per share,Interim Dividend - Rs 170 Per Share/ Special Dividend - Rs 25 Per Share
PGHH,2026-09-01,dividend,1.000000,60,cash dividend per share,Dividend - Rs 60 Per Share
PGHL,2007-03-21,dividend,1.000000,20,cash dividend per share,Agm/Div-Fin Rs20+Int Rs10purpose Revised
PGHL,2008-04-04,dividend,1.000000,10,cash dividend per share,Agm/Div-Rs10 Per Share
PGHL,2009-04-06,dividend,1.000000,17.5,cash dividend per share,Agm/Div-Rs.17.50 Per Shre
PGHL,2010-03-18,dividend,1.000000,20,cash dividend per share,Dividend-Rs.20/- Pr Share
PGHL,2010-10-22,dividend,1.000000,95,cash dividend per share,Interim Dividend-Rs.95/- Per Share (Purpose Revised)
PGHL,2013-03-07,dividend,1.000000,2.5,cash dividend per share,Annual General Meeting/Dividend Rs 2.50 Per Share
PGHL,2014-03-10,dividend,1.000000,8.5,cash dividend per share,Annual General Meeting/Dividend - Rs 8.50/- Per Share
PGHL,2015-03-30,dividend,1.000000,6,cash dividend per share,Annual General Meeting / Dividend - Rs 6/- Per Share
PGHL,2016-04-22,dividend,1.000000,7.5,cash dividend per share,Annual General Meeting/Dividend - Rs 7.50/- Per Share (Book Closure Dates Revised)
PGHL,2017-05-25,dividend,1.000000,11,cash dividend per share,Annual General Meeting/Dividend-Rs 11/- Per Share (Revised)
PGHL,2018-05-21,dividend,1.000000,15,cash dividend per share,Annual General Meeting/ Dividend - Rs 15 Per Share
PGHL,2019-05-23,dividend,1.000000,440,cash dividend per share,Annual General Meeting / Special Dividend - Rs 416 Per Share/ Final Dividend - Rs 24 Per Share
PGHL,2020-11-18,dividend,1.000000,230,cash dividend per share,Annual General Meeting/Dividend - Rs 42 Per Share Special Dividend - Rs 188 Per Share
PGHL,2021-11-02,dividend,1.000000,130,cash dividend per share,Annual General Meeting/Dividend - Rs 40 Per Share/Special Dividend - Rs 90 Per Share
PGHL,2022-05-12,dividend,1.000000,41,cash dividend per share,Interim Dividend - Rs 41 Per Share
PGHL,2022-11-15,dividend,1.000000,11.5,cash dividend per share,Annual General Meeting/Dividend - Rs 11.50 Per Share
PGHL,2023-02-13,dividend,1.000000,45,cash dividend per share,Interim Dividend - Rs 45 Per Share
PGHL,2023-11-23,dividend,1.000000,50,cash dividend per share,Annual General Meeting/Dividend - Rs 50 Per Share
PGHL,2024-02-14,dividend,1.000000,200,cash dividend per share,Interim Dividend - Rs 50 Per Share & Special Dividend Rs 150 Per Share
PGHL,2024-11-28,dividend,1.000000,60,cash dividend per share,Annual General Meeting/Dividend - Rs 60 Per Share
PGHL,2025-02-21,dividend,1.000000,80,cash dividend per share,Interim Dividend - Rs 80 Per Share
PGHL,2025-08-22,dividend,1.000000,45,cash dividend per share,Dividend - Rs 45 Per Share
PGHL,2026-02-12,dividend,1.000000,160,cash dividend per share,Interim Dividend - Rs 110 Per Share & Special Dividend Rs 50 Per Share
PGHL,2026-08-27,dividend,1.000000,45,cash dividend per share,Dividend - Rs 45 Per Share
PHOENIXLTD,2007-10-25,dividend,1.000000,0.6,cash dividend per share,Agm/Dividend-30%
PHOENIXLTD,2008-02-13,split,0.200000,,face value 10 to 2,Fv Split Rs.10/- To Rs.2/
PHOENIXLTD,2008-09-12,dividend,1.000000,1,cash dividend per share,Agm/Dividend - 50%
PHOENIXLTD,2009-09-11,dividend,1.000000,1,cash dividend per share,Agm/Div-Re.1/- Per Share
PHOENIXLTD,2010-09-17,dividend,1.000000,1.2,cash dividend per share,Annual General Meeting And Final Dividend Rs.1.20 Per Share
PHOENIXLTD,2011-09-09,dividend,1.000000,1.8,cash dividend per share,Annual General Meeting/Dividend Rs 1.80 Per Share
PHOENIXLTD,2012-08-10,dividend,1.000000,2,cash dividend per share,Annual General Meeting And Dividend Rs.2/- Per Share
PHOENIXLTD,2013-08-12,dividend,1.000000,2.2,cash dividend per share,Annual General Meeting / Dividend - Rs 2.20/- Per Share
PHOENIXLTD,2014-08-13,dividend,1.000000,2.2,cash dividend per share,Annual General Meeting / Dividend - Rs 2.20/- Per Share
PHOENIXLTD,2015-09-02,dividend,1.000000,2.2,cash dividend per share,Annual General Meeting/ Dividend - Rs 2.20 Per Share
PHOENIXLTD,2016-03-17,dividend,1.000000,1.75,cash dividend per share,Interim Dividend - Rs 1.75/- Per Share
PHOENIXLTD,2016-08-31,dividend,1.000000,0.45,cash dividend per share,Annual General Meeting/Dividend - Re 0.45/- Per Share
PHOENIXLTD,2017-09-18,dividend,1.000000,2.4,cash dividend per share,Annual General Meeting/Dividend - Rs 2.40 Per Share
PHOENIXLTD,2018-09-11,dividend,1.000000,2.6,cash dividend per share,Annual General Meeting/Dividend Rs 2.6 Per Share
PHOENIXLTD,2019-09-17,dividend,1.000000,3,cash dividend per share,Annual General Meeting/Dividend - Rs 3 Per Share
PHOENIXLTD,2021-09-16,dividend,1.000000,1,cash dividend per share,Annual General Meeting/Dividend - Re 1 Per Share
PHOENIXLTD,2022-09-12,dividend,1.000000,2.4,cash dividend per share,Annual General Meeting/Dividend - Rs 2.40 Per Share
PHOENIXLTD,2023-09-15,dividend,1.000000,5,cash dividend per share,Annual General Meeting/Dividend - Rs 5 Per Share
PHOENIXLTD,2024-08-20,dividend,1.000000,5,cash dividend per share,Dividend - Rs 5 Per Share
PHOENIXLTD,2024-09-20,bonus,0.500000,,bonus 1:1,Bonus 1:1
PHOENIXLTD,2025-09-15,dividend,1.000000,2.5,cash dividend per share,Dividend - Rs 2.50 Per Share
PHOENIXLTD,2026-09-11,dividend,1.000000,2.5,cash dividend per share,Dividend - Rs 2.50 Per Share
PIIND,2011-07-08,dividend,1.000000,4,cash dividend per share,Annual General Meeting And Dividend Rs.4/- Per Share
PIIND,2011-08-17,split,0.500000,,face value 10 to 5,Face Value Split From Rs.10/- To Rs.5/-
PIIND,2011-11-17,dividend,1.000000,2,cash dividend per share,Interim Dividend Rs.2/- Per Share
PIIND,2012-09-05,dividend,1.000000,3,cash dividend per share,Annual General Meeting/ Dividend Rs. 3 Per Share
PIIND,2013-04-12,split,0.200000,,face value 5 to 1,Face Value Split From Rs.5/- Per Share To Re.1/- Per Share
PIIND,2013-08-19,dividend,1.000000,1.5,cash dividend per share,Annual General Meeting/Final Dividend Re.1/- Per Share And Interim Dividend Re.0.50 Per Share (Purpose Revised)
PIIND,2014-02-21,dividend,1.000000,0.5,cash dividend per share,Interim Dividend Re 0.50/- Per Share
PIIND,2014-09-03,dividend,1.000000,1,cash dividend per share,Annual General Meeting / Final Dividend - Re 1/- Per Share
PIIND,2014-11-13,dividend,1.000000,1.2,cash dividend per share,Interim Dividend - Rs 1.20/- Per Share
PIIND,2015-09-08,dividend,1.000000,1.3,cash dividend per share,Annual General Meeting/ Dividend - Rs 1.30/- Per Share
PIIND,2015-11-17,dividend,1.000000,1.2,cash dividend per share,Interim Dividend - Rs 1.20/- Per Share
PIIND,2016-03-22,dividend,1.000000,1.9,cash dividend per share,Interim Dividend - Rs 1.90/- Per Share (Purpose Revised)
PIIND,2016-11-16,dividend,1.000000,1.5,cash dividend per share,Interim Dividend Rs 1.50 Per Share (Record Date Revised)
PIIND,2017-08-30,dividend,1.000000,2.5,cash dividend per share,Annual General Meeting/Dividend - Rs 2.50 Per Share
PIIND,2017-11-09,dividend,1.000000,1.5,cash dividend per share,Interim Dividend - Rs 1.50 Per Share
PIIND,2018-07-30,dividend,1.000000,2.5,cash dividend per share,Annual General Meeting/Dividend- Rs 2.50 Per Share
PIIND,2018-11-09,dividend,1.000000,2.5,cash dividend per share,Interim Dividend - Rs 2.50 Per Share
PIIND,2019-08-29,dividend,1.000000,1.5,cash dividend per share,Annual General Meeting/Dividend - Rs 1.5 Per Share
PIIND,2020-02-24,dividend,1.000000,3,cash dividend per share,Interim Dividend - Rs 3 Per Share
PIIND,2020-09-17,dividend,1.000000,1,cash dividend per share,Annual General Meeting/Dividend - Re 1 Per Share
PIIND,2021-02-11,dividend,1.000000,3,cash dividend per share,Interim Dividend - Rs 3 Per Share
PIIND,2021-09-06,dividend,1.000000,2,cash dividend per share,Annual General Meeting/Dividend - Rs 2 Per Share
PIIND,2022-02-14,dividend,1.000000,3,cash dividend per share,Interim Dividend - Rs 3 Per Share
PIIND,2022-08-25,dividend,1.000000,3,cash dividend per share,Annual General Meeting/Dividend - Rs 3 Per Share
PIIND,2023-02-24,dividend,1.000000,4.5,cash dividend per share,Interim Dividend - Rs 4.5 Per Share
PIIND,2023-08-11,dividend,1.000000,5.5,cash dividend per share,Annual General Meeting/Dividend - Rs 5.50 Per Share
PIIND,2024-02-21,dividend,1.000000,6,cash dividend per share,Interim Dividend - Rs 6 Per Share
PIIND,2024-08-20,dividend,1.000000,9,cash dividend per share,Dividend - Rs 9 Per Share
PIIND,2025-02-14,dividend,1.000000,6,cash dividend per share,Interim Dividend - Rs 6 Per Share
PIIND,2025-08-07,dividend,1.000000,10,cash dividend per share,Dividend - Rs 10 Per Share
PIIND,2026-02-23,dividend,1.000000,5,cash dividend per share,Interim Dividend - Rs 5 Per Share
PIIND,2026-08-07,dividend,1.000000,10,cash dividend per share,Dividend - Rs 10 Per Share
PIRAMALFIN,2026-06-12,dividend,1.000000,11,cash dividend per share,Dividend - Rs 11 Per Share
PNB,2007-02-14,dividend,1.000000,0.8,cash dividend per share,Interim Dividend-40%
PNB,2007-06-07,dividend,1.000000,6,cash dividend per share,Agm/Fin Div-Rs.6/- Per Sh
PNB,2008-05-29,dividend,1.000000,2.6,cash dividend per share,Agm/Dividend - 130%
PNB,2009-06-04,dividend,1.000000,20,cash dividend per share,Agm/Div-Rs.20/- Per Share
PNB,2010-02-04,dividend,1.000000,10,cash dividend per share,Int Div-Rs.10/- Per Share
PNB,2010-07-08,dividend,1.000000,12,cash dividend per share,Annual General Meeting And Final Dividend Rs.12/- Per Share
PNB,2011-06-16,dividend,1.000000,22,cash dividend per share,Annual General Meeting And Dividend Rs.22/- Per Share
PNB,2012-06-14,dividend,1.000000,22,cash dividend per share,Annual General Meeting And Dividend Rs.22/- Per Share
PNB,2013-06-13,dividend,1.000000,27,cash dividend per share,Annual General Meeting / Final Dividend Rs.27 Per Equity Share
PNB,2014-02-11,dividend,1.000000,10,cash dividend per share,Interim Dividend Rs.10/- Per Share
PNB,2014-12-18,split,0.200000,,face value 10 to 2,Face Value Split (Sub-Division) - From Rs 10/- Per Share To Rs 2/- Per Share
PNB,2015-06-22,dividend,1.000000,3.3,cash dividend per share,Annual General Meeting/ Dividend - Rs 3.30/- Per Share
PNB,2022-06-22,dividend,1.000000,0.64,cash dividend per share,Annual General Meeting/Dividend - Rs 0.64 Per Share
PNB,2023-06-23,dividend,1.000000,0.65,cash dividend per share,Annual General Meeting/Dividend - Rs 0.65 Per Share
PNB,2024-06-21,dividend,1.000000,1.5,cash dividend per share,Dividend - Rs 1.50 Per Share
PNB,2025-06-20,dividend,1.000000,2.9,cash dividend per share,Dividend - Rs 2.90 Per Share
PNB,2026-06-12,dividend,1.000000,3,cash dividend per share,Dividend - Rs 3 Per Share
PNBHOUSING,2017-07-25,dividend,1.000000,6,cash dividend per share,Annual General Meeting/ Dividend - Rs 6/- Per Share
PNBHOUSING,2018-07-19,dividend,1.000000,9,cash dividend per share,Dividend Rs 9/- Per Share
PNBHOUSING,2019-07-19,dividend,1.000000,9,cash dividend per share,Annual General Meeting/Dividend - Rs 9 Per Share
PNBHOUSING,2023-04-05,rights,0.828240,,"rights 29:54 at 275, theoretical ex-rights price",Rights 29:54@ Premium Rs 265/-
PNBHOUSING,2025-08-01,dividend,1.000000,5,cash dividend per share,Dividend - Rs 5 Per Share
PNBHOUSING,2026-07-31,dividend,1.000000,8,cash dividend per share,Dividend - Rs 8 Per Share
POLYCAB,2019-06-18,dividend,1.000000,3,cash dividend per share,Dividend - Rs 3 Per Share
POLYCAB,2020-03-12,dividend,1.000000,7,cash dividend per share,Interim Dividend - Rs 7 Per Share
POLYCAB,2021-07-12,dividend,1.000000,10,cash dividend per share,Annual General Meeting/Dividend - Rs 10 Per Share
POLYCAB,2022-06-21,dividend,1.000000,14,cash dividend per share,Annual General Meeting/Dividend - Rs 14 Per Share
POLYCAB,2023-06-21,dividend,1.000000,20,cash dividend per share,Annual General Meeting/Dividend - Rs 20 Per Share
POLYCAB,2024-07-09,dividend,1.000000,30,cash dividend per share,Annual General Meeting/Dividend - Rs 30 Per Share
POLYCAB,2025-06-24,dividend,1.000000,35,cash dividend per share,Dividend - Rs 35 Per Share
POLYCAB,2026-06-19,dividend,1.000000,47,cash dividend per share,Dividend - Rs 47 Per Share
POONAWALLA,2007-08-24,dividend,1.000000,0.4,cash dividend per share,Agm/Dividend-20%
POONAWALLA,2008-07-14,dividend,1.000000,2,cash dividend per share,Agm/Div-Rs.2 Per Share
POONAWALLA,2009-08-28,dividend,1.000000,1,cash dividend per share,Dividend-Re.1/- Per Share
POONAWALLA,2010-07-07,dividend,1.000000,2,cash dividend per share,Dividend-Rs.2/- Per Share
POONAWALLA,2010-08-13,split,0.200000,,face value 10 to 2,Face Value Split From Rs.10/- To Rs.2/-
POONAWALLA,2011-06-13,dividend,1.000000,0.6,cash dividend per share,Dividend-Re.0.60 Per Share
POONAWALLA,2012-07-04,dividend,1.000000,0.6,cash dividend per share,Annual General Meeting And Dividend Re.0.60 Per Share
POONAWALLA,2013-07-10,dividend,1.000000,0.8,cash dividend per share,Annual General Meeting /Dividend Re 0.80 Per Equity Share
POONAWALLA,2014-07-23,dividend,1.000000,0.8,cash dividend per share,Annual General Meeting /Dividend Re 0.80 Per Equity Share
POONAWALLA,2015-07-23,dividend,1.000000,0.8,cash dividend per share,Annual General Meeting/Dividend Re - 0.80/- Per Share
POONAWALLA,2016-07-27,dividend,1.000000,0.8,cash dividend per share,Dividend - Re 0.80/- Per Share
POONAWALLA,2017-07-25,dividend,1.000000,0.8,cash dividend per share,Dividend-Re 0.80 Per Share
POONAWALLA,2018-07-25,dividend,1.000000,0.8,cash dividend per share,Dividend- Re 0.80 Per Share
POONAWALLA,2019-07-24,dividend,1.000000,0.8,cash dividend per share,Annual General Meeting/Dividend - Rs 0.80 Per Share
POONAWALLA,2022-07-21,dividend,1.000000,0.4,cash dividend per share,Annual General Meeting/Dividend - Rs 0.40 Per Share
POONAWALLA,2023-07-18,dividend,1.000000,2,cash dividend per share,Annual General Meeting/Dividend - Rs 2 Per Share
POONAWALLA,2024-01-31,dividend,1.000000,2,cash dividend per share,Interim Dividend - Rs 2 Per Share
POWERGRID,2008-03-10,dividend,1.000000,0.5,cash dividend per share,Interim Dividend - 5% Purpose Revised
POWERGRID,2008-09-01,dividend,1.000000,0.7,cash dividend per share,Agm/Dividend - 7%
POWERGRID,2009-02-04,dividend,1.000000,0.5,cash dividend per share,Interim Dividend - 5% Purpose Revised
POWERGRID,2009-08-21,dividend,1.000000,0.7,cash dividend per share,Dividend-Re.0.70 Pr Share
POWERGRID,2010-01-11,dividend,1.000000,0.5,cash dividend per share,Int Div-Re.0.50 Per Sharepurpose Revised
POWERGRID,2010-09-07,dividend,1.000000,1,cash dividend per share,Annual General Meeting And Dividend Re.1/- Per Share
POWERGRID,2011-02-11,dividend,1.000000,0.5,cash dividend per share,Interim Dividend-Re.0.50 Per Share (Purpose Revised)
POWERGRID,2011-09-06,dividend,1.000000,1.25,cash dividend per share,Dividend-Rs.1.25 Per Share
POWERGRID,2012-02-13,dividend,1.000000,0.8,cash dividend per share,Interim Dividend Re.0.80 Per Share (Purpose Revised)
POWERGRID,2012-09-05,dividend,1.000000,1.31,cash dividend per share,Annual General Meeting/Dividend Re 1.31 Per Share
POWERGRID,2013-02-15,dividend,1.000000,1.61,cash dividend per share,Interim Dividend Rs 1.61 Per Share (Purpose Revised)
POWERGRID,2013-09-05,dividend,1.000000,1.14,cash dividend per share,Annual General Meeting / Dividend - Rs 1.14 Per Share
POWERGRID,2014-03-04,dividend,1.000000,1.27,cash dividend per share,Interim Dividend Rs.1.27 Per Share(Purpose Revised)
POWERGRID,2014-09-04,dividend,1.000000,1.31,cash dividend per share,Annual General Meeting / Final Dividend - Rs 1.31/- Per Share
POWERGRID,2015-03-09,dividend,1.000000,0.69,cash dividend per share,Interim Dividend - Re 0.69/- Per Share (Purpose Revised)
POWERGRID,2015-09-07,dividend,1.000000,1.31,cash dividend per share,Annual General Meeting/ Dividend - Rs 1.31/- Per Share
POWERGRID,2016-02-03,dividend,1.000000,0.8,cash dividend per share,Interim Dividend - Re 0.80/- Per Share (Purpose Revised)
POWERGRID,2016-09-08,dividend,1.000000,1.51,cash dividend per share,Dividend - Rs 1.51 Per Share
POWERGRID,2017-02-16,dividend,1.000000,1,cash dividend per share,Interim Dividend Re 1/- Per Share (Purpose Revised)
POWERGRID,2017-09-11,dividend,1.000000,3.35,cash dividend per share,Dividend - Rs 3.35 Per Share
POWERGRID,2018-02-08,dividend,1.000000,2.45,cash dividend per share,Interim Dividend Rs 2.45 Per Share (Purpose Revised)
POWERGRID,2018-09-10,dividend,1.000000,2.8,cash dividend per share,Annual General Meeting/Dividend Rs 2.80 Per Share
POWERGRID,2019-03-14,dividend,1.000000,5.83,cash dividend per share,Interim Dividend - Rs 5.83 Per Share
POWERGRID,2019-08-19,dividend,1.000000,2.5,cash dividend per share,Annual General Meeting/Dividend - Rs 2.50 Per Share
POWERGRID,2020-03-16,dividend,1.000000,5.96,cash dividend per share,Interim Dividend - Rs 5.96 Per Share
POWERGRID,2020-09-02,dividend,1.000000,4.04,cash dividend per share,Annual General Meeting/Dividend - Rs 4.04 Per Share
POWERGRID,2020-12-17,dividend,1.000000,5,cash dividend per share,Interim Dividend - Rs 5 Per Share
POWERGRID,2021-03-08,dividend,1.000000,4,cash dividend per share,Interim Dividend - Rs 4 Per Share
POWERGRID,2021-07-29,bonus,0.750000,,bonus 1:3,Bonus 1:3
POWERGRID,2021-09-08,dividend,1.000000,3,cash dividend per share,Annual General Meeting/Dividend - Rs 3 Per Share
POWERGRID,2021-12-22,dividend,1.000000,7,cash dividend per share,Interim Dividend - Rs 4 Per Share/ Special Dividend - Rs 3 Per Share
POWERGRID,2022-02-16,dividend,1.000000,5.5,cash dividend per share,Interim Dividend - Rs 5.50 Per Share
POWERGRID,2022-08-19,dividend,1.000000,2.25,cash dividend per share,Annual General Meeting/Dividend - Rs 2.25 Per Share
POWERGRID,2022-11-14,dividend,1.000000,5,cash dividend per share,Interim Dividend - Rs 5 Per Share
POWERGRID,2023-02-08,dividend,1.000000,5,cash dividend per share,Interim Dividend - Rs 5 Per Share
POWERGRID,2023-08-08,dividend,1.000000,4.75,cash dividend per share,Dividend - Rs 4.75 Per Share
POWERGRID,2023-09-12,bonus,0.750000,,bonus 1:3,Bonus 1:3
POWERGRID,2023-11-16,dividend,1.000000,4,cash dividend per share,Interim Dividend - Rs 4 Per Share
POWERGRID,2024-02-15,dividend,1.000000,4.5,cash dividend per share,Interim Dividend - Rs 4.50 Per Share
POWERGRID,2024-08-16,dividend,1.000000,2.75,cash dividend per share,Annual General Meeting/Dividend - Rs 2.75 Per Share
POWERGRID,2024-11-14,dividend,1.000000,4.5,cash dividend per share,Interim Dividend - Rs 4.50 Per Share
POWERGRID,2025-02-07,dividend,1.000000,3.25,cash dividend per share,Interim Dividend - Rs 3.25 Per Share
POWERGRID,2025-08-19,dividend,1.000000,1.25,cash dividend per share,Dividend - Rs 1.25 Per Share
POWERGRID,2025-11-10,dividend,1.000000,4.5,cash dividend per share,Interim Dividend - Rs 4.50 Per Share
POWERGRID,2026-02-09,dividend,1.000000,3.25,cash dividend per share,Interim Dividend - Rs 3.25 Per Share
POWERGRID,2026-08-13,dividend,1.000000,1.25,cash dividend per share,Dividend - Rs 1.25 Per Share
POWERINDIA,2021-05-19,dividend,1.000000,2,cash dividend per share,Annual General Meeting/Dividend - Rs 2 Per Share
POWERINDIA,2022-07-14,dividend,1.000000,3,cash dividend per share,Annual General Meeting/Dividend - Rs 3 Per Share
POWERINDIA,2023-08-10,dividend,1.000000,3.4,cash dividend per share,Annual General Meeting/Dividend - Rs 3.40 Per Share
POWERINDIA,2024-08-14,dividend,1.000000,4,cash dividend per share,Annual General Meeting/Dividend - Rs 4 Per Share
POWERINDIA,2025-08-13,dividend,1.000000,6,cash dividend per share,Dividend - Rs 6 Per Share
POWERINDIA,2026-08-21,dividend,1.000000,8,cash dividend per share,Dividend - Rs 8 Per Share
PREMIERENE,2025-02-14,dividend,1.000000,0.5,cash dividend per share,Interim Dividend - Re 0.50 Per Share
PREMIERENE,2025-08-01,dividend,1.000000,0.25,cash dividend per share,Interim Dividend - Re 0.25 Per Share
PREMIERENE,2025-08-29,dividend,1.000000,0.5,cash dividend per share,Dividend - Re 0.50 Per Share
PREMIERENE,2026-05-08,dividend,1.000000,0.75,cash dividend per share,Interim Dividend - Re 0.75 Per Share
PRESTIGE,2011-07-21,dividend,1.000000,1.2,cash dividend per share,Annual General Meeting And Dividend Rs.1.20 Per Share
PRESTIGE,2012-08-30,dividend,1.000000,1.2,cash dividend per share,Annual General Meeting/ Dividend Rs 1.20 Per Share
PRESTIGE,2013-08-29,dividend,1.000000,1.2,cash dividend per share,Annual General Meeting And Dividend Rs.1.20 Per Share
PRESTIGE,2014-09-18,dividend,1.000000,1.5,cash dividend per share,Annual General Meeting / Dividend - Rs 1.50/- Per Share
PRESTIGE,2015-09-23,dividend,1.000000,1.5,cash dividend per share,Annual General Meeting/ Dividend - Rs 1.50/- Per Share
PRESTIGE,2016-03-30,dividend,1.000000,1.2,cash dividend per share,Interim Dividend - Rs 1.20/- Per Share (Purppose Revised)
PRESTIGE,2017-09-19,dividend,1.000000,1.2,cash dividend per share,Annual General Meeting/Dividend - Rs 1.20 Per Share
PRESTIGE,2018-09-10,dividend,1.000000,1.2,cash dividend per share,Annual General Meeting/Dividend Rs 1.20 Per Share
PRESTIGE,2019-09-17,dividend,1.000000,1.5,cash dividend per share,Annual General Meeting/Dividend - Rs 1.5 Per Share
PRESTIGE,2020-03-19,dividend,1.000000,1.5,cash dividend per share,Interim Dividend - Rs 1.50 Per Share
PRESTIGE,2021-09-17,dividend,1.000000,1.5,cash dividend per share,Annual General Meeting/Dividend - Rs 1.50 Per Share
PRESTIGE,2022-09-19,dividend,1.000000,1.5,cash dividend per share,Annual General Meeting/Dividend - Rs 1.50 Per Share
PRESTIGE,2023-09-14,dividend,1.000000,1.5,cash dividend per share,Dividend - Rs 1.50 Per Share
PRESTIGE,2024-09-23,dividend,1.000000,1.8,cash dividend per share,Dividend - Rs 1.80 Per Share
PRESTIGE,2025-09-03,dividend,1.000000,1.8,cash dividend per share,Dividend - Rs 1.80 Per Share
PRESTIGE,2026-08-13,dividend,1.000000,2,cash dividend per share,Dividend - Rs 2 Per Share
QUESS,2021-05-11,dividend,1.000000,7,cash dividend per share,Interim Dividend - Rs 7 Per Share
QUESS,2021-11-22,dividend,1.000000,4,cash dividend per share,Interim Dividend - Rs 4 Per Share
QUESS,2022-06-09,dividend,1.000000,4,cash dividend per share,Interim Dividend - Rs 4 Per Share
QUESS,2022-11-17,dividend,1.000000,8,cash dividend per share,Interim Dividend - Rs 8 Per Share
QUESS,2024-02-12,dividend,1.000000,4,cash dividend per share,Interim Dividend - Rs 4 Per Share
QUESS,2024-09-06,dividend,1.000000,6,cash dividend per share,Dividend - Rs 6 Per Share
QUESS,2025-02-07,dividend,1.000000,4,cash dividend per share,Interim Dividend - Rs 4 Per Share
QUESS,2025-04-15,demerger,0.469499,,ex-date open (special pre-open price) / previous close,Demerger
QUESS,2025-08-08,dividend,1.000000,6,cash dividend per share,Dividend - Rs 6 Per Share
QUESS,2026-02-06,dividend,1.000000,5,cash dividend per share,Interim Dividend - Rs 5 Per Share
QUESS,2026-05-08,dividend,1.000000,3,cash dividend per share,Special Dividend - Rs 3 Per Share
QUESS,2026-08-07,dividend,1.000000,3,cash dividend per share,Dividend - Rs 3 Per Share
RADICO,2007-09-17,dividend,1.000000,0.5,cash dividend per share,Agm/Dividend-25%
RADICO,2008-09-19,dividend,1.000000,0.5,cash dividend per share,Agm/Dividend - 25%
RADICO,2009-09-04,dividend,1.000000,0.3,cash dividend per share,Agm/Div-Rs.0.30 Per Share
RADICO,2010-08-31,dividend,1.000000,0.6,cash dividend per share,Annual General Meeting And Dividend Re.0.60 Per Share
RADICO,2011-08-30,dividend,1.000000,0.7,cash dividend per share,Annual General Meeting/Dividend Re 0.70 Per Share
RADICO,2012-09-17,dividend,1.000000,0.8,cash dividend per share,Annual General Meeting And Dividend Re.0.80 Per Share
RADICO,2013-09-20,dividend,1.000000,0.8,cash dividend per share,Annual General Meeting / Dividend - Re 0.80/- Per Share
RADICO,2014-09-22,dividend,1.000000,0.8,cash dividend per share,Annual General Meeting / Dividend - Re 0.80/- Per Share
RADICO,2015-09-23,dividend,1.000000,0.8,cash dividend per share,Annual General Meeting/ Dividend - Re 0.80/- Per Share
RADICO,2016-07-04,dividend,1.000000,0.8,cash dividend per share,Annual General Meeting/ Dividend -Re 0.80/- Per Share
RADICO,2017-09-21,dividend,1.000000,0.8,cash dividend per share,Annual General Meeting/Dividend - Re 0.80 Per Share
RADICO,2018-08-24,dividend,1.000000,1,cash dividend per share,Annual General Meeting/Dividend- Re 1 Per Share
RADICO,2019-09-19,dividend,1.000000,1.2,cash dividend per share,Annual General Meeting/Dividend - Rs 1.20 Per Sh
RADICO,2020-08-21,dividend,1.000000,2,cash dividend per share,Annual General Meeting/Dividend - Rs 2 Per Share
RADICO,2021-09-20,dividend,1.000000,2.4,cash dividend per share,Annual General Meeting/Dividend - Rs 2.40 Per Share
RADICO,2022-09-21,dividend,1.000000,3,cash dividend per share,Annual General Meeting/Dividend - Rs 3 Per Share
RADICO,2023-09-14,dividend,1.000000,3,cash dividend per share,Annual General Meeting/Dividend - Rs 3 Per Share
RADICO,2024-07-25,dividend,1.000000,3,cash dividend per share,Annual General Meeting/Dividend - Rs 3 Per Share
RADICO,2025-07-24,dividend,1.000000,4,cash dividend per share,Dividend - Rs 4 Per Share
RADICO,2026-07-24,dividend,1.000000,9,cash dividend per share,Dividend - Rs 9 Per Share
RAJESHEXPO,2007-09-14,dividend,1.000000,1,cash dividend per share,Agm/Dividend-100%
RAJESHEXPO,2008-01-29,bonus,0.333333,,bonus 2:1,Fv Spl-Rs2 To Re1/Bon-2:1
RAJESHEXPO,2008-01-29,split,0.500000,,face value 2 to 1,Fv Spl-Rs2 To Re1/Bon-2:1
RAJESHEXPO,2008-09-10,dividend,1.000000,0.35,cash dividend per share,Agm/Dividend - 35%
RAJESHEXPO,2009-09-23,dividend,1.000000,0.6,cash dividend per share,Dividend-Re.0.60 Pr Share
RAJESHEXPO,2010-09-15,dividend,1.000000,1,cash dividend per share,Annual General Meeting And Dividend Re.1/- Per Share
RAJESHEXPO,2011-09-21,dividend,1.000000,0.6,cash dividend per share,Dividend-Re.0.60 Per Share
RAJESHEXPO,2012-09-26,dividend,1.000000,0.6,cash dividend per share,Annual General Meeting/Dividend Re 0.60 Per Share
RAJESHEXPO,2013-09-24,dividend,1.000000,1,cash dividend per share,Annual General Meeting / Dividend - Re 1/- Per Share
RAJESHEXPO,2014-09-24,dividend,1.000000,1,cash dividend per share,Annual General Meeting / Dividend - Re 1/- Per Share
RAJESHEXPO,2015-09-23,dividend,1.000000,1,cash dividend per share,Dividend - Re 1/- Per Share
RAJESHEXPO,2016-03-29,dividend,1.000000,0.9,cash dividend per share,Interim Dividend - Re 0.90/- Per Share (Purpose Revised)
RAJESHEXPO,2016-09-22,dividend,1.000000,0.1,cash dividend per share,Dividend - Re 0.10 Per Share
RAJESHEXPO,2017-09-21,dividend,1.000000,1.1,cash dividend per share,Annual General Meeting/Dividend - Rs 1.1 Per Share
RAJESHEXPO,2018-09-19,dividend,1.000000,1,cash dividend per share,Dividend- Re 1 Per Share
RAJESHEXPO,2019-09-20,dividend,1.000000,1,cash dividend per share,Dividend - Re 1 Per Share
RAJESHEXPO,2020-12-23,dividend,1.000000,1,cash dividend per share,Dividend - Re 1 Per Share
RAJESHEXPO,2021-12-15,dividend,1.000000,1,cash dividend per share,Annual General Meeting/Dividend - Re 1 Per Share
RAJESHEXPO,2022-09-22,dividend,1.000000,1,cash dividend per share,Annual General Meeting/Dividend - Re 1 Per Share
RAJESHEXPO,2023-12-22,dividend,1.000000,1,cash dividend per share,Dividend - Re 1 Per Share
RAMCOCEM,2007-02-02,dividend,1.000000,0.75,cash dividend per share,2nd Interim Dividend-75% Purpose Revised
RAMCOCEM,2007-07-18,dividend,1.000000,10,cash dividend per share,Agm/Fin Div-Rs.10 Per Sh
RAMCOCEM,2007-10-26,dividend,1.000000,10,cash dividend per share,Int Div-Rs.10.00 Per Sh Purpose Revised
RAMCOCEM,2008-02-05,dividend,1.000000,10,cash dividend per share,2nd Int Div-Rs.10 Per Sh Purpose Revised
RAMCOCEM,2008-08-01,dividend,1.000000,10,cash dividend per share,Agm/Div-Rs10+Gld Jub-Rs10
RAMCOCEM,2008-10-01,bonus,0.500000,,bonus 1:1,Fv Spl-Rs10tore1/Bon-1:1
RAMCOCEM,2008-10-01,split,0.100000,,face value 10 to 1,Fv Spl-Rs10tore1/Bon-1:1
RAMCOCEM,2009-02-04,dividend,1.000000,1,cash dividend per share,Int Div-Re.1 Per Share Purpose Revised
RAMCOCEM,2009-07-28,dividend,1.000000,1,cash dividend per share,Agm/Div-Re.1/- Per Share
RAMCOCEM,2009-10-30,dividend,1.000000,1.5,cash dividend per share,Int Div-Rs.1.50 Per Sharepurpose Revised
RAMCOCEM,2010-07-23,dividend,1.000000,0.5,cash dividend per share,Dividend Rs0.50 Per Share
RAMCOCEM,2011-08-02,dividend,1.000000,1.25,cash dividend per share,Dividend-Rs.1.25 Per Share
RAMCOCEM,2012-03-27,dividend,1.000000,2,cash dividend per share,Interim Dividend Rs.2/- Per Share (Purpose Revised)
RAMCOCEM,2012-07-26,dividend,1.000000,0.5,cash dividend per share,Annual General Meeting/Dividend Re 0.50 Per Share
RAMCOCEM,2012-11-09,dividend,1.000000,1,cash dividend per share,Interim Dividend Re.1/- Per Share (Purpose Revised)
RAMCOCEM,2013-02-15,dividend,1.000000,1,cash dividend per share,Interim Dividend Rs 1 Per Share (Purpose Revised)
RAMCOCEM,2013-07-19,dividend,1.000000,1,cash dividend per share,Annual General Meeting And Final Dividend Re.1/- Per Share
RAMCOCEM,2014-07-18,dividend,1.000000,1,cash dividend per share,Annual General Meeting And Final Dividend Re.1/- Per Share
RAMCOCEM,2015-07-29,dividend,1.000000,1.5,cash dividend per share,Annual General Meeting/ Dividend - Rs 1.50/- Per Share
RAMCOCEM,2016-03-18,dividend,1.000000,3,cash dividend per share,Interim Dividend - Rs 3/- Per Share (Purpose Revised)
RAMCOCEM,2017-07-27,dividend,1.000000,3,cash dividend per share,Dividend - Rs 3 Per Share
RAMCOCEM,2018-07-26,dividend,1.000000,3,cash dividend per share,Annual General Meeting / Dividend- Rs 3 Per Share
RAMCOCEM,2019-07-31,dividend,1.000000,3,cash dividend per share,Annual General Meeting/Dividend Rs 3 Per Sh
RAMCOCEM,2020-03-11,dividend,1.000000,2.5,cash dividend per share,Interim Dividend - Rs 2.5 Per Sh
RAMCOCEM,2021-03-22,dividend,1.000000,3,cash dividend per share,Interim Dividend - Rs 3 Per Share
RAMCOCEM,2022-08-02,dividend,1.000000,3,cash dividend per share,Annual General Meeting/Dividend - Rs 3 Per Share
RAMCOCEM,2023-08-03,dividend,1.000000,2,cash dividend per share,Annual General Meeting/Dividend - Rs 2 Per Share
RAMCOCEM,2024-08-09,dividend,1.000000,2.5,cash dividend per share,Annual General Meeting/Dividend - Rs 2.50 Per Share
RAMCOCEM,2025-08-06,dividend,1.000000,2,cash dividend per share,Dividend - Rs 2 Per Share
RAMCOCEM,2026-08-13,dividend,1.000000,2.5,cash dividend per share,Dividend - Rs 2.50 Per Share
RANBAXY,2007-04-04,dividend,1.000000,6,cash dividend per share,2nd Int Div-Rs.6/- Per Shpurpose Revised
RANBAXY,2007-11-01,dividend,1.000000,2.5,cash dividend per share,Int Div-Rs.2.50 Per Share
RANBAXY,2008-05-21,dividend,1.000000,6,cash dividend per share,Agm/Div-Rs.6/- Per Share
RANBAXY,2011-04-28,dividend,1.000000,2,cash dividend per share,Dividend - Rs. 2 Per Share
RBLBANK,2017-07-27,dividend,1.000000,1.8,cash dividend per share,Annual General Meeting/Dividend - Rs 1.80 Per Share
RBLBANK,2018-07-26,dividend,1.000000,2.1,cash dividend per share,Annual General Meeting/Dividend- Rs 2.10 Per Share
RBLBANK,2019-07-01,dividend,1.000000,2.7,cash dividend per share,Annual General Meeting/Dividend Rs 2.70/-
RBLBANK,2020-03-23,dividend,1.000000,1.5,cash dividend per share,Interim Dividend - Rs 1.50 Per Share
RBLBANK,2023-08-18,dividend,1.000000,1.5,cash dividend per share,Dividend - Rs 1.50 Per Share
RBLBANK,2024-07-26,dividend,1.000000,1.5,cash dividend per share,Dividend - Rs 1.50 Per Share
RBLBANK,2025-09-08,dividend,1.000000,1,cash dividend per share,Dividend - Re 1 Per Share
RBLBANK,2026-08-14,dividend,1.000000,1,cash dividend per share,Dividend - Re 1 Per Share
RCOM,2007-07-05,dividend,1.000000,0.5,cash dividend per share,Agm/Dividend-10%
RCOM,2008-09-19,dividend,1.000000,0.75,cash dividend per share,Agm/Dividend - 15%
RCOM,2009-08-04,dividend,1.000000,0.8,cash dividend per share,Int Div-Re.0.80 Per Sharepurpose Revised
RCOM,2010-09-13,dividend,1.000000,0.85,cash dividend per share,Annual General Meeting And Dividend Re.0.85 Per Share
RCOM,2011-09-15,dividend,1.000000,0.5,cash dividend per share,Annual General Meeting And Dividend Re.0.50 Per Share
RCOM,2012-08-23,dividend,1.000000,0.25,cash dividend per share,Annual General Meeting/ Dividend Rs 0.25 Per Share
RCOM,2013-08-14,dividend,1.000000,0.25,cash dividend per share,Annual General Meeting/Dividend Re 0.25/- Per Equity Share
RECLTD,2008-09-08,dividend,1.000000,3,cash dividend per share,Agm/Dividend - 30%
RECLTD,2009-02-26,dividend,1.000000,2,cash dividend per share,Int Div-Rs.2/- Per Share Purpose Revised
RECLTD,2009-09-03,dividend,1.000000,2.5,cash dividend per share,Agm/Div-Rs.2.50 Per Share
RECLTD,2010-01-04,dividend,1.000000,3,cash dividend per share,Int Div-Rs.3/- Per Share Purpose Revised
RECLTD,2010-08-24,dividend,1.000000,3.5,cash dividend per share,Annual General Meeting And Dividend Rs.3.50 Per Share
RECLTD,2011-02-11,dividend,1.000000,3.5,cash dividend per share,Interim Dividend-Rs.3.50 Per Share (Purpose Revised)
RECLTD,2011-08-30,dividend,1.000000,4,cash dividend per share,Annual General Meeting And Dividend Rs.4/- Per Share
RECLTD,2012-01-30,dividend,1.000000,5,cash dividend per share,Interim Dividend Rs.5/- Per Share (Purpose Revised)
RECLTD,2012-09-04,dividend,1.000000,2.5,cash dividend per share,Annual General Meeting/Dividend Rs 2.50 Per Share
RECLTD,2013-02-08,dividend,1.000000,6.75,cash dividend per share,Interim Dividend Rs 6.75 Per Share (Purpose Revised)
RECLTD,2013-08-28,dividend,1.000000,1.5,cash dividend per share,Annual General Meeting And Dividend Rs.1.50 Per Share
RECLTD,2014-02-20,dividend,1.000000,7.75,cash dividend per share,Interim Dividend - Rs 7.75/- Per Share (Purpose Revised)
RECLTD,2014-09-02,dividend,1.000000,1.75,cash dividend per share,Annual General Meeting / Final Dividend - Rs 1.75/- Per Share
RECLTD,2015-02-18,dividend,1.000000,8,cash dividend per share,Interim Dividend - Rs 8.00/- Per Share (Purpose Revised)
RECLTD,2015-09-09,dividend,1.000000,2.7,cash dividend per share,Annual General Meeting/ Dividend - Rs 2.70/- Per Share
RECLTD,2016-02-17,dividend,1.000000,12,cash dividend per share,Interim Dividend - Rs 12/- Per Share (Purpose Revised)
RECLTD,2016-08-22,dividend,1.000000,5.1,cash dividend per share,Annual General Meeting/Dividend-Rs 5.10/- Per Share
RECLTD,2016-09-28,bonus,0.500000,,bonus 1:1,Bonus 1:1
RECLTD,2017-02-27,dividend,1.000000,7,cash dividend per share,Interim Dividend Rs 7/- Per Share
RECLTD,2017-09-14,dividend,1.000000,2.65,cash dividend per share,Annual General Meeting/Dividend - Rs 2.65 Per Share
RECLTD,2018-02-15,dividend,1.000000,7.4,cash dividend per share,Interim Dividend Rs 7.40 Per Share
RECLTD,2018-09-17,dividend,1.000000,1.75,cash dividend per share,Dividend Rs 1.75 Per Share
RECLTD,2019-03-11,dividend,1.000000,11,cash dividend per share,Interim Dividend - Rs 11 Per Share
RECLTD,2020-02-11,dividend,1.000000,11,cash dividend per share,Interim Dividend - Rs 11 Per Share
RECLTD,2020-11-13,dividend,1.000000,6,cash dividend per share,Interim Dividend - Rs 6 Per Share
RECLTD,2021-03-18,dividend,1.000000,5,cash dividend per share,Interim Dividend - Rs 5 Per Share
RECLTD,2021-08-13,dividend,1.000000,2,cash dividend per share,Interim Dividend - Rs 2 Per Share
RECLTD,2021-09-16,dividend,1.000000,1.71,cash dividend per share,Dividend - Rs 1.71 Per Share
RECLTD,2021-11-11,dividend,1.000000,2.5,cash dividend per share,Interim Dividend - Rs 2.50 Per Share
RECLTD,2022-02-15,dividend,1.000000,6,cash dividend per share,Interim Dividend - Rs 6 Per Share
RECLTD,2022-07-12,dividend,1.000000,4.8,cash dividend per share,Dividend - Rs 4.80 Per Share
RECLTD,2022-08-17,bonus,0.750000,,bonus 1:3,Bonus 1:3
RECLTD,2022-11-07,dividend,1.000000,5,cash dividend per share,Interim Dividend - Rs 5 Per Share
RECLTD,2023-02-09,dividend,1.000000,3.25,cash dividend per share,Interim Dividend - Rs 3.25 Per Share
RECLTD,2023-07-14,dividend,1.000000,4.35,cash dividend per share,Dividend - Rs 4.35 Per Share
RECLTD,2023-08-14,dividend,1.000000,3,cash dividend per share,Interim Dividend - Rs 3 Per Share
RECLTD,2023-11-13,dividend,1.000000,3.5,cash dividend per share,Interim Dividend - Rs 3.50 Per Share
RECLTD,2024-03-28,dividend,1.000000,4.5,cash dividend per share,Interim Dividend - Rs 4.50 Per Share
RECLTD,2024-06-28,dividend,1.000000,5,cash dividend per share,Dividend - Rs 5 Per Share
RECLTD,2024-08-09,dividend,1.000000,3.5,cash dividend per share,Interim Dividend - Rs 3.50 Per Share
RECLTD,2024-11-08,dividend,1.000000,4,cash dividend per share,Interim Dividend - Rs 4 Per Share
RECLTD,2025-02-14,dividend,1.000000,4.3,cash dividend per share,Interim Dividend - Rs 4.30 Per Share
RECLTD,2025-03-26,dividend,1.000000,3.6,cash dividend per share,Interim Dividend - Rs 3.60 Per Share
RECLTD,2025-08-01,dividend,1.000000,4.6,cash dividend per share,Interim Dividend - Rs 4.60 Per Share
RECLTD,2025-08-14,dividend,1.000000,2.6,cash dividend per share,Dividend - Rs 2.60 Per Share
RECLTD,2025-10-27,dividend,1.000000,4.6,cash dividend per share,Interim Dividend - Rs 4.60 Per Share
RECLTD,2026-02-06,dividend,1.000000,4.6,cash dividend per share,Interim Dividend - Rs 4.60 Per Share
RECLTD,2026-03-20,dividend,1.000000,3.2,cash dividend per share,Interim Dividend - Rs 3.20 Per Share
RECLTD,2026-07-31,dividend,1.000000,4.25,cash dividend per share,Interim Dividend - Rs 4.25 Per Share
RECLTD,2026-08-14,dividend,1.000000,1.55,cash dividend per share,Dividend - Rs 1.55 Per Share
RELAXO,2011-09-12,dividend,1.000000,1,cash dividend per share,Dividend Re 1 Per Share
RELAXO,2012-09-07,dividend,1.000000,1.5,cash dividend per share,Annual General Meeting/Dividend Rs.1.50 Per Share
RELAXO,2013-09-11,dividend,1.000000,2,cash dividend per share,Annual General Meeting And Dividend Rs.2/- Per Share
RELAXO,2013-11-22,split,0.200000,,face value 5 to 1,Face Value Split From Rs.5/- To Re.1/-
RELAXO,2014-09-10,dividend,1.000000,0.5,cash dividend per share,Annual General Meeting / Dividend - Re 0.50/- Per Share
RELAXO,2015-07-01,bonus,0.500000,,bonus 1:1,Bonus 1:1
RELAXO,2015-09-15,dividend,1.000000,0.5,cash dividend per share,Annual General Meeting/Dividend Re 0.50 Per Share
RELAXO,2016-09-07,dividend,1.000000,0.6,cash dividend per share,Annual General Meeting/Dividend - Re 0.60/- Per Share
RELAXO,2018-09-18,dividend,1.000000,1.5,cash dividend per share,Annual General Meeting/Dividend Rs 1.50 Per Share
RELAXO,2019-06-26,bonus,0.500000,,bonus 1:1,Bonus 1:1
RELAXO,2019-09-18,dividend,1.000000,0.9,cash dividend per share,Annual General Meeting/Dividend - Rs 0.90 Per Share
RELAXO,2020-03-11,dividend,1.000000,1.25,cash dividend per share,Interim Dividend - Rs 1.25 Per Share
RELAXO,2021-08-17,dividend,1.000000,2.5,cash dividend per share,Dividend - Rs 2.50 Per Share
RELAXO,2022-08-17,dividend,1.000000,2.5,cash dividend per share,Dividend - Rs 2.50 Per Share
RELAXO,2023-08-17,dividend,1.000000,2.5,cash dividend per share,Annual General Meeting/Dividend - Rs 2.50 Per Share
RELAXO,2024-08-22,dividend,1.000000,3,cash dividend per share,Dividend - Rs 3 Per Share
RELAXO,2025-08-21,dividend,1.000000,3,cash dividend per share,Dividend - Rs 3 Per Share
RELAXO,2026-09-18,dividend,1.000000,3.5,cash dividend per share,Dividend - Rs 3.50 Per Share
RELCAPITAL,2007-05-30,dividend,1.000000,3.5,cash dividend per share,Agm/Div-Rs.3.50 Per Sh
RELCAPITAL,2008-06-18,dividend,1.000000,5.5,cash dividend per share,Dividend-Rs5.50 Per Share
RELCAPITAL,2009-06-30,dividend,1.000000,6.5,cash dividend per share,Dividend-Rs.6.50 Pr Share
RELCAPITAL,2010-09-13,dividend,1.000000,6.5,cash dividend per share,Annual General Meeting And Dividend Rs.6.50 Per Share
RELCAPITAL,2011-09-15,dividend,1.000000,6.5,cash dividend per share,Annual General Meeting And Dividend Rs.6.50 Per Share
RELCAPITAL,2012-08-23,dividend,1.000000,7.5,cash dividend per share,Annual General Meeting/ Dividend Rs 7.50 Per Share
RELCAPITAL,2012-10-04,dividend,1.000000,5,cash dividend per share,Special Interim Dividend Rs.5/- Per Share
RELCAPITAL,2013-08-14,dividend,1.000000,8,cash dividend per share,Annual General Meeting/Dividend Rs 8/- Per Share
RELCAPITAL,2014-09-18,dividend,1.000000,8.5,cash dividend per share,Annual General Meeting / Dividend - Rs 8.50/- Per Share
RELCAPITAL,2015-09-16,dividend,1.000000,9,cash dividend per share,Annual General Meeting/ Dividend - Rs 9/- Per Share
RELCAPITAL,2016-09-15,dividend,1.000000,10,cash dividend per share,Annual General Meeting/Dividend - Rs 10/- Per Share
RELCAPITAL,2017-09-05,demerger,0.840254,,ex-date open (special pre-open price) / previous close,Scheme Of Arrangement
RELCAPITAL,2017-09-21,dividend,1.000000,10.5,cash dividend per share,Annual General Meeting/Dividend - Rs 10.50 Per Share
RELCAPITAL,2018-09-12,dividend,1.000000,11,cash dividend per share,Annual General Meeting/Dividend Rs 11 Per Share
RELIANCE,2007-03-21,dividend,1.000000,11,cash dividend per share,Int Div-Rs.11/- Per Sh Purpose Revised
RELIANCE,2008-05-08,dividend,1.000000,13,cash dividend per share,Dividend-Rs.13 Per Share
RELIANCE,2009-10-16,dividend,1.000000,13,cash dividend per share,Int Div-Rs.13/- Per Share
RELIANCE,2009-11-26,bonus,0.500000,,bonus 1:1,Bonus 1:1
RELIANCE,2010-05-10,dividend,1.000000,7,cash dividend per share,Dividend Rs 7 Per Share
RELIANCE,2011-05-05,dividend,1.000000,8,cash dividend per share,Dividend-Rs.8/- Per Share
RELIANCE,2012-05-31,dividend,1.000000,8.5,cash dividend per share,Annual General Meeting And Dividend Rs.8.50 Per Share
RELIANCE,2013-05-10,dividend,1.000000,9,cash dividend per share,Annual General Meeting/ Dividend Rs. 9 Per Equity Share
RELIANCE,2014-05-16,dividend,1.000000,9.5,cash dividend per share,Dividend Rs. 9.50 Per Equity Share
RELIANCE,2015-05-08,dividend,1.000000,10,cash dividend per share,Dividend - Rs 10/- Per Share
RELIANCE,2016-03-17,dividend,1.000000,10.5,cash dividend per share,Interim Dividend - Rs 10.50/- Per Share (Purpose Revised)
RELIANCE,2017-07-13,dividend,1.000000,11,cash dividend per share,Dividend - Rs 11/- Per Share
RELIANCE,2017-09-07,bonus,0.500000,,bonus 1:1,Bonus 1:1
RELIANCE,2018-06-27,dividend,1.000000,6,cash dividend per share,Dividend- Rs 6 Per Share
RELIANCE,2019-08-02,dividend,1.000000,6.5,cash dividend per share,Annual General Meeting/Dividend - Rs 6.50 Per Share
RELIANCE,2020-05-13,rights,0.990610,,"rights 1:15 at 1257, theoretical ex-rights price",Rights 1:15 @ Premium Rs 1247
RELIANCE,2020-07-02,dividend,1.000000,6.5,cash dividend per share,Dividend - Rs 6.50 Per Share
RELIANCE,2021-06-11,dividend,1.000000,7,cash dividend per share,Dividend - Rs 7 Per Share
RELIANCE,2022-08-18,dividend,1.000000,8,cash dividend per share,Dividend - Rs 8 Per Share
RELIANCE,2023-07-20,demerger,0.907859,,ex-date open (special pre-open price) / previous close,Demerger
RELIANCE,2023-08-21,dividend,1.000000,9,cash dividend per share,Dividend - Rs 9 Per Share
RELIANCE,2024-08-19,dividend,1.000000,10,cash dividend per share,Dividend - Rs 10 Per Share
RELIANCE,2024-10-28,bonus,0.500000,,bonus 1:1,Bonus 1:1
RELIANCE,2025-08-14,dividend,1.000000,5.5,cash dividend per share,Dividend - Rs 5.5 Per Share
RELIANCE,2026-06-05,dividend,1.000000,6,cash dividend per share,Dividend - Rs 6 Per Share
RELINFRA,2007-06-28,dividend,1.000000,5.3,cash dividend per share,Agm/Div-Rs.5.30 Per Sh
RELINFRA,2008-07-04,dividend,1.000000,6.3,cash dividend per share,Agm/Dividend - 63%
RELINFRA,2009-07-02,dividend,1.000000,7,cash dividend per share,Dividend-Rs.7/- Per Share
RELINFRA,2010-05-19,dividend,1.000000,7.1,cash dividend per share,Interim Dividend-Rs.7.10 Per Share (Purpose Revised)
RELINFRA,2011-09-15,dividend,1.000000,7.2,cash dividend per share,Annual General Meeting And Dividend Rs.7.20 Per Share
RELINFRA,2012-08-23,dividend,1.000000,7.3,cash dividend per share,Annual General Meeting / Dividend Rs 7.30 Per Share
RELINFRA,2013-08-14,dividend,1.000000,7.4,cash dividend per share,Annual General Meeting/Dividend Rs 7.4/- Per Share
RELINFRA,2014-09-18,dividend,1.000000,7.5,cash dividend per share,Annual General Meeting And Dividend Rs.7.50 Per Share
RELINFRA,2015-09-16,dividend,1.000000,8,cash dividend per share,Annual General Meeting/ Dividend - Rs 8/- Per Share
RELINFRA,2016-09-15,dividend,1.000000,8.5,cash dividend per share,Annual General Meeting/Dividend - Rs 8.50 Per Share
RELINFRA,2017-09-14,dividend,1.000000,9,cash dividend per share,Annual General Meeting/Dividend - Rs 9/- Per Share
RELINFRA,2018-09-12,dividend,1.000000,9.5,cash dividend per share,Annual General Meeting/Dividend Rs 9.50 Per Share
RPOWER,2008-05-30,bonus,0.625000,,bonus 3:5,Bonus 3:5
RPOWER,2015-11-19,dividend,1.000000,1,cash dividend per share,Interim Dividend - Re 1/- Per Share
RVNL,2019-09-06,dividend,1.000000,0.09,cash dividend per share,Dividend - Rs 0.09 Per Share
RVNL,2020-12-08,dividend,1.000000,1.14,cash dividend per share,Dividend - Rs 1.14 Per Share
RVNL,2021-04-08,dividend,1.000000,1.14,cash dividend per share,Interim Dividend - Rs 1.14 Per Share
RVNL,2021-11-30,dividend,1.000000,0.44,cash dividend per share,Annual General Meeting/Dividend - Rs 0.44 Per Share
RVNL,2022-03-24,dividend,1.000000,1.58,cash dividend per share,Interim Dividend Re 1.58 Per Share
RVNL,2022-09-22,dividend,1.000000,0.25,cash dividend per share,Annual General Meeting/Dividend - Rs 0.25 Per Share
RVNL,2023-04-06,dividend,1.000000,1.77,cash dividend per share,Interim Dividend - Rs 1.77 Per Share
RVNL,2023-09-20,dividend,1.000000,0.36,cash dividend per share,Annual General Meeting/Dividend - Re 0.36 Per Share
RVNL,2024-09-23,dividend,1.000000,2.11,cash dividend per share,Annual General Meeting/Dividend - Rs 2.11 Per Share
RVNL,2025-08-21,dividend,1.000000,1.72,cash dividend per share,Dividend - Rs 1.72 Per Share
RVNL,2026-02-11,dividend,1.000000,1,cash dividend per share,Interim Dividend - Re 1 Per Share
RVNL,2026-08-18,dividend,1.000000,0.71,cash dividend per share,Dividend - Re 0.71 Per Share
SADBHAV,2007-09-13,dividend,1.000000,0.35,cash dividend per share,Agm/Dividend-35%
SADBHAV,2008-09-11,dividend,1.000000,0.4,cash dividend per share,Agm/Dividend - 40%
SADBHAV,2009-09-10,dividend,1.000000,4,cash dividend per share,Agm/Div-Rs.4/- Per Share
SADBHAV,2010-06-16,rights,0.978194,,"rights 1:20 at 716, theoretical ex-rights price",Rights Eq 1:20 @ Premium Rs.715 Per Share And 3 Warrants : 1 Eq
SADBHAV,2010-08-18,dividend,1.000000,4,cash dividend per share,Annual General Meeting And Dividend Rs.4/- Per Share
SADBHAV,2010-12-07,split,0.100000,,face value 10 to 1,Face Value Split From Rs.10/- To Re.1/-
SADBHAV,2011-09-08,dividend,1.000000,0.6,cash dividend per share,Annual General Meeting And Dividend Re.0.60 Per Share
SADBHAV,2012-09-13,dividend,1.000000,0.6,cash dividend per share,Annual General Meeting/ Dividend Rs. 0.60 Per Share
SADBHAV,2013-09-12,dividend,1.000000,0.6,cash dividend per share,Annual General Meeting And Dividend Re.0.60 Per Share
SADBHAV,2014-08-27,dividend,1.000000,0.7,cash dividend per share,Annual General Meeting / Dividend - Re 0.70/- Per Share
SADBHAV,2015-09-03,dividend,1.000000,0.7,cash dividend per share,Annual General Meeting/ Dividend - Re 0.70/- Per Share
SADBHAV,2016-09-15,dividend,1.000000,0.7,cash dividend per share,Annual General Meeting/Dividend - Re 0.70 Per Share
SADBHAV,2017-09-14,dividend,1.000000,0.75,cash dividend per share,Annual General Meeting/Div-Re 0.75 Per Share
SADBHAV,2018-09-12,dividend,1.000000,1,cash dividend per share,Annual General Meeting/Dividend Re 1 Per Share
SADBHAV,2019-09-17,dividend,1.000000,1,cash dividend per share,Annual General Meeting/Dividend Re 1 Per Share
SAIL,2007-02-01,dividend,1.000000,1.6,cash dividend per share,Interim Dividend-16% Purpose Revised
SAIL,2007-08-08,dividend,1.000000,1.5,cash dividend per share,Agm/Dividend-15%
SAIL,2008-02-01,dividend,1.000000,1.9,cash dividend per share,Interim Dividend - 19% Purpose Revised
SAIL,2008-07-31,dividend,1.000000,1.8,cash dividend per share,Agm/Dividend - 18%
SAIL,2009-01-30,dividend,1.000000,1.3,cash dividend per share,Interim Dividend - 13% Purpose Revised
SAIL,2009-07-30,dividend,1.000000,1.3,cash dividend per share,Agm/Div-Rs.1.30 Per Share
SAIL,2010-02-01,dividend,1.000000,1.6,cash dividend per share,Int Div-Rs.1.60 Per Sharepurpose Revised
SAIL,2010-07-29,dividend,1.000000,1.7,cash dividend per share,Final Dividend-Rs.1.70 Per Share
SAIL,2011-01-18,dividend,1.000000,1.2,cash dividend per share,Interim Dividend-Rs.1.20 Per Share (Purpose Revised)
SAIL,2011-08-10,dividend,1.000000,1.2,cash dividend per share,Dividend-Rs.1.20 Per Share
SAIL,2012-02-15,dividend,1.000000,1.2,cash dividend per share,Interim Dividend Rs.1.20 Per Share (Purpose Revised)
SAIL,2012-08-09,dividend,1.000000,0.8,cash dividend per share,Annual General Meeting/Dividend Of Rs.0.80 Per Share
SAIL,2013-02-15,dividend,1.000000,1.6,cash dividend per share,Interim Dividend Rs 1.60 Per Share (Purpose Revised)
SAIL,2013-08-02,dividend,1.000000,0.4,cash dividend per share,Annual General Meeting / Final Dividend - Re 0.40/- Per Share
SAIL,2014-02-18,dividend,1.000000,2.02,cash dividend per share,Interim Dividend - Rs 2.02/- Per Share (Purpose Revised)
SAIL,2015-02-18,dividend,1.000000,1.75,cash dividend per share,Interim Dividend Re 1.75 Per Share/ Change In Rd (Purpose Revised)
SAIL,2015-08-11,dividend,1.000000,0.25,cash dividend per share,Annual General Meeting/ Dividend - Re 0.25/- Per Share
SAIL,2019-08-22,dividend,1.000000,0.5,cash dividend per share,Annual General Meeting/Dividend - Rs 0.50 Per Share
SAIL,2021-02-04,dividend,1.000000,1,cash dividend per share,Interim Dividend - Rs 1.00 Per Share
SAIL,2021-09-20,dividend,1.000000,1.8,cash dividend per share,Dividend - Rs 1.80 Per Share
SAIL,2021-11-09,dividend,1.000000,4,cash dividend per share,Interim Dividend - Rs 4 Per Sh
SAIL,2022-03-28,dividend,1.000000,2.5,cash dividend per share,Interim Dividend - Rs 2.50 Per Share
SAIL,2022-07-28,dividend,1.000000,2.25,cash dividend per share,Dividend - Rs 2.25 Per Share
SAIL,2023-03-24,dividend,1.000000,1,cash dividend per share,Interim Dividend - Re 1 Per Share
SAIL,2023-09-20,dividend,1.000000,0.5,cash dividend per share,Dividend - Re 0.50 Per Share
SAIL,2024-02-20,dividend,1.000000,1,cash dividend per share,Interim Dividend - Re 1 Per Share
SAIL,2024-09-19,dividend,1.000000,1,cash dividend per share,Dividend - Re 1 Per Share
SAIL,2025-09-08,dividend,1.000000,1.6,cash dividend per share,Dividend - Rs 1.60 Per Share
SAIL,2026-09-30,dividend,1.000000,2.35,cash dividend per share,Dividend - Rs 2.35 Per Share
SAMMAANCAP,2013-08-01,dividend,1.000000,6,cash dividend per share,Interim Dividend Rs.6/- Per Share
SAMMAANCAP,2013-10-31,dividend,1.000000,7,cash dividend per share,2nd Interim Dividend Rs.7/- Per Share
SAMMAANCAP,2014-01-30,dividend,1.000000,7,cash dividend per share,Third Interim Dividend - Rs 7/- Per Share
SAMMAANCAP,2014-05-06,dividend,1.000000,9,cash dividend per share,Fourth Interim Dividend - Rs 9/- Per Share
SAMMAANCAP,2014-08-04,dividend,1.000000,8,cash dividend per share,Annual General Meeting/Interim Dividend Rs 8/-Per Share
SAMMAANCAP,2014-09-25,dividend,1.000000,9,cash dividend per share,2nd Interim Dividend Rs.9/- Per Share
SAMMAANCAP,2015-01-29,dividend,1.000000,9,cash dividend per share,Third Interim Dividend - Rs 9/- Per Share
SAMMAANCAP,2015-05-06,dividend,1.000000,9,cash dividend per share,Interim Dividend Rs 9/- Per Share
SAMMAANCAP,2015-07-30,dividend,1.000000,9,cash dividend per share,Second Interim Dividend - Rs 9/- Per Share
SAMMAANCAP,2015-11-02,dividend,1.000000,9,cash dividend per share,Third Interim Dividend - Rs 9/- Per Share
SAMMAANCAP,2016-02-01,dividend,1.000000,9,cash dividend per share,Interim Dividend - Rs 9/- Per Share
SAMMAANCAP,2016-03-18,dividend,1.000000,9,cash dividend per share,Interim Dividend - Rs 9/- Per Share
SAMMAANCAP,2016-08-05,dividend,1.000000,9,cash dividend per share,Interim Dividend -Rs 9/- Per Share
SAMMAANCAP,2016-11-02,dividend,1.000000,9,cash dividend per share,Interim Dividend - Rs 9/- Per Share
SAMMAANCAP,2017-02-09,dividend,1.000000,9,cash dividend per share,Interim Dividend Rs 9/- Per Share
SAMMAANCAP,2017-05-04,dividend,1.000000,9,cash dividend per share,Interim Dividend Rs 9/- Per Share
SAMMAANCAP,2017-08-02,dividend,1.000000,9,cash dividend per share,Interim Dividend - Rs 9/- Per Share
SAMMAANCAP,2017-11-01,dividend,1.000000,9,cash dividend per share,Interim Dividend - Rs 9 Per Share
SAMMAANCAP,2018-02-01,dividend,1.000000,14,cash dividend per share,Interim Dividend - Rs 14 Per Share
SAMMAANCAP,2018-05-02,dividend,1.000000,10,cash dividend per share,Interim Dividend Rs 10/- Per Share
SAMMAANCAP,2018-08-13,dividend,1.000000,10,cash dividend per share,Interim Dividend Rs 10 Per Share
SAMMAANCAP,2018-10-25,dividend,1.000000,10,cash dividend per share,Interim Dividend - Rs 10 Per Share
SAMMAANCAP,2019-02-11,dividend,1.000000,10,cash dividend per share,Interim Dividend - Rs 10 Per Share
SAMMAANCAP,2019-05-07,dividend,1.000000,10,cash dividend per share,Interim Dividend - Rs 10 Per Share
SAMMAANCAP,2019-08-19,dividend,1.000000,8,cash dividend per share,Interim Dividend - Rs 8 Per Share
SAMMAANCAP,2019-11-18,dividend,1.000000,7,cash dividend per share,Interim Dividend - Rs 7 Per Share
SAMMAANCAP,2020-02-13,dividend,1.000000,6,cash dividend per share,Interim Dividend - Rs 6 Per Share
SAMMAANCAP,2021-05-28,dividend,1.000000,9,cash dividend per share,Interim Dividend - Rs 9 Per Share
SAMMAANCAP,2023-09-18,dividend,1.000000,1.25,cash dividend per share,Dividend - Rs 1.25 Per Share
SAMMAANCAP,2024-02-01,rights,0.891386,,"rights 1:2 at 150, theoretical ex-rights price",Rights 1:2 @ Premium Rs 148/-
SAMMAANCAP,2024-09-20,dividend,1.000000,2,cash dividend per share,Dividend - Rs 2 Per Share
SANOFI,2007-03-22,dividend,1.000000,12.5,cash dividend per share,Div Int-Rs12.50+Spl-Rs16 Purpose Revised
SANOFI,2007-07-25,dividend,1.000000,3.5,cash dividend per share,Int Div-Rs.3.50 Per Sh Purpose Revised
SANOFI,2008-04-03,dividend,1.000000,12.5,cash dividend per share,Agm/Div-Rs12.50 Per Share
SANOFI,2008-07-29,dividend,1.000000,3.5,cash dividend per share,Int Div-Rs.3.50 Per Sharepurpose Revised
SANOFI,2009-04-06,dividend,1.000000,12.5,cash dividend per share,Agm/Div-Rs.12.50 Per Shre
SANOFI,2009-07-30,dividend,1.000000,3.5,cash dividend per share,Int Div-Rs.3.50 Per Sharepurpose Revised
SANOFI,2010-04-07,dividend,1.000000,16.5,cash dividend per share,Agm/Div-Rs.16.50 Pr Share
SANOFI,2010-07-26,dividend,1.000000,4,cash dividend per share,Interim Dividend Rs.4/- Per Share (Purpose Revised)
SANOFI,2011-03-31,dividend,1.000000,51,cash dividend per share,Annual General Meeting And Dividend - Final - Rs.23/- And Special - Rs.28/- Per Share
SANOFI,2011-08-03,dividend,1.000000,4,cash dividend per share,Interim Dividend Rs 4 Per Share (Purpose Revised)
SANOFI,2012-04-10,dividend,1.000000,29,cash dividend per share,Annual General Meeting And Dividend Rs.29/- Per Share
SANOFI,2012-08-02,dividend,1.000000,4,cash dividend per share,Interim Dividend Rs.4/- Per Share (Purpose Revised)
SANOFI,2013-04-05,dividend,1.000000,29,cash dividend per share,Annual General Meeting/Dividend Rs 29 Per Share
SANOFI,2013-08-05,dividend,1.000000,10,cash dividend per share,Interim Dividend Rs.10/- Per Share (Purpose Revised)
SANOFI,2014-04-16,dividend,1.000000,35,cash dividend per share,Annual General Meeting/Dividend Rs 35/- Per Share
SANOFI,2014-07-31,dividend,1.000000,10,cash dividend per share,Interim Dividend - Rs 10/- Per Share
SANOFI,2015-04-16,dividend,1.000000,35,cash dividend per share,Annual General Meeting / Final Dividend - Rs 24/- Per Share / Special One-Time Dividend - Rs 11/- Per Share
SANOFI,2015-07-29,dividend,1.000000,18,cash dividend per share,Interim Dividend - Rs 18/- Per Share (Purpose Revised)
SANOFI,2016-04-13,dividend,1.000000,47,cash dividend per share,Final Dividend - Rs 25/- Per Share + Special Dividend - Rs 22/- Per Share
SANOFI,2016-08-04,dividend,1.000000,18,cash dividend per share,Interim Dividend - Rs 18/- Per Share
SANOFI,2017-04-25,dividend,1.000000,50,cash dividend per share,Annual General Meeting/Dividend Rs 50/- Per Share
SANOFI,2017-07-31,dividend,1.000000,18,cash dividend per share,Interim Dividend-Rs 18/- Per Share
SANOFI,2018-04-26,dividend,1.000000,53,cash dividend per share,Annual General Meeting/ Dividend - Rs 53 Per Share
SANOFI,2018-08-06,dividend,1.000000,18,cash dividend per share,Interim Dividend -Rs 18 Per Share
SANOFI,2019-04-25,dividend,1.000000,66,cash dividend per share,Annual General Meeting / Dividend - Rs 66 Per Share
SANOFI,2020-06-29,dividend,1.000000,106,cash dividend per share,Dividend - Rs 106 Per Share Special Dividend 243 Per Share
SANOFI,2021-04-19,dividend,1.000000,125,cash dividend per share,Dividend - Rs 125 Per Share Special Dividend 240 Per Share
SANOFI,2022-04-12,dividend,1.000000,490,cash dividend per share,Annual General Meeting/Dividend - Rs 181 Per Share/Special Dividend - Rs 309 Per Share
SANOFI,2022-08-05,dividend,1.000000,193,cash dividend per share,Special Dividend - Rs 193 Per Sh
SANOFI,2023-04-28,dividend,1.000000,377,cash dividend per share,Final Dividend - Rs 194/ Special Dividend - Rs 183 Per Share
SANOFI,2024-03-07,dividend,1.000000,50,cash dividend per share,Interim Dividend - Rs 50 Per Share
SANOFI,2024-05-03,dividend,1.000000,117,cash dividend per share,Dividend - Rs 117 Per Share
SANOFI,2024-06-13,demerger,0.625456,,ex-date open (special pre-open price) / previous close,Demerger
SANOFI,2025-04-25,dividend,1.000000,117,cash dividend per share,Dividend - Rs 117 Per Share
SANOFI,2025-11-07,dividend,1.000000,75,cash dividend per share,Interim Dividend - Rs 75 Per Share
SANOFI,2026-04-22,dividend,1.000000,48,cash dividend per share,Dividend - Rs 48 Per Share
SATYAMCOMP,2007-08-23,dividend,1.000000,2.5,cash dividend per share,Agm/Final Dividend-125%
SATYAMCOMP,2007-11-07,dividend,1.000000,1,cash dividend per share,Int Div-Re.1.00 Per Sh
SATYAMCOMP,2008-08-18,dividend,1.000000,2.5,cash dividend per share,Agm/Dividend - 125%
SATYAMCOMP,2008-10-29,dividend,1.000000,1,cash dividend per share,Interim Dividend - 50%
SBICARD,2020-05-15,dividend,1.000000,1,cash dividend per share,Interim Dividend - Re 1 Per Share
SBICARD,2022-03-30,dividend,1.000000,2.5,cash dividend per share,Interim Dividend - Rs 2.50 Per Share
SBICARD,2023-03-29,dividend,1.000000,2.5,cash dividend per share,Interim Dividend - Rs 2.50 Per Share
SBICARD,2024-03-28,dividend,1.000000,2.5,cash dividend per share,Interim Dividend - Rs 2.50 Per Share
SBICARD,2025-02-25,dividend,1.000000,2.5,cash dividend per share,Interim Dividend - Rs 2.50 Per Share
SBICARD,2026-03-11,dividend,1.000000,2.5,cash dividend per share,Interim Dividend - Rs 2.50 Per Share
SBILIFE,2018-04-03,dividend,1.000000,2,cash dividend per share,Interim Dividend - Rs 2 Per Share (Purpose Revised)
SBILIFE,2019-04-03,dividend,1.000000,2,cash dividend per share,Interim Dividend - Rs 2 Per Share
SBILIFE,2021-04-05,dividend,1.000000,2.5,cash dividend per share,Interim Dividend - Rs 2.5 Per Share
SBILIFE,2022-03-29,dividend,1.000000,2,cash dividend per share,Interim Dividend - Rs 2 Per Share
SBILIFE,2023-03-16,dividend,1.000000,2.5,cash dividend per share,Interim Dividend - Rs 2.50 Per Share
SBILIFE,2024-03-15,dividend,1.000000,2.7,cash dividend per share,Interim Dividend - Rs 2.70 Per Share
SBILIFE,2025-03-07,dividend,1.000000,2.7,cash dividend per share,Interim Dividend - Rs 2.70 Per Share
SBILIFE,2026-03-06,dividend,1.000000,2.7,cash dividend per share,Interim Dividend - Rs 2.70 Per Share
SBIN,2007-06-13,dividend,1.000000,14,cash dividend per share,Dividend-Rs.14/- Per Sh Purpose Revised
SBIN,2008-01-28,rights,0.942788,,"rights 1:5 at 1581, theoretical ex-rights price",Rights-Eq 1:5@Prem Rs1580
SBIN,2008-05-29,dividend,1.000000,21.5,cash dividend per share,Div-Rs.21.50 Per Share
SBIN,2009-06-10,dividend,1.000000,29,cash dividend per share,Dividend-Rs.29/ Per Share
SBIN,2010-02-05,dividend,1.000000,10,cash dividend per share,Int Div-Rs.10/- Per Share
SBIN,2010-06-09,dividend,1.000000,20,cash dividend per share,Final Dividend-Rs.20/- Per Share (Purpose Revised)
SBIN,2011-05-20,dividend,1.000000,30,cash dividend per share,Dividend-Rs.30/- Per Share (Purpose Revised)
SBIN,2012-05-24,dividend,1.000000,35,cash dividend per share,Annual General Meeting And Dividend Rs 35 Per Share (Purpose Revised)
SBIN,2013-05-28,dividend,1.000000,41.5,cash dividend per share,Dividend Rs 41.50 Per Share (Purpose Revised)
SBIN,2014-03-11,dividend,1.000000,15,cash dividend per share,Interim Dividend Rs 15 Per Share
SBIN,2014-05-29,dividend,1.000000,15,cash dividend per share,Annual General Meeting And Dividend Rs 15 Per Share (Purpose Revised)
SBIN,2014-11-20,split,0.100000,,face value 10 to 1,Face Value Split Rs.10/- To Re.1/- Per Share
SBIN,2015-05-28,dividend,1.000000,3.5,cash dividend per share,Dividend - Rs 3.50/- Per Share (Purpose Revised)
SBIN,2016-06-03,dividend,1.000000,2.6,cash dividend per share,Dividend - Rs 2.60/- Per Share
SBIN,2017-05-26,dividend,1.000000,2.6,cash dividend per share,Dividend - Rs 2.60 Per Share (Purpose Revised)
SBIN,2021-06-03,dividend,1.000000,4,cash dividend per share,Dividend - Rs 4 Per Share
SBIN,2022-05-25,dividend,1.000000,7.1,cash dividend per share,Dividend - Rs 7.10 Per Share
SBIN,2023-05-31,dividend,1.000000,11.3,cash dividend per share,Dividend - Rs 11.30 Per Share
SBIN,2024-05-22,dividend,1.000000,13.7,cash dividend per share,Dividend - Rs 13.70 Per Share
SBIN,2025-05-16,dividend,1.000000,15.9,cash dividend per share,Dividend - Rs 15.90 Per Share
SBIN,2026-05-15,dividend,1.000000,17.35,cash dividend per share,Dividend - Rs 17.35 Per Share
SCHAEFFLER,2007-03-29,dividend,1.000000,4,cash dividend per share,Dividend-Rs.4/- Per Share
SCHAEFFLER,2008-03-28,dividend,1.000000,4,cash dividend per share,Dividend-Rs.4 Per Share
SCHAEFFLER,2009-03-30,dividend,1.000000,4.5,cash dividend per share,Dividend-Rs. 4.50 Per Shr
SCHAEFFLER,2010-03-30,dividend,1.000000,4.5,cash dividend per share,Dividend-Rs.4.50 Pr Share
SCHAEFFLER,2011-03-30,dividend,1.000000,5,cash dividend per share,Dividend - Rs.5/- Per Share
SCHAEFFLER,2012-03-29,dividend,1.000000,10,cash dividend per share,Final Dividend Rs.5/- Per Share And Special Dividend Rs.5/- Per Share
SCHAEFFLER,2013-03-26,dividend,1.000000,5,cash dividend per share,Dividend Rs.5 Per Share
SCHAEFFLER,2014-03-27,dividend,1.000000,6,cash dividend per share,Dividend Rs 6 Per Share
SCHAEFFLER,2015-03-30,dividend,1.000000,7.5,cash dividend per share,Dividend - Rs 7.50/- Per Share
SCHAEFFLER,2016-04-13,dividend,1.000000,10,cash dividend per share,Final Dividend -Rs 10/- Per Share
SCHAEFFLER,2017-04-12,dividend,1.000000,12,cash dividend per share,Dividend - Rs 12/- Per Share
SCHAEFFLER,2018-04-09,dividend,1.000000,17,cash dividend per share,Annual General Meeting/ Dividend - Rs 17 Per Share
SCHAEFFLER,2019-04-22,dividend,1.000000,30,cash dividend per share,Annual General Meeting/ Final Dividend - Rs 20 Per Share / Special Dividend - Rs 10 Per Share
SCHAEFFLER,2020-06-19,dividend,1.000000,35,cash dividend per share,Annual General Meeting/Dividend - Rs 35 Per Share
SCHAEFFLER,2021-04-19,dividend,1.000000,38,cash dividend per share,Annual General Meeting/Dividend - Rs 38 Per Share
SCHAEFFLER,2022-02-08,split,0.200000,,face value 10 to 2,Face Value Split (Sub-Division) - From Rs 10/- Per Share To Rs 2/- Per Share
SCHAEFFLER,2022-04-19,dividend,1.000000,16,cash dividend per share,Annual General Meeting/Dividend - Rs 16 Per Share
SCHAEFFLER,2023-04-11,dividend,1.000000,24,cash dividend per share,Annual General Meeting/Dividend - Rs 24 Per Share
SCHAEFFLER,2024-04-19,dividend,1.000000,26,cash dividend per share,Annual General Meeting/Dividend - Rs 26 Per Share
SCHAEFFLER,2025-04-23,dividend,1.000000,28,cash dividend per share,Dividend - Rs 28 Per Share
SCHAEFFLER,2026-04-23,dividend,1.000000,35,cash dividend per share,Dividend - Rs 35 Per Share
SFL,2022-12-21,bonus,0.500000,,bonus 1:1,Bonus 1:1
SFL,2026-07-09,dividend,1.000000,1,cash dividend per share,Dividend - Re 1 Per Share
SHREECEM,2007-03-21,dividend,1.000000,6,cash dividend per share,Int Div-Rs.6/- Per Sh Purpose Revised
SHREECEM,2008-07-10,dividend,1.000000,8,cash dividend per share,Agm/Div-Rs.8 Per Share
SHREECEM,2009-05-04,dividend,1.000000,5,cash dividend per share,Int Div-Rs.5/- Per Share Purpose Revised
SHREECEM,2010-01-25,dividend,1.000000,5,cash dividend per share,Int Div-Rs.5/- Per Share Purpose Revised
SHREECEM,2010-08-05,dividend,1.000000,8,cash dividend per share,Annual General Meeting And Final Dividend Rs.8/- Per Share
SHREECEM,2011-02-04,dividend,1.000000,6,cash dividend per share,Interim Dividend-Rs.6/- Per Share (Purpose Revised)
SHREECEM,2011-07-21,dividend,1.000000,8,cash dividend per share,Annual General Meeting And Dividend Rs.8/- Per Share
SHREECEM,2012-01-27,dividend,1.000000,6,cash dividend per share,Interim Dividend Rs.6/- Per Share (Purpose Revised)
SHREECEM,2012-05-18,dividend,1.000000,6,cash dividend per share,Interim Dividend Rs 6 Per Share (Purpose Revised)
SHREECEM,2012-10-08,dividend,1.000000,8,cash dividend per share,Annual General Meeting And Dividend Rs.8/- Per Share
SHREECEM,2013-05-03,dividend,1.000000,8,cash dividend per share,Interim Dividend Rs.8/- Per Equity Share (Purpose Revised)
SHREECEM,2013-10-17,dividend,1.000000,12,cash dividend per share,Annual General Meeting / Final Dividend - Rs.12/- Per Share
SHREECEM,2014-01-31,dividend,1.000000,10,cash dividend per share,Interim Dividend - Rs 10/- Per Share (Purpose Revised)
SHREECEM,2014-08-28,dividend,1.000000,22,cash dividend per share,Second Interim Dividend - Rs 12/- Per Share + First Interim Dividend - Rs 10/- Per Share (Purpose Revised)
SHREECEM,2015-11-05,dividend,1.000000,14,cash dividend per share,Annual General Meeting/ Dividend - Rs 14/- Per Share
SHREECEM,2016-02-10,dividend,1.000000,12,cash dividend per share,Interim Dividend - Rs 12/- Per Share (Purpose Revised)
SHREECEM,2016-03-17,dividend,1.000000,12,cash dividend per share,Interim Dividend - Rs 12/- Per Share (Pupose Revised)
SHREECEM,2016-08-22,dividend,1.000000,16,cash dividend per share,Interim Dividend - Rs 16/- Per Share (Purpose Revised)
SHREECEM,2017-02-06,dividend,1.000000,100,cash dividend per share,Special Dividend Rs 100/- Per Share (Purpose Revised)
SHREECEM,2017-07-21,dividend,1.000000,24,cash dividend per share,Dividend - Rs 24 Per Share
SHREECEM,2018-01-18,dividend,1.000000,20,cash dividend per share,Interim Dividend - Rs 20 Per Share (Purpose Revised)
SHREECEM,2018-07-20,dividend,1.000000,30,cash dividend per share,Dividend- Rs 30 Per Share
SHREECEM,2019-01-29,dividend,1.000000,25,cash dividend per share,Interim Dividend - Rs 25 Per Share
SHREECEM,2019-07-31,dividend,1.000000,35,cash dividend per share,Dividend - Rs 35 Per Share
SHREECEM,2020-02-24,dividend,1.000000,110,cash dividend per share,Interim Dividend - Rs 110 Per Share
SHREECEM,2021-07-22,dividend,1.000000,60,cash dividend per share,Dividend - Rs 60 Per Share
SHREECEM,2022-02-10,dividend,1.000000,45,cash dividend per share,Interim Dividend - Rs 45 Per Share
SHREECEM,2022-07-13,dividend,1.000000,45,cash dividend per share,Dividend - Rs 45 Per Share
SHREECEM,2023-02-16,dividend,1.000000,45,cash dividend per share,Interim Dividend - Rs 45 Per Share
SHREECEM,2023-06-01,dividend,1.000000,55,cash dividend per share,Interim Dividend - Rs 55 Per Share
SHREECEM,2024-02-08,dividend,1.000000,50,cash dividend per share,Interim Dividend - Rs 50 Per Share
SHREECEM,2024-07-23,dividend,1.000000,55,cash dividend per share,Dividend - Rs 55 Per Share
SHREECEM,2025-02-05,dividend,1.000000,50,cash dividend per share,Interim Dividend - Rs 50 Per Share
SHREECEM,2025-07-21,dividend,1.000000,60,cash dividend per share,Dividend - Rs 60 Per Share
SHREECEM,2025-11-03,dividend,1.000000,80,cash dividend per share,Interim Dividend - Rs 80 Per Share
SHREECEM,2026-07-17,dividend,1.000000,70,cash dividend per share,Dividend - Rs 70 Per Share
SHRIRAMCIT,2007-08-10,dividend,1.000000,2,cash dividend per share,Agm/Final Dividend-20%
SHRIRAMCIT,2007-12-06,dividend,1.000000,1,cash dividend per share,Interim Dividend-10%
SHRIRAMCIT,2008-07-29,dividend,1.000000,3,cash dividend per share,Agm/Dividend - 30%
SHRIRAMCIT,2008-11-17,dividend,1.000000,1,cash dividend per share,Interim Dividend - 10%
SHRIRAMCIT,2009-07-27,dividend,1.000000,3,cash dividend per share,Agm/Div-Rs.3/- Per Share
SHRIRAMCIT,2009-11-10,dividend,1.000000,2,cash dividend per share,Int Div-Rs.2/- Per Share
SHRIRAMCIT,2010-07-21,dividend,1.000000,3,cash dividend per share,Annual General Meeting And Final Dividend Rs.3/- Per Share
SHRIRAMCIT,2010-11-09,dividend,1.000000,2.5,cash dividend per share,Interim Divided - Rs 2.50/- Per Share
SHRIRAMCIT,2011-07-19,dividend,1.000000,3.5,cash dividend per share,Annual General Meeting And Dividend Rs.3.50 Per Share
SHRIRAMCIT,2011-11-11,dividend,1.000000,2.5,cash dividend per share,Interim Dividend Rs.2.50 Per Share
SHRIRAMCIT,2012-07-18,dividend,1.000000,4,cash dividend per share,Annual General Meeting/Dividend Rs 4 Per Share
SHRIRAMCIT,2012-11-15,dividend,1.000000,2.5,cash dividend per share,Interim Dividend Rs 2.50 Per Share
SHRIRAMCIT,2013-07-17,dividend,1.000000,6,cash dividend per share,Annual General Meeting And Final Dividend Rs 6 Per Equity Share
SHRIRAMCIT,2013-11-07,dividend,1.000000,4,cash dividend per share,Interim Dividend - Rs 4/- Per Share
SHRIRAMCIT,2014-07-18,dividend,1.000000,6,cash dividend per share,Annual General Meeting / Final Dividend - Rs 6/- Per Share
SHRIRAMCIT,2014-11-13,dividend,1.000000,4.5,cash dividend per share,Interim Dividend - Rs 4.50/- Per Share
SHRIRAMCIT,2015-07-20,dividend,1.000000,10.5,cash dividend per share,Annual General Meeting/ Dividend - Rs 10.50/- Per Share
SHRIRAMCIT,2015-11-06,dividend,1.000000,5,cash dividend per share,Interim Dividend - Rs 5/- Per Share
SHRIRAMCIT,2016-07-20,dividend,1.000000,10,cash dividend per share,Annual General Meeting/ Dividend - Rs 10/- Per Share
SHRIRAMCIT,2016-11-08,dividend,1.000000,5,cash dividend per share,Interim Dividend Rs 5/- Per Share
SHRIRAMCIT,2017-06-22,dividend,1.000000,10,cash dividend per share,Annual General Meeting/Dividend - Rs 10/- Per Share
SHRIRAMCIT,2017-11-14,dividend,1.000000,6,cash dividend per share,Interim Dividend - Rs 6/- Per Share
SHRIRAMCIT,2018-07-17,dividend,1.000000,12,cash dividend per share,Annual General Meeting / Dividend- Rs 12 Per Share
SHRIRAMCIT,2018-11-06,dividend,1.000000,6,cash dividend per share,Interim Dividend - Rs 6 Per Share
SHRIRAMCIT,2019-07-19,dividend,1.000000,16,cash dividend per share,Annual General Meeting/ Dividend - Rs 16 Per Share
SHRIRAMCIT,2019-11-07,dividend,1.000000,6,cash dividend per share,Interim Dividend - Rs 6 Per Sh
SHRIRAMCIT,2020-11-11,dividend,1.000000,10,cash dividend per share,Interim Dividend - Rs 10 Per Share
SHRIRAMCIT,2021-04-06,dividend,1.000000,10,cash dividend per share,Interim Dividend - Rs 10 Per Share
SHRIRAMCIT,2021-07-20,dividend,1.000000,13,cash dividend per share,Annual General Meeting/Dividend - Rs 13 Per Share
SHRIRAMCIT,2021-11-11,dividend,1.000000,10,cash dividend per share,Interim Dividend - Rs 10 Per Share
SHRIRAMCIT,2022-03-16,dividend,1.000000,27,cash dividend per share,Interim Dividend - Rs 27 Per Share
SHRIRAMFIN,2007-08-10,dividend,1.000000,0.4,cash dividend per share,Agm/Final Dividend-20%
SHRIRAMFIN,2007-12-17,dividend,1.000000,1,cash dividend per share,Int Dividend-Re.1 Per Sh
SHRIRAMFIN,2008-07-24,dividend,1.000000,4,cash dividend per share,Agm/Div- Rs 4/- Per Share
SHRIRAMFIN,2008-11-10,dividend,1.000000,0.2,cash dividend per share,Interim Dividend - 10%
SHRIRAMFIN,2009-07-16,dividend,1.000000,4,cash dividend per share,Agm/Div-Rs.4/- Per Share
SHRIRAMFIN,2009-11-09,dividend,1.000000,2,cash dividend per share,Int Div-Rs.2/- Per Share
SHRIRAMFIN,2010-06-03,dividend,1.000000,4,cash dividend per share,Agm/Div-Rs.4/- Per Share
SHRIRAMFIN,2010-11-08,dividend,1.000000,2.5,cash dividend per share,Interim Dividend-Rs.2.50 Per Share
SHRIRAMFIN,2011-06-10,dividend,1.000000,4,cash dividend per share,Annual General Meeting And Final Dividend-Rs.4/- Per Share
SHRIRAMFIN,2011-11-21,dividend,1.000000,2.5,cash dividend per share,Interim Dividend Rs.2.50 Per Share
SHRIRAMFIN,2012-06-21,dividend,1.000000,4,cash dividend per share,Annual General Meeting And Dividend - Rs.4/- Per Share
SHRIRAMFIN,2012-11-15,dividend,1.000000,3,cash dividend per share,Interim Dividend Rs 3 Per Share
SHRIRAMFIN,2013-06-21,dividend,1.000000,4,cash dividend per share,Annual General Meeting And Dividend - Rs.4/- Per Share
SHRIRAMFIN,2013-11-13,dividend,1.000000,3,cash dividend per share,Interim Dividend - Rs 3/- Per Share
SHRIRAMFIN,2014-06-25,dividend,1.000000,4,cash dividend per share,Annual General Meeting / Final Dividend - Rs 4/- Per Share
SHRIRAMFIN,2014-10-30,dividend,1.000000,4,cash dividend per share,Interim Dividend Rs.4/- Per Share (Purpose Revised)
SHRIRAMFIN,2015-07-22,dividend,1.000000,6,cash dividend per share,Annual General Meeting/ Dividend - Rs 6/- Per Share
SHRIRAMFIN,2015-11-05,dividend,1.000000,4,cash dividend per share,Interim Dividend - Rs 4/- Per Share (Purposed Revised)
SHRIRAMFIN,2016-07-18,dividend,1.000000,6,cash dividend per share,Annual General Meeting/Dividend -Rs 6/- Per Share
SHRIRAMFIN,2016-11-03,dividend,1.000000,4,cash dividend per share,Interim Dividend Rs 4/- Per Share (Purpose Revised)
SHRIRAMFIN,2017-06-21,dividend,1.000000,6,cash dividend per share,Annual General Meeting/Dividend - Rs 6/- Per Shre
SHRIRAMFIN,2017-11-10,dividend,1.000000,5,cash dividend per share,Interim Dividend - Rs 5/- Per Share (Purpose Revised)
SHRIRAMFIN,2018-07-18,dividend,1.000000,6,cash dividend per share,Annual General Meeting/Dividend Rs 6/- Per Share
SHRIRAMFIN,2018-11-05,dividend,1.000000,5,cash dividend per share,Interim Dividend - Rs 5 Per Sh
SHRIRAMFIN,2019-06-19,dividend,1.000000,7,cash dividend per share,Annual General Meeting/Dividend - Rs 7 Per Share
SHRIRAMFIN,2019-11-07,dividend,1.000000,5,cash dividend per share,Interim Dividend-Rs 5 Per Sh
SHRIRAMFIN,2020-07-09,rights,0.973261,,"rights 3:26 at 562, theoretical ex-rights price",Rights 3:26 @ Premium Rs 560/-
SHRIRAMFIN,2020-11-09,dividend,1.000000,6,cash dividend per share,Interim Dividend - Rs 6 Per Share
SHRIRAMFIN,2021-04-05,dividend,1.000000,6,cash dividend per share,Interim Dividend - Rs 6 Per Share
SHRIRAMFIN,2021-06-16,dividend,1.000000,6,cash dividend per share,Annual General Meeting/Dividend - Rs 6 Per Share
SHRIRAMFIN,2021-11-09,dividend,1.000000,8,cash dividend per share,Interim Dividend - Rs 8 Per Share
SHRIRAMFIN,2022-03-11,dividend,1.000000,12,cash dividend per share,Interim Dividend - Rs 12 Per Share
SHRIRAMFIN,2023-01-03,dividend,1.000000,15,cash dividend per share,Interim Dividend - Rs 15 Per Share
SHRIRAMFIN,2023-06-16,dividend,1.000000,20,cash dividend per share,Annual General Meeting/Dividend - Rs 20 Per Share
SHRIRAMFIN,2023-11-06,dividend,1.000000,20,cash dividend per share,Interim Dividend - Rs 20 Per Share
SHRIRAMFIN,2024-02-06,dividend,1.000000,10,cash dividend per share,Interim Dividend - Rs 10 Per Share
SHRIRAMFIN,2024-07-23,dividend,1.000000,15,cash dividend per share,Annual General Meeting/Dividend - Rs 15 Per Share
SHRIRAMFIN,2024-11-07,dividend,1.000000,22,cash dividend per share,Interim Dividend - Rs 22 Per Share
SHRIRAMFIN,2025-01-10,split,0.200000,,face value 10 to 2,Face Value Split (Sub-Division) - From Rs 10/- Per Share To Rs 2/- Per Share
SHRIRAMFIN,2025-01-31,dividend,1.000000,2.5,cash dividend per share,Interim Dividend - Rs 2.50 Per Share
SHRIRAMFIN,2025-07-11,dividend,1.000000,3,cash dividend per share,Dividend - Rs 3 Per Share
SHRIRAMFIN,2025-11-07,dividend,1.000000,4.8,cash dividend per share,Interim Dividend - Rs 4.80 Per Share
SHRIRAMFIN,2026-07-03,dividend,1.000000,6,cash dividend per share,Dividend - Rs 6 Per Share
SIEMENS,2007-01-02,dividend,1.000000,3.8,cash dividend per share,Agm/Dividend - 190%
SIEMENS,2008-01-14,dividend,1.000000,4.8,cash dividend per share,Dividend - Rs.4.80 Per Sh
SIEMENS,2008-02-29,bonus,0.500000,,bonus 1:1,Bonus 1:1
SIEMENS,2009-01-14,dividend,1.000000,3,cash dividend per share,Agm/Dividend - 150%
SIEMENS,2010-01-19,dividend,1.000000,5,cash dividend per share,Dividend-Rs.5/- Per Share
SIEMENS,2011-01-18,dividend,1.000000,5,cash dividend per share,Dividend-Rs.5/- Per Share
SIEMENS,2012-01-16,dividend,1.000000,6,cash dividend per share,Dividend - Rs.6/- Per Share
SIEMENS,2013-01-16,dividend,1.000000,6,cash dividend per share,Annual General Meeting / Dividend Rs. 6/- Per Share
SIEMENS,2014-01-15,dividend,1.000000,5,cash dividend per share,Annual General Meeting / Dividend - Rs 5/- Per Share
SIEMENS,2015-01-14,dividend,1.000000,6,cash dividend per share,Annual General Meeting/Final Dividend - Rs 6/- Per Share
SIEMENS,2016-01-21,dividend,1.000000,10,cash dividend per share,Final Dividend Rs 6/- Plus Special Dividend Rs 4/- Per Share
SIEMENS,2016-08-12,dividend,1.000000,27.5,cash dividend per share,Interim Dividend - Rs 27.50/- Per Share
SIEMENS,2017-01-31,dividend,1.000000,6,cash dividend per share,Dividend - Rs 6/- Per Share
SIEMENS,2018-01-25,dividend,1.000000,7,cash dividend per share,Dividend- Rs 7/- Per Share
SIEMENS,2019-01-28,dividend,1.000000,7,cash dividend per share,Dividend- Rs 7/- Per Share
SIEMENS,2020-02-03,dividend,1.000000,7,cash dividend per share,Dividend - Rs 7 Per Share
SIEMENS,2021-01-27,dividend,1.000000,7,cash dividend per share,Dividend - Rs 7 Per Share
SIEMENS,2022-01-20,dividend,1.000000,8,cash dividend per share,Dividend - Rs 8 Per Share
SIEMENS,2023-01-31,dividend,1.000000,10,cash dividend per share,Dividend - Rs 10 Per Share
SIEMENS,2024-01-30,dividend,1.000000,10,cash dividend per share,Dividend - Rs 10 Per Share
SIEMENS,2025-01-30,dividend,1.000000,12,cash dividend per share,Dividend - Rs 12 Per Share
SIEMENS,2025-04-07,demerger,0.570691,,ex-date close / previous close,Demerger
SIEMENS,2026-07-29,dividend,1.000000,18,cash dividend per share,Dividend - Rs 18 Per Share
SJVN,2010-09-01,dividend,1.000000,0.6,cash dividend per share,Dividend-Re.0.60 Per Share
SJVN,2011-08-17,dividend,1.000000,0.8,cash dividend per share,Dividend-Re.0.80 Per Share
SJVN,2013-09-04,dividend,1.000000,0.96,cash dividend per share,Annual General Meeting/Dividend Re 0.96/- Per Share
SJVN,2014-09-01,dividend,1.000000,0.98,cash dividend per share,Annual General Meeting / Final Dividend - Re 0.98/- Per Share
SJVN,2015-02-16,dividend,1.000000,0.63,cash dividend per share,Interim Dividend - Re 0.63/- Per Share
SJVN,2015-09-14,dividend,1.000000,0.42,cash dividend per share,Annual General Meeting/ Dividend - Re 0.42 Per Share
SJVN,2016-02-16,dividend,1.000000,0.63,cash dividend per share,Interim Dividend - Re 0.63 Per Share
SJVN,2016-09-14,dividend,1.000000,0.47,cash dividend per share,Annual General Meeting/Dividend - Re 0.47 Per Share
SJVN,2017-02-22,dividend,1.000000,2.25,cash dividend per share,Interim Dividend Rs 2.25 Per Share
SJVN,2017-09-14,dividend,1.000000,0.5,cash dividend per share,Annual General Meeting/Dividend - Re 0.50 Per Share
SJVN,2018-02-21,dividend,1.000000,1.9,cash dividend per share,Interim Dividend - Rs 1.90 Per Share
SJVN,2018-09-17,dividend,1.000000,0.2,cash dividend per share,Annual General Meeting/Dividend Re 0.20 Per Share
SJVN,2019-02-18,dividend,1.000000,1.5,cash dividend per share,Interim Dividend - Rs 1.50 Per Share
SJVN,2019-09-19,dividend,1.000000,0.65,cash dividend per share,Annual General Meeting/Dividend - Rs 0.65 Per Share
SJVN,2020-02-25,dividend,1.000000,1.7,cash dividend per share,Interim Dividend - Rs 1.70 Per Share
SJVN,2020-09-21,dividend,1.000000,0.5,cash dividend per share,Annual General Meeting/Dividend - Rs 0.50 Per Share
SJVN,2021-02-23,dividend,1.000000,1.8,cash dividend per share,Interim Dividend - Rs 1.80 Per Share
SJVN,2021-09-21,dividend,1.000000,0.4,cash dividend per share,Annual General Meeting/Dividend - Rs 0.40 Per Share
SJVN,2022-02-21,dividend,1.000000,1.15,cash dividend per share,Interim Dividend - Rs 1.15 Per Share
SJVN,2022-09-21,dividend,1.000000,0.55,cash dividend per share,Annual General Meeting/Dividend - Re 0.55 Per Share
SJVN,2023-02-17,dividend,1.000000,1.15,cash dividend per share,Interim Dividend - Rs 1.15 Per Share
SJVN,2023-09-21,dividend,1.000000,0.62,cash dividend per share,Annual General Meeting/Dividend - Re 0.62 Per Share
SJVN,2024-02-21,dividend,1.000000,1.15,cash dividend per share,Interim Dividend - Rs 1.15 Per Share
SJVN,2024-09-12,dividend,1.000000,0.65,cash dividend per share,Annual General Meeting/Dividend - Re 0.65 Per Share
SJVN,2025-02-21,dividend,1.000000,1.15,cash dividend per share,Interim Dividend - Rs 1.15 Per Share
SJVN,2025-09-18,dividend,1.000000,0.31,cash dividend per share,Dividend - Re 0.31 Per Share
SJVN,2026-02-20,dividend,1.000000,1.15,cash dividend per share,Interim Dividend - Rs 1.15 Per Share
SJVN,2026-08-24,dividend,1.000000,0.35,cash dividend per share,Dividend - Re 0.35 Per Share
SKFINDIA,2007-04-05,dividend,1.000000,4.5,cash dividend per share,Final Dividend-45%
SKFINDIA,2008-04-04,dividend,1.000000,6,cash dividend per share,Agm/Dividend - 60%
SKFINDIA,2009-04-02,dividend,1.000000,4.5,cash dividend per share,Agm/Dividend - 45%
SKFINDIA,2010-04-05,dividend,1.000000,4,cash dividend per share,Agm/Div-Rs.4/- Per Share
SKFINDIA,2011-04-25,dividend,1.000000,7,cash dividend per share,Annual General Meeting And Dividend Of Rs. 7 Per Share
SKFINDIA,2012-04-04,dividend,1.000000,7.5,cash dividend per share,Annual General Meeting/Dividend Rs 7.50 Per Share
SKFINDIA,2013-04-18,dividend,1.000000,7.5,cash dividend per share,Annual General Meeting/Dividend Rs 7.50 Per Share
SKFINDIA,2014-04-11,dividend,1.000000,7.5,cash dividend per share,Annual General Meeting / Dividend - Rs 7.50/- Per Share (Book Closure End Date Revised)
SKFINDIA,2014-09-23,dividend,1.000000,7.5,cash dividend per share,Interim Dividend Rs.7.50 Per Share (Purpose Revised)
SKFINDIA,2015-04-08,dividend,1.000000,2.5,cash dividend per share,Annual General Meeting/ Final Dividend - Rs 2.50/- Per Share
SKFINDIA,2016-07-08,dividend,1.000000,15,cash dividend per share,Annual General Meeting And Dividend Rs.15/- Per Share
SKFINDIA,2017-07-18,dividend,1.000000,10,cash dividend per share,Annual General Meeting/Dividend-Rs 10 Per Share
SKFINDIA,2018-07-13,dividend,1.000000,12,cash dividend per share,Annual General Meeting/Dividend- Rs 12 Per Share
SKFINDIA,2019-07-11,dividend,1.000000,12,cash dividend per share,Annual General Meeting/ Dividend - Rs 12 Per Share
SKFINDIA,2020-07-14,dividend,1.000000,130,cash dividend per share,Annual General Meeting / Dividend - Rs 130 Per Share
SKFINDIA,2021-07-06,dividend,1.000000,14.5,cash dividend per share,Annual General Meeting/Dividend - Rs 14.50 Per Share
SKFINDIA,2022-06-28,dividend,1.000000,14.5,cash dividend per share,Annual General Meeting/Dividend - Rs 14.50 Per Share
SKFINDIA,2023-06-28,dividend,1.000000,40,cash dividend per share,Dividend - Rs 40 Per Share
SKFINDIA,2024-07-04,dividend,1.000000,130,cash dividend per share,Annual General Meeting/Dividend - Rs 130 Per Share
SKFINDIA,2025-07-04,dividend,1.000000,14.5,cash dividend per share,Annual General Meeting/Dividend - Rs 14.50 Per Share
SKFINDIA,2025-10-15,demerger,0.459228,,ex-date open (special pre-open price) / previous close,Demerger
SKFINDIA,2026-07-03,dividend,1.000000,40,cash dividend per share,Dividend - Rs 40 Per Share
SOLARINDS,2007-09-12,dividend,1.000000,0.3,cash dividend per share,Agm/Dividend-15%
SOLARINDS,2007-11-01,dividend,1.000000,0.3,cash dividend per share,Interim Dividend-15%
SOLARINDS,2008-09-10,dividend,1.000000,0.3,cash dividend per share,Agm/Dividend - 15%
SOLARINDS,2009-09-08,dividend,1.000000,4.5,cash dividend per share,Agm/Div-Rs.4.50 Per Share
SOLARINDS,2010-02-17,dividend,1.000000,3.5,cash dividend per share,Int Div-Rs.3.50 Per Share
SOLARINDS,2010-08-11,dividend,1.000000,3.5,cash dividend per share,Annual General Meeting / Dividend Rs 3.50 Per Share
SOLARINDS,2010-11-11,dividend,1.000000,4,cash dividend per share,Interim Dividend - Rs 4 Per Share
SOLARINDS,2011-07-29,dividend,1.000000,4,cash dividend per share,Annual General Meeting And Dividend Rs.4/- Per Share
SOLARINDS,2011-11-22,dividend,1.000000,5,cash dividend per share,Interim Dividend Rs.5/- Per Share
SOLARINDS,2012-08-01,dividend,1.000000,5,cash dividend per share,Annual General Meeting And Dividend - Rs.5/- Per Share
SOLARINDS,2012-11-15,dividend,1.000000,5,cash dividend per share,Interim Dividend Rs.5/- Per Share
SOLARINDS,2013-08-30,dividend,1.000000,6,cash dividend per share,Annual General Meeting / Dividend - Rs.6/- Per Equity Share
SOLARINDS,2013-11-13,dividend,1.000000,5,cash dividend per share,Interim Dividend - Rs 5/- Per Share
SOLARINDS,2014-08-22,dividend,1.000000,7,cash dividend per share,Annual General Meeting / Final Dividend - Rs 7/- Per Share
SOLARINDS,2014-11-19,dividend,1.000000,8,cash dividend per share,Interim Dividend - Rs 8/- Per Share
SOLARINDS,2015-08-27,dividend,1.000000,9,cash dividend per share,Annual General Meeting/Dividend - Rs 9/- Per Share
SOLARINDS,2015-11-09,dividend,1.000000,9,cash dividend per share,Interim Dividend - Rs 9/- Per Share
SOLARINDS,2016-03-16,dividend,1.000000,13.5,cash dividend per share,Interim Dividend - Rs 13.50/- Per Share
SOLARINDS,2016-07-13,split,0.200000,,face value 10 to 2,Fv Splt Frm Rs 10 To Rs 2
SOLARINDS,2017-02-20,dividend,1.000000,2,cash dividend per share,Interim Dividend Rs 2/- Per Share (Purpose Revised)
SOLARINDS,2017-08-09,dividend,1.000000,3,cash dividend per share,Annual General Meeting/Dividend - Rs 3/- Per Share (Book Closure Dates Revised)
SOLARINDS,2018-07-18,dividend,1.000000,6,cash dividend per share,Annual General Meeting / Dividend- Rs 6 Per Share
SOLARINDS,2019-07-18,dividend,1.000000,7,cash dividend per share,Annual General Meeting/ Dividend - Rs 7 Per Share
SOLARINDS,2020-09-03,dividend,1.000000,6,cash dividend per share,Annual General Meeting/Dividend - Rs 6 Per Share
SOLARINDS,2021-08-18,dividend,1.000000,6,cash dividend per share,Annual General Meeting/Dividend - Rs 6 Per Share
SOLARINDS,2022-05-27,dividend,1.000000,7.5,cash dividend per share,Annual General Meeting/ Dividend - Rs 7.50 Per Share
SOLARINDS,2023-06-09,dividend,1.000000,8,cash dividend per share,Annual General Meeting/Dividend - Rs 8 Per Share
SOLARINDS,2024-07-04,dividend,1.000000,8.5,cash dividend per share,Annual General Meeting/Dividend - Rs 8.50 Per Share
SOLARINDS,2025-07-08,dividend,1.000000,10,cash dividend per share,Annual General Meeting/Dividend - Rs 10 Per Share
SOLARINDS,2026-07-28,dividend,1.000000,11,cash dividend per share,Dividend - Rs 11 Per Share
SONACOMS,2022-02-11,dividend,1.000000,0.77,cash dividend per share,Interim Dividend - Rs 0.77 Per Share
SONACOMS,2022-06-29,dividend,1.000000,0.77,cash dividend per share,Dividend - Rs 0.77 Per Share
SONACOMS,2023-02-06,dividend,1.000000,1.28,cash dividend per share,Interim Dividend - Rs 1.28 Per Share
SONACOMS,2023-06-30,dividend,1.000000,1.53,cash dividend per share,Dividend - Rs 1.53 Per Share
SONACOMS,2024-02-05,dividend,1.000000,1.53,cash dividend per share,Interim Dividend - Rs 1.53 Per Share
SONACOMS,2024-06-14,dividend,1.000000,1.53,cash dividend per share,Dividend - Rs 1.53 Per Share
SONACOMS,2025-02-05,dividend,1.000000,1.6,cash dividend per share,Interim Dividend - Rs 1.60 Per Share
SONACOMS,2025-07-04,dividend,1.000000,1.6,cash dividend per share,Dividend - Rs 1.60 Per Share
SONACOMS,2026-01-30,dividend,1.000000,1.6,cash dividend per share,Interim Dividend - Rs 1.60 Per Share
SONACOMS,2026-06-25,dividend,1.000000,1.8,cash dividend per share,Dividend - Rs 1.80 Per Share
SPARC,2012-08-23,rights,0.983696,,"rights 1:7 at 67, theoretical ex-rights price",Rights 1: 7@ Premium Rs 66 Per Share
SPARC,2016-03-16,rights,0.993242,,"rights 5:116 at 245, theoretical ex-rights price",Rights 5: 116 At Premium Rs 244/- Per Share
SRF,2007-03-22,dividend,1.000000,4,cash dividend per share,Interim Dividend-40% Purpose Revised
SRF,2007-06-29,dividend,1.000000,2,cash dividend per share,Agm/Dividend - 20%
SRF,2008-03-18,dividend,1.000000,3,cash dividend per share,Interim Dividend - 30% Purpose Revised
SRF,2008-06-27,dividend,1.000000,2,cash dividend per share,Agm/Dividend - 20%
SRF,2008-10-31,dividend,1.000000,5,cash dividend per share,Interim Dividend - 50% Purpose Revised
SRF,2009-03-31,dividend,1.000000,5,cash dividend per share,2nd Interim Dividend-50% Purpose Revised
SRF,2009-11-12,dividend,1.000000,7,cash dividend per share,Int Div-Rs.7/- Per Share
SRF,2010-04-08,dividend,1.000000,7,cash dividend per share,2nd Int Div-Rs.7/- Pr Shr
SRF,2010-11-02,dividend,1.000000,7,cash dividend per share,Interim Dividend-Rs.7/- Per Share (Purpose Revised)
SRF,2011-03-04,dividend,1.000000,7,cash dividend per share,Interim Dividend Rs 7 Per Share (Purpose Revised)
SRF,2011-11-22,dividend,1.000000,7,cash dividend per share,Interim Dividend Rs.7/- Per Share
SRF,2012-02-23,dividend,1.000000,7,cash dividend per share,Interim Dividend Rs.7/- Per Share
SRF,2012-11-15,dividend,1.000000,5,cash dividend per share,Interim Dividend Rs 5 Per Share
SRF,2013-02-25,dividend,1.000000,5,cash dividend per share,Interim Dividend Rs 5 Per Share
SRF,2013-11-07,dividend,1.000000,3,cash dividend per share,Interim Dividend - Rs 3/- Per Share
SRF,2014-02-14,dividend,1.000000,7,cash dividend per share,Ii Interim Dividend Rs.7/- Per Share (Purpose Revised)
SRF,2014-08-27,dividend,1.000000,5,cash dividend per share,Interim Dividend Rs 5/- Per Share
SRF,2015-02-13,dividend,1.000000,5,cash dividend per share,Second Interim Dividend Rs 5/- Per Share (Purpose Revised)
SRF,2015-08-28,dividend,1.000000,5,cash dividend per share,Interim Dividend - Rs 5/- Per Share
SRF,2016-02-15,dividend,1.000000,5,cash dividend per share,Interim Dividend Rs 5/- Per Share (Purpose Revised)
SRF,2016-08-16,dividend,1.000000,6,cash dividend per share,Interim Dividend Rs.6/- Per Share (Purpose Revised)
SRF,2017-02-17,dividend,1.000000,6,cash dividend per share,Interim Dividend Rs 6/- Per Share (Purpose Revised)
SRF,2017-08-16,dividend,1.000000,6,cash dividend per share,Interim Dividend - Rs 6/- Per Share
SRF,2018-02-15,dividend,1.000000,6,cash dividend per share,Interim Dividend Rs 6/- Per Share (Purpose Revised)
SRF,2018-08-14,dividend,1.000000,6,cash dividend per share,Interim Dividend- Rs 6 Per Share (Purpose Revised)
SRF,2019-02-11,dividend,1.000000,6,cash dividend per share,Interim Dividend - Rs 6 Per Share
SRF,2019-08-13,dividend,1.000000,7,cash dividend per share,Interim Dividend - Rs 7 Per Share
SRF,2020-02-10,dividend,1.000000,7,cash dividend per share,Interim Dividend - Rs 7 Per Share
SRF,2020-08-06,dividend,1.000000,5,cash dividend per share,Interim Dividend - Rs 5 Per Share
SRF,2021-01-29,dividend,1.000000,19,cash dividend per share,Interim Dividend - Rs 19 Per Share
SRF,2021-08-05,dividend,1.000000,12,cash dividend per share,Interim Dividend - Rs 12 Per Share
SRF,2021-10-13,bonus,0.200000,,bonus 4:1,Bonus 4:1
SRF,2022-02-03,dividend,1.000000,4.75,cash dividend per share,Interim Dividend - Rs 4.75 Per Share
SRF,2022-07-28,dividend,1.000000,3.6,cash dividend per share,Interim Dividend- Rs 3.60 Per Share
SRF,2023-02-07,dividend,1.000000,3.6,cash dividend per share,Interim Dividend - Rs 3.60 Per Share
SRF,2023-08-01,dividend,1.000000,3.6,cash dividend per share,Interim Dividend - Rs 3.60 Per Share
SRF,2024-02-07,dividend,1.000000,3.6,cash dividend per share,Interim Dividend - Rs 3.60 Per Share
SRF,2024-07-31,dividend,1.000000,3.6,cash dividend per share,Interim Dividend - Rs 3.60 Per Share
SRF,2025-02-04,dividend,1.000000,3.6,cash dividend per share,Interim Dividend - Rs 3.6 Per Sh
SRF,2025-07-29,dividend,1.000000,4,cash dividend per share,Interim Dividend - Rs 4 Per Sh
SRF,2026-01-27,dividend,1.000000,5,cash dividend per share,Interim Dividend - Rs 5 Per Share
SRF,2026-07-28,dividend,1.000000,5,cash dividend per share,Interim Dividend - Rs 5 Per Share
STAR,2007-06-12,dividend,1.000000,2,cash dividend per share,Agm/Dividend-20%
STAR,2010-05-21,dividend,1.000000,1.5,cash dividend per share,Annual General Meeting And Dividend Rs.1.50 Per Share
STAR,2011-05-18,dividend,1.000000,1.5,cash dividend per share,Annual General Meeting And Dividend Rs.1.50 Per Share
STAR,2012-05-14,dividend,1.000000,2,cash dividend per share,Annual General Meeting And Dividend Rs.2/- Per Share
STAR,2013-05-30,dividend,1.000000,2,cash dividend per share,Annual General Meeting And Dividend Rs.2/- Per Share
STAR,2013-12-19,dividend,1.000000,500,cash dividend per share,Special Dividend - Rs 500/- Per Share
STAR,2014-09-01,dividend,1.000000,5,cash dividend per share,Annual General Meeting / Dividend - Rs 5/- Per Share
STAR,2014-10-16,dividend,1.000000,105,cash dividend per share,Special Dividend Rs.105/- Per Share
STAR,2015-07-22,dividend,1.000000,3,cash dividend per share,Annual General Meeting/ Dividend - Rs 3/- Per Share
STAR,2016-07-21,dividend,1.000000,4,cash dividend per share,Annual General Meeting/ Dividend - Rs 4/- Per Share
STAR,2017-09-07,dividend,1.000000,4.5,cash dividend per share,Annual General Meeting/Dividend - Rs 4.50 Per Share
STAR,2018-04-06,demerger,0.967791,,ex-date open (special pre-open price) / previous close,Scheme Of Arrangement
STAR,2018-09-12,dividend,1.000000,2,cash dividend per share,Annual General Meeting/Dividend Rs 2 Per Share
STAR,2019-07-19,dividend,1.000000,3,cash dividend per share,Annual General Meeting/Dividend - Rs 3 Per Share
STAR,2019-08-22,dividend,1.000000,12,cash dividend per share,Interim Dividend - Rs 12 Per Share
STAR,2020-07-24,dividend,1.000000,2,cash dividend per share,Annual General Meeting/Dividend - Rs 2 Per Share
STAR,2021-08-05,dividend,1.000000,2.5,cash dividend per share,Dividend - Rs 2.50 Per Share
STAR,2023-08-04,dividend,1.000000,1.5,cash dividend per share,Dividend - Rs 1.50 Per Share
STAR,2024-09-09,dividend,1.000000,2.5,cash dividend per share,Dividend - Rs 2.50 Per Share
STAR,2024-12-06,demerger,0.437729,,ex-date open (special pre-open price) / previous close,Demerger
STAR,2025-07-22,dividend,1.000000,4,cash dividend per share,Dividend - Rs 4 Per Share
STAR,2026-07-31,dividend,1.000000,5,cash dividend per share,Dividend - Rs 5 Per Share
STER,2008-08-14,dividend,1.000000,2,cash dividend per share,Agm/Dividend - 200%
STER,2009-09-14,dividend,1.000000,3.5,cash dividend per share,Agm/Div-Rs.3.50 Per Share
STER,2010-05-19,dividend,1.000000,3.75,cash dividend per share,Dividend-Rs.3.75 Per Share
STER,2010-06-21,bonus,0.500000,,bonus 1:1,Bonus 1:1 And Face Value Split From Rs.2/- To Re.1/-
STER,2010-06-21,split,0.500000,,face value 2 to 1,Bonus 1:1 And Face Value Split From Rs.2/- To Re.1/-
STER,2011-07-15,dividend,1.000000,1.1,cash dividend per share,Annual General Meeting And Dividend Rs.1.10 Per Share
STER,2011-10-31,dividend,1.000000,1,cash dividend per share,Interim Dividend Re.1/- Per Share (Purpose Revised)
STER,2012-06-25,dividend,1.000000,1,cash dividend per share,Annual General Meeting And Dividend Re.1/- Per Share
STER,2012-10-29,dividend,1.000000,1.1,cash dividend per share,Interim Dividend Re.1.10 Per Share (Purpose Revised)
STER,2013-05-09,dividend,1.000000,1.2,cash dividend per share,Interim Dividend Rs.1.20/- Per Equity Share
STLTECH,2007-07-06,dividend,1.000000,0.3,cash dividend per share,Agm/Dividend-15%
STLTECH,2008-07-23,dividend,1.000000,0.4,cash dividend per share,Dividend - 20%
STLTECH,2009-07-16,dividend,1.000000,0.5,cash dividend per share,Dividend - 25%
STLTECH,2010-03-09,bonus,0.500000,,bonus 1:1,Bon 1:1/Fv Spl Rs.5tors.2
STLTECH,2010-03-09,split,0.400000,,face value 5 to 2,Bon 1:1/Fv Spl Rs.5tors.2
STLTECH,2010-07-05,dividend,1.000000,0.5,cash dividend per share,Annual General Meeting And Final Dividend Re.0.50 Per Share
STLTECH,2011-09-09,dividend,1.000000,0.5,cash dividend per share,Annual General Meeting/Dividend Re 0.50 Per Share
STLTECH,2012-09-04,dividend,1.000000,0.3,cash dividend per share,Annual General Meeting And Dividend Re.0.30 Per Share
STLTECH,2013-07-29,dividend,1.000000,0.3,cash dividend per share,Annual General Meeting / Dividend - Re 0.30/- Per Share
STLTECH,2014-08-07,dividend,1.000000,0.3,cash dividend per share,Annual General Meeting/Dividend Re 0.30/- Per Share
STLTECH,2015-07-23,dividend,1.000000,0.6,cash dividend per share,Annual General Meeting/ Dividend - Re 0.60/- Per Share
STLTECH,2016-06-15,demerger,0.804573,,ex-date open (special pre-open price) / previous close,Sheme Of Arrangement
STLTECH,2016-08-25,dividend,1.000000,1,cash dividend per share,Annual General Meeting/ Dividend - Re 1/- Per Share
STLTECH,2016-11-10,dividend,1.000000,0.5,cash dividend per share,Interim Dividend Re 0.50 Per Share (Purpose Revised)
STLTECH,2017-06-29,dividend,1.000000,0.75,cash dividend per share,Annual General Meeting/Dividend - Rs 0.75 Per Share
STLTECH,2018-06-21,dividend,1.000000,2,cash dividend per share,Annual General Meeting/Dividend- Rs 2 Per Share
STLTECH,2019-07-18,dividend,1.000000,3.5,cash dividend per share,Annual General Meeting/Dividend- Rs 3.50 Per Share
STLTECH,2020-08-27,dividend,1.000000,3.5,cash dividend per share,Annual General Meeting/Dividend - Rs 3.50 Per Share
STLTECH,2021-08-20,dividend,1.000000,2,cash dividend per share,Annual General Meeting/Dividend - Rs 2 Per Share
STLTECH,2022-08-22,dividend,1.000000,0.5,cash dividend per share,Annual General Meeting/Dividend - Rs 0.50 Per Share
STLTECH,2023-08-08,dividend,1.000000,1,cash dividend per share,Annual General Meeting/Dividend - Re 1 Per Share
STLTECH,2025-04-24,demerger,0.702656,,ex-date open (special pre-open price) / previous close,Demerger
SUMICHEM,2020-09-02,dividend,1.000000,0.55,cash dividend per share,Annual General Meeting/Dividend - Rs 0.55 Per Share
SUMICHEM,2021-07-22,dividend,1.000000,0.8,cash dividend per share,Dividend - Rs 0.80 Per Share
SUMICHEM,2022-07-21,dividend,1.000000,1,cash dividend per share,Dividend - Re 1 Per Sh
SUMICHEM,2023-07-21,dividend,1.000000,1.2,cash dividend per share,Dividend - Rs 1.20 Per Share
SUMICHEM,2024-02-14,dividend,1.000000,5,cash dividend per share,Special Interim Dividend - Rs 5 Per Share
SUMICHEM,2024-07-19,dividend,1.000000,0.9,cash dividend per share,Dividend - Re 0.90 Per Share
SUMICHEM,2025-07-25,dividend,1.000000,1.2,cash dividend per share,Dividend - Rs 1.20 Per Share
SUMICHEM,2026-07-17,dividend,1.000000,1.3,cash dividend per share,Dividend - Rs 1.30 Per Share
SUNDARMFIN,2007-03-20,dividend,1.000000,8.5,cash dividend per share,Interim Dividend-85% Purpose Revised
SUNDARMFIN,2007-07-09,dividend,1.000000,2,cash dividend per share,Agm/Final Dividend-20%
SUNDARMFIN,2008-05-02,dividend,1.000000,10,cash dividend per share,Interim Dividend - 100% Purpose Revised
SUNDARMFIN,2008-07-08,dividend,1.000000,5,cash dividend per share,Agm/Dividend-50%
SUNDARMFIN,2008-08-22,bonus,0.500000,,bonus 1:1,Bonus 1:1
SUNDARMFIN,2009-03-04,dividend,1.000000,4,cash dividend per share,Interim Dividend - 40% Purpose Revised
SUNDARMFIN,2009-07-10,dividend,1.000000,2.5,cash dividend per share,Agm/Div-Rs.2.50 Per Share
SUNDARMFIN,2010-02-09,dividend,1.000000,6,cash dividend per share,Int Div-Rs.6/- Per Share Purpose Revised
SUNDARMFIN,2010-06-30,dividend,1.000000,4,cash dividend per share,Annual General Meeting And Final Dividend Rs.4/- Per Share
SUNDARMFIN,2011-02-02,dividend,1.000000,7,cash dividend per share,Interim Dividend-Rs.7/- Per Share (Purpose Revised)
SUNDARMFIN,2011-06-29,dividend,1.000000,7,cash dividend per share,Annual General Meeting And Dividend Rs.7/- Per Share
SUNDARMFIN,2012-02-01,dividend,1.000000,7.5,cash dividend per share,Interim Dividend Rs.7.50 Per Share (Purpose Revised)
SUNDARMFIN,2012-06-28,dividend,1.000000,8,cash dividend per share,Annual General Meeting/Dividend Rs 8 Per Share
SUNDARMFIN,2012-12-13,bonus,0.500000,,bonus 1:1,Bonus 1:1
SUNDARMFIN,2013-02-14,dividend,1.000000,4.5,cash dividend per share,Interim Dividend Rs 4.50 Per Share (Purpose Revised)
SUNDARMFIN,2013-07-02,dividend,1.000000,4.5,cash dividend per share,Annual General Meeting/Dividend Rs 4.50 Per Share
SUNDARMFIN,2014-07-07,dividend,1.000000,10,cash dividend per share,Annual General Meeting / Dividend - Rs 10/- Per Share
SUNDARMFIN,2015-02-10,dividend,1.000000,4.5,cash dividend per share,Interim Dividend - Rs 4.50/- Per Share
SUNDARMFIN,2015-07-07,dividend,1.000000,6,cash dividend per share,Annual General Meeting / Dividend - Rs 6/- Per Share
SUNDARMFIN,2016-02-09,dividend,1.000000,4.5,cash dividend per share,Interim Dividend Rs 4.50 Per Share
SUNDARMFIN,2016-03-17,dividend,1.000000,5.5,cash dividend per share,Interim Dividend - Rs 5.50/- Per Share
SUNDARMFIN,2016-07-05,dividend,1.000000,1,cash dividend per share,Annual General Meeting/ Dividend - Re 1/- Per Share
SUNDARMFIN,2017-03-01,dividend,1.000000,5,cash dividend per share,Interim Dividend Rs 5/- Per Share
SUNDARMFIN,2017-07-04,dividend,1.000000,6.5,cash dividend per share,Annual General Meeting/Dividend - Rs 6.50/- Per Share
SUNDARMFIN,2018-02-01,demerger,0.896823,,ex-date open (special pre-open price) / previous close,Scheme Of Arrangement
SUNDARMFIN,2018-05-10,dividend,1.000000,5,cash dividend per share,Interim Dividend Rs 5/- Per Share
SUNDARMFIN,2018-07-04,dividend,1.000000,7,cash dividend per share,Annual General Meeting/Dividend- Rs 7 Per Share
SUNDARMFIN,2019-02-11,dividend,1.000000,5,cash dividend per share,Interim Dividend - Rs 5 Per Sh
SUNDARMFIN,2020-02-18,dividend,1.000000,10,cash dividend per share,Interim Dividend - Rs 10 Per Share
SUNDARMFIN,2020-07-02,dividend,1.000000,3,cash dividend per share,Annual General Meeting/Dividend - Rs 3 Per Share
SUNDARMFIN,2021-02-02,dividend,1.000000,12,cash dividend per share,Interim Dividend - Rs 12 Per Share
SUNDARMFIN,2021-08-24,dividend,1.000000,6,cash dividend per share,Annual General Meeting/Dividend - Rs 6 Per Share
SUNDARMFIN,2022-02-17,dividend,1.000000,10,cash dividend per share,Interim Dividend - Rs 10 Per Share
SUNDARMFIN,2022-07-08,dividend,1.000000,10,cash dividend per share,Annual General Meeting/Dividend - Rs 10 Per Share
SUNDARMFIN,2023-02-17,dividend,1.000000,12,cash dividend per share,Interim Dividend - Rs 12 Per Share
SUNDARMFIN,2023-07-05,dividend,1.000000,15,cash dividend per share,Annual General Meeting/Dividend - Rs 15 Per Share
SUNDARMFIN,2024-02-16,dividend,1.000000,14,cash dividend per share,Interim Dividend - Rs 14 Per Share
SUNDARMFIN,2024-07-31,dividend,1.000000,16,cash dividend per share,Annual General Meeting/Dividend - Rs 16 Per Share
SUNDARMFIN,2025-02-07,dividend,1.000000,14,cash dividend per share,Interim Dividend - Rs 14 Per Share
SUNDARMFIN,2025-07-09,dividend,1.000000,21,cash dividend per share,Dividend - Rs 21 Per Share
SUNDARMFIN,2026-02-06,dividend,1.000000,16,cash dividend per share,Interim Dividend - Rs 16 Per Share
SUNDARMFIN,2026-07-06,dividend,1.000000,24,cash dividend per share,Dividend - Rs 24 Per Share
SUNDRMFAST,2007-01-04,bonus,0.500000,,bonus 1:1,Bonus-1:1
SUNDRMFAST,2007-03-20,dividend,1.000000,0.45,cash dividend per share,2nd Int Div-Re0.45 Per Shpurpose Revised
SUNDRMFAST,2007-11-05,dividend,1.000000,0.45,cash dividend per share,Int Div-Re.0.45 Per Sh Purpose Revised
SUNDRMFAST,2008-06-20,dividend,1.000000,0.45,cash dividend per share,2nd Interim Dividend- 45%
SUNDRMFAST,2009-06-16,dividend,1.000000,0.5,cash dividend per share,Int Div-Re.0.50 Per Share
SUNDRMFAST,2010-02-09,dividend,1.000000,0.4,cash dividend per share,Int Div-Re.0.40 Per Share
SUNDRMFAST,2010-06-10,dividend,1.000000,0.5,cash dividend per share,Interim Dividend Re.0.50 Per Share
SUNDRMFAST,2010-11-16,dividend,1.000000,0.55,cash dividend per share,Interim Dividend - Rs. 0.55 Per Share
SUNDRMFAST,2012-02-15,dividend,1.000000,0.6,cash dividend per share,1st Interim Dividend Re.0.60 Per Share (Purpose Revised)
SUNDRMFAST,2012-06-07,dividend,1.000000,0.8,cash dividend per share,Interim Dividend - Rs.0.80 Per Share
SUNDRMFAST,2012-11-22,dividend,1.000000,0.6,cash dividend per share,Interim Dividend Re 0.60 Per Share
SUNDRMFAST,2013-06-11,dividend,1.000000,0.8,cash dividend per share,Second Interim Dividend Rs 0.80/- Per Share
SUNDRMFAST,2013-11-12,dividend,1.000000,0.7,cash dividend per share,Interim Dividend - Re 0.70/- Per Share
SUNDRMFAST,2014-06-10,dividend,1.000000,1,cash dividend per share,Second Interim Dividend - Re 1/- Per Share
SUNDRMFAST,2014-11-17,dividend,1.000000,0.85,cash dividend per share,Interim Dividend Re.0.85 Per Share
SUNDRMFAST,2015-06-09,dividend,1.000000,0.9,cash dividend per share,Second Interim Dividend - Re 0.90/- Per Share
SUNDRMFAST,2015-11-13,dividend,1.000000,0.85,cash dividend per share,Interim Dividend - Re 0.85/- Per Share
SUNDRMFAST,2016-03-17,dividend,1.000000,1.3,cash dividend per share,Interim Dividend - Rs 1.30/- Per Share
SUNDRMFAST,2016-11-10,dividend,1.000000,1.7,cash dividend per share,Interim Dividend Rs 1.70 Per Share
SUNDRMFAST,2017-08-10,dividend,1.000000,2.8,cash dividend per share,Annual General Meeting/Dividend - Rs 2.80/- Per Share
SUNDRMFAST,2017-11-13,dividend,1.000000,1.9,cash dividend per share,Interim Dividend - Rs 1.90 Per Share
SUNDRMFAST,2018-05-17,dividend,1.000000,2.7,cash dividend per share,Inerim Dividend- Rs 2.70 Per Share
SUNDRMFAST,2018-11-09,dividend,1.000000,2,cash dividend per share,Interim Dividend - Rs 2 Per Share
SUNDRMFAST,2019-05-20,dividend,1.000000,3.1,cash dividend per share,Interim Dividend - Rs 3.10 Per Share
SUNDRMFAST,2019-11-14,dividend,1.000000,1.35,cash dividend per share,Interim Dividend - Rs 1.35 Per Share
SUNDRMFAST,2020-03-04,dividend,1.000000,2.8,cash dividend per share,Interim Dividend- Rs 2.80 Per Share
SUNDRMFAST,2020-11-12,dividend,1.000000,1.3,cash dividend per share,Interim Dividend - Rs 1.30 Per Share
SUNDRMFAST,2021-05-18,dividend,1.000000,3.4,cash dividend per share,Interim Dividend - Rs 3.40 Per Share
SUNDRMFAST,2022-02-21,dividend,1.000000,6.45,cash dividend per share,Interim Dividend - Rs 6.45 Per Share
SUNDRMFAST,2022-11-17,dividend,1.000000,5.57,cash dividend per share,Interim Dividend - Rs 3.57 Per Share & Special Dividend - Rs 2 Per Share
SUNDRMFAST,2023-05-16,dividend,1.000000,3.06,cash dividend per share,Interim Dividend - Rs 3.06 Per Share
SUNDRMFAST,2023-11-16,dividend,1.000000,2.68,cash dividend per share,Interim Dividend - Rs 2.68 Per Share
SUNDRMFAST,2024-06-03,dividend,1.000000,4.17,cash dividend per share,Interim Dividend - Rs 4.17 Per Share
SUNDRMFAST,2024-11-18,dividend,1.000000,3,cash dividend per share,Interim Dividend - Rs 3 Per Share
SUNDRMFAST,2025-05-07,dividend,1.000000,4.2,cash dividend per share,Interim Dividend - Rs 4.20 Per Share
SUNDRMFAST,2025-11-04,dividend,1.000000,3.75,cash dividend per share,Interim Dividend - Rs 3.75 Per Share
SUNDRMFAST,2026-05-08,dividend,1.000000,4.25,cash dividend per share,Interim Dividend - Rs 4.25 Per Share
SUNPHARMA,2007-03-15,dividend,1.000000,1.35,cash dividend per share,Interim Dividend-135% Purpose Revised
SUNPHARMA,2007-04-23,demerger,0.929511,,ex-date open (special pre-open price) / previous close,Scheme Of Arrangement
SUNPHARMA,2008-08-25,dividend,1.000000,2.1,cash dividend per share,Dividend - 210%
SUNPHARMA,2009-08-21,dividend,1.000000,13.75,cash dividend per share,Div-Rs.13.75 Per Share
SUNPHARMA,2010-09-09,dividend,1.000000,13.75,cash dividend per share,Dividend-Rs.13.75 Per Share
SUNPHARMA,2010-11-25,split,0.200000,,face value 5 to 1,Face Value Split From Rs.5/- To Re.1/-
SUNPHARMA,2011-09-02,dividend,1.000000,3.5,cash dividend per share,Annual General Meeting And Dividend Rs.3.50 Per Share
SUNPHARMA,2012-08-14,dividend,1.000000,4.25,cash dividend per share,Interim Dividend Rs.4.25 Per Share (Purpose Revised)
SUNPHARMA,2013-07-29,bonus,0.500000,,bonus 1:1,Bonus 1:1
SUNPHARMA,2013-09-19,dividend,1.000000,2.5,cash dividend per share,Annual General Meeting / Dividend - Rs 2.50/- Per Share
SUNPHARMA,2014-09-11,dividend,1.000000,1.5,cash dividend per share,Annual General Meeting / Dividend - Rs 1.50/- Per Share
SUNPHARMA,2015-10-21,dividend,1.000000,3,cash dividend per share,Annual General Meeting/ Dividend - Rs 3/- Per Share
SUNPHARMA,2016-09-08,dividend,1.000000,1,cash dividend per share,Annual General Meeting/Dividend Re 1/- Per Share
SUNPHARMA,2017-09-18,dividend,1.000000,3.5,cash dividend per share,Annual General Meeting/Dividend - Rs 3.50 Per Share
SUNPHARMA,2018-09-17,dividend,1.000000,2,cash dividend per share,Annual General Meeting/Dividend Rs 2 Per Share
SUNPHARMA,2019-08-20,dividend,1.000000,2.75,cash dividend per share,Annual General Meeting/Dividend - Rs 2.75 Per Share
SUNPHARMA,2020-02-17,dividend,1.000000,3,cash dividend per share,Interim Dividend - Rs 3 Per Share
SUNPHARMA,2020-08-19,dividend,1.000000,1,cash dividend per share,Annual General Meeting/Dividend - Re 1 Per Share
SUNPHARMA,2021-02-09,dividend,1.000000,5.5,cash dividend per share,Interim Dividend - Rs 5.50 Per Share
SUNPHARMA,2021-08-23,dividend,1.000000,2,cash dividend per share,Annual General Meeting/Dividend - Rs 2 Per Share
SUNPHARMA,2022-02-09,dividend,1.000000,7,cash dividend per share,Interim Dividend - Rs 7 Per Share
SUNPHARMA,2022-08-19,dividend,1.000000,3,cash dividend per share,Dividend - Rs 3 Per Share
SUNPHARMA,2023-02-08,dividend,1.000000,7.5,cash dividend per share,Interim Dividend - Rs 7.50 Per Share
SUNPHARMA,2023-07-28,dividend,1.000000,4,cash dividend per share,Dividend - Rs 4 Per Share
SUNPHARMA,2024-02-09,dividend,1.000000,8.5,cash dividend per share,Interim Dividend - Rs 8.50 Per Share
SUNPHARMA,2024-07-12,dividend,1.000000,5,cash dividend per share,Dividend - Rs 5 Per Share
SUNPHARMA,2025-02-06,dividend,1.000000,10.5,cash dividend per share,Interim Dividend - Rs 10.50 Per Share
SUNPHARMA,2025-07-07,dividend,1.000000,5.5,cash dividend per share,Dividend - Rs 5.50 Per Share
SUNPHARMA,2026-02-05,dividend,1.000000,11,cash dividend per share,Interim Dividend - Rs 11 Per Share
SUNPHARMA,2026-07-07,dividend,1.000000,5,cash dividend per share,Dividend - Rs 5 Per Share
SUNTV,2007-02-13,dividend,1.000000,1.5,cash dividend per share,Interim Dividend-30%
SUNTV,2007-07-23,bonus,0.500000,,bonus 1:1,Agm/Spl/Bon-1:1/Div-20%
SUNTV,2007-07-23,dividend,1.000000,1,cash dividend per share,Agm/Spl/Bon-1:1/Div-20%
SUNTV,2007-07-23,split,0.500000,,face value 10 to 5,"NSE's record reads 'Agm/Spl/Bon-1:1/Div-20%': a split with no ratio plus a 1:1 bonus. The record's face value is Rs 5 (Rs 10 before), and the raw price fell 75% that day, which the bonus alone (50%) does not explain."
SUNTV,2008-08-12,dividend,1.000000,2.5,cash dividend per share,Agm/Dividend - 50%
SUNTV,2009-02-02,dividend,1.000000,1.5,cash dividend per share,Interim Dividend - 30% Purpose Revised
SUNTV,2009-08-20,dividend,1.000000,1,cash dividend per share,Agm/Div-Re.1/- Per Share
SUNTV,2010-01-28,dividend,1.000000,1.5,cash dividend per share,Int Div-Rs.1.50 Per Sharepurpose Revised
SUNTV,2010-07-22,dividend,1.000000,6,cash dividend per share,Annual General Meeting / Dividend Rs 6 Per Share
SUNTV,2011-02-02,dividend,1.000000,5,cash dividend per share,Interim Dividend-Rs.5/- Per Share (Purpose Revised)
SUNTV,2011-08-05,dividend,1.000000,2.5,cash dividend per share,Interim Dividend Rs.2.50 Per Share (Purpose Revised)
SUNTV,2011-09-08,dividend,1.000000,3.75,cash dividend per share,Annual General Meeting And Dividend Rs.3.75 Per Share
SUNTV,2011-11-08,dividend,1.000000,3.75,cash dividend per share,Interim Dividend Rs.3.75 Per Share (Purpose Revised)
SUNTV,2012-02-15,dividend,1.000000,2.5,cash dividend per share,Interim Dividend Rs.2.50 Per Share (Purpose Revised)
SUNTV,2012-09-13,dividend,1.000000,0.75,cash dividend per share,Annual General Meeting / Dividend Re 0.75 Per Share
SUNTV,2012-11-21,dividend,1.000000,2.5,cash dividend per share,2nd Interim Dividend Rs.2.50 Per Share
SUNTV,2013-01-28,dividend,1.000000,2.5,cash dividend per share,Interim Dividend Rs 2.50 Per Share (Purpose Revised)
SUNTV,2013-08-07,dividend,1.000000,2.25,cash dividend per share,Interim Dividend Rs.2.25 Per Share (Purpose Revised)
SUNTV,2013-09-12,dividend,1.000000,2,cash dividend per share,Annual General Meeting / Final Dividend - Rs 2/- Per Share
SUNTV,2013-11-19,dividend,1.000000,2.5,cash dividend per share,Interim Dividend Rs.2.50 Per Share (Purpose Revised)
SUNTV,2014-02-13,dividend,1.000000,2.5,cash dividend per share,Third Interim Dividend - Rs 2.50/- Per Share (Purpose Revised)
SUNTV,2014-08-13,dividend,1.000000,2.25,cash dividend per share,Interim Dividend - Rs 2.25/- Per Share
SUNTV,2014-09-17,dividend,1.000000,2.25,cash dividend per share,Annual General Meeting / Final Dividend - Rs 2.25/- Per Share
SUNTV,2014-11-13,dividend,1.000000,2.25,cash dividend per share,Second Interim Dividend - Rs 2.25/- Per Share (Purpose Revised)
SUNTV,2015-02-11,dividend,1.000000,6.75,cash dividend per share,Interim Dividend - Rs 6.75/- Per Share (Purpose Revised)
SUNTV,2015-05-05,dividend,1.000000,6,cash dividend per share,Interim Dividend Rs 6/- Per Share (Purpose Revised)
SUNTV,2016-02-17,dividend,1.000000,2,cash dividend per share,Interim Dividend Rs.2/- Per Share (Purpose Revised)
SUNTV,2016-03-21,dividend,1.000000,7.5,cash dividend per share,Interim Dividend - Rs 7.50/- Per Share (Purpose Revised)
SUNTV,2017-02-17,dividend,1.000000,5,cash dividend per share,Interim Dividend Rs 5/- Per Share (Purpose Revised)
SUNTV,2017-03-22,dividend,1.000000,5,cash dividend per share,Interim Dividend Rs 5/- Per Share (Purpose Revised)
SUNTV,2017-08-21,dividend,1.000000,2.5,cash dividend per share,Interim Dividend-Rs 2.50 Per Share
SUNTV,2017-11-17,dividend,1.000000,2.5,cash dividend per share,Interim Dividend - Rs 2.50 Per Share (Purpose Revised)
SUNTV,2018-02-16,dividend,1.000000,2.5,cash dividend per share,Interim Dividend - Rs 2.5 Per Share (Purpose Revised)
SUNTV,2018-03-22,dividend,1.000000,2.5,cash dividend per share,Interim Dividend - Rs2.50 Per Share (Purpose Revised)
SUNTV,2018-08-20,dividend,1.000000,5,cash dividend per share,Interim Dividend-Rs 5 Per Share (Purpose Revised)
SUNTV,2018-11-14,dividend,1.000000,2.5,cash dividend per share,Interim Dividend - Rs 2.50 Per Sh
SUNTV,2019-02-15,dividend,1.000000,2.5,cash dividend per share,Interim Dividend - Rs 2.50 Per Share
SUNTV,2019-03-20,dividend,1.000000,2.5,cash dividend per share,Interim Dividend - Rs 2.50 Per Share
SUNTV,2019-08-20,dividend,1.000000,2.5,cash dividend per share,Interim Dividend - Rs 2.50 Per Share
SUNTV,2019-11-21,dividend,1.000000,2.5,cash dividend per share,Interim Dividend - Rs 2.50 Per Share
SUNTV,2020-02-24,dividend,1.000000,7.5,cash dividend per share,Interim Dividend-Rs 7.5 Per Share
SUNTV,2020-03-26,dividend,1.000000,12.5,cash dividend per share,Interim Dividend - Rs 12.50 Per Share
SUNTV,2021-02-17,dividend,1.000000,5,cash dividend per share,Interim Dividend - Rs 5 Per Share
SUNTV,2021-08-23,dividend,1.000000,3.75,cash dividend per share,Interim Dividend - Rs 3.75 Per Share
SUNTV,2021-11-12,dividend,1.000000,2.5,cash dividend per share,Interim Dividend - Rs 2.50 Per Share
SUNTV,2022-02-17,dividend,1.000000,2.5,cash dividend per share,Interim Dividend - Rs 2.50 Per Share
SUNTV,2022-03-17,dividend,1.000000,5,cash dividend per share,Interim Dividend - Rs 5 Per Share
SUNTV,2022-08-23,dividend,1.000000,5,cash dividend per share,Interim Dividend - Rs 5 Per Share
SUNTV,2022-11-18,dividend,1.000000,3.75,cash dividend per share,Interim Dividend - Rs 3.75 Per Share
SUNTV,2023-02-13,dividend,1.000000,3.75,cash dividend per share,Interim Dividend - Rs 3.75 Per Share
SUNTV,2023-03-21,dividend,1.000000,2.5,cash dividend per share,Interim Dividend - Rs 2.50 Per Share
SUNTV,2023-08-22,dividend,1.000000,6.25,cash dividend per share,Interim Dividend - Rs 6.25 Per Share
SUNTV,2023-11-21,dividend,1.000000,5,cash dividend per share,Interim Dividend - Rs 5 Per Share
SUNTV,2024-02-23,dividend,1.000000,2.5,cash dividend per share,Interim Dividend - Rs 2.50 Per Sh
SUNTV,2024-04-08,dividend,1.000000,3,cash dividend per share,Interim Dividend - Rs 3 Per Share
SUNTV,2024-08-20,dividend,1.000000,5,cash dividend per share,Interim Dividend - Rs 5 Per Share
SUNTV,2024-11-26,dividend,1.000000,5,cash dividend per share,Interim Dividend - Rs 5 Per Share
SUNTV,2025-02-13,dividend,1.000000,2.5,cash dividend per share,Interim Dividend - Rs 2.5 Per Share
SUNTV,2025-03-13,dividend,1.000000,2.5,cash dividend per share,Interim Dividend - Rs 2.50 Per Share
SUNTV,2025-08-13,dividend,1.000000,5,cash dividend per share,Interim Dividend - Rs 5 Per Sh
SUNTV,2025-11-20,dividend,1.000000,3.75,cash dividend per share,Interim Dividend - Rs 3.75 Per Share
SUNTV,2026-02-12,dividend,1.000000,2.5,cash dividend per share,Interim Dividend - Rs 2.50 Per Share
SUNTV,2026-03-12,dividend,1.000000,1.25,cash dividend per share,Interim Dividend - Rs 1.25 Per Share
SUNTV,2026-08-18,dividend,1.000000,5,cash dividend per share,Interim Dividend - Rs 5 Per Share
SUPREMEIND,2007-01-25,dividend,1.000000,0.5,cash dividend per share,Interim Dividend - 25%
SUPREMEIND,2007-10-01,dividend,1.000000,1,cash dividend per share,Dividend-50%
SUPREMEIND,2008-01-24,dividend,1.000000,0.7,cash dividend per share,Interim Dividend - 35%
SUPREMEIND,2008-10-03,dividend,1.000000,0.9,cash dividend per share,Dividend - 45%
SUPREMEIND,2009-09-01,dividend,1.000000,12,cash dividend per share,Dividend-Rs.12/- Pr Share
SUPREMEIND,2010-01-18,dividend,1.000000,5,cash dividend per share,Int Div-Rs.5/- Per Share Purpose Revised
SUPREMEIND,2010-09-03,dividend,1.000000,13,cash dividend per share,Dividend-Rs.13/- Per Share
SUPREMEIND,2010-10-18,split,0.200000,,face value 10 to 2,Face Value Split From Rs.10/- To Rs.2/-
SUPREMEIND,2011-02-04,dividend,1.000000,1.3,cash dividend per share,Interim Dividend-Rs.1.30 Per Share (Purpose Revised)
SUPREMEIND,2011-09-05,dividend,1.000000,3,cash dividend per share,Dividend - Rs. 3 Per Share
SUPREMEIND,2012-01-31,dividend,1.000000,1.5,cash dividend per share,Interim Dividend Rs.1.50 Per Share (Purpose Revised)
SUPREMEIND,2012-09-06,dividend,1.000000,4.5,cash dividend per share,Dividend Rs. 4.50 Per Share
SUPREMEIND,2013-01-28,dividend,1.000000,2,cash dividend per share,Interim Dividend Rs 2 Per Share (Purpose Revised)
SUPREMEIND,2013-09-05,dividend,1.000000,5.5,cash dividend per share,Final Dividend - Rs 5.50/- Per Equity Share
SUPREMEIND,2014-01-27,dividend,1.000000,2,cash dividend per share,Interim Dividend - Rs 2/- Per Share (Purpose Revised)
SUPREMEIND,2014-09-08,dividend,1.000000,6,cash dividend per share,Final Dividend - Rs 6/- Per Share
SUPREMEIND,2015-01-28,dividend,1.000000,2,cash dividend per share,Interim Dividend - Rs 2/- Per Share (Purpose Revised)
SUPREMEIND,2015-09-08,dividend,1.000000,7,cash dividend per share,Annual General Meeting/Dividend Rs 7/- Per Share
SUPREMEIND,2016-02-02,dividend,1.000000,2.5,cash dividend per share,Interim Dividend - Rs 2.50/- Per Share (Purpose Revised)
SUPREMEIND,2016-03-22,dividend,1.000000,5,cash dividend per share,Interim Dividend - Rs 5/- Per Share (Purpose Revised)
SUPREMEIND,2016-11-07,dividend,1.000000,3,cash dividend per share,Interim Dividend Rs 3/- Per Share (Purpose Revised)
SUPREMEIND,2017-06-21,dividend,1.000000,12,cash dividend per share,Annual General Meeting/Final Dividend - Rs 7/- Per Share/Special Dividend - Rs 5/- Per Share
SUPREMEIND,2017-11-06,dividend,1.000000,3,cash dividend per share,Interim Dividend - Rs 3/- Per Share (Purpose Revised)
SUPREMEIND,2018-06-19,dividend,1.000000,9,cash dividend per share,Annual General Meeting / Dividend- Rs 9 Per Share
SUPREMEIND,2018-11-05,dividend,1.000000,4,cash dividend per share,Interim Dividend - Rs 4 Per Share
SUPREMEIND,2019-07-02,dividend,1.000000,9,cash dividend per share,Annual General Meeting/Dividend - Rs 9 Per Share
SUPREMEIND,2019-11-04,dividend,1.000000,4,cash dividend per share,Interim Dividend - Rs 4 Per Sh
SUPREMEIND,2020-03-06,dividend,1.000000,10,cash dividend per share,Interim Dividend - Rs 10 Per Share
SUPREMEIND,2020-11-05,dividend,1.000000,5,cash dividend per share,Interim Dividend - Rs 5 Per Share
SUPREMEIND,2021-06-21,dividend,1.000000,17,cash dividend per share,Annual General Meeting/Dividend - Rs 17 Per Share
SUPREMEIND,2021-10-29,dividend,1.000000,6,cash dividend per share,Interim Dividend - Rs 6 Per Share
SUPREMEIND,2022-06-21,dividend,1.000000,18,cash dividend per share,Annual General Meeting/Dividend - Rs 18 Per Share
SUPREMEIND,2022-11-07,dividend,1.000000,6,cash dividend per share,Interim Dividend - Rs 6 Per Share
SUPREMEIND,2023-06-21,dividend,1.000000,20,cash dividend per share,Annual General Meeting/Dividend - Rs 20 Per Share
SUPREMEIND,2023-11-07,dividend,1.000000,8,cash dividend per share,Interim Dividend - Rs 8 Per Share
SUPREMEIND,2024-06-21,dividend,1.000000,22,cash dividend per share,Annual General Meeting/Dividend - Rs 22 Per Share
SUPREMEIND,2024-10-30,dividend,1.000000,10,cash dividend per share,Interim Dividend - Rs 10 Per Share
SUPREMEIND,2025-06-20,dividend,1.000000,24,cash dividend per share,Dividend - Rs 24 Per Share
SUPREMEIND,2025-11-03,dividend,1.000000,11,cash dividend per share,Interim Dividend - Rs 11 Per Share
SUPREMEIND,2026-06-25,dividend,1.000000,25,cash dividend per share,Dividend - Rs 25 Per Share
SUZLON,2007-03-16,dividend,1.000000,5,cash dividend per share,Int Div-Rs.5/- Per Sh Purpose Revised
SUZLON,2008-01-21,split,0.200000,,face value 10 to 2,Fv Split Rs.10/- To Rs.2/
SUZLON,2008-07-17,dividend,1.000000,1,cash dividend per share,Agm/Dividend-Re.1 Per Sh.
SUZLON,2010-06-09,rights,1.000000,,"rights 2:15 at 63, theoretical ex-rights price",Rights 2:15 @ Premium Rs.61/-
SUZLON,2022-10-03,rights,0.918214,,"rights 5:21 at 5, theoretical ex-rights price",Rights 5:21 @ Premium Rs 3/-
SYMPHONY,2011-11-17,dividend,1.000000,10,cash dividend per share,Annual General Meeting / Dividend Rs 10 Per Share
SYMPHONY,2012-02-15,split,0.200000,,face value 10 to 2,Face Value Split Rs.10/- To Rs.2/-
SYMPHONY,2012-11-19,dividend,1.000000,5.5,cash dividend per share,Annual General Meeting/Dividend - Final Rs 3 + Special Rs 2.50 Per Share
SYMPHONY,2013-12-05,dividend,1.000000,6.5,cash dividend per share,Annual General Meeting / Dividend - Rs 6.50/- Per Share
SYMPHONY,2014-02-06,dividend,1.000000,2,cash dividend per share,Interim Dividend - Rs 2/- Per Share
SYMPHONY,2014-09-11,dividend,1.000000,11,cash dividend per share,Annual General Meeting / Final Dividend - Rs 11/- Per Share
SYMPHONY,2015-01-22,dividend,1.000000,4,cash dividend per share,Interim Dividend - Rs 4/- Per Share
SYMPHONY,2015-10-15,dividend,1.000000,10,cash dividend per share,Annual General Meeting/ Dividend - Rs 10/- Per Share
SYMPHONY,2016-02-04,dividend,1.000000,5,cash dividend per share,Interim Dividend - Rs 5/- Per Share (Purpose Revised)
SYMPHONY,2016-03-17,dividend,1.000000,20,cash dividend per share,Interim Dividend - Rs 10/- Per Share + Special Dividend - Rs 10/- Per Share (Purpose Revised)
SYMPHONY,2016-08-01,dividend,1.000000,1.5,cash dividend per share,Annual General Meeting/ Interim Dividend - Rs 1.50/- Per Share
SYMPHONY,2016-09-14,bonus,0.500000,,bonus 1:1,Bonus 1:1
SYMPHONY,2016-11-03,dividend,1.000000,1,cash dividend per share,Interim Dividend Re 1/- Per Share (Purpose Revised)
SYMPHONY,2017-03-02,dividend,1.000000,1,cash dividend per share,Interim Dividend Re 1/- Per Share
SYMPHONY,2017-08-23,dividend,1.000000,2,cash dividend per share,Annual General Meeting/Dividend - Re 1/- Per Share/ Interim Dividend Re 1/- Per Share (Purpose Revised)
SYMPHONY,2017-11-07,dividend,1.000000,1,cash dividend per share,Interim Dividend - Re 1/- Per Share (Purpose Revised)
SYMPHONY,2018-02-01,dividend,1.000000,1,cash dividend per share,Interim Dividend - Re 1 Per Share (Purpose Revised)
SYMPHONY,2018-08-02,dividend,1.000000,2.5,cash dividend per share,Annual General Meeting/ Final Dividend- Rs 1.50 Per Share/ Interim Dividend- Re 1 Per Share
SYMPHONY,2018-11-06,dividend,1.000000,1,cash dividend per share,Interim Dividend - Re 1 Per Share
SYMPHONY,2019-02-14,dividend,1.000000,1,cash dividend per share,Interim Dividend -Re 1 Per Share
SYMPHONY,2019-07-04,dividend,1.000000,1.5,cash dividend per share,Annual General Meeting/Dividend Rs 1.50 Per Share
SYMPHONY,2019-08-09,dividend,1.000000,1,cash dividend per share,Interim Dividend - Re 1 Per Share
SYMPHONY,2019-11-21,dividend,1.000000,2,cash dividend per share,Interim Dividend- Rs 2 Per Share
SYMPHONY,2020-02-17,dividend,1.000000,20,cash dividend per share,Interim Dividend - Rs 2 Per Share/ Splecial Dividend - Rs 18 Per Share
SYMPHONY,2021-02-01,dividend,1.000000,1,cash dividend per share,Interim Dividend - Re 1 Per Share
SYMPHONY,2021-07-29,dividend,1.000000,4,cash dividend per share,Annual General Meeting/Dividend - Rs 4 Per Share
SYMPHONY,2021-11-02,dividend,1.000000,2,cash dividend per share,Interim Dividend - Rs 2 Per Share
SYMPHONY,2022-02-03,dividend,1.000000,1,cash dividend per share,Interim Dividend - Re 1 Per Share
SYMPHONY,2022-08-04,dividend,1.000000,2,cash dividend per share,Interim Dividend - Rs 2 Per Share
SYMPHONY,2022-08-25,dividend,1.000000,6,cash dividend per share,Annual General Meeting/Dividend - Rs 6 Per Share
SYMPHONY,2022-10-31,dividend,1.000000,2,cash dividend per share,Interim Dividend - Rs 2 Per Share
SYMPHONY,2023-07-21,dividend,1.000000,1,cash dividend per share,Annual General Meeting/Dividend - Re 1 Per Share
SYMPHONY,2023-08-04,dividend,1.000000,1,cash dividend per share,Interim Dividend - Rs 1 Per Share
SYMPHONY,2023-11-03,dividend,1.000000,2,cash dividend per share,Interim Dividend - Rs 2 Per Share
SYMPHONY,2024-02-07,dividend,1.000000,2,cash dividend per share,Interim Dividend - Rs 2 Per Share
SYMPHONY,2024-07-26,dividend,1.000000,8,cash dividend per share,Annual General Meeting/Dividend - Rs 8 Per Sh
SYMPHONY,2024-08-21,dividend,1.000000,1,cash dividend per share,Interim Dividend - Re 1 Per Share
SYMPHONY,2024-11-07,dividend,1.000000,2,cash dividend per share,Interim Dividend - Rs 2 Per Share
SYMPHONY,2025-02-11,dividend,1.000000,2,cash dividend per share,Interim Dividend - Rs 2 Per Share
SYMPHONY,2025-07-18,dividend,1.000000,8,cash dividend per share,Annual General Meeting/Dividend - Rs 8 Per Share
SYMPHONY,2025-08-07,dividend,1.000000,1,cash dividend per share,Interim Dividend - Re 1 Per Share
SYMPHONY,2025-11-12,dividend,1.000000,1,cash dividend per share,Interim Dividend - Re 1 Per Share
SYMPHONY,2026-02-03,dividend,1.000000,2,cash dividend per share,Interim Dividend - Rs 2 Per Share
SYMPHONY,2026-07-17,dividend,1.000000,5,cash dividend per share,Dividend - Rs 5 Per Share
SYMPHONY,2026-08-11,dividend,1.000000,1,cash dividend per share,Interim Dividend - Re 1 Per Share
SYNDIBANK,2007-06-12,dividend,1.000000,1.3,cash dividend per share,Agm/Final Dividend-13%
SYNDIBANK,2008-03-28,dividend,1.000000,1.5,cash dividend per share,Interim Dividend - 15%
SYNDIBANK,2008-06-13,dividend,1.000000,1.3,cash dividend per share,Agm/Dividend - 13%
SYNDIBANK,2009-04-20,dividend,1.000000,1.5,cash dividend per share,Interim Dividend - 15%
SYNDIBANK,2009-06-17,dividend,1.000000,1.5,cash dividend per share,Agm/Dividend - 15%
SYNDIBANK,2010-06-16,dividend,1.000000,3,cash dividend per share,Annual General Meeting And Dividend Rs.3/- Per Share
SYNDIBANK,2011-06-15,dividend,1.000000,3.7,cash dividend per share,Annual General Meeting And Dividend Rs.3.70 Per Share
SYNDIBANK,2012-07-11,dividend,1.000000,3.8,cash dividend per share,Annual General Meeting And Dividend - Rs.3.80 Per Share
SYNDIBANK,2013-06-14,dividend,1.000000,6.7,cash dividend per share,Annual General Meeting And Dividend Rs.6.70/- Per Share
SYNDIBANK,2014-01-20,dividend,1.000000,2.5,cash dividend per share,Interim Dividend Rs 2.50/- Per Share
SYNDIBANK,2014-06-11,dividend,1.000000,3,cash dividend per share,Annual General Meeting/Dividend Rs 3/- Per Share
SYNDIBANK,2015-06-18,dividend,1.000000,4.7,cash dividend per share,Annual General Meeting/ Dividend - Rs 4.70/- Per Share
SYNGENE,2016-03-17,dividend,1.000000,1,cash dividend per share,Interim Dividend - Re 1/- Per Share (Purpose Revised)
SYNGENE,2017-07-20,dividend,1.000000,1,cash dividend per share,Dividend - Rs 1/- Per Share
SYNGENE,2018-07-17,dividend,1.000000,1,cash dividend per share,Dividend Re - Re 1 Per Share
SYNGENE,2019-06-11,bonus,0.500000,,bonus 1:1,Bonus 1:1
SYNGENE,2019-07-16,dividend,1.000000,0.5,cash dividend per share,Dividend - Rs 0.50 Per Share
SYNGENE,2022-06-30,dividend,1.000000,1,cash dividend per share,Dividend - Rs 0.50 Per Share/Special Dividend - Rs 0.50 Per Share
SYNGENE,2023-06-30,dividend,1.000000,1.25,cash dividend per share,Dividend - Rs 0.50 Per Share/Special Dividend - Rs 0.75 Per Share
SYNGENE,2024-06-28,dividend,1.000000,1.25,cash dividend per share,Dividend - Rs 1.25 Per Share
SYNGENE,2025-06-27,dividend,1.000000,1.25,cash dividend per share,Dividend - Rs 1.25 Per Share
SYNGENE,2026-06-25,dividend,1.000000,1.25,cash dividend per share,Dividend - Rs 1.25 Per Share
TATACHEM,2007-07-06,dividend,1.000000,8,cash dividend per share,Agm/Div-Rs.8/- Per Sh
TATACHEM,2008-07-18,dividend,1.000000,9,cash dividend per share,Agm/Div-Rs.9 Per Share
TATACHEM,2009-07-14,dividend,1.000000,9,cash dividend per share,Agm/Div-Rs.9/- Per Share
TATACHEM,2010-07-02,dividend,1.000000,9,cash dividend per share,Dividend-Rs.9/- Per Share
TATACHEM,2011-07-25,dividend,1.000000,10,cash dividend per share,Annual General Meeting And Dividend Rs.10/- Per Share
TATACHEM,2012-08-08,dividend,1.000000,10,cash dividend per share,Annual General Meeting/Dividend Rs 10 Per Share
TATACHEM,2013-08-12,dividend,1.000000,10,cash dividend per share,Annual General Meeting / Dividend - Rs.10/- Per Equity Share
TATACHEM,2014-08-08,dividend,1.000000,10,cash dividend per share,Annual General Meeting / Dividend - Rs 10/- Per Share
TATACHEM,2015-07-31,dividend,1.000000,12.5,cash dividend per share,Annual General Meeting/Dividend Rs 10/- Per Share And Special Dividend Rs.2.50/-Per Share
TATACHEM,2016-08-02,dividend,1.000000,10,cash dividend per share,Annual General Meeting/Dividend Rs 10/- Per Share
TATACHEM,2017-07-31,dividend,1.000000,11,cash dividend per share,Annual General Meeting/ Dividend -Rs 11/- Per Share
TATACHEM,2018-07-16,dividend,1.000000,22,cash dividend per share,Annual General Meeting/Final Dividend- Rs 11 Per Share/ Special Dividend- Rs 11 Per Share
TATACHEM,2019-06-28,dividend,1.000000,12.5,cash dividend per share,Annual General Meeting/ Dividend - Rs 12.50 Per Share
TATACHEM,2020-03-04,demerger,0.434813,,ex-date open (special pre-open price) / previous close,Demerger
TATACHEM,2020-06-22,dividend,1.000000,11,cash dividend per share,Annual General Meeting/Dividend - Rs 11 Per Share
TATACHEM,2021-06-14,dividend,1.000000,10,cash dividend per share,Annual General Meeting/Dividend - Rs 10 Per Share
TATACHEM,2022-06-15,dividend,1.000000,12.5,cash dividend per share,Annual General Meeting/Dividend - Rs 12.5 Per Share
TATACHEM,2023-06-14,dividend,1.000000,17.5,cash dividend per share,Annual General Meeting/Dividend - Rs 17.50 Per Share
TATACHEM,2024-06-12,dividend,1.000000,15,cash dividend per share,Dividend - Rs 15 Per Share
TATACHEM,2025-06-12,dividend,1.000000,11,cash dividend per share,Dividend - Rs 11 Per Share
TATACHEM,2026-06-10,dividend,1.000000,11,cash dividend per share,Dividend - Rs 11 Per Share
TATACOMM,2007-07-13,dividend,1.000000,4.5,cash dividend per share,Dividend-Rs.4.50 Per Sh
TATACOMM,2008-07-24,dividend,1.000000,4.5,cash dividend per share,Agm/Div-Rs.4.50 Per Share
TATACOMM,2009-07-22,dividend,1.000000,4.5,cash dividend per share,Dividend-Rs.4.50 Pr Share
TATACOMM,2011-09-28,dividend,1.000000,2,cash dividend per share,Dividend-Rs.2/- Per Share
TATACOMM,2012-07-16,dividend,1.000000,2,cash dividend per share,Annual General Meeting/Dividend Rs.2 Per Share
TATACOMM,2013-07-17,dividend,1.000000,3,cash dividend per share,Annual General Meeting/Dividend Rs 3/- Per Share
TATACOMM,2014-07-30,dividend,1.000000,4.5,cash dividend per share,Annual General Meeting / Dividend - Rs 4.50/- Per Share
TATACOMM,2015-09-23,dividend,1.000000,5.5,cash dividend per share,Annual General Meeting/ Dividend - Rs 5.50/- Per Share
TATACOMM,2016-07-21,dividend,1.000000,4.3,cash dividend per share,Dividend - Rs 4.30/- Per Share
TATACOMM,2017-06-16,dividend,1.000000,6,cash dividend per share,Annual General Meeting / Dividend - Rs 4.50 Per Share / Special Dividend Rs 1.50 Per Share
TATACOMM,2018-08-01,dividend,1.000000,4.5,cash dividend per share,Dividend- Rs 4.50 Per Share
TATACOMM,2019-07-25,dividend,1.000000,4.5,cash dividend per share,Annual General Meeting/Dividend - Rs 4.50 Per Share
TATACOMM,2019-09-17,demerger,0.620900,,ex-date open (special pre-open price) / previous close,Demerger
TATACOMM,2020-08-20,dividend,1.000000,4,cash dividend per share,Annual General Meeting/Dividend - Rs 4 Per Share
TATACOMM,2021-06-17,dividend,1.000000,14,cash dividend per share,Annual General Meeting/Dividend - Rs 14 Per Share
TATACOMM,2022-06-10,dividend,1.000000,20.7,cash dividend per share,Annual General Meeting/Dividend - Rs 20.70 Per Share
TATACOMM,2023-06-26,dividend,1.000000,21,cash dividend per share,Annual General Meeting/Dividend - Rs 21 Per Share
TATACOMM,2024-07-01,dividend,1.000000,16.7,cash dividend per share,Dividend - Rs 16.70 Per Share
TATACOMM,2025-06-19,dividend,1.000000,25,cash dividend per share,Dividend - Rs 25 Per Share
TATACOMM,2026-06-19,dividend,1.000000,17.5,cash dividend per share,Dividend - Rs 17.50 Per Share
TATACONSUM,2007-07-23,dividend,1.000000,15,cash dividend per share,Agm/Div-Rs.15/- Per Sh
TATACONSUM,2008-08-01,dividend,1.000000,15,cash dividend per share,Agm/Div-Rs.15 + Spl-Rs.20
TATACONSUM,2010-06-30,split,0.100000,,face value 10 to 1,Face Value Split From Rs.10/- To Re.1/-
TATACONSUM,2010-08-05,dividend,1.000000,2,cash dividend per share,Annual General Meeting And Dividend Rs.2/- Per Share
TATACONSUM,2011-08-10,dividend,1.000000,2,cash dividend per share,Annual General Meeting And Dividend Rs.2/- Per Share
TATACONSUM,2012-08-09,dividend,1.000000,2.15,cash dividend per share,Annual General Meeting/ Dividend Rs. 2.15 Per Share
TATACONSUM,2013-06-27,dividend,1.000000,2.15,cash dividend per share,Annual General Meeting/Dividend Rs 2.15/- Per Share
TATACONSUM,2014-08-05,dividend,1.000000,2.25,cash dividend per share,Annual General Meeting / Dividend - Rs 2.25/- Per Share
TATACONSUM,2015-07-30,dividend,1.000000,2.25,cash dividend per share,Annual General Meeting/ Dividend - Rs 2.25/- Per Share
TATACONSUM,2016-08-08,dividend,1.000000,2.25,cash dividend per share,Annual General Meeting/Dividend Rs 2.25 Per Share
TATACONSUM,2017-08-04,dividend,1.000000,2.35,cash dividend per share,Annual General Meeting/Dividend- Rs 2.35 Per Share
TATACONSUM,2018-06-20,dividend,1.000000,2.5,cash dividend per share,Annual General Meeting / Dividend- Rs 2.50 Per Share
TATACONSUM,2019-05-24,dividend,1.000000,2.5,cash dividend per share,Annual General Meeting/ Dividend - Rs 2.50 Per Share
TATACONSUM,2020-06-18,dividend,1.000000,2.7,cash dividend per share,Annual General Meeting/Dividend -Rs 2.70 Per Share
TATACONSUM,2021-06-10,dividend,1.000000,4.05,cash dividend per share,Annual General Meeting/Dividend - Rs 4.05 Per Share
TATACONSUM,2022-06-09,dividend,1.000000,6.05,cash dividend per share,Annual General Meeting/Dividend - Rs 6.05 Per Share
TATACONSUM,2023-05-19,dividend,1.000000,8.45,cash dividend per share,Annual General Meeting/Dividend - Rs 8.45 Per Share
TATACONSUM,2024-05-24,dividend,1.000000,7.75,cash dividend per share,Dividend - Rs 7.75 Per Share
TATACONSUM,2024-07-26,rights,0.987723,,"rights 1:26 at 818, theoretical ex-rights price",Rights 1:26 @ Premium Rs 817/-
TATACONSUM,2025-05-29,dividend,1.000000,8.25,cash dividend per share,Dividend - Rs 8.25 Per Share
TATACONSUM,2026-05-25,dividend,1.000000,10,cash dividend per share,Dividend - Rs 10 Per Share
TATAELXSI,2007-07-13,dividend,1.000000,7,cash dividend per share,Agm/Dividend-70%
TATAELXSI,2008-07-09,dividend,1.000000,7,cash dividend per share,Agm/Dividend - 70%
TATAELXSI,2009-08-21,dividend,1.000000,7,cash dividend per share,Agm/Div-Rs.7/- Per Share
TATAELXSI,2010-07-12,dividend,1.000000,7,cash dividend per share,Dividend-Rs.7/- Per Share
TATAELXSI,2011-07-08,dividend,1.000000,7,cash dividend per share,Annual General Meeting/Dividend Rs 7 Per Share
TATAELXSI,2012-07-13,dividend,1.000000,7,cash dividend per share,Annual General Meeting/Dividend Rs 7 Per Share
TATAELXSI,2013-07-12,dividend,1.000000,5,cash dividend per share,Annual General Meeting / Dividend - Rs 5/- Per Share
TATAELXSI,2014-07-09,dividend,1.000000,9,cash dividend per share,Annual General Meeting / Dividend - Rs 9/- Per Share
TATAELXSI,2015-07-15,dividend,1.000000,11,cash dividend per share,Annual General Meeting/Dividend Rs 11/- Per Share
TATAELXSI,2016-07-15,dividend,1.000000,14,cash dividend per share,Annual General Meeting/ Dividend -Rs 14/- Per Share
TATAELXSI,2017-07-18,dividend,1.000000,16,cash dividend per share,Annual General Meeting/Dividend - Rs 16 Per Share
TATAELXSI,2017-09-18,bonus,0.500000,,bonus 1:1,Bonus 1:1
TATAELXSI,2018-07-16,dividend,1.000000,11,cash dividend per share,Annual General Meeting/Dividend- Rs 11 Per Share
TATAELXSI,2019-07-08,dividend,1.000000,13.5,cash dividend per share,Annual General Meeting/Dividend Rs 13.50 Per Share
TATAELXSI,2020-07-13,dividend,1.000000,16.5,cash dividend per share,Annual General Meeting/Dividend - Rs 16.50 Per Share
TATAELXSI,2021-06-17,dividend,1.000000,48,cash dividend per share,Annual General Meeting/Dividend - Rs 24 Per Share/Special Dividend - Rs 24 Per Share
TATAELXSI,2022-06-15,dividend,1.000000,42.5,cash dividend per share,Annual General Meeting/Dividend - Rs 42.5 Per Share
TATAELXSI,2023-06-22,dividend,1.000000,60.6,cash dividend per share,Annual General Meeting/Dividend - Rs 60.60 Per Share
TATAELXSI,2024-06-25,dividend,1.000000,70,cash dividend per share,Annual General Meeting/Dividend - Rs 70 Per Share
TATAELXSI,2025-06-11,dividend,1.000000,75,cash dividend per share,Dividend - Rs 75 Per Share
TATAELXSI,2026-06-10,dividend,1.000000,75,cash dividend per share,Dividend - Rs 75 Per Share
TATAINVEST,2007-07-05,dividend,1.000000,1.3,cash dividend per share,Agm/Div Fin-130% +Spl-20%
TATAINVEST,2008-06-27,dividend,1.000000,1.5,cash dividend per share,Agm/Dividend-150%
TATAINVEST,2009-06-17,dividend,1.000000,15,cash dividend per share,Agm/Div-Rs.15/- Per Share
TATAINVEST,2010-02-01,dividend,1.000000,15,cash dividend per share,Int Div-Rs.15 Per Share
TATAINVEST,2011-02-07,dividend,1.000000,16,cash dividend per share,Interim Dividend-Rs.16/- Per Share
TATAINVEST,2012-07-18,dividend,1.000000,21,cash dividend per share,Annual General Meeting/Dividend Final Rs 16 + Special Rs 5 Per Share
TATAINVEST,2013-07-15,dividend,1.000000,16,cash dividend per share,Annual General Meeting And Dividend Rs.16/- Per Share
TATAINVEST,2014-07-18,dividend,1.000000,17,cash dividend per share,Annual General Meeting/Dividend - Rs.17/- Per Share
TATAINVEST,2015-07-28,dividend,1.000000,17,cash dividend per share,Annual General Meeting/ Dividend - Rs 17/- Per Share
TATAINVEST,2016-03-17,dividend,1.000000,17,cash dividend per share,Interim Dividend - Rs 17/- Per Share (Purpose Revised)
TATAINVEST,2017-08-04,dividend,1.000000,18,cash dividend per share,Dividend - Rs 18/- Per Share
TATAINVEST,2018-07-13,dividend,1.000000,20,cash dividend per share,Annual General Meeting/ Final Dividend- Rs 18/- Per Share/ Special Dividend Rs 2/- Per Share
TATAINVEST,2019-07-15,dividend,1.000000,20,cash dividend per share,Dividend - Rs 20 Per Share
TATAINVEST,2020-07-01,dividend,1.000000,18,cash dividend per share,Annual General Meeting/Dividend - Rs 18 Per Share
TATAINVEST,2021-06-16,dividend,1.000000,24,cash dividend per share,Annual General Meeting/Dividend - Rs 24 Per Share
TATAINVEST,2022-06-02,dividend,1.000000,55,cash dividend per share,Annual General Meeting/Dividend - Rs 55 Per Share
TATAINVEST,2023-06-12,dividend,1.000000,48,cash dividend per share,Annual General Meeting/Dividend - Rs 48 Per Share
TATAINVEST,2024-06-18,dividend,1.000000,28,cash dividend per share,Annual General Meeting/Dividend - Rs 28 Per Share
TATAINVEST,2025-06-10,dividend,1.000000,27,cash dividend per share,Dividend - Rs 27 Per Share
TATAINVEST,2025-10-14,split,0.100000,,face value 10 to 1,Face Value Split (Sub-Division) - From Rs 10/- Per Share To Re 1/- Per Share
TATAINVEST,2026-06-10,dividend,1.000000,3.4,cash dividend per share,Dividend - Rs 3.40 Per Share
TATAMTRDVR,2009-08-03,dividend,1.000000,6.5,cash dividend per share,Dividend-Rs.6.50 Pr Share
TATAMTRDVR,2010-08-10,dividend,1.000000,15.5,cash dividend per share,Dividend-Rs.15.50 Per Share
TATAMTRDVR,2011-07-19,dividend,1.000000,20.5,cash dividend per share,Dividend-Rs.20.50 Per Share
TATAMTRDVR,2011-09-12,split,0.200000,,face value 10 to 2,Face Value Split From Rs.10/- To Rs.2/-
TATAMTRDVR,2012-07-18,dividend,1.000000,4.1,cash dividend per share,Dividend Rs 4.10 Per Share
TATAMTRDVR,2013-07-30,dividend,1.000000,2.1,cash dividend per share,Annual General Meeting And Dividend Rs.2.10 Per Share
TATAMTRDVR,2014-07-09,dividend,1.000000,2.1,cash dividend per share,Annual General Meeting / Dividend - Rs 2.10/- Per Share
TATAMTRDVR,2015-04-06,rights,0.989652,,"rights 6:109 at 271, theoretical ex-rights price",Rights 6:109 @ Premium Rs.269/- Per Share
TATAMTRDVR,2016-07-18,dividend,1.000000,0.3,cash dividend per share,Dividend - Re 0.30/- Per Share
TATAMTRDVR,2023-07-28,dividend,1.000000,2.1,cash dividend per share,Dividend - Rs 2.10 Per Share
TATAMTRDVR,2024-06-11,dividend,1.000000,6.2,cash dividend per share,Dividend - Rs 3.10 Per Share & Special Dividend - Rs 3.10 Per Share
TATAPOWER,2007-07-17,dividend,1.000000,0.95,cash dividend per share,Agm/Dividend-95%
TATAPOWER,2008-08-18,dividend,1.000000,1.05,cash dividend per share,Agm/Dividend - 105%
TATAPOWER,2009-07-14,dividend,1.000000,11.5,cash dividend per share,Agm/Div-Rs.11.50 Pr Share
TATAPOWER,2010-08-16,dividend,1.000000,12,cash dividend per share,Dividend-Rs.12/- Per Share
TATAPOWER,2011-08-02,dividend,1.000000,12.5,cash dividend per share,Dividend-Rs.12.50 Per Share
TATAPOWER,2011-09-26,split,0.100000,,face value 10 to 1,Face Value Split From Rs.10/- To Re.1/-
TATAPOWER,2012-07-24,dividend,1.000000,1.25,cash dividend per share,Annual General Meeting/Dividend Re 1.25 Per Share
TATAPOWER,2013-07-26,dividend,1.000000,1.15,cash dividend per share,Annual General Meeting / Dividend - Rs.1.15/- Per Equity Share
TATAPOWER,2014-03-19,rights,0.965017,,"rights 7:50 at 60, theoretical ex-rights price",Rights 7:50 @ Premium Rs.59/- Per Equity Share
TATAPOWER,2014-07-23,dividend,1.000000,1.25,cash dividend per share,Annual General Meeting/Dividend - Rs.1.25 Per Share
TATAPOWER,2015-07-20,dividend,1.000000,1.3,cash dividend per share,Annual General Meeting/ Dividend - Rs 1.30/- Per Share
TATAPOWER,2016-09-07,dividend,1.000000,1.3,cash dividend per share,Dividend-Rs.1.30/- Per Share (Book Closure Dates Revised)
TATAPOWER,2017-08-10,dividend,1.000000,1.3,cash dividend per share,Dividend - Rs 1.30/- Per Share
TATAPOWER,2018-07-12,dividend,1.000000,1.3,cash dividend per share,Dividend Rs - 1.30 Per Share (Date Revised)
TATAPOWER,2019-06-04,dividend,1.000000,1.3,cash dividend per share,Annual General Meeting/Dividend - Rs 1.30 Per
TATAPOWER,2020-07-14,dividend,1.000000,1.55,cash dividend per share,Annual General Meeting/Dividend - Rs 1.55 Per Share
TATAPOWER,2021-06-17,dividend,1.000000,1.55,cash dividend per share,Dividend - Rs 1.55 Per Share
TATAPOWER,2022-06-15,dividend,1.000000,1.75,cash dividend per share,Dividend - Rs 1.75 Per Share
TATAPOWER,2023-06-07,dividend,1.000000,2,cash dividend per share,Annual General Meeting/Dividend - Rs 2 Per Share
TATAPOWER,2024-07-04,dividend,1.000000,2,cash dividend per share,Dividend - Rs 2 Per Share
TATAPOWER,2025-06-20,dividend,1.000000,2.25,cash dividend per share,Dividend - Rs 2.25 Per Share
TATAPOWER,2026-06-23,dividend,1.000000,2.5,cash dividend per share,Dividend - Rs 2.50 Per Share
TATASTEEL,2007-06-08,dividend,1.000000,1.3,cash dividend per share,Agm/Div Fin-130%+Spl-25%
TATASTEEL,2008-07-18,dividend,1.000000,1.6,cash dividend per share,Agm/Dividend - 160%
TATASTEEL,2009-07-06,dividend,1.000000,16,cash dividend per share,Agm/Div-Rs.16/- Per Share
TATASTEEL,2010-07-12,dividend,1.000000,8,cash dividend per share,Annual General Meeting And Dividend Rs.8/- Per Share
TATASTEEL,2011-07-04,dividend,1.000000,12,cash dividend per share,Annual General Meeting/Dividend Rs 12 Per Share
TATASTEEL,2012-07-16,dividend,1.000000,12,cash dividend per share,Annual General Meeting/Dividend Rs 12 Per Share
TATASTEEL,2013-07-15,dividend,1.000000,8,cash dividend per share,Annual General Meeting / Dividend - Rs.8/- Per Ordinary Share
TATASTEEL,2014-07-14,dividend,1.000000,10,cash dividend per share,Annual General Meeting / Dividend - Rs.10/- Per Ordinary Share
TATASTEEL,2015-07-23,dividend,1.000000,8,cash dividend per share,Annual General Meeting / Dividend - Rs. 8/- Per Share
TATASTEEL,2016-07-28,dividend,1.000000,8,cash dividend per share,Annual General Meeting/Dividend Rs 8/- Per Share
TATASTEEL,2017-07-20,dividend,1.000000,10,cash dividend per share,Annual General Meeting/Dividend - Rs 10/- Per Share
TATASTEEL,2018-01-31,rights,0.940166,,"rights 4:25 at 501 + 2:25 at 606, theoretical ex-rights price",Rights - 4:25 Fully Paid Up Shares @ Premium Rs 500/- Per Share / 2:25 Partly Paid Up Shares @ Premium Rs 605/- Per Share
TATASTEEL,2018-07-05,dividend,1.000000,10,cash dividend per share,Annual General Meeting / Dividend- Rs 10 Per Share
TATASTEEL,2019-07-04,dividend,1.000000,13,cash dividend per share,Annual General Meeting/Dividend - Rs 13 Per Share
TATASTEEL,2020-08-06,dividend,1.000000,10,cash dividend per share,Dividend - Rs 10 Per Share
TATASTEEL,2021-06-17,dividend,1.000000,25,cash dividend per share,Annual General Meeting/Dividend - Rs 25 Per Share
TATASTEEL,2022-06-15,dividend,1.000000,51,cash dividend per share,Annual General Meeting/Dividend - Rs 51 Per Share
TATASTEEL,2022-07-28,split,0.100000,,face value 10 to 1,Face Value Split (Sub-Division) - From Rs 10/- Per Share To Re 1/- Per Share
TATASTEEL,2023-06-22,dividend,1.000000,3.6,cash dividend per share,Annual General Meeting/Dividend - Rs 3.60 Per Share
TATASTEEL,2024-06-21,dividend,1.000000,3.6,cash dividend per share,Dividend - Rs 3.60 Per Share
TATASTEEL,2025-06-06,dividend,1.000000,3.6,cash dividend per share,Dividend - Rs 3.60 Per Share
TATASTEEL,2026-06-12,dividend,1.000000,4,cash dividend per share,Dividend - Rs 4 Per Share
TATATECH,2024-06-13,dividend,1.000000,10.05,cash dividend per share,Dividend - Rs 8.40 Per Share & Special Dividend Rs 1.65 Per Share
TATATECH,2025-06-16,dividend,1.000000,11.7,cash dividend per share,Dividend - Rs 8.35 Per Share & Special Dividend - Rs 3.35 Per Share
TATATECH,2026-06-18,dividend,1.000000,11.7,cash dividend per share,Dividend - Rs 8.35 Per Share & Special Dividend - Rs 3.35 Per Share
TCS,2007-01-22,dividend,1.000000,3,cash dividend per share,3rd Int Div-Rs.3/- Per Shpurpose Revised
TCS,2007-06-15,dividend,1.000000,4,cash dividend per share,Agm/Fin Div-Rs.4/- Per Sh
TCS,2007-07-27,dividend,1.000000,3,cash dividend per share,Int Div-Rs.3/- Per Sh Purpose Revised
TCS,2007-10-22,dividend,1.000000,3,cash dividend per share,Int Div-Rs.3.00 Per Sharepurpose Revised
TCS,2008-01-23,dividend,1.000000,3,cash dividend per share,3rd Int Div - Rs 3 Per Sh
TCS,2008-06-18,dividend,1.000000,5,cash dividend per share,Agm/Div- Rs 5/- Per Share
TCS,2008-07-31,dividend,1.000000,3,cash dividend per share,Int Div - Rs.3 Per Share Purpose Revised
TCS,2008-10-29,dividend,1.000000,3,cash dividend per share,2nd Int. Div.-Rs.3 Per Sh
TCS,2009-01-28,dividend,1.000000,3,cash dividend per share,3rd Int Div-Rs.3 Per Sh Purpose Revised
TCS,2009-06-16,bonus,0.500000,,bonus 1:1,Bonus 1:1/Div-Rs.5 Per Sh
TCS,2009-06-16,dividend,1.000000,5,cash dividend per share,Bonus 1:1/Div-Rs.5 Per Sh
TCS,2009-07-27,dividend,1.000000,2,cash dividend per share,Int Div-Rs.2/- Per Share
TCS,2009-10-28,dividend,1.000000,2,cash dividend per share,2nd Int Div-Rs.2/- Pr Shr
TCS,2010-01-27,dividend,1.000000,2,cash dividend per share,3rd Int Div-Rs.2/- Pr Shr
TCS,2010-06-15,dividend,1.000000,14,cash dividend per share,Final Dividend Rs.4/- Per Share And Special Dividend Rs.10/- Per Share
TCS,2010-07-29,dividend,1.000000,2,cash dividend per share,Interim Dividend Rs.2/- Per Share
TCS,2010-11-01,dividend,1.000000,2,cash dividend per share,2nd Interim Dividend-Rs.2/- Per Share
TCS,2011-01-27,dividend,1.000000,2,cash dividend per share,3rd Interim Dividend-Rs.2/- Per Share
TCS,2011-06-08,dividend,1.000000,8,cash dividend per share,Dividend-Rs.8/- Per Share
TCS,2011-07-28,dividend,1.000000,3,cash dividend per share,Interim Dividend Rs.3/- Per Share
TCS,2011-10-25,dividend,1.000000,3,cash dividend per share,Interim Dividend - Rs. 3/- Per Share
TCS,2012-01-25,dividend,1.000000,3,cash dividend per share,3rd Interim Dividend Rs.3/- Per Share
TCS,2012-06-07,dividend,1.000000,16,cash dividend per share,Annual General Meeting / Final Dividend - Rs.8/- / Special Dividend - Rs.8/-
TCS,2012-07-23,dividend,1.000000,3,cash dividend per share,Interim Dividend Rs.3/- Per Share
TCS,2012-10-31,dividend,1.000000,3,cash dividend per share,2nd Interim Dividend Rs 3 Per Share
TCS,2013-06-06,dividend,1.000000,13,cash dividend per share,Annual General Meeting And Dividend Rs.13/- Per Share
TCS,2013-07-29,dividend,1.000000,4,cash dividend per share,Interim Dividend - Rs 4/- Per Equity Share
TCS,2013-10-25,dividend,1.000000,4,cash dividend per share,2nd Interim Dividend Rs.4/- Per Share
TCS,2014-01-27,dividend,1.000000,4,cash dividend per share,Interim Dividend Rs.4/- Per Share
TCS,2014-06-06,dividend,1.000000,20,cash dividend per share,Annual General Meeting / Dividend - Rs. 20/- Per Equity Share
TCS,2014-07-28,dividend,1.000000,45,cash dividend per share,Interim Dividend - Rs 5/- Per Share + Special Dividend - Rs 40/- Per Share
TCS,2014-10-29,dividend,1.000000,5,cash dividend per share,2nd Interim Dividend Rs.5/- Per Share
TCS,2015-01-27,dividend,1.000000,5,cash dividend per share,Third Interim Dividend - Rs 5/- Per Share
TCS,2015-06-05,dividend,1.000000,24,cash dividend per share,Annual General Meeting /Dividend - Rs 24/- Per Share
TCS,2015-07-20,dividend,1.000000,5.5,cash dividend per share,Interim Dividend - Rs 5.50/- Per Share
TCS,2015-10-23,dividend,1.000000,5.5,cash dividend per share,Interim Dividend - Rs 5.50/- Per Share
TCS,2016-01-21,dividend,1.000000,5.5,cash dividend per share,Interim Dividend - Rs 5.50/- Per Share
TCS,2016-06-06,dividend,1.000000,27,cash dividend per share,Annual General Meeting/Dividend Rs 27/- Per Share
TCS,2016-07-25,dividend,1.000000,6.5,cash dividend per share,Interim Dividend - Rs 6.50/- Per Share
TCS,2016-10-24,dividend,1.000000,6.5,cash dividend per share,Interim Dividend- Rs 6.50/- Per Share
TCS,2017-01-23,dividend,1.000000,6.5,cash dividend per share,Interim Dividend Rs 6.50 Per Share
TCS,2017-06-13,dividend,1.000000,27.5,cash dividend per share,Annual General Meeting/Dividend - Rs 27.50/- Per Share
TCS,2017-07-24,dividend,1.000000,7,cash dividend per share,Interim Dividend - Rs 7/- Per Share
TCS,2017-10-25,dividend,1.000000,7,cash dividend per share,Interim Dividend Rs 7/- Per Share
TCS,2018-01-22,dividend,1.000000,7,cash dividend per share,Interim Dividend - Rs 7 Per Share
TCS,2018-05-31,bonus,0.500000,,bonus 1:1,Bonus 1:1 /Dividend- Rs 29 Per Share
TCS,2018-05-31,dividend,1.000000,29,cash dividend per share,Bonus 1:1 /Dividend- Rs 29 Per Share
TCS,2018-07-17,dividend,1.000000,4,cash dividend per share,Interim Dividend- Rs 4 Per Share (Purpose Revised)
TCS,2018-10-23,dividend,1.000000,4,cash dividend per share,Int Div Rs 4 Per Sh
TCS,2019-01-17,dividend,1.000000,4,cash dividend per share,Interim Dividend - Rs 4 Per Share
TCS,2019-06-04,dividend,1.000000,18,cash dividend per share,Dividend - Rs 18 Per Share
TCS,2019-07-16,dividend,1.000000,5,cash dividend per share,Interim Dividend - Rs 5 Per Share
TCS,2019-10-17,dividend,1.000000,45,cash dividend per share,Interim Dividend - Rs 5 Per Share And Special Dividend - Rs 40 Per Share
TCS,2020-01-23,dividend,1.000000,5,cash dividend per share,Interim Dividend - Rs 5 Per Share
TCS,2020-03-19,dividend,1.000000,12,cash dividend per share,Interim Dividend - Rs 12 Per Share
TCS,2020-06-03,dividend,1.000000,6,cash dividend per share,Dividend - Rs 6 Per Share
TCS,2020-07-16,dividend,1.000000,5,cash dividend per share,Interim Dividend - Rs 5 Per Share
TCS,2020-10-14,dividend,1.000000,12,cash dividend per share,Interim Dividend - Rs 12 Per Share
TCS,2021-01-14,dividend,1.000000,6,cash dividend per share,Interim Dividend - Rs 6 Per Share
TCS,2021-05-25,dividend,1.000000,15,cash dividend per share,Dividend - Rs 15 Per Share
TCS,2021-07-15,dividend,1.000000,7,cash dividend per share,Interim Dividend - Rs 7 Per Share
TCS,2021-10-14,dividend,1.000000,7,cash dividend per share,Interim Dividend - Rs 7 Per Share
TCS,2022-01-19,dividend,1.000000,7,cash dividend per share,Interim Dividend - Rs 7 Per Share
TCS,2022-05-25,dividend,1.000000,22,cash dividend per share,Dividend - Rs 22 Per Share
TCS,2022-07-14,dividend,1.000000,8,cash dividend per share,Interim Dividend- Rs 8 Per Share
TCS,2022-10-17,dividend,1.000000,8,cash dividend per share,Interim Dividend - Rs 8 Per Share
TCS,2023-01-16,dividend,1.000000,75,cash dividend per share,Interim Dividend - Rs 8 Per Share Special Dividend - Rs 67 Per Share
TCS,2023-06-15,dividend,1.000000,24,cash dividend per share,Dividend - Rs 24 Per Share
TCS,2023-07-20,dividend,1.000000,9,cash dividend per share,Interim Dividend - Rs 9 Per Share
TCS,2023-10-19,dividend,1.000000,9,cash dividend per share,Interim Dividend - Rs 9 Per Share
TCS,2024-01-19,dividend,1.000000,27,cash dividend per share,Interim Dividend - Rs 9 Per Share Special Dividend - Rs 18 Per Share
TCS,2024-05-16,dividend,1.000000,28,cash dividend per share,Dividend - Rs 28 Per Share
TCS,2024-07-19,dividend,1.000000,10,cash dividend per share,Interim Dividend - Rs 10 Per Share
TCS,2024-10-18,dividend,1.000000,10,cash dividend per share,Interim Dividend - Rs 10 Per Share
TCS,2025-01-17,dividend,1.000000,76,cash dividend per share,Interim Dividend - Rs 10 Per Share Special Dividend - Rs 66 Per Share
TCS,2025-06-04,dividend,1.000000,30,cash dividend per share,Dividend - Rs 30 Per Share
TCS,2025-07-16,dividend,1.000000,11,cash dividend per share,Interim Dividend - Rs 11 Per Share
TCS,2025-10-15,dividend,1.000000,11,cash dividend per share,Interim Dividend - Rs 11 Per Share
TCS,2026-01-16,dividend,1.000000,57,cash dividend per share,Interim Dividend Rs 11 Per Share/ Special Dividend Rs 46 Per Share
TCS,2026-05-25,dividend,1.000000,31,cash dividend per share,Dividend - Rs 31 Per Share
TCS,2026-07-15,dividend,1.000000,12,cash dividend per share,Interim Dividend - Rs 12 Per Share
TECHM,2007-03-21,dividend,1.000000,0.75,cash dividend per share,Interim Dividend-15% Purpose Revised
TECHM,2008-07-17,dividend,1.000000,2.75,cash dividend per share,Agm/Dividend-55%
TECHM,2008-10-27,dividend,1.000000,2,cash dividend per share,Interim Dividend - 40% Purpose Revised
TECHM,2010-07-21,dividend,1.000000,3.5,cash dividend per share,Agm/Div-Rs.3.50 Per Share
TECHM,2011-08-04,dividend,1.000000,4,cash dividend per share,Annual General Meeting And Dividend Rs.4/- Per Share
TECHM,2012-08-02,dividend,1.000000,4,cash dividend per share,Annual General Meeting/Dividend Rs 4 Per Share
TECHM,2013-09-19,dividend,1.000000,5,cash dividend per share,Annual General Meeting / Dividend - Rs 5/- Per Share
TECHM,2014-07-25,dividend,1.000000,20,cash dividend per share,Annual General Meeting/Dividend Rs 20/- Per Share
TECHM,2015-03-19,bonus,0.500000,,bonus 1:1,Bonus 1:1 / Face Value Split - From Rs 10/- Per Share To Rs 5/- Per Share
TECHM,2015-03-19,split,0.500000,,face value 10 to 5,Bonus 1:1 / Face Value Split - From Rs 10/- Per Share To Rs 5/- Per Share
TECHM,2015-07-23,dividend,1.000000,6,cash dividend per share,Annual General Meeting/ Dividend - Rs 6/- Per Share
TECHM,2016-07-28,dividend,1.000000,12,cash dividend per share,Annual General Meeting/Final Dividend Rs 6/- Per Share And Special Dividend Rs 6/- Per Share
TECHM,2017-07-27,dividend,1.000000,9,cash dividend per share,Annual General Meeting/ Dividend -Rs 9/- Per Share
TECHM,2018-07-26,dividend,1.000000,14,cash dividend per share,Annual General Meeting/Dividend- Rs 14 Per Share
TECHM,2019-07-25,dividend,1.000000,14,cash dividend per share,Annual General Meeting/Dividend Rs 14 Per Share
TECHM,2020-03-02,dividend,1.000000,10,cash dividend per share,Interim Dividend - Rs 10 Per Share
TECHM,2020-07-23,dividend,1.000000,5,cash dividend per share,Annual General Meeting/Dividend - Rs 5 Per Share
TECHM,2020-10-29,dividend,1.000000,15,cash dividend per share,Special Dividend - Rs 15 Per Share
TECHM,2021-07-23,dividend,1.000000,15,cash dividend per share,Annual General Meeting/Dividend - Rs 15 Per Share Special Dividend 15 Per Share
TECHM,2021-11-02,dividend,1.000000,15,cash dividend per share,Special Dividend - Rs 15 Per Share
TECHM,2022-07-21,dividend,1.000000,30,cash dividend per share,Annual General Meeting/Special Dividend - Rs 15 Per Share/Dividend - Rs 15 Per Share
TECHM,2022-11-09,dividend,1.000000,18,cash dividend per share,Special Dividend - Rs 18 Per Share
TECHM,2023-07-21,dividend,1.000000,32,cash dividend per share,Annual General Meeting/Dividend - Rs 32 Per Share
TECHM,2023-11-02,dividend,1.000000,12,cash dividend per share,Interim Dividend - Rs 12 Per Share
TECHM,2024-07-19,dividend,1.000000,28,cash dividend per share,Annual General Meeting/Dividend - Rs 28 Per Share
TECHM,2024-10-31,dividend,1.000000,15,cash dividend per share,Interim Dividend - Rs 15 Per Share
TECHM,2025-07-04,dividend,1.000000,30,cash dividend per share,Dividend - Rs 30 Per Share
TECHM,2025-10-20,dividend,1.000000,15,cash dividend per share,Interim Dividend - Rs 15 Per Share
TECHM,2026-07-03,dividend,1.000000,36,cash dividend per share,Dividend - Rs 36 Per Share
THERMAX,2007-03-20,dividend,1.000000,3.4,cash dividend per share,Int Div-Rs.3.40 Per Sh Purpose Revised
THERMAX,2007-07-12,dividend,1.000000,2.6,cash dividend per share,Agm/Final Dividend-130%
THERMAX,2008-07-10,dividend,1.000000,8,cash dividend per share,Agm/Dividend - 400%
THERMAX,2009-07-09,dividend,1.000000,5,cash dividend per share,Agm/Div-Rs.5/- Per Share
THERMAX,2010-07-08,dividend,1.000000,5,cash dividend per share,Annual General Meeting And Dividend Rs.5/- Per Share
THERMAX,2011-07-07,dividend,1.000000,9,cash dividend per share,Annual General Meeting And Dividend Rs.9/- Per Share
THERMAX,2012-07-12,dividend,1.000000,7,cash dividend per share,Annual General Meeting/ Dividend Rs 7 Per Share
THERMAX,2013-07-11,dividend,1.000000,7,cash dividend per share,Annual General Meeting / Dividend - Rs 7/- Per Equity Share
THERMAX,2014-07-10,dividend,1.000000,6,cash dividend per share,Annual General Meeting / Dividend - Rs 6/- Per Share
THERMAX,2015-07-16,dividend,1.000000,7,cash dividend per share,Annual General Meeting/Dividend Rs 7/- Per Share
THERMAX,2016-07-28,dividend,1.000000,6,cash dividend per share,Annual General Meeting/ Dividend -Rs 6/- Per Share
THERMAX,2018-07-26,dividend,1.000000,6,cash dividend per share,Annual General Meeting/ Dividend- Rs 6 Per Share
THERMAX,2019-07-25,dividend,1.000000,7,cash dividend per share,Annual General Meeting/Dividend Rs 7 Per Share
THERMAX,2020-03-20,dividend,1.000000,7,cash dividend per share,Interim Dividend - Rs 7 Per Share
THERMAX,2021-07-22,dividend,1.000000,7,cash dividend per share,Dividend - Rs 7 Per Share
THERMAX,2022-07-21,dividend,1.000000,9,cash dividend per share,Dividend - Rs 9 Per Share
THERMAX,2023-07-21,dividend,1.000000,10,cash dividend per share,Dividend - Rs 10 Per Share
THERMAX,2024-07-05,dividend,1.000000,12,cash dividend per share,Dividend - Rs 12 Per Share
THERMAX,2025-07-04,dividend,1.000000,14,cash dividend per share,Dividend - Rs 14 Per Share
THERMAX,2026-07-03,dividend,1.000000,20,cash dividend per share,Dividend - Rs 14 Per Share/Special Dividend - Rs 6 Per Share
THOMASCOOK,2007-05-14,split,0.100000,,face value 10 to 1,Fv Split Rs.10/- To Re.1/
THOMASCOOK,2007-06-20,dividend,1.000000,0.5,cash dividend per share,Agm/Dividend-50% Bc Start Date Revised
THOMASCOOK,2008-06-19,dividend,1.000000,0.5,cash dividend per share,Agm/Dividend - 50%
THOMASCOOK,2009-05-22,dividend,1.000000,0.375,cash dividend per share,Agm/Dividend - 37.5%
THOMASCOOK,2010-05-04,dividend,1.000000,0.375,cash dividend per share,Agm/Div-Re.0.375 Pr Share
THOMASCOOK,2011-04-26,dividend,1.000000,0.375,cash dividend per share,Annual General Meeting / Dividend - Rs. 0.375 Per Share
THOMASCOOK,2012-06-06,dividend,1.000000,0.375,cash dividend per share,Dividend - Rs.0.375/- Per Share
THOMASCOOK,2013-05-28,dividend,1.000000,0.375,cash dividend per share,Annual General Meeting/Dividend Re 0.375 Per Share
THOMASCOOK,2014-05-21,dividend,1.000000,0.375,cash dividend per share,Dividend Rs.0.375 Per Share
THOMASCOOK,2015-08-17,dividend,1.000000,0.5,cash dividend per share,Annual General Meeting/Dividend - Re 0.50/- Per Share
THOMASCOOK,2016-08-24,dividend,1.000000,0.375,cash dividend per share,Annual General Meeting/ Dividend - Re 0.375/- Per Share
THOMASCOOK,2017-07-24,dividend,1.000000,0.375,cash dividend per share,Annual General Meeting/Dividend - Re 0.375 Per Share
THOMASCOOK,2018-09-18,dividend,1.000000,0.375,cash dividend per share,Annual General Meeting/Dividend- Re 0.375 Per Share
THOMASCOOK,2019-07-31,dividend,1.000000,0.375,cash dividend per share,Annual General Meeting/ Dividend - Re 0.375 Per Share
THOMASCOOK,2019-12-05,demerger,0.467559,,ex-date open (special pre-open price) / previous close,Demerger
THOMASCOOK,2023-08-10,dividend,1.000000,0.4,cash dividend per share,Annual General Meeting/Dividend - Re 0.40 Per Share
THOMASCOOK,2024-08-16,dividend,1.000000,0.6,cash dividend per share,Dividend - Rs 0.40 Per Share/Special Dividend - Rs. 0.20 Per Share
THOMASCOOK,2025-08-21,dividend,1.000000,0.45,cash dividend per share,Dividend - Re 0.45 Per Share
THOMASCOOK,2026-08-27,dividend,1.000000,0.5,cash dividend per share,Dividend - Rs 0.50 Per Share
TIINDIA,2018-02-22,dividend,1.000000,1.25,cash dividend per share,Interim Dividend - Rs 1.25 Per Share
TIINDIA,2018-07-30,dividend,1.000000,0.5,cash dividend per share,Dividend- Re 0.50 Per Share
TIINDIA,2019-02-14,dividend,1.000000,1.75,cash dividend per share,Interim Dividend - Rs 1.75 Per Share
TIINDIA,2019-07-08,dividend,1.000000,0.75,cash dividend per share,Dividend - Re 0.75 Per Share
TIINDIA,2020-03-11,dividend,1.000000,3.5,cash dividend per share,Interim Dividend - Rs 3.50 Per Share
TIINDIA,2021-02-22,dividend,1.000000,2,cash dividend per share,Interim Dividend - Rs 2 Per Share
TIINDIA,2021-08-04,dividend,1.000000,1.5,cash dividend per share,Annual General Meeting/Dividend - Rs 1.50 Per Share
TIINDIA,2022-02-17,dividend,1.000000,2,cash dividend per share,Interim Dividend - Rs 2 Per Share
TIINDIA,2022-07-20,dividend,1.000000,1.5,cash dividend per share,Dividend - Rs 1.50 Per Sh
TIINDIA,2023-02-15,dividend,1.000000,2,cash dividend per share,Interim Dividend - Rs 2 Per Share
TIINDIA,2023-07-26,dividend,1.000000,1.5,cash dividend per share,Annual General Meeting/Dividend - Rs 1.50 Per Share
TIINDIA,2024-02-13,dividend,1.000000,2,cash dividend per share,Interim Dividend - Rs 2 Per Share
TIINDIA,2024-07-23,dividend,1.000000,1.5,cash dividend per share,Annual General Meeting/Dividend - Rs 1.50 Per Share
TIINDIA,2025-02-07,dividend,1.000000,2,cash dividend per share,Interim Dividend - Rs 2 Per Share
TIINDIA,2025-07-25,dividend,1.000000,1.5,cash dividend per share,Dividend - Rs 1.50 Per Share
TIINDIA,2026-02-10,dividend,1.000000,2,cash dividend per share,Interim Dividend - Rs 2 Per Share
TIINDIA,2026-08-07,dividend,1.000000,1.5,cash dividend per share,Dividend - Rs 1.50 Per Share
TIMKEN,2011-11-21,dividend,1.000000,20,cash dividend per share,Interim Dividend Rs.20/- Per Share
TIMKEN,2013-07-23,dividend,1.000000,2,cash dividend per share,Annual General Meeting And Dividend Rs.2/- Per Share
TIMKEN,2013-11-20,dividend,1.000000,6.5,cash dividend per share,Interim Dividend Rs.6.50 Per Share
TIMKEN,2014-11-20,dividend,1.000000,3,cash dividend per share,Interim Dividend - Rs 3/- Per Share
TIMKEN,2016-08-02,dividend,1.000000,1,cash dividend per share,Annual General Meeting/ Dividend - Re 1/- Per Share
TIMKEN,2017-08-01,dividend,1.000000,1,cash dividend per share,Annual General Meeting/Dividend - Re 1 Per Share
TIMKEN,2018-08-02,dividend,1.000000,1,cash dividend per share,Annual General Meeting/Dividend- Re 1 Per Share
TIMKEN,2019-08-02,dividend,1.000000,1,cash dividend per share,Annual General Meeting/Dividend - Re 1 Per Share
TIMKEN,2020-07-23,dividend,1.000000,50,cash dividend per share,Annual General Meeting/Dividend - Rs 50 Per Share
TIMKEN,2021-07-29,dividend,1.000000,1.5,cash dividend per share,Annual General Meeting/Dividend - Rs 1.50 Per Share
TIMKEN,2022-08-11,dividend,1.000000,1.5,cash dividend per share,Dividend - Rs 1.50 Per Share
TIMKEN,2023-08-04,dividend,1.000000,1.5,cash dividend per share,Dividend - Rs 1.50 Per Share
TIMKEN,2024-07-26,dividend,1.000000,2.5,cash dividend per share,Dividend - Rs 2.50 Per Share
TIMKEN,2025-07-25,dividend,1.000000,36,cash dividend per share,Dividend - Rs 36 Per Share
TIMKEN,2026-07-31,dividend,1.000000,2.5,cash dividend per share,Dividend - Rs 2.50 Per Share
TITAN,2007-07-11,dividend,1.000000,0.5,cash dividend per share,Agm/Dividend-50%
TITAN,2008-07-15,dividend,1.000000,0.8,cash dividend per share,Agm/Dividend - 80%
TITAN,2009-07-10,dividend,1.000000,10,cash dividend per share,Agm/Div-Rs.10/- Per Share
TITAN,2010-07-09,dividend,1.000000,15,cash dividend per share,Dividend-Rs.15/- Per Share
TITAN,2011-06-23,bonus,0.500000,,bonus 1:1,Bonus 1:1 / Face Value Split From Rs.10/- To Re.1/-
TITAN,2011-06-23,split,0.100000,,face value 10 to 1,Bonus 1:1 / Face Value Split From Rs.10/- To Re.1/-
TITAN,2011-07-22,dividend,1.000000,1.25,cash dividend per share,Dividend-Rs.1.25 Per Share
TITAN,2012-07-13,dividend,1.000000,1.75,cash dividend per share,Annual General Meeting /Dividend Rs. 1.75 Per Share
TITAN,2013-07-16,dividend,1.000000,2.1,cash dividend per share,Annual General Meeting/Dividend Rs 2.10/- Per Share
TITAN,2014-07-15,dividend,1.000000,2.1,cash dividend per share,Annual General Meeting / Dividend - Rs 2.10/- Per Share
TITAN,2015-07-17,dividend,1.000000,2.3,cash dividend per share,Annual General Meeting/Dividend - Rs 2.30/- Per Share
TITAN,2016-03-22,dividend,1.000000,2.2,cash dividend per share,Interim Dividend - Rs 2.20/- Per Share (Purpose Revised)
TITAN,2017-07-24,dividend,1.000000,2.6,cash dividend per share,Dividend - Rs 2.60 Per Share
TITAN,2018-07-23,dividend,1.000000,3.75,cash dividend per share,Annual General Meeting/Dividend- Rs 3.75 Per Share
TITAN,2019-07-29,dividend,1.000000,5,cash dividend per share,Annual General Meeting/ Dividend - Rs 5 Per Share
TITAN,2020-08-03,dividend,1.000000,4,cash dividend per share,Annual General Meeting/Dividend - Rs 4 Per Share
TITAN,2021-07-22,dividend,1.000000,4,cash dividend per share,Annual General Meeting/Dividend - Rs 4 Per Share
TITAN,2022-07-08,dividend,1.000000,7.5,cash dividend per share,Annual General Meeting/Dividend - Rs 7.50 Per Share
TITAN,2023-07-13,dividend,1.000000,10,cash dividend per share,Annual General Meeting/Dividend - Rs 10 Per Share
TITAN,2024-06-27,dividend,1.000000,11,cash dividend per share,Annual General Meeting/Dividend - Rs 11 Per Share
TITAN,2025-07-08,dividend,1.000000,11,cash dividend per share,Dividend - Rs 11 Per Share
TITAN,2026-07-09,dividend,1.000000,15,cash dividend per share,Dividend - Rs 15 Per Share
TMPV,2007-06-01,dividend,1.000000,3,cash dividend per share,Agm/Dividend-150%
TMPV,2008-06-16,dividend,1.000000,15,cash dividend per share,Dividend-Rs.15 Per Share Purpose Revised
TMPV,2009-08-03,dividend,1.000000,6,cash dividend per share,Dividend-Rs.6/- Per Share
TMPV,2010-08-10,dividend,1.000000,15,cash dividend per share,Dividend-Rs.15/- Per Share
TMPV,2011-07-19,dividend,1.000000,20,cash dividend per share,Dividend-Rs.20/- Per Share
TMPV,2011-09-12,split,0.200000,,face value 10 to 2,Face Value Split From Rs.10/- To Rs.2/-
TMPV,2012-07-18,dividend,1.000000,4,cash dividend per share,Dividend Rs 4 Per Share
TMPV,2013-07-30,dividend,1.000000,2,cash dividend per share,Annual General Meeting And Dividend Rs.2/- Per Share
TMPV,2014-07-09,dividend,1.000000,2,cash dividend per share,Annual General Meeting / Dividend - Rs 2/- Per Share
TMPV,2015-04-06,rights,0.989388,,"rights 6:109 at 450, theoretical ex-rights price",Rights 6:109 @ Premium Rs. 448/- Per Share
TMPV,2016-07-18,dividend,1.000000,0.2,cash dividend per share,Dividend - Re 0.20/- Per Share
TMPV,2023-07-28,dividend,1.000000,2,cash dividend per share,Dividend - Rs 2 Per Share
TMPV,2024-06-11,dividend,1.000000,6,cash dividend per share,Dividend - Rs 3 Per Share & Special Dividend - Rs 3 Per Share
TMPV,2025-06-04,dividend,1.000000,6,cash dividend per share,Dividend - Rs 6 Per Share
TMPV,2025-10-14,demerger,0.605373,,ex-date open (special pre-open price) / previous close,Demerger
TMPV,2026-06-19,dividend,1.000000,3,cash dividend per share,Dividend - Rs 3 Per Share
TORNTPHARM,2007-03-23,dividend,1.000000,3,cash dividend per share,Int Div-Rs.3/- Per Share Purpose Revised
TORNTPHARM,2008-06-19,dividend,1.000000,3.5,cash dividend per share,Dividend-Rs.3.50/- Per Sh
TORNTPHARM,2009-06-08,dividend,1.000000,4,cash dividend per share,Dividend-Rs.4/-Per Share
TORNTPHARM,2010-06-04,dividend,1.000000,6,cash dividend per share,Dividend-Rs.6/- Per Share
TORNTPHARM,2011-06-06,dividend,1.000000,8,cash dividend per share,Final Dividend Rs.6/- Per Share And Special Dividend Rs.2/- Per Share (Purpose Revised)
TORNTPHARM,2012-01-27,dividend,1.000000,6,cash dividend per share,Interim Dividend Rs.6/- Per Share (Purpose Revised)
TORNTPHARM,2012-06-11,dividend,1.000000,2.5,cash dividend per share,Annual General Meeting/Dividend Rs 2.50 Per Share
TORNTPHARM,2013-02-01,dividend,1.000000,6,cash dividend per share,Interim Dividend Rs 6 Per Share (Purpose Revised)
TORNTPHARM,2013-06-10,dividend,1.000000,17,cash dividend per share,Final Dividend Rs.7/- Per Share And Special Dividend Rs.10/- Per Share
TORNTPHARM,2013-07-23,bonus,0.500000,,bonus 1:1,Bonus 1:1
TORNTPHARM,2014-01-24,dividend,1.000000,5,cash dividend per share,Interim Dividend - Rs 5/- Per Share (Purpose Revised)
TORNTPHARM,2014-06-16,dividend,1.000000,5,cash dividend per share,Annual General Meeting And Final Dividend Rs.5/- Per Share
TORNTPHARM,2015-02-02,dividend,1.000000,5,cash dividend per share,Interim Dividend - Rs 5/- Per Share (Purpose Revised)
TORNTPHARM,2015-06-15,dividend,1.000000,6.25,cash dividend per share,Dividend - Rs 6.25/- Per Share
TORNTPHARM,2016-02-11,dividend,1.000000,20,cash dividend per share,Interim Dividend - Rs 20/- Per Share (Purpose Revised)
TORNTPHARM,2016-03-16,dividend,1.000000,15,cash dividend per share,Interim Dividend - Rs 15/- Per Share (Purpose Revised)
TORNTPHARM,2017-02-10,dividend,1.000000,10,cash dividend per share,Interim Dividend Rs 10/- Per Share (Purpose Revised)
TORNTPHARM,2017-06-19,dividend,1.000000,4,cash dividend per share,Dividend - Rs 4/- Per Share
TORNTPHARM,2018-02-15,dividend,1.000000,9,cash dividend per share,Interim Dividend Rs 9/- Per Share (Purpose Revised)
TORNTPHARM,2018-06-18,dividend,1.000000,5,cash dividend per share,Dividend- Rs 5 Per Share
TORNTPHARM,2019-02-06,dividend,1.000000,13,cash dividend per share,Interim Dividend - Rs 13 Per Share
TORNTPHARM,2019-06-13,dividend,1.000000,4,cash dividend per share,Dividend Rs 4 Per Share
TORNTPHARM,2020-03-18,dividend,1.000000,32,cash dividend per share,Interim Dividend - Rs 17 Per Share Special Dividend - Rs 15 Per Share
TORNTPHARM,2021-02-15,dividend,1.000000,20,cash dividend per share,Interim Dividend - Rs 20 Per Share
TORNTPHARM,2021-06-17,dividend,1.000000,15,cash dividend per share,Dividend - Rs 15 Per Share
TORNTPHARM,2022-02-02,dividend,1.000000,25,cash dividend per share,Interim Dividend - Rs 25 Per Share
TORNTPHARM,2022-07-08,bonus,0.500000,,bonus 1:1,Bonus 1:1
TORNTPHARM,2023-02-03,dividend,1.000000,14,cash dividend per share,Interim Dividend - Rs 14 Per Share
TORNTPHARM,2023-06-23,dividend,1.000000,8,cash dividend per share,Dividend - Rs 8 Per Share
TORNTPHARM,2024-02-12,dividend,1.000000,22,cash dividend per share,Interim Dividend - Rs 22 Per Share
TORNTPHARM,2024-06-21,dividend,1.000000,6,cash dividend per share,Dividend - Rs 6 Per Share
TORNTPHARM,2025-01-31,dividend,1.000000,26,cash dividend per share,Interim Dividend - Rs 26 Per Sh
TORNTPHARM,2025-06-20,dividend,1.000000,6,cash dividend per share,Dividend - Rs 6 Per Share
TORNTPHARM,2026-02-18,dividend,1.000000,29,cash dividend per share,Interim Dividend - Rs 29 Per Share
TORNTPHARM,2026-05-29,dividend,1.000000,9,cash dividend per share,Dividend - Rs 9 Per Share
TORNTPOWER,2007-03-23,dividend,1.000000,0.4,cash dividend per share,Interim Dividend-4% Purpose Revised
TORNTPOWER,2008-06-19,dividend,1.000000,1.2,cash dividend per share,Dividend - 12%
TORNTPOWER,2009-06-18,dividend,1.000000,2,cash dividend per share,Dividend-Rs.2/- Per Share
TORNTPOWER,2010-06-17,dividend,1.000000,3,cash dividend per share,Dividend-Rs.3/- Per Share
TORNTPOWER,2011-06-16,dividend,1.000000,5.5,cash dividend per share,Final Dividend Rs.3/- Per Share And Special Dividend Rs.2.50 Per Share
TORNTPOWER,2012-01-25,dividend,1.000000,3,cash dividend per share,Interim Dividend Rs.3/- Per Share (Purpose Revised)
TORNTPOWER,2012-06-14,dividend,1.000000,3.5,cash dividend per share,Dividend - Rs.3.50 Per Share
TORNTPOWER,2013-06-13,dividend,1.000000,2,cash dividend per share,Dividend-Rs.2/- Per Share
TORNTPOWER,2014-06-12,dividend,1.000000,0.5,cash dividend per share,Annual General Meeting / Dividend Rs. 0.50 Per Share
TORNTPOWER,2015-06-11,dividend,1.000000,1.5,cash dividend per share,Dividend Rs 1.50 Per Share
TORNTPOWER,2016-03-17,dividend,1.000000,4.5,cash dividend per share,Interim Dividend - Rs 4.50/- Per Share (Purpose Revised)
TORNTPOWER,2017-06-08,dividend,1.000000,2.2,cash dividend per share,Dividend - Rs 2.20 Per Share
TORNTPOWER,2018-06-08,dividend,1.000000,5,cash dividend per share,Dividend- Rs 5 Per Share
TORNTPOWER,2019-06-13,dividend,1.000000,5,cash dividend per share,Annual General Meeting/Dividend - Rs 5 Per Share
TORNTPOWER,2020-02-18,dividend,1.000000,11.6,cash dividend per share,Interim Dividend - Rs 11.60 Per Share
TORNTPOWER,2021-02-16,dividend,1.000000,5.5,cash dividend per share,Interim Dividend - Rs 5.50 Per Share
TORNTPOWER,2021-06-24,dividend,1.000000,5.5,cash dividend per share,Dividend - Rs 5.50 Per Share
TORNTPOWER,2022-02-10,dividend,1.000000,9,cash dividend per share,Interim Dividend - Rs 9 Per Share
TORNTPOWER,2023-02-22,dividend,1.000000,22,cash dividend per share,Interim Dividend - Rs 09 Per Share / Special Dividend - Rs 13 Per Share
TORNTPOWER,2023-06-16,dividend,1.000000,4,cash dividend per share,Dividend - Rs 4 Per Share
TORNTPOWER,2024-02-16,dividend,1.000000,12,cash dividend per share,Interim Dividend - Rs 12 Per Share
TORNTPOWER,2024-06-14,dividend,1.000000,4,cash dividend per share,Dividend - Rs 4 Per Share
TORNTPOWER,2025-02-12,dividend,1.000000,14,cash dividend per share,Interim Dividend - Rs 14 Per Share
TORNTPOWER,2025-06-06,dividend,1.000000,5,cash dividend per share,Dividend - Rs 5 Per Share
TORNTPOWER,2026-02-16,dividend,1.000000,15,cash dividend per share,Interim Dividend - Rs 15 Per Share
TORNTPOWER,2026-06-19,dividend,1.000000,5,cash dividend per share,Dividend - Rs 5 Per Share
TRENT,2007-05-08,dividend,1.000000,0.7,cash dividend per share,Int.Div70%/Rght1:5@Rs.500purpose Revised
TRENT,2008-07-16,dividend,1.000000,0.7,cash dividend per share,Dividend - 70%
TRENT,2009-07-31,dividend,1.000000,5.5,cash dividend per share,Agm/Div-Rs.5.50 Per Share
TRENT,2010-08-09,dividend,1.000000,6.5,cash dividend per share,Annual General Meeting And Dividend Rs.6.50 Per Share
TRENT,2011-07-18,dividend,1.000000,7.5,cash dividend per share,Annual General Meeting And Dividend Rs.7.50 Per Share
TRENT,2012-07-23,dividend,1.000000,6.5,cash dividend per share,Annual General Meeting/ Dividend Rs 6.50 Per Share
TRENT,2013-07-15,dividend,1.000000,7,cash dividend per share,Annual General Meeting/Dividend Rs 7/- Per Equity Share
TRENT,2014-08-04,dividend,1.000000,7,cash dividend per share,Annual General Meeting / Dividend - Rs 7/- Per Share
TRENT,2015-07-27,dividend,1.000000,10,cash dividend per share,Annual General Meeting/Final Dividend Rs.7.50/- Per Share/Special Dividend Rs.2.50/- Per Share
TRENT,2016-03-17,dividend,1.000000,9,cash dividend per share,Interim Dividend - Rs 9/- Per Share (Purpose Revised)
TRENT,2016-09-12,split,0.100000,,face value 10 to 1,Face Value Split From Rs 10 To Re 1
TRENT,2017-07-19,dividend,1.000000,1,cash dividend per share,Annual General Meeting/Dividend - Re 1/- Per Share
TRENT,2018-07-27,dividend,1.000000,1.15,cash dividend per share,Annual General Meeting/Dividend- Rs 1.15 Per Share
TRENT,2019-07-19,dividend,1.000000,1.3,cash dividend per share,Annual General Meeting/Dividend - Rs 1.30 Per Share
TRENT,2020-07-24,dividend,1.000000,1,cash dividend per share,Annual General Meeting/Dividend - Re 1 Per Share
TRENT,2021-07-09,dividend,1.000000,0.6,cash dividend per share,Annual General Meeting/Dividend - Re 0.60 Per Share
TRENT,2022-02-22,dividend,1.000000,0.6,cash dividend per share,Interim Dividend - Rs 0.60 Per Share
TRENT,2022-05-20,dividend,1.000000,1.1,cash dividend per share,Dividend- Rs 1.1 Per Share
TRENT,2023-05-25,dividend,1.000000,2.2,cash dividend per share,Dividend - Rs 2.20 Per Share
TRENT,2024-05-22,dividend,1.000000,3.2,cash dividend per share,Dividend - Rs 3.20 Per Share
TRENT,2025-06-12,dividend,1.000000,5,cash dividend per share,Dividend - Rs 5 Per Share
TRENT,2026-06-04,bonus,0.666667,,bonus 1:2,Bonus 1:2
TRENT,2026-06-12,dividend,1.000000,4,cash dividend per share,Dividend - Rs 4 Per Share
TRIDENT,2011-09-22,dividend,1.000000,1.2,cash dividend per share,Annual General Meeting And Dividend Rs.1.20 Per Share
TRIDENT,2014-08-13,dividend,1.000000,0.3,cash dividend per share,Interim Dividend - Re 0.30/- Per Share
TRIDENT,2014-09-19,dividend,1.000000,0.3,cash dividend per share,Annual General Meeting / Dividend - Re 0.30/- Per Share (Bc Start Date Revised)
TRIDENT,2015-02-18,dividend,1.000000,0.3,cash dividend per share,Second Interim Dividend - Re 0.30/- Per Share (Purpose Revised)
TRIDENT,2015-07-30,dividend,1.000000,0.3,cash dividend per share,Annual General Meeting/Interim Dividend - Re 0.30/- Per Share (Purpose Revised)
TRIDENT,2015-11-02,dividend,1.000000,0.3,cash dividend per share,Interim Dividend - Re 0.30/- Per Share (Purpose Revised)
TRIDENT,2016-05-26,dividend,1.000000,0.3,cash dividend per share,Annual General Meeting/ Dividend - Re 0.30/- Per Share
TRIDENT,2016-08-18,dividend,1.000000,0.6,cash dividend per share,Interim Dividend - Re 0.60/- Per Share
TRIDENT,2017-01-25,dividend,1.000000,0.6,cash dividend per share,Interim Dividend Re 0.60/- Per Share (Purpose Revised)
TRIDENT,2017-05-25,dividend,1.000000,0.3,cash dividend per share,Annual General Meeting/Dividend-Re 0.30 Per Share
TRIDENT,2017-08-23,dividend,1.000000,0.6,cash dividend per share,Dividend - Re 0.60 Per Share
TRIDENT,2018-02-05,dividend,1.000000,0.6,cash dividend per share,Interim Dividend Re 0.60 Per Share (Purpose Revised)
TRIDENT,2018-05-24,dividend,1.000000,0.3,cash dividend per share,Annual General Meeting / Dividend- Re 0.30 Per Share
TRIDENT,2018-08-14,dividend,1.000000,0.6,cash dividend per share,Interim Dividend- Re 0.60 Per Share (Purpose Revised)
TRIDENT,2018-10-23,dividend,1.000000,0.6,cash dividend per share,Interim Dividend - Re 0.60 Per Share
TRIDENT,2019-01-24,dividend,1.000000,1.2,cash dividend per share,Interim Dividend - Rs 1.20 Per Share
TRIDENT,2019-05-29,dividend,1.000000,0.6,cash dividend per share,Annual General Meeting/ Dividend - Re 0.60 Per Share
TRIDENT,2019-08-08,dividend,1.000000,0.9,cash dividend per share,Interim Dividend - Re 0.90 Per Share
TRIDENT,2019-11-07,dividend,1.000000,0.9,cash dividend per share,Interim Dividend - Rs 0.90 Per Share
TRIDENT,2019-12-13,split,0.100000,,face value 10 to 1,Face Value Split (Sub-Division) - From Rs 10/- Per Share To Rs 1/- Per Share
TRIDENT,2020-02-27,dividend,1.000000,0.18,cash dividend per share,Interim Dividend - Re 0.18 Per Share
TRIDENT,2021-05-25,dividend,1.000000,0.36,cash dividend per share,Annual General Meeting/Dividend - Re 0.36 Per Share
TRIDENT,2021-10-28,dividend,1.000000,0.36,cash dividend per share,Interim Dividend - Rs 0.36 Per Share
TRIDENT,2022-08-18,dividend,1.000000,0.36,cash dividend per share,Interim Dividend - Re 0.36 Per Share
TRIDENT,2023-06-01,dividend,1.000000,0.36,cash dividend per share,Interim Dividend - Re 0.36 Per Share
TRIDENT,2024-05-28,dividend,1.000000,0.36,cash dividend per share,Interim Dividend - Re 0.36 Per Share
TRIDENT,2025-05-27,dividend,1.000000,0.5,cash dividend per share,Interim Dividend - Re 0.50 Per Share
TRIDENT,2026-05-22,dividend,1.000000,0.5,cash dividend per share,Interim Dividend - Rs 0.50 Per Share
TTKPRESTIG,2007-08-01,dividend,1.000000,3,cash dividend per share,Agm/Div-Rs.3/- Per Sh Book Closure Revised
TTKPRESTIG,2008-07-15,dividend,1.000000,3.5,cash dividend per share,Agm/Div-Rs.3.50 Per Share
TTKPRESTIG,2009-07-31,dividend,1.000000,5,cash dividend per share,Agm/Div-Rs.5/- Per Share
TTKPRESTIG,2010-06-18,dividend,1.000000,10,cash dividend per share,Annual General Meeting And Dividend Rs.10/- Per Share
TTKPRESTIG,2011-07-05,dividend,1.000000,12.5,cash dividend per share,Annual General Meeting And Dividend Rs.12.50 Per Share
TTKPRESTIG,2012-06-20,dividend,1.000000,15,cash dividend per share,Annual General Meeting And Dividend Rs.15/- Per Share
TTKPRESTIG,2013-07-03,dividend,1.000000,17.5,cash dividend per share,Annual General Meeting/Dividend Rs 17.50/- Per Share (Bc End Date Revised)
TTKPRESTIG,2014-08-11,dividend,1.000000,20,cash dividend per share,Annual General Meeting / Dividend - Rs 20/- Per Share
TTKPRESTIG,2015-07-17,dividend,1.000000,22,cash dividend per share,Annual General Meeting/ Dividend - Rs 22/- Per Share
TTKPRESTIG,2016-03-17,dividend,1.000000,27,cash dividend per share,Interim Dividend - Rs 27/- Per Share (Purpose Revised)
TTKPRESTIG,2017-05-02,dividend,1.000000,15,cash dividend per share,Interim Dividend - Rs 15/- Per Share (Purpose Revised)
TTKPRESTIG,2017-08-08,dividend,1.000000,12,cash dividend per share,Annual General Meeting/Dividend- Rs 12/- Per Share
TTKPRESTIG,2018-07-20,dividend,1.000000,30,cash dividend per share,Annual General Meeting / Dividend- Rs 30 Per Share
TTKPRESTIG,2019-05-15,bonus,0.833333,,bonus 1:5,Bonus 1:5
TTKPRESTIG,2019-08-07,dividend,1.000000,30,cash dividend per share,Annual General Meeting/Dividend - Rs 30 Per Share
TTKPRESTIG,2020-08-13,dividend,1.000000,20,cash dividend per share,Annual General Meeting/Dividend - Rs 20 Per Share
TTKPRESTIG,2020-11-19,dividend,1.000000,20,cash dividend per share,Interim Dividend - Rs 20 Per Share
TTKPRESTIG,2021-07-01,dividend,1.000000,30,cash dividend per share,Annual General Meeting/Dividend - Rs 30 Per Share
TTKPRESTIG,2021-12-14,split,0.100000,,face value 10 to 1,Face Value Split (Sub-Division) - From Rs 10 Per Share To Re 1 Per Share
TTKPRESTIG,2022-02-10,dividend,1.000000,2.5,cash dividend per share,Interim Dividend - Rs 2.50 Per Share
TTKPRESTIG,2022-07-21,dividend,1.000000,3.5,cash dividend per share,Annual General Meeting/Dividend - Rs 3.50 Per Share
TTKPRESTIG,2023-07-21,dividend,1.000000,6,cash dividend per share,Annual General Meeting/Dividend - Rs 6 Per Share
TTKPRESTIG,2024-08-14,dividend,1.000000,6,cash dividend per share,Annual General Meeting/Dividend - Rs 6 Per Share
TTKPRESTIG,2025-07-31,dividend,1.000000,6,cash dividend per share,Dividend - Rs 6 Per Share
TTKPRESTIG,2026-07-29,dividend,1.000000,7.5,cash dividend per share,Dividend - Rs 7.50 Per Share
TTML,2013-08-07,bonus,0.882353,,bonus 2:15,Bonus 2:15
TUBEINVEST,2007-07-11,dividend,1.000000,1.5,cash dividend per share,Agm/Dividend-75%
TUBEINVEST,2008-07-09,dividend,1.000000,1,cash dividend per share,Agm/Dividend - 50%
TUBEINVEST,2009-07-15,dividend,1.000000,1,cash dividend per share,Agm/Div-Re.1/- Per Share
TUBEINVEST,2010-07-14,dividend,1.000000,1.5,cash dividend per share,Dividend Rs 1.50 Per Share
TUBEINVEST,2011-02-08,dividend,1.000000,1.5,cash dividend per share,Interim Dividend-Rs.1.50 Per Share
TUBEINVEST,2011-07-13,dividend,1.000000,1.5,cash dividend per share,Dividend-Rs.1.50 Per Share
TUBEINVEST,2012-02-10,dividend,1.000000,2,cash dividend per share,Interim Dividend Rs.2/- Per Share
TUBEINVEST,2012-07-19,dividend,1.000000,1,cash dividend per share,Annual General Meeting And Dividend Re.1/- Per Share
TUBEINVEST,2013-02-12,dividend,1.000000,1.5,cash dividend per share,Interim Dividend Rs 1.50 Per Share
TUBEINVEST,2013-07-17,dividend,1.000000,0.5,cash dividend per share,Annual General Meeting / Dividend Re.0.50/- Per Equity Share
TUBEINVEST,2014-02-13,dividend,1.000000,1.5,cash dividend per share,Interim Dividend - Rs 1.50/- Per Share
TUBEINVEST,2014-07-16,dividend,1.000000,0.5,cash dividend per share,Annual General Meeting / Dividend Re.0.50/- Per Equity Share
TUBEINVEST,2015-02-13,dividend,1.000000,1.5,cash dividend per share,Interim Dividend - Re 1.50/- Per Share
TUBEINVEST,2015-07-22,dividend,1.000000,0.5,cash dividend per share,Annual General Meeting/ Dividend - Re 0.50 Per Share
TUBEINVEST,2016-02-15,dividend,1.000000,1.5,cash dividend per share,Interim Dividend - Rs 1.50/- Per Share
TUBEINVEST,2016-07-20,dividend,1.000000,3.5,cash dividend per share,Annual General Meeting/ Special Dividend -Rs 3.50/- Per Share
TUBEINVEST,2017-02-17,dividend,1.000000,1.25,cash dividend per share,Interim Dividend Rs 1.25 Per Share
TV18BRDCST,2008-02-21,split,0.200000,,face value 10 to 2,Fv Split Rs.10/- To Rs.2/
TV18BRDCST,2010-03-03,rights,0.983181,,"rights 3:10 at 93.5, theoretical ex-rights price",Rights 3:10 @Prem Rs.91.5
TV18BRDCST,2012-09-14,rights,0.857818,,"rights 41:11 at 20, theoretical ex-rights price",Rights 41:11 @ Premium Rs.18/- Per Share
TVSMOTOR,2007-08-10,dividend,1.000000,0.15,cash dividend per share,Agm/Fin Div-Re0.15 Per Sh
TVSMOTOR,2008-08-06,dividend,1.000000,0.7,cash dividend per share,Agm/Div-Rs.0.70 Per Share
TVSMOTOR,2009-06-29,dividend,1.000000,0.7,cash dividend per share,Int Div-Re.0.70 Per Sharepurpose Revised
TVSMOTOR,2010-01-25,dividend,1.000000,0.7,cash dividend per share,Int Div-Re.0.70 Per Sharepurpose Revised
TVSMOTOR,2010-07-26,dividend,1.000000,0.5,cash dividend per share,2nd Interim Dividend-Re.0.50 Per Share (Purpose Revised)
TVSMOTOR,2010-09-08,bonus,0.500000,,bonus 1:1,Bonus 1:1
TVSMOTOR,2011-01-25,dividend,1.000000,0.5,cash dividend per share,Interim Dividend-Re.0.50 Per Share (Purpose Revised)
TVSMOTOR,2011-08-02,dividend,1.000000,0.6,cash dividend per share,Annual Book Closure And 2nd Interim Dividend Re.0.60 Per Share (Purpose Revised)
TVSMOTOR,2012-03-20,dividend,1.000000,0.6,cash dividend per share,Interim Dividend Re.0.60 Per Share (Purpose Revised)
TVSMOTOR,2012-06-04,dividend,1.000000,0.7,cash dividend per share,2nd Interim Dividend - Re.0.70 Per Share
TVSMOTOR,2013-02-06,dividend,1.000000,0.6,cash dividend per share,Interim Dividend Re 0.60 Per Share (Purpose Revised)
TVSMOTOR,2013-05-03,dividend,1.000000,0.6,cash dividend per share,Second Interim Dividend Re.0.60 Per Equity Share (Purpose Revised)
TVSMOTOR,2013-10-30,dividend,1.000000,0.65,cash dividend per share,Interim Dividend Re.0.65 Per Share (Purpose Revised)
TVSMOTOR,2014-05-02,dividend,1.000000,0.75,cash dividend per share,Second Interim Dividend - Re 0.75/- Per Share (Purpose Revised)
TVSMOTOR,2015-02-06,dividend,1.000000,0.75,cash dividend per share,Interim Dividend - Re 0.75/- Per Share (Purpose Revised)
TVSMOTOR,2015-05-05,dividend,1.000000,1.15,cash dividend per share,Second Interim Dividend - Rs 1.15 Per Share (Purpose Revised)
TVSMOTOR,2016-02-04,dividend,1.000000,1,cash dividend per share,Interim Dividend - Re 1/- Per Share (Purpose Revised)
TVSMOTOR,2016-03-17,dividend,1.000000,1.5,cash dividend per share,Interim Dividend - Rs 1.50 Per Share (Purpose Revised)
TVSMOTOR,2016-11-03,dividend,1.000000,1.25,cash dividend per share,Interim Dividend Rs 1.25 Per Share (Purpose Revised)
TVSMOTOR,2017-03-14,dividend,1.000000,1.25,cash dividend per share,Interim Dividend Rs 1.25 Per Share (Purpose Revised)
TVSMOTOR,2017-11-08,dividend,1.000000,2,cash dividend per share,Interim Dividend - Rs 2/- Per Share (Purpose Revised)
TVSMOTOR,2018-03-06,dividend,1.000000,1.3,cash dividend per share,Interim Dividend - Rs 1.30 Per Share (Purpose Revised)
TVSMOTOR,2018-10-30,dividend,1.000000,2.1,cash dividend per share,Interim Dividend - Rs 2.10 Per Share
TVSMOTOR,2019-03-18,dividend,1.000000,1.4,cash dividend per share,Interim Dividend - Rs 1.40 Per Share
TVSMOTOR,2020-02-11,dividend,1.000000,2.1,cash dividend per share,Interim Dividend - Rs 2.10 Per Share
TVSMOTOR,2020-03-17,dividend,1.000000,1.4,cash dividend per share,Interim Dividend - Rs 1.40 Per Share
TVSMOTOR,2021-02-04,dividend,1.000000,2.1,cash dividend per share,Interim Dividend - Rs 2.10 Per Share
TVSMOTOR,2021-03-30,dividend,1.000000,1.4,cash dividend per share,Interim Dividend - Rs 1.40 Per Share
TVSMOTOR,2022-03-25,dividend,1.000000,3.75,cash dividend per share,Interim Dividend - Rs 3.75 Per Share
TVSMOTOR,2023-02-02,dividend,1.000000,5,cash dividend per share,Interim Dividend - Rs 5 Per Share
TVSMOTOR,2024-03-19,dividend,1.000000,8,cash dividend per share,Interim Dividend - Rs 8 Per Share
TVSMOTOR,2025-03-26,dividend,1.000000,10,cash dividend per share,Interim Dividend - Rs 10 Per Share
TVSMOTOR,2025-08-25,demerger,1.000000,,no price effect (opened above the previous close),Scheme Of Arrangement - Bonus Ncrps 4:1
TVSMOTOR,2026-03-30,dividend,1.000000,12,cash dividend per share,Interim Dividend - Rs 12 Per Share
UBL,2008-10-01,dividend,1.000000,0.15,cash dividend per share,Interim Dividend - 15%
UBL,2009-09-07,dividend,1.000000,0.15,cash dividend per share,Agm/Div-Rs.0.15 Per Share
UBL,2010-08-17,dividend,1.000000,0.36,cash dividend per share,Annual General Meeting And Dividend Re.0.36 Per Share
UBL,2011-12-16,dividend,1.000000,0.6,cash dividend per share,Annual General Meeting / Dividend Re 0.60 Per Share
UBL,2012-09-21,dividend,1.000000,0.7,cash dividend per share,Annual General Meeting/Dividend Re 0.70 Per Share
UBL,2013-09-06,dividend,1.000000,0.7,cash dividend per share,Annual General Meeting And Dividend Re.0.70 Per Share
UBL,2014-09-01,dividend,1.000000,0.9,cash dividend per share,Annual General Meeting / Dividend - Re 0.90/- Per Share
UBL,2015-09-14,dividend,1.000000,1,cash dividend per share,Annual General Meeting/ Dividend - Re 1/- Per Share
UBL,2016-08-30,dividend,1.000000,1.15,cash dividend per share,Annual General Meeting/Dividend Rs 1.15 Per Share
UBL,2017-09-14,dividend,1.000000,1.15,cash dividend per share,Annual General Meeting/Dividend - Rs 1.15 Per Share
UBL,2018-09-07,dividend,1.000000,2,cash dividend per share,Annual General Meeting/Dividend- Rs 2/- Per Share
UBL,2019-08-13,dividend,1.000000,2.5,cash dividend per share,Annual General Meeting/Dividend - Rs 2.50 Per Share
UBL,2020-08-18,dividend,1.000000,2.5,cash dividend per share,Annual General Meeting/Dividend - Rs 2.50 Per Share
UBL,2021-07-01,dividend,1.000000,0.5,cash dividend per share,Annual General Meeting/Dividend - Rs 0.50 Per Share
UBL,2022-08-02,dividend,1.000000,10.5,cash dividend per share,Annual General Meeting/Dividend - Rs 10.50 Per Sh
UBL,2023-08-03,dividend,1.000000,7.5,cash dividend per share,Annual General Meeting/Dividend - Rs 7.50 Per Sh
UBL,2024-07-25,dividend,1.000000,10,cash dividend per share,Dividend - Rs 10 Per Share
UBL,2025-07-31,dividend,1.000000,10,cash dividend per share,Dividend - Rs 10 Per Share
UBL,2026-08-07,dividend,1.000000,10,cash dividend per share,Dividend - Rs 10 Per Share
UCOBANK,2007-03-22,dividend,1.000000,1,cash dividend per share,Int Div-Re.1/- Per Share Purpose Revised
UCOBANK,2008-06-19,dividend,1.000000,1,cash dividend per share,Agm/Dividend - 10%
UCOBANK,2009-06-16,dividend,1.000000,1,cash dividend per share,Agm/Div-Re.1/- Per Share
UCOBANK,2010-06-23,dividend,1.000000,1.5,cash dividend per share,Annual General Meeting And Dividend Rs.1.50 Per Share
UCOBANK,2011-07-05,dividend,1.000000,3,cash dividend per share,Annual General Meeting And Dividend Rs.3/- Per Share
UCOBANK,2012-06-15,dividend,1.000000,3,cash dividend per share,Annual General Meeting And Dividend - Rs.3/- Per Share
UCOBANK,2013-06-17,dividend,1.000000,1.6,cash dividend per share,Annual General Meeting And Dividend Rs.1.60 Per Share
UCOBANK,2014-01-20,dividend,1.000000,2,cash dividend per share,Interim Dividend - Rs 2/- Per Share
UCOBANK,2014-06-24,dividend,1.000000,1,cash dividend per share,Annual General Meeting / Final Dividend - Re 1/- Per Share
UCOBANK,2015-06-23,dividend,1.000000,2,cash dividend per share,Annual General Meeting/ Dividend - Rs 2/- Per Share
UCOBANK,2024-05-10,dividend,1.000000,0.28,cash dividend per share,Dividend - Re 0.28 Per Share
UCOBANK,2025-05-09,dividend,1.000000,0.39,cash dividend per share,Dividend - Rs 0.39 Per Share
UCOBANK,2026-05-04,dividend,1.000000,0.44,cash dividend per share,Dividend - Re 0.44 Per Share
ULTRACEMCO,2007-03-15,dividend,1.000000,4,cash dividend per share,Int Div-Rs.4/- Per Share Purpose Revised
ULTRACEMCO,2008-07-09,dividend,1.000000,5,cash dividend per share,Agm/Dividend - 50%
ULTRACEMCO,2009-07-09,dividend,1.000000,5,cash dividend per share,Agm/Div-Rs.5/- Per Share
ULTRACEMCO,2010-06-21,dividend,1.000000,6,cash dividend per share,Final Dividend-Rs.6/- Per Share
ULTRACEMCO,2011-08-25,dividend,1.000000,6,cash dividend per share,Dividend Rs 6 Per Share
ULTRACEMCO,2012-08-17,dividend,1.000000,8,cash dividend per share,Annual General Meeting And Dividend Rs.8/- Per Share
ULTRACEMCO,2013-07-17,dividend,1.000000,9,cash dividend per share,Annual General Meeting And Dividend Rs.9/- Per Share
ULTRACEMCO,2014-07-24,dividend,1.000000,9,cash dividend per share,Annual General Meeting/Dividend - Rs.9/- Per Share
ULTRACEMCO,2015-08-14,dividend,1.000000,9,cash dividend per share,Annual General Meeting/ Dividend - Rs 9/- Per Share
ULTRACEMCO,2016-07-04,dividend,1.000000,9.5,cash dividend per share,Annual General Meeting/ Dividend -Rs 9.50/- Per Share
ULTRACEMCO,2017-07-10,dividend,1.000000,10,cash dividend per share,Annual General Meeting/Dividend - Rs 10 Per Share
ULTRACEMCO,2018-07-10,dividend,1.000000,10.5,cash dividend per share,Annual General Meeting/Dividend- Rs 10.50 Per Share
ULTRACEMCO,2019-07-10,dividend,1.000000,11.5,cash dividend per share,Annual General Meeting/Dividend - Rs 11.50 Per Share
ULTRACEMCO,2020-07-29,dividend,1.000000,13,cash dividend per share,Annual General Meeting/Dividend - Rs 13 Per Share
ULTRACEMCO,2021-08-02,dividend,1.000000,37,cash dividend per share,Annual General Meeting/Dividend - Rs 37 Per Share
ULTRACEMCO,2022-08-02,dividend,1.000000,38,cash dividend per share,Annual General Meeting/Dividend - Rs 38 Per Share
ULTRACEMCO,2023-07-27,dividend,1.000000,38,cash dividend per share,Annual General Meeting/Dividend - Rs 38 Per Share
ULTRACEMCO,2024-07-30,dividend,1.000000,70,cash dividend per share,Annual General Meeting/Dividend - Rs 70 Per Share
ULTRACEMCO,2025-07-25,dividend,1.000000,77.5,cash dividend per share,Dividend - Rs 77.50 Per Sh
ULTRACEMCO,2026-07-30,dividend,1.000000,240,cash dividend per share,Dividend - Rs 240 Per Share
UNIONBANK,2007-01-11,dividend,1.000000,1.5,cash dividend per share,Interim Dividend-15%
UNIONBANK,2007-06-14,dividend,1.000000,2,cash dividend per share,Agm/Final Dividend-20%
UNIONBANK,2008-06-17,dividend,1.000000,4,cash dividend per share,Agm/Dividend - 40%
UNIONBANK,2009-06-18,dividend,1.000000,5,cash dividend per share,Agm/Div-Rs.5/- Per Share
UNIONBANK,2010-06-24,dividend,1.000000,5.5,cash dividend per share,Annual General Meeting And Dividend Rs.5.50 Per Share
UNIONBANK,2011-06-16,dividend,1.000000,8,cash dividend per share,Annual General Meeting And Dividend Rs.8/- Per Share
UNIONBANK,2012-06-21,dividend,1.000000,8,cash dividend per share,Annual General Meeting And Dividend - Rs.8/- Per Share
UNIONBANK,2013-06-20,dividend,1.000000,8,cash dividend per share,Annual General Meeting And Dividend Rs.8/- Per Share
UNIONBANK,2014-01-20,dividend,1.000000,2.7,cash dividend per share,Interim Dividend - Rs 2.70/- Per Share
UNIONBANK,2014-06-19,dividend,1.000000,1.3,cash dividend per share,Annual General Meeting And Dividend Rs.1.30/- Per Share
UNIONBANK,2015-06-18,dividend,1.000000,6,cash dividend per share,Annual General Meeting/ Dividend - Rs 6/- Per Share
UNIONBANK,2016-06-17,dividend,1.000000,1.95,cash dividend per share,Annual General Meeting/ Dividend - Rs 1.95/- Per Share
UNIONBANK,2022-06-22,dividend,1.000000,1.9,cash dividend per share,Annual General Meeting/Dividend - Rs 1.90 Per Share
UNIONBANK,2023-07-28,dividend,1.000000,3,cash dividend per share,Annual General Meeting/Dividend - Rs 3 Per Share
UNIONBANK,2024-07-19,dividend,1.000000,3.6,cash dividend per share,Annual General Meeting/Dividend - Rs 3.60 Per Share
UNIONBANK,2025-07-25,dividend,1.000000,4.75,cash dividend per share,Dividend - Rs 4.75 Per Share
UNIONBANK,2026-07-03,dividend,1.000000,5,cash dividend per share,Dividend - Rs 5 Per Share
UNITDSPR,2007-03-22,dividend,1.000000,0.3,cash dividend per share,Interim Dividend-15% Purpose Revised
UNITDSPR,2007-11-20,dividend,1.000000,0.2,cash dividend per share,Agm/Final Dividend-10%
UNITDSPR,2008-12-19,dividend,1.000000,0.3,cash dividend per share,Agm/Dividend - 15%
UNITDSPR,2009-09-22,dividend,1.000000,2,cash dividend per share,Agm/Div-Rs.2/- Per Share
UNITDSPR,2010-09-21,dividend,1.000000,2.5,cash dividend per share,Annual General Meeting And Dividend Rs.2.50 Per Share
UNITDSPR,2011-09-21,dividend,1.000000,2.5,cash dividend per share,Annual General Meeting And Dividend Rs.2.50 Per Share
UNITDSPR,2012-09-17,dividend,1.000000,2.5,cash dividend per share,Annual General Meeting/ Dividend Rs. 2.50 Per Share
UNITDSPR,2013-09-16,dividend,1.000000,2.5,cash dividend per share,Annual General Meeting And Dividend Rs.2.50 Per Share
UNITDSPR,2018-06-15,split,0.200000,,face value 10 to 2,Face Value Split (Sub-Division) - From Rs 10/- Per Share To Rs 2/- Per Share
UNITDSPR,2023-11-17,dividend,1.000000,4,cash dividend per share,Interim Dividend - Rs 4 Per Share
UNITDSPR,2024-07-12,dividend,1.000000,5,cash dividend per share,Dividend - Rs 5 Per Share
UNITDSPR,2025-04-03,dividend,1.000000,4,cash dividend per share,Interim Dividend - Rs 4 Per Share
UNITDSPR,2025-08-01,dividend,1.000000,8,cash dividend per share,Dividend - Rs 8 Per Share
UNITDSPR,2026-01-27,dividend,1.000000,6,cash dividend per share,Interim Dividend - Rs 6 Per Share
UNITDSPR,2026-07-08,dividend,1.000000,11,cash dividend per share,Dividend - Rs 11 Per Share
UNITECH,2007-07-20,dividend,1.000000,0.5,cash dividend per share,Agm/Dividend-25%
UNITECH,2007-08-30,bonus,0.500000,,bonus 1:1,Bonus 1:1
UNITECH,2008-08-25,dividend,1.000000,0.25,cash dividend per share,Agm/Dividend - 12.5%
UNITECH,2009-08-06,dividend,1.000000,0.1,cash dividend per share,Agm/Div-Re.0.10 Per Share
UNITECH,2010-09-02,dividend,1.000000,0.2,cash dividend per share,Annual General Meeting And Dividend Re.0.20 Per Share
UNOMINDA,2007-07-16,dividend,1.000000,0.5,cash dividend per share,Dividend - 25%
UNOMINDA,2008-07-15,dividend,1.000000,0.5,cash dividend per share,Agm/Dividend - 25%
UNOMINDA,2009-07-20,dividend,1.000000,2.5,cash dividend per share,Agm/Div-Rs.2.50 Per Share
UNOMINDA,2010-12-15,dividend,1.000000,3,cash dividend per share,Annual General Meeting / Dividend - Rs 3 Per Share
UNOMINDA,2011-08-02,dividend,1.000000,3,cash dividend per share,Dividend-Rs.3/- Per Share
UNOMINDA,2012-09-14,dividend,1.000000,3,cash dividend per share,Annual General Meeting/Dividend Rs 3 Per Share
UNOMINDA,2013-09-06,dividend,1.000000,3,cash dividend per share,Annual General Meeting And Dividend Rs.3/- Per Share
UNOMINDA,2014-08-19,dividend,1.000000,3,cash dividend per share,Annual General Meeting / Dividend - Rs 3/- Per Share
UNOMINDA,2015-02-26,dividend,1.000000,2.5,cash dividend per share,Interim Dividend - Rs 2.50/- Per Share
UNOMINDA,2015-07-30,dividend,1.000000,3.5,cash dividend per share,Dividend - Rs 3.50 Per Share
UNOMINDA,2016-02-11,dividend,1.000000,3,cash dividend per share,Interim Dividend - Rs 3/- Per Share
UNOMINDA,2016-08-03,dividend,1.000000,4,cash dividend per share,Dividend - Rs 4/- Per Share
UNOMINDA,2016-09-12,split,0.200000,,face value 10 to 2,Face Value Split From Rs 10 To Rs 2
UNOMINDA,2017-02-16,dividend,1.000000,1.2,cash dividend per share,Interim Dividend Rs 1.20 Per Share
UNOMINDA,2017-08-21,dividend,1.000000,1,cash dividend per share,Dividend - Re 1/- Per Share
UNOMINDA,2018-02-22,dividend,1.000000,1.2,cash dividend per share,Interim Dividend - Rs 1.20 Per Share
UNOMINDA,2018-07-11,bonus,0.333333,,bonus 2:1,Bonus 2:1/Dividend- Rs 1.60 Per Share
UNOMINDA,2018-07-11,dividend,1.000000,1.6,cash dividend per share,Bonus 2:1/Dividend- Rs 1.60 Per Share
UNOMINDA,2019-02-15,dividend,1.000000,0.45,cash dividend per share,Interim Dividend - Re 0.45 Per Share
UNOMINDA,2019-07-29,dividend,1.000000,0.65,cash dividend per share,Annual General Meeting/Dividend - Rs 0.65 Per Share
UNOMINDA,2020-02-17,dividend,1.000000,0.4,cash dividend per share,Interim Dividend - Rs 0.40 Per Share
UNOMINDA,2020-08-14,rights,0.994994,,"rights 1:27 at 250, theoretical ex-rights price",Rights 1:27 @ Premium Rs 248/-
UNOMINDA,2021-02-15,dividend,1.000000,0.35,cash dividend per share,Interim Dividend - Rs 0.35 Per Share
UNOMINDA,2021-08-04,dividend,1.000000,0.5,cash dividend per share,Dividend - Rs 0.50 Per Share
UNOMINDA,2022-02-16,dividend,1.000000,0.5,cash dividend per share,Interim Dividend - Rs 0.50 Per Share
UNOMINDA,2022-07-07,bonus,0.500000,,bonus 1:1,Bonus 1:1
UNOMINDA,2022-07-07,dividend,1.000000,1,cash dividend per share,Dividend - Rs 1 Per Share
UNOMINDA,2023-02-20,dividend,1.000000,0.5,cash dividend per share,Interim Dividend - Re 0.50 Per Share
UNOMINDA,2023-08-31,dividend,1.000000,1,cash dividend per share,Dividend - Re 1 Per Sh
UNOMINDA,2024-02-15,dividend,1.000000,0.65,cash dividend per share,Interim Dividend - Rs 0.65 Per Share
UNOMINDA,2024-06-07,dividend,1.000000,1.35,cash dividend per share,Dividend - Rs 1.35 Per Share
UNOMINDA,2025-02-12,dividend,1.000000,0.75,cash dividend per share,Interim Dividend - Re 0.75 Per Share
UNOMINDA,2025-05-30,dividend,1.000000,1.5,cash dividend per share,Dividend - Rs 1.50 Per Share
UNOMINDA,2026-02-11,dividend,1.000000,0.9,cash dividend per share,Interim Dividend - Re 0.90 Per Share
UNOMINDA,2026-05-29,dividend,1.000000,1.75,cash dividend per share,Dividend - Rs 1.75 Per Share
UPL,2007-03-21,dividend,1.000000,1.2,cash dividend per share,Interim Dividend-60% Purpose Revised
UPL,2008-09-04,dividend,1.000000,2,cash dividend per share,Agm/Dividend - 100%
UPL,2008-10-29,bonus,0.500000,,bonus 1:1,Bonus 1:1
UPL,2009-09-03,dividend,1.000000,1.5,cash dividend per share,Agm/Div-Rs.1.50 Per Share
UPL,2010-08-26,dividend,1.000000,2,cash dividend per share,Annual General Meeting And Dividend Rs.2/- Per Share
UPL,2011-07-14,dividend,1.000000,2,cash dividend per share,Annual General Meeting And Dividend Rs.2/- Per Share
UPL,2012-04-03,dividend,1.000000,2,cash dividend per share,Interim Dividend Rs.2/- Per Share (Purpose Revised)
UPL,2012-07-12,dividend,1.000000,0.5,cash dividend per share,Annual General Meeting/ Dividend Of Rs.0.50/- Per Share
UPL,2013-07-04,dividend,1.000000,2.5,cash dividend per share,Annual General Meeting / Dividend - Rs 2.50/- Per Share
UPL,2014-08-07,dividend,1.000000,4,cash dividend per share,Annual General Meeting/Dividend Rs.4/- Per Share
UPL,2015-07-16,dividend,1.000000,5,cash dividend per share,Annual General Meeting/Dividend - Rs 5/- Per Share
UPL,2016-06-16,dividend,1.000000,5,cash dividend per share,Annual General Meeting/ Dividend - Rs 5/- Per Share
UPL,2017-06-22,dividend,1.000000,7,cash dividend per share,Annual General Meeting/Dividend-Rs 7 Per Share
UPL,2018-08-09,dividend,1.000000,8,cash dividend per share,Annual General Meeting/Dividend- Rs 8 Per Share
UPL,2019-05-28,dividend,1.000000,8,cash dividend per share,Dividend - Rs 8 Per Share
UPL,2019-07-02,bonus,0.666667,,bonus 1:2,Bonus 1:2
UPL,2020-08-19,dividend,1.000000,6,cash dividend per share,Dividend - Rs 6 Per Sh
UPL,2021-07-14,dividend,1.000000,10,cash dividend per share,Dividend - Rs 10 Per Share
UPL,2022-07-27,dividend,1.000000,10,cash dividend per share,Dividend - Rs 10 Per Share
UPL,2023-08-03,dividend,1.000000,10,cash dividend per share,Annual General Meeting/Dividend - Rs 10 Per Share
UPL,2024-08-12,dividend,1.000000,1,cash dividend per share,Dividend - Re 1 Per Share
UPL,2024-11-26,rights,0.959243,,"rights 1:8 at 360, theoretical ex-rights price",Rights 1:8 @ Premium Rs 358/-
UPL,2025-07-11,dividend,1.000000,6,cash dividend per share,Dividend - Rs 6 Per Share
UPL,2026-07-17,dividend,1.000000,6,cash dividend per share,Dividend - Rs 6 Per Share
VAIBHAVGBL,2007-09-20,dividend,1.000000,0.1,cash dividend per share,Agm/Dividend-5%
VAIBHAVGBL,2014-11-20,dividend,1.000000,2.4,cash dividend per share,Interim Dividend - Rs 2.40/- Per Share
VAIBHAVGBL,2018-11-09,dividend,1.000000,5,cash dividend per share,Interim Dividend - Rs 5 Per Share
VAIBHAVGBL,2019-07-11,dividend,1.000000,5,cash dividend per share,Annual General Meeting/Dividend-Rs 5.00 Per Sh
VAIBHAVGBL,2020-02-07,dividend,1.000000,7,cash dividend per share,Interim Dividend - Rs 7 Per Share
VAIBHAVGBL,2020-03-26,dividend,1.000000,19.74,cash dividend per share,Interim Dividend - Rs 19.74 Per Share
VAIBHAVGBL,2020-07-21,dividend,1.000000,7,cash dividend per share,Annual General Meeting/Dividend - Rs 7 Per Share
VAIBHAVGBL,2020-08-21,dividend,1.000000,5,cash dividend per share,Interim Dividend - Rs 5 Per Share
VAIBHAVGBL,2020-11-05,dividend,1.000000,5,cash dividend per share,Interim Dividend - Rs 5 Per Share
VAIBHAVGBL,2021-02-04,dividend,1.000000,7.5,cash dividend per share,Interim Dividend - Rs 7.50 Per Share
VAIBHAVGBL,2021-05-07,split,0.200000,,face value 10 to 2,Face Value Split (Sub-Division) - From Rs 10/- Per Share To Rs 2/- Per Share
VAIBHAVGBL,2021-06-30,dividend,1.000000,1.5,cash dividend per share,Annual General Meeting/Dividend - Rs 1.50 Per Share
VAIBHAVGBL,2021-08-05,dividend,1.000000,1.5,cash dividend per share,Interim Dividend - Rs 1.50 Per Share
VAIBHAVGBL,2021-11-02,dividend,1.000000,1.5,cash dividend per share,Interim Dividend - Rs 1.50 Per Share
VAIBHAVGBL,2022-02-03,dividend,1.000000,1.5,cash dividend per share,Interim Dividend - Rs 1.50 Per Share
VAIBHAVGBL,2022-06-29,dividend,1.000000,1.5,cash dividend per share,Annual General Meeting/Dividend - Rs 1.50 Per Share
VAIBHAVGBL,2022-08-10,dividend,1.000000,1.5,cash dividend per share,Interim Dividend - Rs 1.50 Per Share
VAIBHAVGBL,2022-11-03,dividend,1.000000,1.5,cash dividend per share,Interim Dividend- Rs 1.50 Per Share
VAIBHAVGBL,2023-02-03,dividend,1.000000,1.5,cash dividend per share,Interim Dividend - Rs 1.50 Per Share
VAIBHAVGBL,2023-06-30,dividend,1.000000,1.5,cash dividend per share,Annual General Meeting/Dividend - Rs 1.50 Per Share
VAIBHAVGBL,2023-08-10,dividend,1.000000,1.5,cash dividend per share,Interim Dividend - Rs 1.50 Per Share
VAIBHAVGBL,2023-11-07,dividend,1.000000,1.5,cash dividend per share,Interim Dividend - Rs 1.50 Per Share
VAIBHAVGBL,2024-02-08,dividend,1.000000,1.5,cash dividend per share,Interim Dividend - Rs 1.50 Per Share
VAIBHAVGBL,2024-06-28,dividend,1.000000,1.5,cash dividend per share,Annual General Meeting/Dividend - Rs 1.50 Per Share
VAIBHAVGBL,2024-08-09,dividend,1.000000,1.5,cash dividend per share,Interim Dividend - Rs 1.50 Per Share
VAIBHAVGBL,2024-11-19,dividend,1.000000,1.5,cash dividend per share,Interim Dividend - Rs 1.50 Per Share
VAIBHAVGBL,2025-02-07,dividend,1.000000,1.5,cash dividend per share,Interim Dividend - Rs 1.50 Per Share
VAIBHAVGBL,2025-06-27,dividend,1.000000,1.5,cash dividend per share,Annual General Meeting/Dividend - Rs 1.50 Per Share
VAIBHAVGBL,2025-08-14,dividend,1.000000,1.5,cash dividend per share,Interim Dividend - Rs 1.50 Per Share
VAIBHAVGBL,2025-11-06,dividend,1.000000,1.5,cash dividend per share,Interim Dividend - Rs 1.50 Per Share
VAIBHAVGBL,2026-02-03,dividend,1.000000,1.5,cash dividend per share,Interim Dividend - Rs 1.50 Per Share
VAIBHAVGBL,2026-06-25,dividend,1.000000,1.5,cash dividend per share,Dividend - Rs 1.50 Per Share
VAIBHAVGBL,2026-08-12,dividend,1.000000,1.5,cash dividend per share,Interim Dividend - Rs 1.50 Per Share
VAKRANGEE,2007-08-30,dividend,1.000000,1.5,cash dividend per share,Agm/Div-Rs.1.50 Per Sh
VAKRANGEE,2008-09-16,dividend,1.000000,0.2,cash dividend per share,Agm/Dividend - 20%
VAKRANGEE,2009-09-17,dividend,1.000000,1,cash dividend per share,Agm/Div-Re.1/- Per Share
VAKRANGEE,2010-09-02,dividend,1.000000,1.5,cash dividend per share,Annual General Meeting And Dividend Rs.1.50 Per Share
VAKRANGEE,2011-08-16,dividend,1.000000,2,cash dividend per share,Annual General Meeting And Dividend Rs.2/- Per Share
VAKRANGEE,2012-04-12,bonus,0.500000,,bonus 1:1,Bonus 1:1 And Face Value Split From Rs.10/- To Re.1/-
VAKRANGEE,2012-04-12,split,0.100000,,face value 10 to 1,Bonus 1:1 And Face Value Split From Rs.10/- To Re.1/-
VAKRANGEE,2012-07-23,dividend,1.000000,0.2,cash dividend per share,Annual General Meeting/ Dividend Of Rs.0.20 Per Share
VAKRANGEE,2013-09-02,dividend,1.000000,0.2,cash dividend per share,Annual General Meeting And Dividend Re.0.20 Per Share
VAKRANGEE,2014-09-19,dividend,1.000000,0.2,cash dividend per share,Annual General Meeting / Dividend - Re 0.20/- Per Share
VAKRANGEE,2015-09-23,dividend,1.000000,0.25,cash dividend per share,Annual General Meeting/ Dividend - Re 0.25/- Per Share
VAKRANGEE,2016-09-22,dividend,1.000000,1.25,cash dividend per share,Annual General Meeting/ Divided - Rs 1.25/- Per Share
VAKRANGEE,2017-09-14,dividend,1.000000,2,cash dividend per share,Annual General Meeting/Dividend - Rs 2 Per Share
VAKRANGEE,2017-12-21,bonus,0.500000,,bonus 1:1,Bonus 1:1
VAKRANGEE,2018-09-19,dividend,1.000000,0.25,cash dividend per share,Dividend Re 0.25 Per Share
VAKRANGEE,2019-09-19,dividend,1.000000,0.25,cash dividend per share,Dividend - Rs 0.25 Per Share
VAKRANGEE,2020-09-24,dividend,1.000000,0.25,cash dividend per share,Dividend - Rs 0.25 Per Share
VAKRANGEE,2021-08-20,dividend,1.000000,0.1,cash dividend per share,Dividend - Re 0.10 Per Share
VAKRANGEE,2022-09-22,dividend,1.000000,0.05,cash dividend per share,Annual General Meeting/Dividend - Re 0.05 Per Share
VAKRANGEE,2023-06-15,demerger,0.872881,,ex-date open (special pre-open price) / previous close,Demerger
VAKRANGEE,2023-09-01,dividend,1.000000,0.05,cash dividend per share,Dividend - Re 0.05 Per Share
VAKRANGEE,2024-09-20,dividend,1.000000,0.05,cash dividend per share,Dividend - Re 0.05 Per Share
VARROC,2019-08-08,dividend,1.000000,4,cash dividend per share,Dividend Rs 4 Per Share
VARROC,2020-02-25,dividend,1.000000,3,cash dividend per share,Interim Dividend - Rs 3 Per Share
VARROC,2025-08-08,dividend,1.000000,1,cash dividend per share,Dividend - Re 1 Per Share
VARROC,2026-08-07,dividend,1.000000,1.5,cash dividend per share,Dividend - Rs 1.50 Per Share
VBL,2017-08-16,dividend,1.000000,2.5,cash dividend per share,Interim Dividend - Rs 2.50 Per Share
VBL,2018-08-20,dividend,1.000000,2.5,cash dividend per share,Interim Dividend- Rs 2.50 Per Share (Purpose Revised)
VBL,2019-07-25,bonus,0.666667,,bonus 1:2,Bonus 1:2
VBL,2019-08-26,dividend,1.000000,2.5,cash dividend per share,Interim Dividend - Rs 2.50 Per Share
VBL,2020-08-14,dividend,1.000000,2.5,cash dividend per share,Interim Dividend - Rs 2.50 Per Share
VBL,2021-06-10,bonus,0.666667,,bonus 1:2,Bonus 1:2
VBL,2021-08-11,dividend,1.000000,2.5,cash dividend per share,Interim Dividend - Rs 2.50 Per Share
VBL,2022-06-06,bonus,0.666667,,bonus 1:2,Bonus 1:2
VBL,2022-08-11,dividend,1.000000,2.5,cash dividend per share,Interim Dividend - Rs 2.50 Per Share
VBL,2023-04-12,dividend,1.000000,1,cash dividend per share,Dividend - Re 1 Per Share
VBL,2023-06-15,split,0.500000,,face value 10 to 5,Face Value Split (Sub-Division) - From Rs 10/- Per Share To Rs 5/- Per Share
VBL,2023-08-14,dividend,1.000000,1.25,cash dividend per share,Interim Dividend - Rs 1.25 Per Share
VBL,2024-04-04,dividend,1.000000,1.25,cash dividend per share,Dividend - Rs 1.25 Per Share
VBL,2024-08-09,dividend,1.000000,1.25,cash dividend per share,Interim Dividend - Rs 1.25 Per Sh
VBL,2024-09-12,split,0.400000,,face value 5 to 2,Face Value Split (Sub-Division) - From Rs 5/- Per Share To Rs 2/- Per Share
VBL,2025-04-04,dividend,1.000000,0.5,cash dividend per share,Dividend - Re 0.50 Per Share
VBL,2025-05-07,dividend,1.000000,0.5,cash dividend per share,Interim Dividend - Re 0.50 Per Share
VBL,2025-08-01,dividend,1.000000,0.5,cash dividend per share,Interim Dividend - Re 0.50 Per Share
VBL,2026-04-08,dividend,1.000000,0.5,cash dividend per share,Dividend - Re 0.50 Per Share
VBL,2026-04-30,dividend,1.000000,0.5,cash dividend per share,Interim Dividend - Re 0.50 Per Share
VBL,2026-07-31,dividend,1.000000,0.5,cash dividend per share,Interim Dividend - Re 0.50 Per Share
VEDL,2007-02-19,dividend,1.000000,15,cash dividend per share,Int Div-Rs.15/- Per Sharepurpose Revised
VEDL,2007-09-21,dividend,1.000000,25,cash dividend per share,Agm/Fin Div-Rs25/- Per Shbc Dates Revised
VEDL,2008-02-06,dividend,1.000000,15,cash dividend per share,Int Div- Rs15/- Per Share
VEDL,2008-07-11,dividend,1.000000,3,cash dividend per share,Agm/Dividend - 300%
VEDL,2008-08-08,bonus,0.500000,,bonus 1:1,Fv Spl-Rs10tore1/Bon-1:1
VEDL,2008-08-08,split,0.100000,,face value 10 to 1,Fv Spl-Rs10tore1/Bon-1:1
VEDL,2009-07-31,dividend,1.000000,2.25,cash dividend per share,Agm/Div-Rs.2.25 Per Sharebc Dates Revised
VEDL,2010-07-02,dividend,1.000000,3.25,cash dividend per share,Dividend-Rs.3.25 Pr Share
VEDL,2011-06-30,dividend,1.000000,3.5,cash dividend per share,Dividend-Rs.3.50 Per Share
VEDL,2012-02-01,dividend,1.000000,2,cash dividend per share,Interim Dividend Rs.2/- Per Share (Purpose Revised)
VEDL,2012-06-08,dividend,1.000000,2,cash dividend per share,Annual General Meeting And Dividend Rs.2/- Per Share
VEDL,2013-05-31,dividend,1.000000,0.1,cash dividend per share,Annual General Meeting/Dividend Re.0.10/- Per Equity Share
VEDL,2013-11-06,dividend,1.000000,1.5,cash dividend per share,Interim Dividend - Rs.1.50/- Per Share (Purpose Revised)
VEDL,2014-07-04,dividend,1.000000,1.75,cash dividend per share,Annual General Meeting / Final Dividend - Rs 1.75/- Per Share
VEDL,2014-11-03,dividend,1.000000,1.75,cash dividend per share,Interim Dividend Rs.1.75 Per Share (Purpose Revised)
VEDL,2015-07-06,dividend,1.000000,2.35,cash dividend per share,Annual General Meeting/ Dividend - Rs 2.35/- Per Share
VEDL,2015-10-30,dividend,1.000000,3.5,cash dividend per share,Interim Dividend - Rs 3.50/- Per Share
VEDL,2016-11-07,dividend,1.000000,1.75,cash dividend per share,Interim Dividend Rs 1.75 Per Share (Purpose Revised)
VEDL,2017-04-11,dividend,1.000000,17.7,cash dividend per share,Interim Dividend Rs 17.70 Per Share
VEDL,2018-03-20,dividend,1.000000,21.2,cash dividend per share,Interim Dividend - Rs 21.20 Per Share (Purpose Revised)
VEDL,2018-11-06,dividend,1.000000,17,cash dividend per share,Interim Dividend - Rs 17 Per Share
VEDL,2019-03-13,dividend,1.000000,1.85,cash dividend per share,Interim Dividend - Rs 1.85 Per Share
VEDL,2020-03-05,dividend,1.000000,3.9,cash dividend per share,Interim Dividend - Rs 3.9 Per Share
VEDL,2020-10-28,dividend,1.000000,9.5,cash dividend per share,Interim Dividend - Rs 9.50 Per Share
VEDL,2021-09-08,dividend,1.000000,18.5,cash dividend per share,Interim Dividend - Rs 18.50 Per Share
VEDL,2021-12-17,dividend,1.000000,13.5,cash dividend per share,Interim Dividend - Rs 13.50 Per Share
VEDL,2022-05-06,dividend,1.000000,31.5,cash dividend per share,Interim Dividend - Rs 31.5 Per Share
VEDL,2022-07-26,dividend,1.000000,19.5,cash dividend per share,Interim Dividend- Rs 19.50 Per Share
VEDL,2022-11-29,dividend,1.000000,17.5,cash dividend per share,Interim Dividend - Rs 17.50 Per Share
VEDL,2023-02-03,dividend,1.000000,12.5,cash dividend per share,Interim Dividend - Rs 12.50 Per Share
VEDL,2023-04-06,dividend,1.000000,20.5,cash dividend per share,Interim Dividend - Rs 20.50 Per Share
VEDL,2023-05-30,dividend,1.000000,18.5,cash dividend per share,Interim Dividend - Rs 18.50 Per Share
VEDL,2023-12-27,dividend,1.000000,11,cash dividend per share,Interim Dividend - Rs 11 Per Share
VEDL,2024-05-24,dividend,1.000000,11,cash dividend per share,Interim Dividend - Rs 11 Per Share
VEDL,2024-08-02,dividend,1.000000,4,cash dividend per share,Interim Dividend - Rs 4 Per Share
VEDL,2024-09-10,dividend,1.000000,20,cash dividend per share,Interim Dividend - Rs 20 Per Share
VEDL,2024-12-24,dividend,1.000000,8.5,cash dividend per share,Interim Dividend - Rs 8.50 Per Share
VEDL,2025-06-24,dividend,1.000000,7,cash dividend per share,Interim Dividend - Rs 7 Per Share
VEDL,2025-08-26,dividend,1.000000,16,cash dividend per share,Interim Dividend - Rs 16 Per Share
VEDL,2026-03-27,dividend,1.000000,11,cash dividend per share,Interim Dividend - Rs 11 Per Share
VEDL,2026-04-30,demerger,0.374224,,ex-date open (special pre-open price) / previous close,Demerger
VGUARD,2008-07-04,dividend,1.000000,0.25,cash dividend per share,Agm/Dividend - 25%
VGUARD,2009-07-15,dividend,1.000000,2.5,cash dividend per share,Agm/Div-Rs.2.50 Per Share
VGUARD,2010-07-14,dividend,1.000000,3,cash dividend per share,Annual General Meeting / Dividend Rs 3 Per Share
VGUARD,2011-07-13,dividend,1.000000,3.5,cash dividend per share,Annual General Meeting And Dividend Rs.3.50 Per Share
VGUARD,2012-07-12,dividend,1.000000,3.5,cash dividend per share,Annual General Meeting/ Dividend Rs.3.50 Per Share
VGUARD,2013-07-11,dividend,1.000000,3.5,cash dividend per share,Annual General Meeting/Dividend Rs 3.50/- Per Equity Share
VGUARD,2014-07-17,dividend,1.000000,4.5,cash dividend per share,Annual General Meeting / Final Dividend - Rs 4.50/- Per Share
VGUARD,2015-07-24,dividend,1.000000,4.5,cash dividend per share,Annual General Meeting/Dividend - Rs 4.50/- Per Share
VGUARD,2016-03-17,dividend,1.000000,4.5,cash dividend per share,Interim Dividend - Rs 4.50/- Per Share
VGUARD,2016-07-18,dividend,1.000000,2.5,cash dividend per share,Annual General Meeting/ Dividend - Rs 2.50/- Per Share
VGUARD,2016-08-30,split,0.100000,,face value 10 to 1,Face Value Split From Rs 10 To Re 1
VGUARD,2017-03-15,bonus,0.714286,,bonus 2:5,Bonus 2:5
VGUARD,2017-07-21,dividend,1.000000,0.7,cash dividend per share,Annual General Meeting/Dividend - Re 0.70 Per Share
VGUARD,2018-07-23,dividend,1.000000,0.7,cash dividend per share,Annual General Meeting/Dividend- Re 0.70 Per Share
VGUARD,2019-07-16,dividend,1.000000,0.8,cash dividend per share,Annual General Meeting/Dividend - Rs 0.80 Per Share
VGUARD,2020-02-26,dividend,1.000000,0.9,cash dividend per share,Interim Dividend - Re 0.90 Per Share
VGUARD,2021-07-28,dividend,1.000000,1.2,cash dividend per share,Annual General Meeting/Dividend - Rs 1.20 Per Share
VGUARD,2022-07-20,dividend,1.000000,1.3,cash dividend per share,Annual General Meeting/Dividend - Rs 1.30 Per Share
VGUARD,2023-08-17,dividend,1.000000,1.3,cash dividend per share,Dividend - Rs 1.30 Per Share
VGUARD,2024-07-25,dividend,1.000000,1.4,cash dividend per share,Annual General Meeting/Dividend - Rs 1.40 Per Share
VGUARD,2025-07-31,dividend,1.000000,1.5,cash dividend per share,Dividend - Rs 1.50 Per Share
VGUARD,2026-07-31,dividend,1.000000,1.5,cash dividend per share,Dividend - Rs 1.50 Per Share
VIJAYABANK,2007-06-18,dividend,1.000000,1,cash dividend per share,Agm/Dividend - 10%
VIJAYABANK,2008-06-12,dividend,1.000000,2,cash dividend per share,Agm/Dividend - 20%
VIJAYABANK,2009-07-02,dividend,1.000000,1,cash dividend per share,Agm/Div-Re.1/- Per Share
VIJAYABANK,2010-07-02,dividend,1.000000,2.5,cash dividend per share,Annual General Meeting And Dividend Rs.2.50 Per Share
VIJAYABANK,2011-06-17,dividend,1.000000,2.5,cash dividend per share,Annual General Meeting/Dividend Rs.2.50 Per Share/Election Of Directors
VIJAYABANK,2012-06-22,dividend,1.000000,2.5,cash dividend per share,Annual General Meeting/Dividend Rs 2.50 Per Share
VIJAYABANK,2013-06-21,dividend,1.000000,2.5,cash dividend per share,Annual General Meeting And Dividend Rs.2.50 Per Share
VIJAYABANK,2014-01-28,dividend,1.000000,1,cash dividend per share,Interim Dividend - Re 1/- Per Share
VIJAYABANK,2014-06-20,dividend,1.000000,1,cash dividend per share,Annual General Meeting And Dividend Rs.1 Per Share
VIJAYABANK,2015-06-12,dividend,1.000000,1.5,cash dividend per share,Annual General Meeting/ Dividend - Rs 1.50 Per Share
VIJAYABANK,2017-06-15,dividend,1.000000,1.5,cash dividend per share,Annual General Meeting/Dividend - Rs 1.50/- Per Share
VIJAYABANK,2018-06-21,dividend,1.000000,1.2,cash dividend per share,Annual General Meeting/Dividend- Rs 1.20 Per Share
VINATIORGA,2009-09-08,dividend,1.000000,2.5,cash dividend per share,Agm/Div-Rs.2.50 Per Share
VINATIORGA,2009-10-30,split,0.200000,,face value 10 to 2,Fv Spl-Rs10tors2/Div-1.50record Date Revised
VINATIORGA,2010-07-13,dividend,1.000000,0.7,cash dividend per share,Annual General Meeting And Final Dividend Re.0.70 Per Share
VINATIORGA,2011-07-19,dividend,1.000000,1.3,cash dividend per share,Annual General Meeting And Dividend Rs.1.30 Per Share
VINATIORGA,2012-08-21,dividend,1.000000,2,cash dividend per share,Annual General Meeting And Dividend - Rs.2/- Per Share
VINATIORGA,2013-07-23,dividend,1.000000,2.5,cash dividend per share,Annual General Meeting/Dividend Rs 2.50 Per Equity Share
VINATIORGA,2014-07-28,dividend,1.000000,3,cash dividend per share,Annual General Meeting/Dividend Rs 3 Per Equity Share
VINATIORGA,2015-07-28,dividend,1.000000,3.5,cash dividend per share,Annual General Meeting/ Dividend - Rs 3.50/- Per Share
VINATIORGA,2016-03-21,dividend,1.000000,3.5,cash dividend per share,Interim Dividend - Rs 3.50/- Per Share (Purpose Revised)
VINATIORGA,2016-07-25,dividend,1.000000,0.5,cash dividend per share,Annual General Meeting/ Dividend -Re 0.50/- Per Share
VINATIORGA,2017-07-18,dividend,1.000000,0.5,cash dividend per share,Annual General Meeting/Dividend-Re 0.50 Per Share
VINATIORGA,2018-07-17,dividend,1.000000,4.5,cash dividend per share,Annual General Meeting / Dividend- Rs 4.50 Per Share
VINATIORGA,2019-07-16,dividend,1.000000,7,cash dividend per share,Annual General Meeting/ Dividend - Rs 7 Per Share
VINATIORGA,2020-02-05,split,0.500000,,face value 2 to 1,Face Value Split (Sub-Division) - From Rs 2/- Per Share To Rs 1/- Per Share
VINATIORGA,2020-03-12,dividend,1.000000,5,cash dividend per share,Interim Dividend - Rs 5 Per Share
VINATIORGA,2020-09-17,dividend,1.000000,0.5,cash dividend per share,Annual General Meeting/Dividend - Rs 0.50 Per Share
VINATIORGA,2021-06-24,dividend,1.000000,6,cash dividend per share,Annual General Meeting/Dividend - Rs 6 Per Share
VINATIORGA,2022-09-06,dividend,1.000000,6.5,cash dividend per share,Annual General Meeting/Dividend - Rs 6.50 Per Share
VINATIORGA,2023-09-01,dividend,1.000000,7,cash dividend per share,Annual General Meeting/Dividend - Rs 7 Per Share
VINATIORGA,2024-09-03,dividend,1.000000,7,cash dividend per share,Dividend - Rs 7 Per Share
VINATIORGA,2025-09-19,dividend,1.000000,7.5,cash dividend per share,Dividend - Rs 7.50 Per Share
VINATIORGA,2026-09-16,dividend,1.000000,8.5,cash dividend per share,Dividend - Rs 8.50 Per Share
VOLTAS,2007-07-06,dividend,1.000000,1,cash dividend per share,Agm/Dividend-100%
VOLTAS,2008-06-27,dividend,1.000000,1.35,cash dividend per share,Agm/Dividend-135%
VOLTAS,2009-07-10,dividend,1.000000,1.6,cash dividend per share,Agm/Div-Rs.1.60 Per Share
VOLTAS,2010-07-16,dividend,1.000000,2,cash dividend per share,Annual General Meeting And Dividend Rs.2/- Per Share
VOLTAS,2011-07-22,dividend,1.000000,2,cash dividend per share,Annual General Meeting And Dividend Rs.2/- Per Share
VOLTAS,2012-08-01,dividend,1.000000,1.6,cash dividend per share,Annual General Meeting And Dividend Rs.1.60 Per Share
VOLTAS,2013-08-02,dividend,1.000000,1.6,cash dividend per share,Annual General Meeting / Dividend - Rs 1.60/- Per Share
VOLTAS,2014-08-08,dividend,1.000000,1.85,cash dividend per share,Annual General Meeting / Dividend - Rs 1.60/- Per Share & Special Diamond Jubilee Dividend - Re 0.25/- Per Share
VOLTAS,2015-07-10,dividend,1.000000,2.25,cash dividend per share,Annual General Meeting/Dividend - Rs 2.25/- Per Share
VOLTAS,2016-08-05,dividend,1.000000,2.6,cash dividend per share,Annual General Meeting And Dividend Rs.2.60 Per Share
VOLTAS,2017-08-04,dividend,1.000000,3.5,cash dividend per share,Annual General Meeting/Dividend - Rs 3.50 Per Share
VOLTAS,2018-08-03,dividend,1.000000,4,cash dividend per share,Annual General Meeting / Dividend- Rs 4 Per Share
VOLTAS,2019-07-17,dividend,1.000000,4,cash dividend per share,Annual General Meeting/ Dividend - Rs 4 Per Share
VOLTAS,2020-08-05,dividend,1.000000,4,cash dividend per share,Annual General Meeting/Dividend - Rs 4 Per Share
VOLTAS,2021-08-11,dividend,1.000000,5,cash dividend per share,Annual General Meeting/Dividend - Rs 5 Per Share
VOLTAS,2022-06-09,dividend,1.000000,5.5,cash dividend per share,Annual General Meeting/Dividend - Rs 5.50 Per Share
VOLTAS,2023-06-09,dividend,1.000000,4.25,cash dividend per share,Annual General Meeting/Dividend - Rs 4.25 Per Share
VOLTAS,2024-06-25,dividend,1.000000,5.5,cash dividend per share,Annual General Meeting/Dividend - Rs 5.50 Per Share
VOLTAS,2025-06-20,dividend,1.000000,7,cash dividend per share,Dividend - Rs 7 Per Share
VOLTAS,2026-06-12,dividend,1.000000,4,cash dividend per share,Dividend - Rs 4 Per Share
VTL,2007-03-22,dividend,1.000000,0.8,cash dividend per share,Interim Dividend-40% Purpose Revised
VTL,2008-08-11,dividend,1.000000,0.8,cash dividend per share,Agm/Dividend-40%
VTL,2009-07-09,dividend,1.000000,2,cash dividend per share,Agm/Div-Rs.2/- Per Share
VTL,2010-07-02,dividend,1.000000,3,cash dividend per share,Dividend-Rs.3/- Per Share
VTL,2011-03-29,demerger,1.000000,,no price effect (ex-date move under 3%),Scheme Of Arrangement
VTL,2011-07-08,dividend,1.000000,4.5,cash dividend per share,Dividend-Rs.4.50 Per Share
VTL,2012-08-16,dividend,1.000000,4.5,cash dividend per share,Annual General Meeting / Dividend Rs 4.50 Per Share
VTL,2013-08-14,dividend,1.000000,6,cash dividend per share,Annual General Meeting / Dividend Rs 6 Per Share
VTL,2014-09-03,dividend,1.000000,11,cash dividend per share,Annual General Meeting / Dividend - Rs 6/- Per Share / Special Dividend - Rs 5/ -Per Share
VTL,2015-08-05,dividend,1.000000,10,cash dividend per share,Dividend - Rs 10/- Per Share (Book Closure Date Revised)
VTL,2016-03-17,dividend,1.000000,15,cash dividend per share,Interim Dividend - Rs 15/- Per Share (Purpose Revised)
VTL,2017-09-07,dividend,1.000000,15,cash dividend per share,Annual General Meeting/Dividend - Rs 15 Per Share
VTL,2018-09-12,dividend,1.000000,15,cash dividend per share,Annual General Meeting/Dividend- Rs 15 Per Share
VTL,2019-09-18,dividend,1.000000,17.5,cash dividend per share,Annual General Meeting/Dividend - Rs 17.50 Per Share
VTL,2021-09-16,dividend,1.000000,17.5,cash dividend per share,Annual General Meeting/Dividend - Rs 17.50 Per Share
VTL,2021-11-02,dividend,1.000000,34,cash dividend per share,Interim Dividend - Rs 34 Per Share
VTL,2022-03-24,split,0.200000,,face value 10 to 2,Face Value Split (Sub-Division) - From Rs 10/- Per Share To Rs 2/- Per Share
VTL,2023-09-15,dividend,1.000000,3.5,cash dividend per share,Annual General Meeting/Dividend - Rs 3.50 Per Share
VTL,2024-09-06,dividend,1.000000,4,cash dividend per share,Annual General Meeting/Dividend - Rs 4 Per Share
VTL,2025-09-12,dividend,1.000000,5,cash dividend per share,Dividend - Rs 5 Per Share
VTL,2026-08-28,dividend,1.000000,5,cash dividend per share,Dividend - Rs 5 Per Share
WAAREEENER,2025-10-24,dividend,1.000000,2,cash dividend per share,Interim Dividend - Rs 2 Per Share
WAAREEENER,2026-09-11,dividend,1.000000,2,cash dividend per share,Dividend - Rs 2 Per Share
WELSPUNLIV,2009-06-19,demerger,0.926999,,ex-date open (special pre-open price) / previous close,Scheme Of Arrangement
WELSPUNLIV,2010-06-24,dividend,1.000000,1,cash dividend per share,Annual General Meeting And Dividend Re.1/- Per Share
WELSPUNLIV,2012-11-22,dividend,1.000000,2,cash dividend per share,Interim Dividend Rs.2/- Per Share
WELSPUNLIV,2013-09-19,dividend,1.000000,2,cash dividend per share,Annual General Meeting And Dividend Rs.2/- Per Share
WELSPUNLIV,2014-06-19,dividend,1.000000,3,cash dividend per share,Annual General Meeting / Dividend - Rs 3/- Per Share
WELSPUNLIV,2014-11-17,dividend,1.000000,3,cash dividend per share,Interim Dividend - Rs 3/- Per Share
WELSPUNLIV,2015-06-18,dividend,1.000000,7.5,cash dividend per share,Final Dividend - Rs 7.50/- Per Share
WELSPUNLIV,2015-10-30,dividend,1.000000,6.5,cash dividend per share,Interim Dividend - Rs 6.50/- Per Share
WELSPUNLIV,2016-03-21,dividend,1.000000,6,cash dividend per share,Interim Div - Rs 6/- Per Share + Face Value Split (Sub-Division) - From Rs 10/- Per Share To Re 1/- Per Share
WELSPUNLIV,2016-03-21,split,0.100000,,face value 10 to 1,Interim Div - Rs 6/- Per Share + Face Value Split (Sub-Division) - From Rs 10/- Per Share To Re 1/- Per Share
WELSPUNLIV,2016-06-23,dividend,1.000000,0.05,cash dividend per share,Annual General Meeting/ Dividend - Re 0.05/- Per Share
WELSPUNLIV,2017-06-22,dividend,1.000000,0.65,cash dividend per share,Annual General Meeting/Dividend - Re 0.65 Per Share
WELSPUNLIV,2018-06-25,dividend,1.000000,0.65,cash dividend per share,Annual General Meeting / Dividend- Re 0.65 Per Share
WELSPUNLIV,2019-07-11,dividend,1.000000,0.3,cash dividend per share,Annual General Meeting/Dividend Rs 0.30 Per Share
WELSPUNLIV,2020-03-17,dividend,1.000000,1,cash dividend per share,Interim Dividend - Re 1 Per Share
WELSPUNLIV,2021-05-24,dividend,1.000000,0.15,cash dividend per share,Dividend - Rs 0.15 Per Share
WELSPUNLIV,2022-06-23,dividend,1.000000,0.15,cash dividend per share,Annual General Meeting/Dividend - Rs 0.15 Per Share
WELSPUNLIV,2023-06-27,dividend,1.000000,0.1,cash dividend per share,Annual General Meeting/Dividend - Rs 0.10 Per Share
WELSPUNLIV,2024-06-26,dividend,1.000000,0.1,cash dividend per share,Annual General Meeting/Dividend - Re 0.10 Per Share
WELSPUNLIV,2025-06-27,dividend,1.000000,1.7,cash dividend per share,Dividend - Rs 1.7 Per Share
WELSPUNLIV,2026-07-10,dividend,1.000000,0.1,cash dividend per share,Dividend - Re 0.10 Per Share
WHIRLPOOL,2017-09-08,dividend,1.000000,3,cash dividend per share,Annual General Meeting/Dividend - Rs 3/- Per Share
WHIRLPOOL,2018-09-06,dividend,1.000000,4,cash dividend per share,Annual General Meeting / Dividend- Rs 4 Per Share
WHIRLPOOL,2019-08-05,dividend,1.000000,5,cash dividend per share,Annual General Meeting/Dividend Rs 5 Per Share
WHIRLPOOL,2020-08-06,dividend,1.000000,5,cash dividend per share,Annual General Meeting/Dividend - Rs 5 Per Share
WHIRLPOOL,2021-07-29,dividend,1.000000,5,cash dividend per share,Annual General Meeting/Dividend - Rs 5 Per Share
WHIRLPOOL,2022-06-28,dividend,1.000000,5,cash dividend per share,Annual General Meeting/Dividend - Rs 5 Per Share
WHIRLPOOL,2023-08-18,dividend,1.000000,5,cash dividend per share,Annual General Meeting/Dividend - Rs 5 Per Share
WHIRLPOOL,2024-07-26,dividend,1.000000,5,cash dividend per share,Dividend - Rs 5 Per Share
WHIRLPOOL,2025-08-29,dividend,1.000000,5,cash dividend per share,Dividend - Rs 5 Per Share
WHIRLPOOL,2026-08-28,dividend,1.000000,5,cash dividend per share,Dividend - Rs 5 Per Share
WIPRO,2007-03-26,dividend,1.000000,5,cash dividend per share,Int Div-Rs.5/- Per Share Purpose Revised
WIPRO,2007-06-28,dividend,1.000000,1,cash dividend per share,Agm/Fin Div-Re.1/- Per Sh
WIPRO,2007-10-25,dividend,1.000000,2,cash dividend per share,Int Div-Rs.2/- Per Sh Purpose Revised
WIPRO,2008-06-27,dividend,1.000000,4,cash dividend per share,Agm/Div-Rs.4 Per Share
WIPRO,2009-06-29,dividend,1.000000,4,cash dividend per share,Agm/Div - Rs.4 Per Share
WIPRO,2010-06-15,bonus,0.600000,,bonus 2:3,Bonus 2:3 And Final Dividend Rs.6/- Per Share
WIPRO,2010-06-15,dividend,1.000000,6,cash dividend per share,Bonus 2:3 And Final Dividend Rs.6/- Per Share
WIPRO,2011-01-27,dividend,1.000000,2,cash dividend per share,Interim Dividend-Rs.2/- Per Share (Purpose Revised)
WIPRO,2011-06-29,dividend,1.000000,4,cash dividend per share,Annual General Meeting And Dividend Rs.4/- Per Share
WIPRO,2012-01-24,dividend,1.000000,2,cash dividend per share,Interim Dividend Rs.2/- Per Share (Purpose Revised)
WIPRO,2012-06-28,dividend,1.000000,4,cash dividend per share,Annual General Meeting And Dividend Rs.4/- Per Share
WIPRO,2013-01-23,dividend,1.000000,2,cash dividend per share,Interim Dividend Rs 2 Per Share (Purpose Revised)
WIPRO,2013-04-09,demerger,0.906863,,ex-date open (special pre-open price) / previous close,Scheme Of Arrangement
WIPRO,2013-06-27,dividend,1.000000,5,cash dividend per share,Annual General Meeting / Final Dividend Rs.5 Per Equity Share
WIPRO,2014-01-22,dividend,1.000000,3,cash dividend per share,Interim Dividend - Rs 3/- Per Share (Purpose Revised)
WIPRO,2014-07-21,dividend,1.000000,5,cash dividend per share,Annual General Meeting And Final Dividend- Rs.5/- Per Share (Bc Start Date Revised)
WIPRO,2015-01-22,dividend,1.000000,5,cash dividend per share,Interim Dividend - Rs 5/- Per Share (Purpose Revised)
WIPRO,2015-07-20,dividend,1.000000,7,cash dividend per share,Annual General Meeting/ Dividend - Rs 7/- Per Share
WIPRO,2016-01-25,dividend,1.000000,5,cash dividend per share,Interim Dividend - Rs 5/- Per Share (Purpose Revised)
WIPRO,2016-07-11,dividend,1.000000,1,cash dividend per share,Annual General Meeting/ Dividend - Re 1/- Per Share
WIPRO,2017-02-02,dividend,1.000000,2,cash dividend per share,Interim Dividend Rs 2/- Per Share (Purpose Revised)
WIPRO,2017-06-13,bonus,0.500000,,bonus 1:1,Bonus 1:1
WIPRO,2018-01-31,dividend,1.000000,1,cash dividend per share,Interim Dividend - Re 1 Per Share (Purpose Revised)
WIPRO,2019-01-29,dividend,1.000000,1,cash dividend per share,Interim Dividend - Re 1 Per Share
WIPRO,2019-03-06,bonus,0.750000,,bonus 1:3,Bonus 1:3
WIPRO,2020-01-24,dividend,1.000000,1,cash dividend per share,Interim Dividend - Re 1 Per Share
WIPRO,2021-01-22,dividend,1.000000,1,cash dividend per share,Interim Dividend - Re 1 Per Share
WIPRO,2022-01-21,dividend,1.000000,1,cash dividend per share,Interim Dividend - Re 1 Per Share
WIPRO,2022-04-05,dividend,1.000000,5,cash dividend per share,Interim Dividend - Rs 5 Per Share
WIPRO,2023-01-24,dividend,1.000000,1,cash dividend per share,Interim Dividend - Re 1 Per Share
WIPRO,2024-01-24,dividend,1.000000,1,cash dividend per share,Interim Dividend - Re 1 Per Share
WIPRO,2024-12-03,bonus,0.500000,,bonus 1:1,Bonus 1:1
WIPRO,2025-01-28,dividend,1.000000,6,cash dividend per share,Interim Dividend - Rs 6 Per Share
WIPRO,2025-07-28,dividend,1.000000,5,cash dividend per share,Interim Dividend - Rs 5 Per Share
WIPRO,2026-01-27,dividend,1.000000,6,cash dividend per share,Interim Dividend - Rs 6 Per Share
WIPRO,2026-07-27,dividend,1.000000,2,cash dividend per share,Interim Dividend - Rs 2 Per Share
WOCKPHARMA,2007-03-22,dividend,1.000000,5,cash dividend per share,Interim Dividend-100%
WOCKPHARMA,2007-10-26,dividend,1.000000,8.75,cash dividend per share,Int Div-Rs.8.75 Per Sh Purpose Revised
WOCKPHARMA,2008-04-17,dividend,1.000000,2.5,cash dividend per share,Agm/Dividend-Rs2.50 Pr Sh
WOCKPHARMA,2013-08-22,dividend,1.000000,5,cash dividend per share,Annual General Meeting / Dividend Rs.5 Per Share
WOCKPHARMA,2013-11-07,dividend,1.000000,5,cash dividend per share,Interim Dividend Rs.5/- Per Share
WOCKPHARMA,2014-02-17,dividend,1.000000,5,cash dividend per share,Interim Dividend - Rs 5/- Per Share
WOCKPHARMA,2014-11-13,dividend,1.000000,20,cash dividend per share,Interim Dividend - Rs 20/- Per Share
WOCKPHARMA,2016-11-17,dividend,1.000000,10,cash dividend per share,Interim Dividend Rs 10/- Per Share (Purose Revised)
WOCKPHARMA,2022-03-08,rights,0.921833,,"rights 3:10 at 225, theoretical ex-rights price",Rights 3:10@ Premium Rs 220 Per Share
YESBANK,2010-06-24,dividend,1.000000,1.5,cash dividend per share,Annual General Meeting And Dividend Rs.1.50 Per Share
YESBANK,2011-06-17,dividend,1.000000,2.5,cash dividend per share,Annual General Meeting And Dividend Rs.2.50 Per Share
YESBANK,2012-07-05,dividend,1.000000,4,cash dividend per share,Annual General Meeting And Dividend Rs.4/- Per Share
YESBANK,2013-05-23,dividend,1.000000,6,cash dividend per share,Annual General Meeting / Final Dividend Rs.6/- Per Equity Share
YESBANK,2014-05-29,dividend,1.000000,8,cash dividend per share,Annual General Meeting And Dividend Rs.8 Per Share
YESBANK,2015-05-21,dividend,1.000000,9,cash dividend per share,Annual General Meeting/ Dividend - Rs 9/- Per Share
YESBANK,2016-05-30,dividend,1.000000,10,cash dividend per share,Annual General Meeting/ Dividend - Rs 10/- Per Share
YESBANK,2017-05-29,dividend,1.000000,12,cash dividend per share,Annual General Meeting/Dividend - Rs 12/- Per Share
YESBANK,2017-09-21,split,0.200000,,face value 10 to 2,Face Value Split (Sub-Division) - From Rs 10/- Per Share To Rs 2/- Per Share
YESBANK,2018-06-04,dividend,1.000000,2.7,cash dividend per share,Annual General Meeting / Dividend- Rs 2.7 Per Share
YESBANK,2019-06-03,dividend,1.000000,2,cash dividend per share,Annual General Meeting/ Dividend - Rs 2 Per Share
ZEEL,2007-02-12,demerger,0.715057,,ex-date close / previous close,Scheme Of Arrangement
ZEEL,2007-08-08,dividend,1.000000,1.5,cash dividend per share,Agm/Dividend-150%
ZEEL,2008-07-17,dividend,1.000000,2,cash dividend per share,Agm/Dividend-200%
ZEEL,2009-08-06,dividend,1.000000,2,cash dividend per share,Agm/Div-Rs.2/- Per Share
ZEEL,2010-10-07,demerger,1.000000,,no price effect (ex-date move under 3%),Annual General Meeting / Dividend Rs.2/- Per Share / Scheme Of Arrangement
ZEEL,2010-10-07,dividend,1.000000,2,cash dividend per share,Annual General Meeting / Dividend Rs.2/- Per Share / Scheme Of Arrangement
ZEEL,2010-11-11,bonus,0.500000,,bonus 1:1,Bonus 1:1
ZEEL,2011-07-28,dividend,1.000000,2,cash dividend per share,Annual General Meeting And Dividend Rs.2/- Per Share
ZEEL,2012-07-05,dividend,1.000000,1.5,cash dividend per share,Annual General Meeting And Dividend - Re.1.50 Per Share
ZEEL,2013-07-11,dividend,1.000000,2,cash dividend per share,Annual General Meeting And Dividend Rs.2/- Per Share
ZEEL,2014-03-03,demerger,0.963900,,ex-date open (special pre-open price) / previous close,Bonus Preference Shares 21:1
ZEEL,2014-07-10,dividend,1.000000,2,cash dividend per share,Annual General Meeting / Dividend - Rs 2/- Per Share
ZEEL,2015-07-09,dividend,1.000000,2.25,cash dividend per share,Annual General Meeting / Dividend - Rs 2.25/- Per Share
ZEEL,2016-07-21,dividend,1.000000,2.25,cash dividend per share,Annual General Meeting/ Dividend -Rs 2.25/- Per Share
ZEEL,2017-07-05,dividend,1.000000,2.5,cash dividend per share,Annual General Meeting/Dividend - Rs 2.50 Per Share
ZEEL,2018-07-09,dividend,1.000000,2.9,cash dividend per share,Annual General Meeting / Dividend- Rs 2.90 Per Share
ZEEL,2019-07-15,dividend,1.000000,3.5,cash dividend per share,Annual General Meeting/ Dividend - Rs 3.50 Per Share
ZEEL,2020-09-10,dividend,1.000000,0.3,cash dividend per share,Annual General Meeting/Dividend - Rs 0.30 Per Share
ZEEL,2021-09-02,dividend,1.000000,2.5,cash dividend per share,Annual General Meeting/Dividend - Rs 2.50 Per Share
ZEEL,2022-09-15,dividend,1.000000,3,cash dividend per share,Annual General Meeting/Dividend - Rs 3 Per Share
ZEEL,2024-11-08,dividend,1.000000,1,cash dividend per share,Dividend - Re 1 Per Share
ZEEL,2025-08-29,dividend,1.000000,2.43,cash dividend per share,Dividend - Rs 2.43 Per Share
ZEEL,2026-09-10,dividend,1.000000,2,cash dividend per share,Dividend - Rs 2 Per Share
ZFCVINDIA,2008-12-12,dividend,1.000000,2.5,cash dividend per share,Int Div-Rs.2.50 Per Sharepurpose Revised
ZFCVINDIA,2010-08-18,dividend,1.000000,2.5,cash dividend per share,Dividend-Rs.2.50 Per Share
ZFCVINDIA,2011-07-20,dividend,1.000000,5,cash dividend per share,Annual General Meeting And Dividend Rs.5/- Per Share
ZFCVINDIA,2012-07-18,dividend,1.000000,5,cash dividend per share,Annual General Meeting And Dividend - Rs.5/- Per Share
ZFCVINDIA,2013-07-17,dividend,1.000000,5,cash dividend per share,Annual General Meeting And Dividend Rs.5/- Per Share
ZFCVINDIA,2014-07-17,dividend,1.000000,5,cash dividend per share,Annual General Meeting And Dividend Rs.5/- Per Share
ZFCVINDIA,2015-07-27,dividend,1.000000,5,cash dividend per share,Annual General Meeting / Dividend - Rs. 5/- Per Share
ZFCVINDIA,2016-07-25,dividend,1.000000,6,cash dividend per share,Dividend Rs.6/- Per Share
ZFCVINDIA,2017-09-14,dividend,1.000000,7,cash dividend per share,Dividend - Rs 7/- Per Share
ZFCVINDIA,2018-07-19,dividend,1.000000,8,cash dividend per share,Dividend- Rs 8 Per Share
ZFCVINDIA,2019-08-06,dividend,1.000000,9,cash dividend per share,Dividend - Rs 9 Per Share
ZFCVINDIA,2020-03-26,dividend,1.000000,10,cash dividend per share,Interim Dividend- Rs 10 Per Share
ZFCVINDIA,2021-09-16,dividend,1.000000,11,cash dividend per share,Dividend - Rs 11 Per Share
ZFCVINDIA,2022-07-07,dividend,1.000000,12,cash dividend per share,Annual General Meeting/Dividend - Rs 12 Per Share
ZFCVINDIA,2023-07-07,dividend,1.000000,13,cash dividend per share,Dividend - Rs 13 Per Share
ZFCVINDIA,2024-07-15,dividend,1.000000,17,cash dividend per share,Dividend - Rs 17 Per Share
ZFCVINDIA,2025-08-08,dividend,1.000000,19,cash dividend per share,Dividend - Rs 19 Per Share
ZFCVINDIA,2026-06-24,bonus,0.166667,,bonus 5:1,Bonus 5:1
ZFCVINDIA,2026-07-10,dividend,1.000000,4,cash dividend per share,Dividend - Rs 4 Per Share
ZYDUSLIFE,2007-07-12,dividend,1.000000,4,cash dividend per share,Agm/Div-Rs.4/- Per Sh
ZYDUSLIFE,2008-07-10,dividend,1.000000,0.9,cash dividend per share,Agm/Dividend - 90%
ZYDUSLIFE,2008-12-29,demerger,0.939839,,ex-date open (special pre-open price) / previous close,Scheme Of Arrangement
ZYDUSLIFE,2009-07-16,dividend,1.000000,4.5,cash dividend per share,Agm/Div-Rs.4.50 Per Share
ZYDUSLIFE,2010-04-05,bonus,0.666667,,bonus 1:2,Bonus 1: 2
ZYDUSLIFE,2010-07-15,dividend,1.000000,5,cash dividend per share,Dividend-Rs.5/- Per Share
ZYDUSLIFE,2011-07-07,dividend,1.000000,6.25,cash dividend per share,Annual General Meeting And Dividend Rs.6.25 Per Share
ZYDUSLIFE,2012-07-26,dividend,1.000000,7.5,cash dividend per share,Annual General Meeting/Dividend Rs 7.50 Per Share
ZYDUSLIFE,2013-06-11,dividend,1.000000,7.5,cash dividend per share,Interim Dividend Rs 7.50/- Per Equity Share
ZYDUSLIFE,2014-07-17,dividend,1.000000,9,cash dividend per share,Annual General Meeting / Dividend - Rs 9/- Per Share
ZYDUSLIFE,2015-07-30,dividend,1.000000,12,cash dividend per share,Annual General Meeting/Dividend - Rs 12/- Per Share
ZYDUSLIFE,2015-10-06,split,0.200000,,face value 5 to 1,Face Value Split (Sub-Division) - From Rs 5/- Per Share To Re 1/- Per Share
ZYDUSLIFE,2016-03-17,dividend,1.000000,3.2,cash dividend per share,Interim Dividend - Rs 3.20/- Per Share
ZYDUSLIFE,2017-03-16,dividend,1.000000,3.2,cash dividend per share,Interim Dividend Rs 3.20 Per Share (Purpose Revised)
ZYDUSLIFE,2018-07-31,dividend,1.000000,3.5,cash dividend per share,Annual General Meeting/Dividend- Rs 3.50 Per Share (Purpose Revised)
ZYDUSLIFE,2019-07-25,dividend,1.000000,3.5,cash dividend per share,Annual General Meeting/Dividend - Rs 3.50 Per Share
ZYDUSLIFE,2020-03-23,dividend,1.000000,3.5,cash dividend per share,Interim Dividend - Rs 3.50 Per Share
ZYDUSLIFE,2021-07-28,dividend,1.000000,3.5,cash dividend per share,Annual General Meeting/Dividend - Rs 3.50 Per Share
ZYDUSLIFE,2022-07-28,dividend,1.000000,2.5,cash dividend per share,Dividend - Rs 2.50 Per Share
ZYDUSLIFE,2023-07-28,dividend,1.000000,6,cash dividend per share,Dividend - Rs 6 Per Share
ZYDUSLIFE,2024-07-26,dividend,1.000000,3,cash dividend per share,Dividend - Rs 3 Per Share
ZYDUSLIFE,2025-07-25,dividend,1.000000,11,cash dividend per share,Dividend - Rs 11 Per Share
ZYDUSLIFE,2026-07-24,dividend,1.000000,1,cash dividend per share,Dividend - Re 1 Per Share
ZYDUSWELL,2010-07-08,dividend,1.000000,3,cash dividend per share,Dividend-Rs.3/- Per Share
ZYDUSWELL,2011-06-22,dividend,1.000000,4,cash dividend per share,Annual General Meeting And Dividend Rs.4/- Per Share
ZYDUSWELL,2012-07-18,dividend,1.000000,5,cash dividend per share,Annual General Meeting/Dividend Rs 5 Per Share
ZYDUSWELL,2013-05-22,dividend,1.000000,6,cash dividend per share,Interim Dividend @ Rs. 6/- Per Equity Share
ZYDUSWELL,2014-07-03,dividend,1.000000,6,cash dividend per share,Annual General Meeting / Dividend - Rs 6/- Per Share
ZYDUSWELL,2015-07-16,dividend,1.000000,6,cash dividend per share,Annual General Meeting/Dividend - Rs 6/- Per Share
ZYDUSWELL,2016-03-16,dividend,1.000000,6.5,cash dividend per share,Interim Dividend - Rs 6.50/- Per Share
ZYDUSWELL,2017-03-09,dividend,1.000000,6.5,cash dividend per share,Interim Dividend Re 6.50 Per Share (Purpose Revised)
ZYDUSWELL,2018-07-18,dividend,1.000000,8,cash dividend per share,Dividend- Rs 8 Per Share
ZYDUSWELL,2019-07-17,dividend,1.000000,5,cash dividend per share,Dividend - Rs 5 Per Share
ZYDUSWELL,2020-03-19,dividend,1.000000,5,cash dividend per share,Interim Dividend - Rs 5 Per Share
ZYDUSWELL,2021-07-14,dividend,1.000000,5,cash dividend per share,Annual General Meeting/Dividend - Rs 5 Per Share
ZYDUSWELL,2022-07-14,dividend,1.000000,5,cash dividend per share,Dividend - Rs 5 Per Share
ZYDUSWELL,2023-07-21,dividend,1.000000,5,cash dividend per share,Dividend - Rs 5 Per Share
ZYDUSWELL,2024-07-19,dividend,1.000000,5,cash dividend per share,Dividend - Rs 5 Per Share
ZYDUSWELL,2025-07-11,dividend,1.000000,6,cash dividend per share,Dividend - Rs 6 Per Share
ZYDUSWELL,2025-09-18,split,0.200000,,face value 10 to 2,Face Value Split (Sub-Division) - From Rs 10/- Per Share To Rs 2/- Per Share
ZYDUSWELL,2026-07-17,dividend,1.000000,1.2,cash dividend per share,Dividend - Re 1.20 Per Share
