variant,stage,start,end,cagr,maxdd,sharpe,bench_gross,bench_net_dated,bench_net_today,fund_gross,fund_net_dated,fund_net_today
mom-nse-top10-6m-ma200-cash6,cost,2008-02-01,2013-02-01,0.03617,-0.35838,-0.04775,0.03592,0.03592,0.03438,0.02342,0.02342,0.02342
mom-nse-top10-6m-ma200-cash6,cost,2008-03-01,2013-03-01,0.12059,-0.15082,0.47757,0.02970,0.02970,0.02895,0.02703,0.02703,0.02662
mom-nse-top10-6m-ma200-cash6,cost,2008-04-01,2013-04-01,0.11912,-0.15070,0.46543,0.04945,0.04945,0.04626,0.07055,0.07055,0.06492
mom-nse-top10-6m-ma200-cash6,cost,2008-05-01,2013-05-01,0.06656,-0.24782,0.11455,0.03953,0.03953,0.03755,0.05392,0.05392,0.05020
mom-nse-top10-6m-ma200-cash6,cost,2008-06-01,2013-06-01,0.12920,-0.15077,0.52167,0.05429,0.05429,0.05052,0.07512,0.07512,0.06899
mom-nse-top10-6m-ma200-cash6,cost,2008-07-01,2013-07-01,0.12685,-0.15081,0.50186,0.09942,0.09942,0.09072,0.14111,0.14111,0.12841
mom-nse-top10-6m-ma200-cash6,cost,2008-08-01,2013-08-01,0.13230,-0.15069,0.53249,0.06611,0.06611,0.06098,0.09740,0.09740,0.08891
mom-nse-top10-6m-ma200-cash6,cost,2008-09-01,2013-09-01,0.12638,-0.15072,0.48610,0.05936,0.05936,0.05500,0.09064,0.09064,0.08284
mom-nse-top10-6m-ma200-cash6,cost,2008-10-01,2013-10-01,0.13675,-0.15074,0.54373,0.09178,0.09178,0.08387,0.13588,0.13588,0.12365
mom-nse-top10-6m-ma200-cash6,cost,2008-11-01,2013-11-01,0.14814,-0.15079,0.60396,0.18313,0.18313,0.16685,0.22532,0.22532,0.20583
mom-nse-top10-6m-ma200-cash6,cost,2008-12-01,2013-12-01,0.14313,-0.15068,0.57285,0.19549,0.19549,0.17824,0.22922,0.22922,0.20945
mom-nse-top10-6m-ma200-cash6,cost,2009-01-01,2014-01-01,0.15013,-0.15078,0.61018,0.17089,0.17089,0.15561,0.20948,0.20948,0.19116
mom-nse-top10-6m-ma200-cash6,cost,2009-02-01,2014-02-01,0.15390,-0.15080,0.62663,0.17517,0.17517,0.15955,0.21381,0.21381,0.19516
mom-nse-top10-6m-ma200-cash6,cost,2009-03-01,2014-03-01,0.16795,-0.15072,0.70326,0.19168,0.19168,0.17472,0.22937,0.22937,0.20959
mom-nse-top10-6m-ma200-cash6,cost,2009-04-01,2014-04-01,0.15489,-0.15077,0.62701,0.18381,0.18381,0.16748,0.21371,0.21371,0.19506
mom-nse-top10-6m-ma200-cash6,cost,2009-05-01,2014-05-01,0.16778,-0.14958,0.63958,0.15333,0.15333,0.13955,0.20257,0.20257,0.18477
mom-nse-top10-6m-ma200-cash6,cost,2009-06-01,2014-06-01,0.13979,-0.15167,0.51999,0.11085,0.11085,0.10101,0.17730,0.17730,0.16150
mom-nse-top10-6m-ma200-cash6,cost,2009-07-01,2014-07-01,0.17269,-0.15067,0.71362,0.13287,0.13287,0.12092,0.19900,0.19900,0.18148
mom-nse-top10-6m-ma200-cash6,cost,2009-08-01,2014-08-01,0.14844,-0.15329,0.58009,0.11721,0.11721,0.10674,0.17436,0.17436,0.15880
mom-nse-top10-6m-ma200-cash6,cost,2009-09-01,2014-09-01,0.17028,-0.15135,0.72223,0.12994,0.12994,0.11827,0.19506,0.19506,0.17784
mom-nse-top10-6m-ma200-cash6,cost,2009-10-01,2014-10-01,0.14722,-0.14936,0.59614,0.10646,0.10646,0.09705,0.18264,0.18264,0.16640
mom-nse-top10-6m-ma200-cash6,cost,2009-11-01,2014-11-01,0.17757,-0.15043,0.76660,0.13380,0.13380,0.12177,0.20627,0.20627,0.18818
mom-nse-top10-6m-ma200-cash6,cost,2009-12-01,2014-12-01,0.14496,-0.14842,0.59552,0.12120,0.12120,0.11035,0.19070,0.19070,0.17382
mom-nse-top10-6m-ma200-cash6,cost,2010-01-01,2015-01-01,0.12203,-0.14806,0.45889,0.11054,0.11054,0.10072,0.18516,0.18516,0.16873
mom-nse-top10-6m-ma200-cash6,cost,2010-02-01,2015-02-01,0.16736,-0.15017,0.74250,0.13777,0.13777,0.12537,0.21229,0.21229,0.19376
mom-nse-top10-6m-ma200-cash6,cost,2010-03-01,2015-03-01,0.13985,-0.15525,0.57224,0.13907,0.13907,0.12655,0.21651,0.21651,0.19766
mom-nse-top10-6m-ma200-cash6,cost,2010-04-01,2015-04-01,0.13117,-0.15495,0.51298,0.11502,0.11502,0.10476,0.20785,0.20785,0.18964
mom-nse-top10-6m-ma200-cash6,cost,2010-05-01,2015-05-01,0.13155,-0.14859,0.51990,0.10475,0.10475,0.09551,0.19134,0.19134,0.17442
mom-nse-top10-6m-ma200-cash6,cost,2010-06-01,2015-06-01,0.15505,-0.14795,0.68272,0.12480,0.12480,0.11361,0.21869,0.21869,0.19968
mom-nse-top10-6m-ma200-cash6,cost,2010-07-01,2015-07-01,0.15442,-0.14799,0.67111,0.11287,0.11287,0.10283,0.21196,0.21196,0.19344
mom-nse-top10-6m-ma200-cash6,cost,2010-08-01,2015-08-01,0.15387,-0.17264,0.65657,0.11037,0.11037,0.10057,0.21020,0.21020,0.19182
mom-nse-top10-6m-ma200-cash6,cost,2010-09-01,2015-09-01,0.12216,-0.17466,0.45696,0.08597,0.08597,0.07867,0.17846,0.17846,0.16257
mom-nse-top10-6m-ma200-cash6,cost,2010-10-01,2015-10-01,0.10288,-0.18041,0.33884,0.06548,0.06548,0.06042,0.16966,0.16966,0.15448
mom-nse-top10-6m-ma200-cash6,cost,2010-11-01,2015-11-01,0.10351,-0.17566,0.34716,0.06942,0.06942,0.06392,0.15728,0.15728,0.14315
mom-nse-top10-6m-ma200-cash6,cost,2010-12-01,2015-12-01,0.10358,-0.14539,0.34982,0.07206,0.07206,0.06627,0.15550,0.15550,0.14153
mom-nse-top10-6m-ma200-cash6,cost,2011-01-01,2016-01-01,0.10430,-0.14451,0.35443,0.06603,0.06603,0.06091,0.16809,0.16809,0.15305
mom-nse-top10-6m-ma200-cash6,cost,2011-02-01,2016-02-01,0.12397,-0.12970,0.51221,0.08148,0.08148,0.07466,0.18223,0.18223,0.16602
mom-nse-top10-6m-ma200-cash6,cost,2011-03-01,2016-03-01,0.12390,-0.12964,0.51178,0.06761,0.06761,0.06231,0.16191,0.16191,0.14739
mom-nse-top10-6m-ma200-cash6,cost,2011-04-01,2016-04-01,0.11744,-0.12925,0.45623,0.07054,0.07054,0.06492,0.16433,0.16433,0.14961
mom-nse-top10-6m-ma200-cash6,cost,2011-05-01,2016-05-01,0.12388,-0.12987,0.51195,0.07708,0.07708,0.07074,0.16911,0.16911,0.15398
mom-nse-top10-6m-ma200-cash6,cost,2011-06-01,2016-06-01,0.12376,-0.12980,0.51187,0.09211,0.09211,0.08416,0.17998,0.17998,0.16396
mom-nse-top10-6m-ma200-cash6,cost,2011-07-01,2016-07-01,0.12389,-0.12907,0.51345,0.09468,0.09468,0.08647,0.18497,0.18497,0.16855
mom-nse-top10-6m-ma200-cash6,cost,2011-08-01,2016-08-01,0.13685,-0.12896,0.59890,0.10716,0.10716,0.09768,0.20794,0.20794,0.18974
mom-nse-top10-6m-ma200-cash6,cost,2011-09-01,2016-09-01,0.14264,-0.12932,0.63028,0.13264,0.13264,0.12071,0.23121,0.23121,0.21129
mom-nse-top10-6m-ma200-cash6,cost,2011-10-01,2016-10-01,0.13667,-0.12924,0.58466,0.13102,0.13102,0.11924,0.23364,0.23364,0.21355
mom-nse-top10-6m-ma200-cash6,cost,2011-11-01,2016-11-01,0.13533,-0.12908,0.57443,0.11765,0.11765,0.10714,0.22844,0.22844,0.20872
mom-nse-top10-6m-ma200-cash6,cost,2011-12-01,2016-12-01,0.11736,-0.14781,0.44709,0.12024,0.12024,0.10948,0.22328,0.22328,0.20394
mom-nse-top10-6m-ma200-cash6,cost,2012-01-01,2017-01-01,0.11321,-0.16039,0.41610,0.13479,0.13479,0.12266,0.23011,0.23011,0.21027
mom-nse-top10-6m-ma200-cash6,cost,2012-02-01,2017-02-01,0.12184,-0.16062,0.45557,0.12078,0.12078,0.10997,0.24977,0.24977,0.22856
mom-nse-top10-6m-ma200-cash6,cost,2012-03-01,2017-03-01,0.11182,-0.16028,0.39536,0.12244,0.12244,0.11148,0.24492,0.24492,0.22404
mom-nse-top10-6m-ma200-cash6,cost,2012-04-01,2017-04-01,0.10757,-0.16036,0.37136,0.13020,0.13020,0.11850,0.24610,0.24610,0.22514
mom-nse-top10-6m-ma200-cash6,cost,2012-05-01,2017-05-01,0.11082,-0.16012,0.39462,0.13543,0.13543,0.12325,0.25848,0.25848,0.23668
mom-nse-top10-6m-ma200-cash6,cost,2012-06-01,2017-06-01,0.11357,-0.16028,0.41923,0.16115,0.16115,0.14670,0.27090,0.27090,0.24828
mom-nse-top10-6m-ma200-cash6,cost,2012-07-01,2017-07-01,0.11380,-0.16024,0.42026,0.13879,0.13879,0.12631,0.25219,0.25219,0.23081
mom-nse-top10-6m-ma200-cash6,cost,2012-08-01,2017-08-01,0.12482,-0.16035,0.49232,0.15452,0.15452,0.14064,0.26897,0.26897,0.24647
mom-nse-top10-6m-ma200-cash6,cost,2012-09-01,2017-09-01,0.12477,-0.16030,0.49053,0.15048,0.15048,0.13695,0.27439,0.27439,0.25154
mom-nse-top10-6m-ma200-cash6,cost,2012-10-01,2017-10-01,0.11332,-0.16008,0.41629,0.12709,0.12709,0.11568,0.25032,0.25032,0.22907
mom-nse-top10-6m-ma200-cash6,cost,2012-11-01,2017-11-01,0.12244,-0.15996,0.47356,0.14469,0.14469,0.13167,0.26899,0.26899,0.24649
mom-nse-top10-6m-ma200-cash6,cost,2012-12-01,2017-12-01,0.10964,-0.15999,0.39146,0.12840,0.12840,0.11687,0.24480,0.24480,0.22393
mom-nse-top10-6m-ma200-cash6,cost,2013-01-01,2018-01-01,0.11901,-0.16066,0.45152,0.13251,0.13251,0.12060,0.25838,0.25838,0.23658
mom-nse-top10-6m-ma200-cash6,cost,2013-02-01,2018-02-01,0.11691,-0.16034,0.44126,0.14308,0.14308,0.13021,0.26468,0.26468,0.24246
mom-nse-top10-6m-ma200-cash6,cost,2013-03-01,2018-03-01,0.11082,-0.16002,0.39991,0.14232,0.14232,0.12951,0.26089,0.26089,0.23892
mom-nse-top10-6m-ma200-cash6,cost,2013-04-01,2018-04-01,0.10844,-0.16054,0.38640,0.13557,0.13557,0.12338,0.25600,0.25600,0.23436
mom-nse-top10-6m-ma200-cash6,cost,2013-05-01,2018-05-01,0.10435,-0.16054,0.35914,0.14039,0.14039,0.12776,0.26045,0.26045,0.23852
mom-nse-top10-6m-ma200-cash6,cost,2013-06-01,2018-06-01,0.10608,-0.15990,0.37095,0.13701,0.13701,0.12468,0.24607,0.24607,0.22511
mom-nse-top10-6m-ma200-cash6,cost,2013-07-01,2018-07-01,0.11138,-0.16057,0.40697,0.14080,0.14080,0.12813,0.24990,0.24990,0.22868
mom-nse-top10-6m-ma200-cash6,cost,2013-08-01,2018-08-01,0.09829,-0.15966,0.34001,0.16077,0.16077,0.14635,0.26292,0.26266,0.24082
mom-nse-top10-6m-ma200-cash6,cost,2013-09-01,2018-09-01,0.10229,-0.15972,0.36676,0.17846,0.17790,0.16256,0.29019,0.28860,0.26633
mom-nse-top10-6m-ma200-cash6,cost,2013-10-01,2018-10-01,0.08433,-0.16001,0.23852,0.15170,0.15170,0.13806,0.25045,0.25045,0.22919
mom-nse-top10-6m-ma200-cash6,cost,2013-11-01,2018-11-01,0.07721,-0.15964,0.18596,0.11865,0.11865,0.10804,0.21992,0.21992,0.20082
mom-nse-top10-6m-ma200-cash6,cost,2013-12-01,2018-12-01,0.09197,-0.16035,0.28599,0.13388,0.13388,0.12185,0.23611,0.23611,0.21585
mom-nse-top10-6m-ma200-cash6,cost,2014-01-01,2019-01-01,0.08507,-0.15973,0.23935,0.13007,0.13007,0.11839,0.22665,0.22665,0.20706
mom-nse-top10-6m-ma200-cash6,cost,2014-02-01,2019-02-01,0.09600,-0.15986,0.31113,0.13747,0.13747,0.12510,0.23796,0.23796,0.21756
mom-nse-top10-6m-ma200-cash6,cost,2014-03-01,2019-03-01,0.08768,-0.16018,0.25695,0.13018,0.13018,0.11848,0.22764,0.22764,0.20798
mom-nse-top10-6m-ma200-cash6,cost,2014-04-01,2019-04-01,0.11245,-0.15989,0.42508,0.13094,0.13055,0.11917,0.23479,0.23418,0.21462
mom-nse-top10-6m-ma200-cash6,cost,2014-05-01,2019-05-01,0.11391,-0.16042,0.43385,0.13329,0.13274,0.12131,0.23461,0.23348,0.21445
mom-nse-top10-6m-ma200-cash6,cost,2014-06-01,2019-06-01,0.10436,-0.16003,0.36868,0.11935,0.11855,0.10868,0.21977,0.21903,0.20068
mom-nse-top10-6m-ma200-cash6,cost,2014-07-01,2019-07-01,0.09273,-0.16026,0.29323,0.10598,0.10531,0.09661,0.19548,0.19488,0.17823
mom-nse-top10-6m-ma200-cash6,cost,2014-08-01,2019-08-01,0.07016,-0.16017,0.13839,0.08985,0.08985,0.08214,0.17443,0.17443,0.15886
mom-nse-top10-6m-ma200-cash6,cost,2014-09-01,2019-09-01,0.06681,-0.16034,0.11540,0.07909,0.07909,0.07253,0.15466,0.15466,0.14076
mom-nse-top10-6m-ma200-cash6,cost,2014-10-01,2019-10-01,0.07703,-0.16033,0.18382,0.08775,0.08775,0.08026,0.16178,0.16178,0.14727
mom-nse-top10-6m-ma200-cash6,cost,2014-11-01,2019-11-01,0.08161,-0.16031,0.21219,0.08786,0.08715,0.08036,0.15625,0.15613,0.14222
mom-nse-top10-6m-ma200-cash6,cost,2014-12-01,2019-12-01,0.06994,-0.16026,0.13583,0.08482,0.08385,0.07764,0.14858,0.14820,0.13522
mom-nse-top10-6m-ma200-cash6,cost,2015-01-01,2020-01-01,0.08179,-0.16014,0.21408,0.09410,0.09284,0.08594,0.15458,0.15373,0.14069
mom-nse-top10-6m-ma200-cash6,cost,2015-02-01,2020-02-01,0.06352,-0.16016,0.09195,0.07134,0.07114,0.06563,0.13652,0.13564,0.12424
mom-nse-top10-6m-ma200-cash6,cost,2015-03-01,2020-03-01,0.05425,-0.16037,0.02908,0.06049,0.06049,0.05601,0.13332,0.13260,0.12133
mom-nse-top10-6m-ma200-cash6,cost,2015-04-01,2020-04-01,-0.01409,-0.39074,-0.32148,0.00513,0.00513,0.00513,0.07417,0.07417,0.06814
mom-nse-top10-6m-ma200-cash6,cost,2015-05-01,2020-05-01,0.03103,-0.39046,-0.05931,0.05161,0.05161,0.04817,0.12195,0.12195,0.11103
mom-nse-top10-6m-ma200-cash6,cost,2015-06-01,2020-06-01,0.01964,-0.39078,-0.11558,0.04456,0.04456,0.04195,0.10890,0.10890,0.09925
mom-nse-top10-6m-ma200-cash6,cost,2015-07-01,2020-07-01,0.03737,-0.39083,-0.02095,0.05602,0.05602,0.05205,0.11517,0.11517,0.10490
mom-nse-top10-6m-ma200-cash6,cost,2015-08-01,2020-08-01,0.03185,-0.39048,-0.05234,0.06667,0.06667,0.06148,0.11910,0.11818,0.10845
mom-nse-top10-6m-ma200-cash6,cost,2015-09-01,2020-09-01,0.04880,-0.39070,0.03140,0.09415,0.09397,0.08599,0.14390,0.14216,0.13095
mom-nse-top10-6m-ma200-cash6,cost,2015-10-01,2020-10-01,0.04881,-0.39067,0.03093,0.08855,0.08850,0.08097,0.13979,0.13762,0.12721
mom-nse-top10-6m-ma200-cash6,cost,2015-11-01,2020-11-01,0.04876,-0.39088,0.03032,0.08985,0.08934,0.08213,0.13774,0.13587,0.12535
mom-nse-top10-6m-ma200-cash6,cost,2015-12-01,2020-12-01,0.04885,-0.39058,0.03025,0.11915,0.11604,0.10849,0.15807,0.15486,0.14388
mom-nse-top10-6m-ma200-cash6,cost,2016-01-01,2021-01-01,0.04837,-0.39074,0.02770,0.13407,0.12958,0.12201,0.17356,0.16874,0.15806
mom-nse-top10-6m-ma200-cash6,cost,2016-02-01,2021-02-01,0.03900,-0.39057,-0.02004,0.15030,0.14530,0.13678,0.18534,0.18061,0.16889
mom-nse-top10-6m-ma200-cash6,cost,2016-03-01,2021-03-01,0.04093,-0.39112,-0.00769,0.16879,0.16300,0.15369,0.21366,0.20751,0.19502
mom-nse-top10-6m-ma200-cash6,cost,2016-04-01,2021-04-01,0.05777,-0.39095,0.08147,0.15484,0.14905,0.14093,0.21192,0.20483,0.19341
mom-nse-top10-6m-ma200-cash6,cost,2016-05-01,2021-05-01,0.07916,-0.39080,0.18919,0.14721,0.14177,0.13397,0.22144,0.21306,0.20223
mom-nse-top10-6m-ma200-cash6,cost,2016-06-01,2021-06-01,0.09119,-0.39094,0.24890,0.15209,0.14550,0.13842,0.22716,0.21791,0.20754
mom-nse-top10-6m-ma200-cash6,cost,2016-07-01,2021-07-01,0.09547,-0.39095,0.26976,0.14918,0.14247,0.13576,0.22948,0.21958,0.20969
mom-nse-top10-6m-ma200-cash6,cost,2016-08-01,2021-08-01,0.09977,-0.39048,0.28791,0.14201,0.13527,0.12923,0.21930,0.20877,0.20025
mom-nse-top10-6m-ma200-cash6,cost,2016-09-01,2021-09-01,0.09198,-0.39073,0.25195,0.15663,0.14844,0.14256,0.22392,0.21280,0.20453
mom-nse-top10-6m-ma200-cash6,cost,2016-10-01,2021-10-01,0.09657,-0.39100,0.27328,0.16709,0.15837,0.15213,0.22806,0.21664,0.20837
mom-nse-top10-6m-ma200-cash6,cost,2016-11-01,2021-11-01,0.11291,-0.39127,0.34851,0.17194,0.16281,0.15658,0.23496,0.22274,0.21478
mom-nse-top10-6m-ma200-cash6,cost,2016-12-01,2021-12-01,0.11266,-0.39083,0.34933,0.17392,0.16541,0.15839,0.24422,0.23222,0.22339
mom-nse-top10-6m-ma200-cash6,cost,2017-01-01,2022-01-01,0.12341,-0.39082,0.39818,0.17675,0.16803,0.16099,0.25612,0.24359,0.23448
mom-nse-top10-6m-ma200-cash6,cost,2017-02-01,2022-02-01,0.11743,-0.39053,0.36632,0.16503,0.15626,0.15025,0.21213,0.20066,0.19360
mom-nse-top10-6m-ma200-cash6,cost,2017-03-01,2022-03-01,0.11688,-0.38956,0.36153,0.14866,0.14075,0.13529,0.19967,0.18888,0.18209
mom-nse-top10-6m-ma200-cash6,cost,2017-04-01,2022-04-01,0.12042,-0.38953,0.37670,0.15423,0.14549,0.14037,0.20375,0.19213,0.18586
mom-nse-top10-6m-ma200-cash6,cost,2017-05-01,2022-05-01,0.08616,-0.39001,0.22138,0.14357,0.13545,0.13065,0.17957,0.16895,0.16358
mom-nse-top10-6m-ma200-cash6,cost,2017-06-01,2022-06-01,0.06838,-0.39024,0.14136,0.12885,0.12137,0.11728,0.16100,0.15184,0.14655
mom-nse-top10-6m-ma200-cash6,cost,2017-07-01,2022-07-01,0.05098,-0.39065,0.06266,0.11999,0.11334,0.10925,0.14102,0.13353,0.12833
mom-nse-top10-6m-ma200-cash6,cost,2017-08-01,2022-08-01,0.03072,-0.39173,-0.03090,0.12777,0.11954,0.11630,0.15103,0.14158,0.13745
mom-nse-top10-6m-ma200-cash6,cost,2017-09-01,2022-09-01,0.03619,-0.39222,-0.00522,0.13377,0.12527,0.12174,0.15532,0.14495,0.14137
mom-nse-top10-6m-ma200-cash6,cost,2017-10-01,2022-10-01,0.04256,-0.39171,0.02332,0.13204,0.12394,0.12017,0.15366,0.14353,0.13985
mom-nse-top10-6m-ma200-cash6,cost,2017-11-01,2022-11-01,0.03017,-0.39152,-0.03491,0.13102,0.12205,0.11924,0.15299,0.14208,0.13924
mom-nse-top10-6m-ma200-cash6,cost,2017-12-01,2022-12-01,0.03710,-0.39265,-0.00227,0.14628,0.13661,0.13312,0.16101,0.15003,0.14657
mom-nse-top10-6m-ma200-cash6,cost,2018-01-01,2023-01-01,0.02947,-0.39415,-0.03881,0.13060,0.12168,0.11887,0.13565,0.12560,0.12345
mom-nse-top10-6m-ma200-cash6,cost,2018-02-01,2023-02-01,0.02095,-0.37956,-0.08566,0.11224,0.10393,0.10225,0.12006,0.11116,0.10932
mom-nse-top10-6m-ma200-cash6,cost,2018-03-01,2023-03-01,0.03496,-0.38087,-0.01880,0.12158,0.11257,0.11070,0.13079,0.12109,0.11903
mom-nse-top10-6m-ma200-cash6,cost,2018-04-01,2023-04-01,0.03952,-0.38229,0.00378,0.12753,0.11807,0.11608,0.13400,0.12407,0.12195
mom-nse-top10-6m-ma200-cash6,cost,2018-05-01,2023-05-01,0.03850,-0.38737,0.00127,0.12307,0.11394,0.11204,0.12873,0.11919,0.11717
mom-nse-top10-6m-ma200-cash6,cost,2018-06-01,2023-06-01,0.04400,-0.38734,0.02721,0.12930,0.11972,0.11769,0.14893,0.13796,0.13554
mom-nse-top10-6m-ma200-cash6,cost,2018-07-01,2023-07-01,0.04718,-0.38537,0.04165,0.13722,0.12706,0.12487,0.15801,0.14641,0.14382
mom-nse-top10-6m-ma200-cash6,cost,2018-08-01,2023-08-01,0.04980,-0.38208,0.05433,0.13027,0.12061,0.11856,0.15718,0.14564,0.14306
mom-nse-top10-6m-ma200-cash6,cost,2018-09-01,2023-09-01,0.04159,-0.38422,0.01587,0.12049,0.11155,0.10970,0.14800,0.13709,0.13469
mom-nse-top10-6m-ma200-cash6,cost,2018-10-01,2023-10-01,0.04683,-0.38819,0.04036,0.13610,0.12603,0.12386,0.17581,0.16305,0.16013
mom-nse-top10-6m-ma200-cash6,cost,2018-11-01,2023-11-01,0.06005,-0.38313,0.09956,0.14179,0.13132,0.12904,0.18193,0.16878,0.16575
mom-nse-top10-6m-ma200-cash6,cost,2018-12-01,2023-12-01,0.07450,-0.38543,0.16779,0.14615,0.13537,0.13300,0.20341,0.18895,0.18555
mom-nse-top10-6m-ma200-cash6,cost,2019-01-01,2024-01-01,0.09761,-0.38332,0.27479,0.16150,0.14968,0.14702,0.22122,0.20571,0.20202
mom-nse-top10-6m-ma200-cash6,cost,2019-02-01,2024-02-01,0.08110,-0.38100,0.19932,0.16137,0.14955,0.14690,0.22469,0.20899,0.20524
mom-nse-top10-6m-ma200-cash6,cost,2019-03-01,2024-03-01,0.10139,-0.37892,0.29257,0.16870,0.15640,0.15361,0.24141,0.22478,0.22078
mom-nse-top10-6m-ma200-cash6,cost,2019-04-01,2024-04-01,0.10323,-0.38127,0.29987,0.15319,0.14192,0.13942,0.23600,0.21967,0.21574
mom-nse-top10-6m-ma200-cash6,cost,2019-05-01,2024-05-01,0.09463,-0.37889,0.26078,0.15309,0.14184,0.13934,0.24122,0.22460,0.22060
mom-nse-top10-6m-ma200-cash6,cost,2019-06-01,2024-06-01,0.08694,-0.37767,0.22559,0.14946,0.13845,0.13601,0.25655,0.23911,0.23488
mom-nse-top10-6m-ma200-cash6,cost,2019-07-01,2024-07-01,0.09712,-0.37451,0.27208,0.16648,0.15432,0.15157,0.26814,0.25011,0.24570
mom-nse-top10-6m-ma200-cash6,cost,2019-08-01,2024-08-01,0.11839,-0.36520,0.37625,0.19261,0.17558,0.17558,0.30115,0.27662,0.27662
mom-nse-top10-6m-ma200-cash6,cost,2019-09-01,2024-09-01,0.12235,-0.36475,0.39183,0.19386,0.17674,0.17674,0.30252,0.27791,0.27791
mom-nse-top10-6m-ma200-cash6,cost,2019-10-01,2024-10-01,0.13415,-0.37069,0.44170,0.19193,0.17496,0.17496,0.29592,0.27172,0.27172
mom-nse-top10-6m-ma200-cash6,cost,2019-11-01,2024-11-01,0.10783,-0.36567,0.32137,0.16694,0.15200,0.15200,0.26574,0.24346,0.24346
mom-nse-top10-6m-ma200-cash6,cost,2019-12-01,2024-12-01,0.09825,-0.36873,0.27689,0.16218,0.14763,0.14763,0.25859,0.23678,0.23678
mom-nse-top10-6m-ma200-cash6,cost,2020-01-01,2025-01-01,0.08867,-0.36605,0.23310,0.15598,0.14197,0.14197,0.24390,0.22309,0.22309
mom-nse-top10-6m-ma200-cash6,cost,2020-02-01,2025-02-01,0.07981,-0.36595,0.19131,0.16380,0.14912,0.14912,0.21662,0.19777,0.19777
mom-nse-top10-6m-ma200-cash6,cost,2020-03-01,2025-03-01,0.11723,-0.36536,0.41931,0.15961,0.14529,0.14529,0.19321,0.17614,0.17614
mom-nse-top10-6m-ma200-cash6,cost,2020-04-01,2025-04-01,0.11714,-0.36625,0.41964,0.24335,0.22258,0.22258,0.26293,0.24083,0.24083
mom-nse-top10-6m-ma200-cash6,cost,2020-05-01,2025-05-01,0.11740,-0.36552,0.41991,0.21179,0.19329,0.19329,0.23579,0.21554,0.21554
mom-nse-top10-6m-ma200-cash6,cost,2020-06-01,2025-06-01,0.11724,-0.36618,0.41858,0.21702,0.19813,0.19813,0.24924,0.22807,0.22807
mom-nse-top10-6m-ma200-cash6,cost,2020-07-01,2025-07-01,0.11687,-0.36612,0.41734,0.21071,0.19229,0.19229,0.25087,0.22958,0.22958
mom-nse-top10-6m-ma200-cash6,cost,2020-08-01,2025-08-01,0.13025,-0.36442,0.47961,0.18700,0.17042,0.17042,0.21755,0.19862,0.19862
mom-nse-top10-6m-ma200-cash6,tax-dated,2008-02-01,2013-02-01,0.03617,-0.35838,-0.04775,0.03592,0.03592,0.03438,0.02342,0.02342,0.02342
mom-nse-top10-6m-ma200-cash6,tax-dated,2008-03-01,2013-03-01,0.11384,-0.15417,0.43112,0.02970,0.02970,0.02895,0.02703,0.02703,0.02662
mom-nse-top10-6m-ma200-cash6,tax-dated,2008-04-01,2013-04-01,0.10992,-0.15414,0.40320,0.04945,0.04945,0.04626,0.07055,0.07055,0.06492
mom-nse-top10-6m-ma200-cash6,tax-dated,2008-05-01,2013-05-01,0.06356,-0.24782,0.09550,0.03953,0.03953,0.03755,0.05392,0.05392,0.05020
mom-nse-top10-6m-ma200-cash6,tax-dated,2008-06-01,2013-06-01,0.11864,-0.15411,0.45178,0.05429,0.05429,0.05052,0.07512,0.07512,0.06899
mom-nse-top10-6m-ma200-cash6,tax-dated,2008-07-01,2013-07-01,0.11683,-0.15415,0.43692,0.09942,0.09942,0.09072,0.14111,0.14111,0.12841
mom-nse-top10-6m-ma200-cash6,tax-dated,2008-08-01,2013-08-01,0.12139,-0.15412,0.46232,0.06611,0.06611,0.06098,0.09740,0.09740,0.08891
mom-nse-top10-6m-ma200-cash6,tax-dated,2008-09-01,2013-09-01,0.11624,-0.15414,0.42283,0.05936,0.05936,0.05500,0.09064,0.09064,0.08284
mom-nse-top10-6m-ma200-cash6,tax-dated,2008-10-01,2013-10-01,0.12483,-0.15412,0.47091,0.09178,0.09178,0.08387,0.13588,0.13588,0.12365
mom-nse-top10-6m-ma200-cash6,tax-dated,2008-11-01,2013-11-01,0.13438,-0.15418,0.52108,0.18313,0.18313,0.16685,0.22532,0.22532,0.20583
mom-nse-top10-6m-ma200-cash6,tax-dated,2008-12-01,2013-12-01,0.12998,-0.15409,0.49460,0.19549,0.19549,0.17824,0.22922,0.22922,0.20945
mom-nse-top10-6m-ma200-cash6,tax-dated,2009-01-01,2014-01-01,0.13559,-0.15417,0.52351,0.17089,0.17089,0.15561,0.20948,0.20948,0.19116
mom-nse-top10-6m-ma200-cash6,tax-dated,2009-02-01,2014-02-01,0.14284,-0.15418,0.56159,0.17517,0.17517,0.15955,0.21381,0.21381,0.19516
mom-nse-top10-6m-ma200-cash6,tax-dated,2009-03-01,2014-03-01,0.15520,-0.15413,0.62988,0.19168,0.19168,0.17472,0.22937,0.22937,0.20959
mom-nse-top10-6m-ma200-cash6,tax-dated,2009-04-01,2014-04-01,0.14311,-0.15418,0.55901,0.18381,0.18381,0.16748,0.21371,0.21371,0.19506
mom-nse-top10-6m-ma200-cash6,tax-dated,2009-05-01,2014-05-01,0.15547,-0.16007,0.57629,0.15333,0.15333,0.13955,0.20257,0.20257,0.18477
mom-nse-top10-6m-ma200-cash6,tax-dated,2009-06-01,2014-06-01,0.13048,-0.15181,0.46948,0.11085,0.11085,0.10101,0.17730,0.17730,0.16150
mom-nse-top10-6m-ma200-cash6,tax-dated,2009-07-01,2014-07-01,0.16261,-0.15417,0.65638,0.13287,0.13287,0.12092,0.19900,0.19900,0.18148
mom-nse-top10-6m-ma200-cash6,tax-dated,2009-08-01,2014-08-01,0.14295,-0.15394,0.54905,0.11721,0.11721,0.10674,0.17436,0.17436,0.15880
mom-nse-top10-6m-ma200-cash6,tax-dated,2009-09-01,2014-09-01,0.16206,-0.15143,0.67500,0.12994,0.12994,0.11827,0.19506,0.19506,0.17784
mom-nse-top10-6m-ma200-cash6,tax-dated,2009-10-01,2014-10-01,0.14165,-0.14947,0.56300,0.10646,0.10646,0.09705,0.18264,0.18264,0.16640
mom-nse-top10-6m-ma200-cash6,tax-dated,2009-11-01,2014-11-01,0.16787,-0.15144,0.71086,0.13380,0.13380,0.12177,0.20627,0.20627,0.18818
mom-nse-top10-6m-ma200-cash6,tax-dated,2009-12-01,2014-12-01,0.13867,-0.14840,0.55716,0.12120,0.12120,0.11035,0.19070,0.19070,0.17382
mom-nse-top10-6m-ma200-cash6,tax-dated,2010-01-01,2015-01-01,0.11813,-0.14806,0.43463,0.11054,0.11054,0.10072,0.18516,0.18516,0.16873
mom-nse-top10-6m-ma200-cash6,tax-dated,2010-02-01,2015-02-01,0.15714,-0.15017,0.67718,0.13777,0.13777,0.12537,0.21229,0.21229,0.19376
mom-nse-top10-6m-ma200-cash6,tax-dated,2010-03-01,2015-03-01,0.13241,-0.15525,0.52721,0.13907,0.13907,0.12655,0.21651,0.21651,0.19766
mom-nse-top10-6m-ma200-cash6,tax-dated,2010-04-01,2015-04-01,0.12078,-0.15495,0.44947,0.11502,0.11502,0.10476,0.20785,0.20785,0.18964
mom-nse-top10-6m-ma200-cash6,tax-dated,2010-05-01,2015-05-01,0.12072,-0.14859,0.45323,0.10475,0.10475,0.09551,0.19134,0.19134,0.17442
mom-nse-top10-6m-ma200-cash6,tax-dated,2010-06-01,2015-06-01,0.14030,-0.14795,0.58875,0.12480,0.12480,0.11361,0.21869,0.21869,0.19968
mom-nse-top10-6m-ma200-cash6,tax-dated,2010-07-01,2015-07-01,0.13974,-0.14799,0.57942,0.11287,0.11287,0.10283,0.21196,0.21196,0.19344
mom-nse-top10-6m-ma200-cash6,tax-dated,2010-08-01,2015-08-01,0.14119,-0.17264,0.57876,0.11037,0.11037,0.10057,0.21020,0.21020,0.19182
mom-nse-top10-6m-ma200-cash6,tax-dated,2010-09-01,2015-09-01,0.11348,-0.17466,0.40369,0.08597,0.08597,0.07867,0.17846,0.17846,0.16257
mom-nse-top10-6m-ma200-cash6,tax-dated,2010-10-01,2015-10-01,0.09778,-0.18041,0.30751,0.06548,0.06548,0.06042,0.16966,0.16966,0.15448
mom-nse-top10-6m-ma200-cash6,tax-dated,2010-11-01,2015-11-01,0.09822,-0.17566,0.31385,0.06942,0.06942,0.06392,0.15728,0.15728,0.14315
mom-nse-top10-6m-ma200-cash6,tax-dated,2010-12-01,2015-12-01,0.09831,-0.14646,0.31643,0.07206,0.07206,0.06627,0.15550,0.15550,0.14153
mom-nse-top10-6m-ma200-cash6,tax-dated,2011-01-01,2016-01-01,0.09978,-0.14630,0.32565,0.06603,0.06603,0.06091,0.16809,0.16809,0.15305
mom-nse-top10-6m-ma200-cash6,tax-dated,2011-02-01,2016-02-01,0.11771,-0.14665,0.46854,0.08148,0.08148,0.07466,0.18223,0.18223,0.16602
mom-nse-top10-6m-ma200-cash6,tax-dated,2011-03-01,2016-03-01,0.11779,-0.14659,0.46930,0.06761,0.06761,0.06231,0.16191,0.16191,0.14739
mom-nse-top10-6m-ma200-cash6,tax-dated,2011-04-01,2016-04-01,0.11055,-0.14677,0.40966,0.07054,0.07054,0.06492,0.16433,0.16433,0.14961
mom-nse-top10-6m-ma200-cash6,tax-dated,2011-05-01,2016-05-01,0.11708,-0.14621,0.46461,0.07708,0.07708,0.07074,0.16911,0.16911,0.15398
mom-nse-top10-6m-ma200-cash6,tax-dated,2011-06-01,2016-06-01,0.11685,-0.14679,0.46365,0.09211,0.09211,0.08416,0.17998,0.17998,0.16396
mom-nse-top10-6m-ma200-cash6,tax-dated,2011-07-01,2016-07-01,0.11650,-0.14656,0.46138,0.09468,0.09468,0.08647,0.18497,0.18497,0.16855
mom-nse-top10-6m-ma200-cash6,tax-dated,2011-08-01,2016-08-01,0.12732,-0.14640,0.53300,0.10716,0.10716,0.09768,0.20794,0.20794,0.18974
mom-nse-top10-6m-ma200-cash6,tax-dated,2011-09-01,2016-09-01,0.13213,-0.14621,0.55822,0.13264,0.13264,0.12071,0.23121,0.23121,0.21129
mom-nse-top10-6m-ma200-cash6,tax-dated,2011-10-01,2016-10-01,0.12682,-0.14666,0.51853,0.13102,0.13102,0.11924,0.23364,0.23364,0.21355
mom-nse-top10-6m-ma200-cash6,tax-dated,2011-11-01,2016-11-01,0.12571,-0.14660,0.50987,0.11765,0.11765,0.10714,0.22844,0.22844,0.20872
mom-nse-top10-6m-ma200-cash6,tax-dated,2011-12-01,2016-12-01,0.11015,-0.14812,0.39953,0.12024,0.12024,0.10948,0.22328,0.22328,0.20394
mom-nse-top10-6m-ma200-cash6,tax-dated,2012-01-01,2017-01-01,0.10612,-0.15996,0.37011,0.13479,0.13479,0.12266,0.23011,0.23011,0.21027
mom-nse-top10-6m-ma200-cash6,tax-dated,2012-02-01,2017-02-01,0.11301,-0.16033,0.40091,0.12078,0.12078,0.10997,0.24977,0.24977,0.22856
mom-nse-top10-6m-ma200-cash6,tax-dated,2012-03-01,2017-03-01,0.10430,-0.15988,0.34892,0.12244,0.12244,0.11148,0.24492,0.24492,0.22404
mom-nse-top10-6m-ma200-cash6,tax-dated,2012-04-01,2017-04-01,0.10077,-0.16003,0.32904,0.13020,0.13020,0.11850,0.24610,0.24610,0.22514
mom-nse-top10-6m-ma200-cash6,tax-dated,2012-05-01,2017-05-01,0.10502,-0.16014,0.35798,0.13543,0.13543,0.12325,0.25848,0.25848,0.23668
mom-nse-top10-6m-ma200-cash6,tax-dated,2012-06-01,2017-06-01,0.10633,-0.16040,0.37223,0.16115,0.16115,0.14670,0.27090,0.27090,0.24828
mom-nse-top10-6m-ma200-cash6,tax-dated,2012-07-01,2017-07-01,0.10650,-0.16037,0.37296,0.13879,0.13879,0.12631,0.25219,0.25219,0.23081
mom-nse-top10-6m-ma200-cash6,tax-dated,2012-08-01,2017-08-01,0.11632,-0.16001,0.43751,0.15452,0.15452,0.14064,0.26897,0.26897,0.24647
mom-nse-top10-6m-ma200-cash6,tax-dated,2012-09-01,2017-09-01,0.11674,-0.16040,0.43897,0.15048,0.15048,0.13695,0.27439,0.27439,0.25154
mom-nse-top10-6m-ma200-cash6,tax-dated,2012-10-01,2017-10-01,0.10694,-0.15997,0.37517,0.12709,0.12709,0.11568,0.25032,0.25032,0.22907
mom-nse-top10-6m-ma200-cash6,tax-dated,2012-11-01,2017-11-01,0.11455,-0.16066,0.42372,0.14469,0.14469,0.13167,0.26899,0.26899,0.24649
mom-nse-top10-6m-ma200-cash6,tax-dated,2012-12-01,2017-12-01,0.10288,-0.15983,0.34756,0.12840,0.12840,0.11687,0.24480,0.24480,0.22393
mom-nse-top10-6m-ma200-cash6,tax-dated,2013-01-01,2018-01-01,0.11118,-0.16046,0.40075,0.13251,0.13251,0.12060,0.25838,0.25838,0.23658
mom-nse-top10-6m-ma200-cash6,tax-dated,2013-02-01,2018-02-01,0.10972,-0.16029,0.39448,0.14308,0.14308,0.13021,0.26468,0.26468,0.24246
mom-nse-top10-6m-ma200-cash6,tax-dated,2013-03-01,2018-03-01,0.10502,-0.15984,0.36275,0.14232,0.14232,0.12951,0.26089,0.26089,0.23892
mom-nse-top10-6m-ma200-cash6,tax-dated,2013-04-01,2018-04-01,0.10655,-0.16019,0.37427,0.13557,0.13557,0.12338,0.25600,0.25600,0.23436
mom-nse-top10-6m-ma200-cash6,tax-dated,2013-05-01,2018-05-01,0.09995,-0.16009,0.33086,0.14039,0.14039,0.12776,0.26045,0.26045,0.23852
mom-nse-top10-6m-ma200-cash6,tax-dated,2013-06-01,2018-06-01,0.10149,-0.16003,0.34122,0.13701,0.13701,0.12468,0.24607,0.24607,0.22511
mom-nse-top10-6m-ma200-cash6,tax-dated,2013-07-01,2018-07-01,0.10337,-0.16054,0.35509,0.14080,0.14080,0.12813,0.24990,0.24990,0.22868
mom-nse-top10-6m-ma200-cash6,tax-dated,2013-08-01,2018-08-01,0.09250,-0.16010,0.29816,0.16077,0.16077,0.14635,0.26292,0.26266,0.24082
mom-nse-top10-6m-ma200-cash6,tax-dated,2013-09-01,2018-09-01,0.09546,-0.15958,0.31798,0.17846,0.17790,0.16256,0.29019,0.28860,0.26633
mom-nse-top10-6m-ma200-cash6,tax-dated,2013-10-01,2018-10-01,0.07974,-0.16002,0.20578,0.15170,0.15170,0.13806,0.25045,0.25045,0.22919
mom-nse-top10-6m-ma200-cash6,tax-dated,2013-11-01,2018-11-01,0.07485,-0.16019,0.16970,0.11865,0.11865,0.10804,0.21992,0.21992,0.20082
mom-nse-top10-6m-ma200-cash6,tax-dated,2013-12-01,2018-12-01,0.08896,-0.15986,0.26557,0.13388,0.13388,0.12185,0.23611,0.23611,0.21585
mom-nse-top10-6m-ma200-cash6,tax-dated,2014-01-01,2019-01-01,0.08042,-0.16003,0.20752,0.13007,0.13007,0.11839,0.22665,0.22665,0.20706
mom-nse-top10-6m-ma200-cash6,tax-dated,2014-02-01,2019-02-01,0.09087,-0.15980,0.27647,0.13747,0.13747,0.12510,0.23796,0.23796,0.21756
mom-nse-top10-6m-ma200-cash6,tax-dated,2014-03-01,2019-03-01,0.08366,-0.16040,0.22943,0.13018,0.13018,0.11848,0.22764,0.22764,0.20798
mom-nse-top10-6m-ma200-cash6,tax-dated,2014-04-01,2019-04-01,0.10627,-0.15999,0.38341,0.13094,0.13055,0.11917,0.23479,0.23418,0.21462
mom-nse-top10-6m-ma200-cash6,tax-dated,2014-05-01,2019-05-01,0.10603,-0.16020,0.38068,0.13329,0.13274,0.12131,0.23461,0.23348,0.21445
mom-nse-top10-6m-ma200-cash6,tax-dated,2014-06-01,2019-06-01,0.09874,-0.15984,0.33105,0.11935,0.11855,0.10868,0.21977,0.21903,0.20068
mom-nse-top10-6m-ma200-cash6,tax-dated,2014-07-01,2019-07-01,0.08854,-0.15963,0.26470,0.10598,0.10531,0.09661,0.19548,0.19488,0.17823
mom-nse-top10-6m-ma200-cash6,tax-dated,2014-08-01,2019-08-01,0.06921,-0.15960,0.13214,0.08985,0.08985,0.08214,0.17443,0.17443,0.15886
mom-nse-top10-6m-ma200-cash6,tax-dated,2014-09-01,2019-09-01,0.06656,-0.16041,0.11373,0.07909,0.07909,0.07253,0.15466,0.15466,0.14076
mom-nse-top10-6m-ma200-cash6,tax-dated,2014-10-01,2019-10-01,0.07627,-0.16033,0.17883,0.08775,0.08775,0.08026,0.16178,0.16178,0.14727
mom-nse-top10-6m-ma200-cash6,tax-dated,2014-11-01,2019-11-01,0.08020,-0.16031,0.20307,0.08786,0.08715,0.08036,0.15625,0.15613,0.14222
mom-nse-top10-6m-ma200-cash6,tax-dated,2014-12-01,2019-12-01,0.06846,-0.16026,0.12616,0.08482,0.08385,0.07764,0.14858,0.14820,0.13522
mom-nse-top10-6m-ma200-cash6,tax-dated,2015-01-01,2020-01-01,0.07704,-0.16050,0.18289,0.09410,0.09284,0.08594,0.15458,0.15373,0.14069
mom-nse-top10-6m-ma200-cash6,tax-dated,2015-02-01,2020-02-01,0.06144,-0.16016,0.07792,0.07134,0.07114,0.06563,0.13652,0.13564,0.12424
mom-nse-top10-6m-ma200-cash6,tax-dated,2015-03-01,2020-03-01,0.05301,-0.16037,0.02093,0.06049,0.06049,0.05601,0.13332,0.13260,0.12133
mom-nse-top10-6m-ma200-cash6,tax-dated,2015-04-01,2020-04-01,-0.01409,-0.39074,-0.32148,0.00513,0.00513,0.00513,0.07417,0.07417,0.06814
mom-nse-top10-6m-ma200-cash6,tax-dated,2015-05-01,2020-05-01,0.03103,-0.39046,-0.05931,0.05161,0.05161,0.04817,0.12195,0.12195,0.11103
mom-nse-top10-6m-ma200-cash6,tax-dated,2015-06-01,2020-06-01,0.01964,-0.39078,-0.11558,0.04456,0.04456,0.04195,0.10890,0.10890,0.09925
mom-nse-top10-6m-ma200-cash6,tax-dated,2015-07-01,2020-07-01,0.03737,-0.39083,-0.02095,0.05602,0.05602,0.05205,0.11517,0.11517,0.10490
mom-nse-top10-6m-ma200-cash6,tax-dated,2015-08-01,2020-08-01,0.03185,-0.39048,-0.05234,0.06667,0.06667,0.06148,0.11910,0.11818,0.10845
mom-nse-top10-6m-ma200-cash6,tax-dated,2015-09-01,2020-09-01,0.04880,-0.39070,0.03140,0.09415,0.09397,0.08599,0.14390,0.14216,0.13095
mom-nse-top10-6m-ma200-cash6,tax-dated,2015-10-01,2020-10-01,0.04881,-0.39067,0.03093,0.08855,0.08850,0.08097,0.13979,0.13762,0.12721
mom-nse-top10-6m-ma200-cash6,tax-dated,2015-11-01,2020-11-01,0.04876,-0.39088,0.03032,0.08985,0.08934,0.08213,0.13774,0.13587,0.12535
mom-nse-top10-6m-ma200-cash6,tax-dated,2015-12-01,2020-12-01,0.04885,-0.39058,0.03025,0.11915,0.11604,0.10849,0.15807,0.15486,0.14388
mom-nse-top10-6m-ma200-cash6,tax-dated,2016-01-01,2021-01-01,0.04837,-0.39074,0.02770,0.13407,0.12958,0.12201,0.17356,0.16874,0.15806
mom-nse-top10-6m-ma200-cash6,tax-dated,2016-02-01,2021-02-01,0.03900,-0.39057,-0.02004,0.15030,0.14530,0.13678,0.18534,0.18061,0.16889
mom-nse-top10-6m-ma200-cash6,tax-dated,2016-03-01,2021-03-01,0.04093,-0.39112,-0.00769,0.16879,0.16300,0.15369,0.21366,0.20751,0.19502
mom-nse-top10-6m-ma200-cash6,tax-dated,2016-04-01,2021-04-01,0.05581,-0.39095,0.07135,0.15484,0.14905,0.14093,0.21192,0.20483,0.19341
mom-nse-top10-6m-ma200-cash6,tax-dated,2016-05-01,2021-05-01,0.07400,-0.39080,0.16356,0.14721,0.14177,0.13397,0.22144,0.21306,0.20223
mom-nse-top10-6m-ma200-cash6,tax-dated,2016-06-01,2021-06-01,0.08441,-0.39107,0.21570,0.15209,0.14550,0.13842,0.22716,0.21791,0.20754
mom-nse-top10-6m-ma200-cash6,tax-dated,2016-07-01,2021-07-01,0.08959,-0.39095,0.24102,0.14918,0.14247,0.13576,0.22948,0.21958,0.20969
mom-nse-top10-6m-ma200-cash6,tax-dated,2016-08-01,2021-08-01,0.09209,-0.39048,0.25125,0.14201,0.13527,0.12923,0.21930,0.20877,0.20025
mom-nse-top10-6m-ma200-cash6,tax-dated,2016-09-01,2021-09-01,0.08423,-0.39073,0.21453,0.15663,0.14844,0.14256,0.22392,0.21280,0.20453
mom-nse-top10-6m-ma200-cash6,tax-dated,2016-10-01,2021-10-01,0.08868,-0.39100,0.23526,0.16709,0.15837,0.15213,0.22806,0.21664,0.20837
mom-nse-top10-6m-ma200-cash6,tax-dated,2016-11-01,2021-11-01,0.10307,-0.39127,0.30254,0.17194,0.16281,0.15658,0.23496,0.22274,0.21478
mom-nse-top10-6m-ma200-cash6,tax-dated,2016-12-01,2021-12-01,0.10471,-0.39104,0.31176,0.17392,0.16541,0.15839,0.24422,0.23222,0.22339
mom-nse-top10-6m-ma200-cash6,tax-dated,2017-01-01,2022-01-01,0.11405,-0.39113,0.35442,0.17675,0.16803,0.16099,0.25612,0.24359,0.23448
mom-nse-top10-6m-ma200-cash6,tax-dated,2017-02-01,2022-02-01,0.11537,-0.39061,0.35707,0.16503,0.15626,0.15025,0.21213,0.20066,0.19360
mom-nse-top10-6m-ma200-cash6,tax-dated,2017-03-01,2022-03-01,0.11574,-0.38955,0.35649,0.14866,0.14075,0.13529,0.19967,0.18888,0.18209
mom-nse-top10-6m-ma200-cash6,tax-dated,2017-04-01,2022-04-01,0.11478,-0.38948,0.35142,0.15423,0.14549,0.14037,0.20375,0.19213,0.18586
mom-nse-top10-6m-ma200-cash6,tax-dated,2017-05-01,2022-05-01,0.08229,-0.39001,0.20369,0.14357,0.13545,0.13065,0.17957,0.16895,0.16358
mom-nse-top10-6m-ma200-cash6,tax-dated,2017-06-01,2022-06-01,0.06425,-0.39024,0.12262,0.12885,0.12137,0.11728,0.16100,0.15184,0.14655
mom-nse-top10-6m-ma200-cash6,tax-dated,2017-07-01,2022-07-01,0.04614,-0.39105,0.04093,0.11999,0.11334,0.10925,0.14102,0.13353,0.12833
mom-nse-top10-6m-ma200-cash6,tax-dated,2017-08-01,2022-08-01,0.02650,-0.39173,-0.05022,0.12777,0.11954,0.11630,0.15103,0.14158,0.13745
mom-nse-top10-6m-ma200-cash6,tax-dated,2017-09-01,2022-09-01,0.03192,-0.39222,-0.02473,0.13377,0.12527,0.12174,0.15532,0.14495,0.14137
mom-nse-top10-6m-ma200-cash6,tax-dated,2017-10-01,2022-10-01,0.03817,-0.39171,0.00330,0.13204,0.12394,0.12017,0.15366,0.14353,0.13985
mom-nse-top10-6m-ma200-cash6,tax-dated,2017-11-01,2022-11-01,0.02598,-0.39152,-0.05420,0.13102,0.12205,0.11924,0.15299,0.14208,0.13924
mom-nse-top10-6m-ma200-cash6,tax-dated,2017-12-01,2022-12-01,0.03284,-0.39265,-0.02190,0.14628,0.13661,0.13312,0.16101,0.15003,0.14657
mom-nse-top10-6m-ma200-cash6,tax-dated,2018-01-01,2023-01-01,0.02531,-0.39415,-0.05802,0.13060,0.12168,0.11887,0.13565,0.12560,0.12345
mom-nse-top10-6m-ma200-cash6,tax-dated,2018-02-01,2023-02-01,0.01665,-0.37956,-0.10608,0.11224,0.10393,0.10225,0.12006,0.11116,0.10932
mom-nse-top10-6m-ma200-cash6,tax-dated,2018-03-01,2023-03-01,0.03053,-0.38087,-0.03963,0.12158,0.11257,0.11070,0.13079,0.12109,0.11903
mom-nse-top10-6m-ma200-cash6,tax-dated,2018-04-01,2023-04-01,0.03401,-0.38283,-0.02177,0.12753,0.11807,0.11608,0.13400,0.12407,0.12195
mom-nse-top10-6m-ma200-cash6,tax-dated,2018-05-01,2023-05-01,0.03330,-0.38737,-0.02294,0.12307,0.11394,0.11204,0.12873,0.11919,0.11717
mom-nse-top10-6m-ma200-cash6,tax-dated,2018-06-01,2023-06-01,0.03917,-0.38734,0.00462,0.12930,0.11972,0.11769,0.14893,0.13796,0.13554
mom-nse-top10-6m-ma200-cash6,tax-dated,2018-07-01,2023-07-01,0.04231,-0.38537,0.01894,0.13722,0.12706,0.12487,0.15801,0.14641,0.14382
mom-nse-top10-6m-ma200-cash6,tax-dated,2018-08-01,2023-08-01,0.04498,-0.38208,0.03186,0.13027,0.12061,0.11856,0.15718,0.14564,0.14306
mom-nse-top10-6m-ma200-cash6,tax-dated,2018-09-01,2023-09-01,0.03741,-0.38422,-0.00359,0.12049,0.11155,0.10970,0.14800,0.13709,0.13469
mom-nse-top10-6m-ma200-cash6,tax-dated,2018-10-01,2023-10-01,0.04304,-0.38819,0.02275,0.13610,0.12603,0.12386,0.17581,0.16305,0.16013
mom-nse-top10-6m-ma200-cash6,tax-dated,2018-11-01,2023-11-01,0.05430,-0.38313,0.07255,0.14179,0.13132,0.12904,0.18193,0.16878,0.16575
mom-nse-top10-6m-ma200-cash6,tax-dated,2018-12-01,2023-12-01,0.06782,-0.38543,0.13681,0.14615,0.13537,0.13300,0.20341,0.18895,0.18555
mom-nse-top10-6m-ma200-cash6,tax-dated,2019-01-01,2024-01-01,0.08710,-0.38332,0.22640,0.16150,0.14968,0.14702,0.22122,0.20571,0.20202
mom-nse-top10-6m-ma200-cash6,tax-dated,2019-02-01,2024-02-01,0.07600,-0.38100,0.17549,0.16137,0.14955,0.14690,0.22469,0.20899,0.20524
mom-nse-top10-6m-ma200-cash6,tax-dated,2019-03-01,2024-03-01,0.09323,-0.37892,0.25509,0.16870,0.15640,0.15361,0.24141,0.22478,0.22078
mom-nse-top10-6m-ma200-cash6,tax-dated,2019-04-01,2024-04-01,0.09373,-0.38127,0.25671,0.15319,0.14192,0.13942,0.23600,0.21967,0.21574
mom-nse-top10-6m-ma200-cash6,tax-dated,2019-05-01,2024-05-01,0.08687,-0.37889,0.22513,0.15309,0.14184,0.13934,0.24122,0.22460,0.22060
mom-nse-top10-6m-ma200-cash6,tax-dated,2019-06-01,2024-06-01,0.07982,-0.37767,0.19262,0.14946,0.13845,0.13601,0.25655,0.23911,0.23488
mom-nse-top10-6m-ma200-cash6,tax-dated,2019-07-01,2024-07-01,0.08934,-0.37451,0.23662,0.16648,0.15432,0.15157,0.26814,0.25011,0.24570
mom-nse-top10-6m-ma200-cash6,tax-dated,2019-08-01,2024-08-01,0.11081,-0.36846,0.34052,0.19261,0.17558,0.17558,0.30115,0.27662,0.27662
mom-nse-top10-6m-ma200-cash6,tax-dated,2019-09-01,2024-09-01,0.11404,-0.36797,0.35321,0.19386,0.17674,0.17674,0.30252,0.27791,0.27791
mom-nse-top10-6m-ma200-cash6,tax-dated,2019-10-01,2024-10-01,0.12352,-0.37069,0.39316,0.19193,0.17496,0.17496,0.29592,0.27172,0.27172
mom-nse-top10-6m-ma200-cash6,tax-dated,2019-11-01,2024-11-01,0.10092,-0.37000,0.28956,0.16694,0.15200,0.15200,0.26574,0.24346,0.24346
mom-nse-top10-6m-ma200-cash6,tax-dated,2019-12-01,2024-12-01,0.09249,-0.36910,0.25033,0.16218,0.14763,0.14763,0.25859,0.23678,0.23678
mom-nse-top10-6m-ma200-cash6,tax-dated,2020-01-01,2025-01-01,0.08609,-0.36927,0.22109,0.15598,0.14197,0.14197,0.24390,0.22309,0.22309
mom-nse-top10-6m-ma200-cash6,tax-dated,2020-02-01,2025-02-01,0.07719,-0.36898,0.17892,0.16380,0.14912,0.14912,0.21662,0.19777,0.19777
mom-nse-top10-6m-ma200-cash6,tax-dated,2020-03-01,2025-03-01,0.11140,-0.37868,0.38371,0.15961,0.14529,0.14529,0.19321,0.17614,0.17614
mom-nse-top10-6m-ma200-cash6,tax-dated,2020-04-01,2025-04-01,0.10720,-0.37799,0.35977,0.24335,0.22258,0.22258,0.26293,0.24083,0.24083
mom-nse-top10-6m-ma200-cash6,tax-dated,2020-05-01,2025-05-01,0.10713,-0.37746,0.35813,0.21179,0.19329,0.19329,0.23579,0.21554,0.21554
mom-nse-top10-6m-ma200-cash6,tax-dated,2020-06-01,2025-06-01,0.10701,-0.37792,0.35706,0.21702,0.19813,0.19813,0.24924,0.22807,0.22807
mom-nse-top10-6m-ma200-cash6,tax-dated,2020-07-01,2025-07-01,0.10670,-0.37785,0.35604,0.21071,0.19229,0.19229,0.25087,0.22958,0.22958
mom-nse-top10-6m-ma200-cash6,tax-dated,2020-08-01,2025-08-01,0.11610,-0.38164,0.39872,0.18700,0.17042,0.17042,0.21755,0.19862,0.19862
mom-nse-top10-6m-ma200-cash6,tax-today,2008-02-01,2013-02-01,0.03256,-0.35871,-0.06806,0.03592,0.03592,0.03438,0.02342,0.02342,0.02342
mom-nse-top10-6m-ma200-cash6,tax-today,2008-03-01,2013-03-01,0.10932,-0.16235,0.39959,0.02970,0.02970,0.02895,0.02703,0.02703,0.02662
mom-nse-top10-6m-ma200-cash6,tax-today,2008-04-01,2013-04-01,0.10398,-0.16232,0.36243,0.04945,0.04945,0.04626,0.07055,0.07055,0.06492
mom-nse-top10-6m-ma200-cash6,tax-today,2008-05-01,2013-05-01,0.05897,-0.24782,0.06637,0.03953,0.03953,0.03755,0.05392,0.05392,0.05020
mom-nse-top10-6m-ma200-cash6,tax-today,2008-06-01,2013-06-01,0.11223,-0.16228,0.40871,0.05429,0.05429,0.05052,0.07512,0.07512,0.06899
mom-nse-top10-6m-ma200-cash6,tax-today,2008-07-01,2013-07-01,0.11061,-0.16233,0.39584,0.09942,0.09942,0.09072,0.14111,0.14111,0.12841
mom-nse-top10-6m-ma200-cash6,tax-today,2008-08-01,2013-08-01,0.11486,-0.16230,0.41967,0.06611,0.06611,0.06098,0.09740,0.09740,0.08891
mom-nse-top10-6m-ma200-cash6,tax-today,2008-09-01,2013-09-01,0.11001,-0.16232,0.38328,0.05936,0.05936,0.05500,0.09064,0.09064,0.08284
mom-nse-top10-6m-ma200-cash6,tax-today,2008-10-01,2013-10-01,0.11799,-0.16230,0.42789,0.09178,0.09178,0.08387,0.13588,0.13588,0.12365
mom-nse-top10-6m-ma200-cash6,tax-today,2008-11-01,2013-11-01,0.12700,-0.16235,0.47538,0.18313,0.18313,0.16685,0.22532,0.22532,0.20583
mom-nse-top10-6m-ma200-cash6,tax-today,2008-12-01,2013-12-01,0.12276,-0.16227,0.45017,0.19549,0.19549,0.17824,0.22922,0.22922,0.20945
mom-nse-top10-6m-ma200-cash6,tax-today,2009-01-01,2014-01-01,0.12789,-0.16236,0.47630,0.17089,0.17089,0.15561,0.20948,0.20948,0.19116
mom-nse-top10-6m-ma200-cash6,tax-today,2009-02-01,2014-02-01,0.13494,-0.16235,0.51402,0.17517,0.17517,0.15955,0.21381,0.21381,0.19516
mom-nse-top10-6m-ma200-cash6,tax-today,2009-03-01,2014-03-01,0.14632,-0.16230,0.57668,0.19168,0.19168,0.17472,0.22937,0.22937,0.20959
mom-nse-top10-6m-ma200-cash6,tax-today,2009-04-01,2014-04-01,0.13447,-0.16236,0.50786,0.18381,0.18381,0.16748,0.21371,0.21371,0.19506
mom-nse-top10-6m-ma200-cash6,tax-today,2009-05-01,2014-05-01,0.14649,-0.16995,0.52899,0.15333,0.15333,0.13955,0.20257,0.20257,0.18477
mom-nse-top10-6m-ma200-cash6,tax-today,2009-06-01,2014-06-01,0.12294,-0.15299,0.42778,0.11085,0.11085,0.10101,0.17730,0.17730,0.16150
mom-nse-top10-6m-ma200-cash6,tax-today,2009-07-01,2014-07-01,0.15446,-0.16236,0.60913,0.13287,0.13287,0.12092,0.19900,0.19900,0.18148
mom-nse-top10-6m-ma200-cash6,tax-today,2009-08-01,2014-08-01,0.13600,-0.15984,0.50961,0.11721,0.11721,0.10674,0.17436,0.17436,0.15880
mom-nse-top10-6m-ma200-cash6,tax-today,2009-09-01,2014-09-01,0.15382,-0.15360,0.62689,0.12994,0.12994,0.11827,0.19506,0.19506,0.17784
mom-nse-top10-6m-ma200-cash6,tax-today,2009-10-01,2014-10-01,0.13499,-0.14950,0.52293,0.10646,0.10646,0.09705,0.18264,0.18264,0.16640
mom-nse-top10-6m-ma200-cash6,tax-today,2009-11-01,2014-11-01,0.15949,-0.15933,0.66149,0.13380,0.13380,0.12177,0.20627,0.20627,0.18818
mom-nse-top10-6m-ma200-cash6,tax-today,2009-12-01,2014-12-01,0.13224,-0.14846,0.51719,0.12120,0.12120,0.11035,0.19070,0.19070,0.17382
mom-nse-top10-6m-ma200-cash6,tax-today,2010-01-01,2015-01-01,0.11419,-0.14806,0.41007,0.11054,0.11054,0.10072,0.18516,0.18516,0.16873
mom-nse-top10-6m-ma200-cash6,tax-today,2010-02-01,2015-02-01,0.15088,-0.15231,0.63658,0.13777,0.13777,0.12537,0.21229,0.21229,0.19376
mom-nse-top10-6m-ma200-cash6,tax-today,2010-03-01,2015-03-01,0.12733,-0.15525,0.49492,0.13907,0.13907,0.12655,0.21651,0.21651,0.19766
mom-nse-top10-6m-ma200-cash6,tax-today,2010-04-01,2015-04-01,0.11207,-0.15495,0.39422,0.11502,0.11502,0.10476,0.20785,0.20785,0.18964
mom-nse-top10-6m-ma200-cash6,tax-today,2010-05-01,2015-05-01,0.11200,-0.14859,0.39808,0.10475,0.10475,0.09551,0.19134,0.19134,0.17442
mom-nse-top10-6m-ma200-cash6,tax-today,2010-06-01,2015-06-01,0.13051,-0.14795,0.52398,0.12480,0.12480,0.11361,0.21869,0.21869,0.19968
mom-nse-top10-6m-ma200-cash6,tax-today,2010-07-01,2015-07-01,0.12984,-0.14926,0.51521,0.11287,0.11287,0.10283,0.21196,0.21196,0.19344
mom-nse-top10-6m-ma200-cash6,tax-today,2010-08-01,2015-08-01,0.13246,-0.17264,0.52311,0.11037,0.11037,0.10057,0.21020,0.21020,0.19182
mom-nse-top10-6m-ma200-cash6,tax-today,2010-09-01,2015-09-01,0.10652,-0.17466,0.36012,0.08597,0.08597,0.07867,0.17846,0.17846,0.16257
mom-nse-top10-6m-ma200-cash6,tax-today,2010-10-01,2015-10-01,0.09241,-0.18041,0.27420,0.06548,0.06548,0.06042,0.16966,0.16966,0.15448
mom-nse-top10-6m-ma200-cash6,tax-today,2010-11-01,2015-11-01,0.09258,-0.17566,0.27812,0.06942,0.06942,0.06392,0.15728,0.15728,0.14315
mom-nse-top10-6m-ma200-cash6,tax-today,2010-12-01,2015-12-01,0.09271,-0.16088,0.28069,0.07206,0.07206,0.06627,0.15550,0.15550,0.14153
mom-nse-top10-6m-ma200-cash6,tax-today,2011-01-01,2016-01-01,0.09441,-0.16063,0.29118,0.06603,0.06603,0.06091,0.16809,0.16809,0.15305
mom-nse-top10-6m-ma200-cash6,tax-today,2011-02-01,2016-02-01,0.11220,-0.16129,0.42830,0.08148,0.08148,0.07466,0.18223,0.18223,0.16602
mom-nse-top10-6m-ma200-cash6,tax-today,2011-03-01,2016-03-01,0.11228,-0.16097,0.42910,0.06761,0.06761,0.06231,0.16191,0.16191,0.14739
mom-nse-top10-6m-ma200-cash6,tax-today,2011-04-01,2016-04-01,0.10404,-0.16103,0.36493,0.07054,0.07054,0.06492,0.16433,0.16433,0.14961
mom-nse-top10-6m-ma200-cash6,tax-today,2011-05-01,2016-05-01,0.11053,-0.16135,0.41712,0.07708,0.07708,0.07074,0.16911,0.16911,0.15398
mom-nse-top10-6m-ma200-cash6,tax-today,2011-06-01,2016-06-01,0.11046,-0.16112,0.41732,0.09211,0.09211,0.08416,0.17998,0.17998,0.16396
mom-nse-top10-6m-ma200-cash6,tax-today,2011-07-01,2016-07-01,0.11013,-0.16086,0.41520,0.09468,0.09468,0.08647,0.18497,0.18497,0.16855
mom-nse-top10-6m-ma200-cash6,tax-today,2011-08-01,2016-08-01,0.11998,-0.16127,0.48040,0.10716,0.10716,0.09768,0.20794,0.20794,0.18974
mom-nse-top10-6m-ma200-cash6,tax-today,2011-09-01,2016-09-01,0.12442,-0.16101,0.50361,0.13264,0.13264,0.12071,0.23121,0.23121,0.21129
mom-nse-top10-6m-ma200-cash6,tax-today,2011-10-01,2016-10-01,0.11964,-0.16086,0.46853,0.13102,0.13102,0.11924,0.23364,0.23364,0.21355
mom-nse-top10-6m-ma200-cash6,tax-today,2011-11-01,2016-11-01,0.11829,-0.16127,0.45840,0.11765,0.11765,0.10714,0.22844,0.22844,0.20872
mom-nse-top10-6m-ma200-cash6,tax-today,2011-12-01,2016-12-01,0.10372,-0.16108,0.35659,0.12024,0.12024,0.10948,0.22328,0.22328,0.20394
mom-nse-top10-6m-ma200-cash6,tax-today,2012-01-01,2017-01-01,0.09958,-0.16089,0.32701,0.13479,0.13479,0.12266,0.23011,0.23011,0.21027
mom-nse-top10-6m-ma200-cash6,tax-today,2012-02-01,2017-02-01,0.10581,-0.16122,0.35556,0.12078,0.12078,0.10997,0.24977,0.24977,0.22856
mom-nse-top10-6m-ma200-cash6,tax-today,2012-03-01,2017-03-01,0.09784,-0.16060,0.30850,0.12244,0.12244,0.11148,0.24492,0.24492,0.22404
mom-nse-top10-6m-ma200-cash6,tax-today,2012-04-01,2017-04-01,0.09456,-0.16032,0.28972,0.13020,0.13020,0.11850,0.24610,0.24610,0.22514
mom-nse-top10-6m-ma200-cash6,tax-today,2012-05-01,2017-05-01,0.09730,-0.16220,0.30844,0.13543,0.13543,0.12325,0.25848,0.25848,0.23668
mom-nse-top10-6m-ma200-cash6,tax-today,2012-06-01,2017-06-01,0.09994,-0.16060,0.33004,0.16115,0.16115,0.14670,0.27090,0.27090,0.24828
mom-nse-top10-6m-ma200-cash6,tax-today,2012-07-01,2017-07-01,0.09981,-0.16103,0.32889,0.13879,0.13879,0.12631,0.25219,0.25219,0.23081
mom-nse-top10-6m-ma200-cash6,tax-today,2012-08-01,2017-08-01,0.10973,-0.16147,0.39406,0.15452,0.15452,0.14064,0.26897,0.26897,0.24647
mom-nse-top10-6m-ma200-cash6,tax-today,2012-09-01,2017-09-01,0.11001,-0.16398,0.39470,0.15048,0.15048,0.13695,0.27439,0.27439,0.25154
mom-nse-top10-6m-ma200-cash6,tax-today,2012-10-01,2017-10-01,0.10107,-0.16152,0.33666,0.12709,0.12709,0.11568,0.25032,0.25032,0.22907
mom-nse-top10-6m-ma200-cash6,tax-today,2012-11-01,2017-11-01,0.10834,-0.16060,0.38318,0.14469,0.14469,0.13167,0.26899,0.26899,0.24649
mom-nse-top10-6m-ma200-cash6,tax-today,2012-12-01,2017-12-01,0.09743,-0.16002,0.31206,0.12840,0.12840,0.11687,0.24480,0.24480,0.22393
mom-nse-top10-6m-ma200-cash6,tax-today,2013-01-01,2018-01-01,0.10502,-0.16023,0.36068,0.13251,0.13251,0.12060,0.25838,0.25838,0.23658
mom-nse-top10-6m-ma200-cash6,tax-today,2013-02-01,2018-02-01,0.10394,-0.15992,0.35638,0.14308,0.14308,0.13021,0.26468,0.26468,0.24246
mom-nse-top10-6m-ma200-cash6,tax-today,2013-03-01,2018-03-01,0.09893,-0.16008,0.32295,0.14232,0.14232,0.12951,0.26089,0.26089,0.23892
mom-nse-top10-6m-ma200-cash6,tax-today,2013-04-01,2018-04-01,0.09942,-0.16016,0.32743,0.13557,0.13557,0.12338,0.25600,0.25600,0.23436
mom-nse-top10-6m-ma200-cash6,tax-today,2013-05-01,2018-05-01,0.09350,-0.16011,0.28884,0.14039,0.14039,0.12776,0.26045,0.26045,0.23852
mom-nse-top10-6m-ma200-cash6,tax-today,2013-06-01,2018-06-01,0.09492,-0.16018,0.29818,0.13701,0.13701,0.12468,0.24607,0.24607,0.22511
mom-nse-top10-6m-ma200-cash6,tax-today,2013-07-01,2018-07-01,0.09785,-0.16018,0.31874,0.14080,0.14080,0.12813,0.24990,0.24990,0.22868
mom-nse-top10-6m-ma200-cash6,tax-today,2013-08-01,2018-08-01,0.08774,-0.15997,0.26368,0.16077,0.16077,0.14635,0.26292,0.26266,0.24082
mom-nse-top10-6m-ma200-cash6,tax-today,2013-09-01,2018-09-01,0.09059,-0.16026,0.28264,0.17846,0.17790,0.16256,0.29019,0.28860,0.26633
mom-nse-top10-6m-ma200-cash6,tax-today,2013-10-01,2018-10-01,0.07562,-0.16035,0.17629,0.15170,0.15170,0.13806,0.25045,0.25045,0.22919
mom-nse-top10-6m-ma200-cash6,tax-today,2013-11-01,2018-11-01,0.07142,-0.16012,0.14602,0.11865,0.11865,0.10804,0.21992,0.21992,0.20082
mom-nse-top10-6m-ma200-cash6,tax-today,2013-12-01,2018-12-01,0.08539,-0.16027,0.24104,0.13388,0.13388,0.12185,0.23611,0.23611,0.21585
mom-nse-top10-6m-ma200-cash6,tax-today,2014-01-01,2019-01-01,0.07598,-0.15971,0.17724,0.13007,0.13007,0.11839,0.22665,0.22665,0.20706
mom-nse-top10-6m-ma200-cash6,tax-today,2014-02-01,2019-02-01,0.08523,-0.16000,0.23842,0.13747,0.13747,0.12510,0.23796,0.23796,0.21756
mom-nse-top10-6m-ma200-cash6,tax-today,2014-03-01,2019-03-01,0.07880,-0.15967,0.19611,0.13018,0.13018,0.11848,0.22764,0.22764,0.20798
mom-nse-top10-6m-ma200-cash6,tax-today,2014-04-01,2019-04-01,0.10015,-0.16031,0.34162,0.13094,0.13055,0.11917,0.23479,0.23418,0.21462
mom-nse-top10-6m-ma200-cash6,tax-today,2014-05-01,2019-05-01,0.09974,-0.15985,0.33782,0.13329,0.13274,0.12131,0.23461,0.23348,0.21445
mom-nse-top10-6m-ma200-cash6,tax-today,2014-06-01,2019-06-01,0.09330,-0.15952,0.29428,0.11935,0.11855,0.10868,0.21977,0.21903,0.20068
mom-nse-top10-6m-ma200-cash6,tax-today,2014-07-01,2019-07-01,0.08483,-0.16020,0.23929,0.10598,0.10531,0.09661,0.19548,0.19488,0.17823
mom-nse-top10-6m-ma200-cash6,tax-today,2014-08-01,2019-08-01,0.06672,-0.16009,0.11582,0.08985,0.08985,0.08214,0.17443,0.17443,0.15886
mom-nse-top10-6m-ma200-cash6,tax-today,2014-09-01,2019-09-01,0.06455,-0.16031,0.10033,0.07909,0.07909,0.07253,0.15466,0.15466,0.14076
mom-nse-top10-6m-ma200-cash6,tax-today,2014-10-01,2019-10-01,0.07405,-0.16040,0.16435,0.08775,0.08775,0.08026,0.16178,0.16178,0.14727
mom-nse-top10-6m-ma200-cash6,tax-today,2014-11-01,2019-11-01,0.07679,-0.16027,0.18089,0.08786,0.08715,0.08036,0.15625,0.15613,0.14222
mom-nse-top10-6m-ma200-cash6,tax-today,2014-12-01,2019-12-01,0.06509,-0.16012,0.10412,0.08482,0.08385,0.07764,0.14858,0.14820,0.13522
mom-nse-top10-6m-ma200-cash6,tax-today,2015-01-01,2020-01-01,0.07421,-0.16007,0.16440,0.09410,0.09284,0.08594,0.15458,0.15373,0.14069
mom-nse-top10-6m-ma200-cash6,tax-today,2015-02-01,2020-02-01,0.05909,-0.16025,0.06209,0.07134,0.07114,0.06563,0.13652,0.13564,0.12424
mom-nse-top10-6m-ma200-cash6,tax-today,2015-03-01,2020-03-01,0.05065,-0.16015,0.00498,0.06049,0.06049,0.05601,0.13332,0.13260,0.12133
mom-nse-top10-6m-ma200-cash6,tax-today,2015-04-01,2020-04-01,-0.01647,-0.39090,-0.33465,0.00513,0.00513,0.00513,0.07417,0.07417,0.06814
mom-nse-top10-6m-ma200-cash6,tax-today,2015-05-01,2020-05-01,0.02836,-0.39103,-0.07296,0.05161,0.05161,0.04817,0.12195,0.12195,0.11103
mom-nse-top10-6m-ma200-cash6,tax-today,2015-06-01,2020-06-01,0.01728,-0.39138,-0.12741,0.04456,0.04456,0.04195,0.10890,0.10890,0.09925
mom-nse-top10-6m-ma200-cash6,tax-today,2015-07-01,2020-07-01,0.03506,-0.39134,-0.03241,0.05602,0.05602,0.05205,0.11517,0.11517,0.10490
mom-nse-top10-6m-ma200-cash6,tax-today,2015-08-01,2020-08-01,0.02971,-0.39081,-0.06309,0.06667,0.06667,0.06148,0.11910,0.11818,0.10845
mom-nse-top10-6m-ma200-cash6,tax-today,2015-09-01,2020-09-01,0.04689,-0.39091,0.02146,0.09415,0.09397,0.08599,0.14390,0.14216,0.13095
mom-nse-top10-6m-ma200-cash6,tax-today,2015-10-01,2020-10-01,0.04678,-0.39091,0.02032,0.08855,0.08850,0.08097,0.13979,0.13762,0.12721
mom-nse-top10-6m-ma200-cash6,tax-today,2015-11-01,2020-11-01,0.04688,-0.39095,0.02046,0.08985,0.08934,0.08213,0.13774,0.13587,0.12535
mom-nse-top10-6m-ma200-cash6,tax-today,2015-12-01,2020-12-01,0.04680,-0.39085,0.01958,0.11915,0.11604,0.10849,0.15807,0.15486,0.14388
mom-nse-top10-6m-ma200-cash6,tax-today,2016-01-01,2021-01-01,0.04646,-0.39067,0.01766,0.13407,0.12958,0.12201,0.17356,0.16874,0.15806
mom-nse-top10-6m-ma200-cash6,tax-today,2016-02-01,2021-02-01,0.03701,-0.39089,-0.03028,0.15030,0.14530,0.13678,0.18534,0.18061,0.16889
mom-nse-top10-6m-ma200-cash6,tax-today,2016-03-01,2021-03-01,0.03901,-0.39143,-0.01740,0.16879,0.16300,0.15369,0.21366,0.20751,0.19502
mom-nse-top10-6m-ma200-cash6,tax-today,2016-04-01,2021-04-01,0.05325,-0.39113,0.05834,0.15484,0.14905,0.14093,0.21192,0.20483,0.19341
mom-nse-top10-6m-ma200-cash6,tax-today,2016-05-01,2021-05-01,0.07025,-0.39148,0.14501,0.14721,0.14177,0.13397,0.22144,0.21306,0.20223
mom-nse-top10-6m-ma200-cash6,tax-today,2016-06-01,2021-06-01,0.07988,-0.39120,0.19352,0.15209,0.14550,0.13842,0.22716,0.21791,0.20754
mom-nse-top10-6m-ma200-cash6,tax-today,2016-07-01,2021-07-01,0.08570,-0.39103,0.22196,0.14918,0.14247,0.13576,0.22948,0.21958,0.20969
mom-nse-top10-6m-ma200-cash6,tax-today,2016-08-01,2021-08-01,0.08750,-0.39056,0.22938,0.14201,0.13527,0.12923,0.21930,0.20877,0.20025
mom-nse-top10-6m-ma200-cash6,tax-today,2016-09-01,2021-09-01,0.07950,-0.39110,0.19177,0.15663,0.14844,0.14256,0.22392,0.21280,0.20453
mom-nse-top10-6m-ma200-cash6,tax-today,2016-10-01,2021-10-01,0.08422,-0.39130,0.21370,0.16709,0.15837,0.15213,0.22806,0.21664,0.20837
mom-nse-top10-6m-ma200-cash6,tax-today,2016-11-01,2021-11-01,0.09791,-0.39126,0.27799,0.17194,0.16281,0.15658,0.23496,0.22274,0.21478
mom-nse-top10-6m-ma200-cash6,tax-today,2016-12-01,2021-12-01,0.10017,-0.39154,0.28989,0.17392,0.16541,0.15839,0.24422,0.23222,0.22339
mom-nse-top10-6m-ma200-cash6,tax-today,2017-01-01,2022-01-01,0.10904,-0.39126,0.33058,0.17675,0.16803,0.16099,0.25612,0.24359,0.23448
mom-nse-top10-6m-ma200-cash6,tax-today,2017-02-01,2022-02-01,0.11176,-0.39043,0.34036,0.16503,0.15626,0.15025,0.21213,0.20066,0.19360
mom-nse-top10-6m-ma200-cash6,tax-today,2017-03-01,2022-03-01,0.11256,-0.38985,0.34182,0.14866,0.14075,0.13529,0.19967,0.18888,0.18209
mom-nse-top10-6m-ma200-cash6,tax-today,2017-04-01,2022-04-01,0.11153,-0.38978,0.33639,0.15423,0.14549,0.14037,0.20375,0.19213,0.18586
mom-nse-top10-6m-ma200-cash6,tax-today,2017-05-01,2022-05-01,0.07988,-0.39051,0.19268,0.14357,0.13545,0.13065,0.17957,0.16895,0.16358
mom-nse-top10-6m-ma200-cash6,tax-today,2017-06-01,2022-06-01,0.06188,-0.39039,0.11189,0.12885,0.12137,0.11728,0.16100,0.15184,0.14655
mom-nse-top10-6m-ma200-cash6,tax-today,2017-07-01,2022-07-01,0.04392,-0.39103,0.03092,0.11999,0.11334,0.10925,0.14102,0.13353,0.12833
mom-nse-top10-6m-ma200-cash6,tax-today,2017-08-01,2022-08-01,0.02467,-0.39164,-0.05856,0.12777,0.11954,0.11630,0.15103,0.14158,0.13745
mom-nse-top10-6m-ma200-cash6,tax-today,2017-09-01,2022-09-01,0.03011,-0.39232,-0.03286,0.13377,0.12527,0.12174,0.15532,0.14495,0.14137
mom-nse-top10-6m-ma200-cash6,tax-today,2017-10-01,2022-10-01,0.03610,-0.39219,-0.00579,0.13204,0.12394,0.12017,0.15366,0.14353,0.13985
mom-nse-top10-6m-ma200-cash6,tax-today,2017-11-01,2022-11-01,0.02436,-0.39183,-0.06133,0.13102,0.12205,0.11924,0.15299,0.14208,0.13924
mom-nse-top10-6m-ma200-cash6,tax-today,2017-12-01,2022-12-01,0.03109,-0.39293,-0.02970,0.14628,0.13661,0.13312,0.16101,0.15003,0.14657
mom-nse-top10-6m-ma200-cash6,tax-today,2018-01-01,2023-01-01,0.02373,-0.39437,-0.06512,0.13060,0.12168,0.11887,0.13565,0.12560,0.12345
mom-nse-top10-6m-ma200-cash6,tax-today,2018-02-01,2023-02-01,0.01506,-0.37985,-0.11333,0.11224,0.10393,0.10225,0.12006,0.11116,0.10932
mom-nse-top10-6m-ma200-cash6,tax-today,2018-03-01,2023-03-01,0.02828,-0.38133,-0.04993,0.12158,0.11257,0.11070,0.13079,0.12109,0.11903
mom-nse-top10-6m-ma200-cash6,tax-today,2018-04-01,2023-04-01,0.03187,-0.38326,-0.03140,0.12753,0.11807,0.11608,0.13400,0.12407,0.12195
mom-nse-top10-6m-ma200-cash6,tax-today,2018-05-01,2023-05-01,0.03177,-0.38745,-0.02998,0.12307,0.11394,0.11204,0.12873,0.11919,0.11717
mom-nse-top10-6m-ma200-cash6,tax-today,2018-06-01,2023-06-01,0.03758,-0.38762,-0.00249,0.12930,0.11972,0.11769,0.14893,0.13796,0.13554
mom-nse-top10-6m-ma200-cash6,tax-today,2018-07-01,2023-07-01,0.04077,-0.38522,0.01187,0.13722,0.12706,0.12487,0.15801,0.14641,0.14382
mom-nse-top10-6m-ma200-cash6,tax-today,2018-08-01,2023-08-01,0.04385,-0.38199,0.02674,0.13027,0.12061,0.11856,0.15718,0.14564,0.14306
mom-nse-top10-6m-ma200-cash6,tax-today,2018-09-01,2023-09-01,0.03662,-0.38416,-0.00706,0.12049,0.11155,0.10970,0.14800,0.13709,0.13469
mom-nse-top10-6m-ma200-cash6,tax-today,2018-10-01,2023-10-01,0.04248,-0.38826,0.02022,0.13610,0.12603,0.12386,0.17581,0.16305,0.16013
mom-nse-top10-6m-ma200-cash6,tax-today,2018-11-01,2023-11-01,0.05317,-0.38316,0.06742,0.14179,0.13132,0.12904,0.18193,0.16878,0.16575
mom-nse-top10-6m-ma200-cash6,tax-today,2018-12-01,2023-12-01,0.06656,-0.38548,0.13102,0.14615,0.13537,0.13300,0.20341,0.18895,0.18555
mom-nse-top10-6m-ma200-cash6,tax-today,2019-01-01,2024-01-01,0.08391,-0.38337,0.21175,0.16150,0.14968,0.14702,0.22122,0.20571,0.20202
mom-nse-top10-6m-ma200-cash6,tax-today,2019-02-01,2024-02-01,0.07534,-0.38100,0.17243,0.16137,0.14955,0.14690,0.22469,0.20899,0.20524
mom-nse-top10-6m-ma200-cash6,tax-today,2019-03-01,2024-03-01,0.09172,-0.37892,0.24808,0.16870,0.15640,0.15361,0.24141,0.22478,0.22078
mom-nse-top10-6m-ma200-cash6,tax-today,2019-04-01,2024-04-01,0.09192,-0.38127,0.24840,0.15319,0.14192,0.13942,0.23600,0.21967,0.21574
mom-nse-top10-6m-ma200-cash6,tax-today,2019-05-01,2024-05-01,0.08505,-0.37889,0.21673,0.15309,0.14184,0.13934,0.24122,0.22460,0.22060
mom-nse-top10-6m-ma200-cash6,tax-today,2019-06-01,2024-06-01,0.07835,-0.37767,0.18583,0.14946,0.13845,0.13601,0.25655,0.23911,0.23488
mom-nse-top10-6m-ma200-cash6,tax-today,2019-07-01,2024-07-01,0.08701,-0.37451,0.22597,0.16648,0.15432,0.15157,0.26814,0.25011,0.24570
mom-nse-top10-6m-ma200-cash6,tax-today,2019-08-01,2024-08-01,0.11083,-0.36754,0.34054,0.19261,0.17558,0.17558,0.30115,0.27662,0.27662
mom-nse-top10-6m-ma200-cash6,tax-today,2019-09-01,2024-09-01,0.11381,-0.36778,0.35202,0.19386,0.17674,0.17674,0.30252,0.27791,0.27791
mom-nse-top10-6m-ma200-cash6,tax-today,2019-10-01,2024-10-01,0.12349,-0.37069,0.39290,0.19193,0.17496,0.17496,0.29592,0.27172,0.27172
mom-nse-top10-6m-ma200-cash6,tax-today,2019-11-01,2024-11-01,0.10140,-0.36806,0.29168,0.16694,0.15200,0.15200,0.26574,0.24346,0.24346
mom-nse-top10-6m-ma200-cash6,tax-today,2019-12-01,2024-12-01,0.09241,-0.36873,0.24995,0.16218,0.14763,0.14763,0.25859,0.23678,0.23678
mom-nse-top10-6m-ma200-cash6,tax-today,2020-01-01,2025-01-01,0.08579,-0.36909,0.21969,0.15598,0.14197,0.14197,0.24390,0.22309,0.22309
mom-nse-top10-6m-ma200-cash6,tax-today,2020-02-01,2025-02-01,0.07689,-0.36703,0.17746,0.16380,0.14912,0.14912,0.21662,0.19777,0.19777
mom-nse-top10-6m-ma200-cash6,tax-today,2020-03-01,2025-03-01,0.11132,-0.37841,0.38336,0.15961,0.14529,0.14529,0.19321,0.17614,0.17614
mom-nse-top10-6m-ma200-cash6,tax-today,2020-04-01,2025-04-01,0.10608,-0.37913,0.35297,0.24335,0.22258,0.22258,0.26293,0.24083,0.24083
mom-nse-top10-6m-ma200-cash6,tax-today,2020-05-01,2025-05-01,0.10609,-0.37853,0.35180,0.21179,0.19329,0.19329,0.23579,0.21554,0.21554
mom-nse-top10-6m-ma200-cash6,tax-today,2020-06-01,2025-06-01,0.10600,-0.37912,0.35094,0.21702,0.19813,0.19813,0.24924,0.22807,0.22807
mom-nse-top10-6m-ma200-cash6,tax-today,2020-07-01,2025-07-01,0.10561,-0.37876,0.34939,0.21071,0.19229,0.19229,0.25087,0.22958,0.22958
mom-nse-top10-6m-ma200-cash6,tax-today,2020-08-01,2025-08-01,0.11341,-0.38497,0.38310,0.18700,0.17042,0.17042,0.21755,0.19862,0.19862
mom-nse-top20-1m-ma200-cash6,cost,2008-02-01,2013-02-01,0.09228,-0.16358,0.26531,0.03592,0.03592,0.03438,0.02342,0.02342,0.02342
mom-nse-top20-1m-ma200-cash6,cost,2008-03-01,2013-03-01,0.09592,-0.13607,0.29256,0.02970,0.02970,0.02895,0.02703,0.02703,0.02662
mom-nse-top20-1m-ma200-cash6,cost,2008-04-01,2013-04-01,0.09527,-0.13603,0.28820,0.04945,0.04945,0.04626,0.07055,0.07055,0.06492
mom-nse-top20-1m-ma200-cash6,cost,2008-05-01,2013-05-01,0.09981,-0.13578,0.31383,0.03953,0.03953,0.03755,0.05392,0.05392,0.05020
mom-nse-top20-1m-ma200-cash6,cost,2008-06-01,2013-06-01,0.12309,-0.13600,0.45043,0.05429,0.05429,0.05052,0.07512,0.07512,0.06899
mom-nse-top20-1m-ma200-cash6,cost,2008-07-01,2013-07-01,0.11894,-0.13606,0.42408,0.09942,0.09942,0.09072,0.14111,0.14111,0.12841
mom-nse-top20-1m-ma200-cash6,cost,2008-08-01,2013-08-01,0.11743,-0.13595,0.41377,0.06611,0.06611,0.06098,0.09740,0.09740,0.08891
mom-nse-top20-1m-ma200-cash6,cost,2008-09-01,2013-09-01,0.11756,-0.13588,0.41421,0.05936,0.05936,0.05500,0.09064,0.09064,0.08284
mom-nse-top20-1m-ma200-cash6,cost,2008-10-01,2013-10-01,0.11749,-0.13588,0.41457,0.09178,0.09178,0.08387,0.13588,0.13588,0.12365
mom-nse-top20-1m-ma200-cash6,cost,2008-11-01,2013-11-01,0.11717,-0.13607,0.41097,0.18313,0.18313,0.16685,0.22532,0.22532,0.20583
mom-nse-top20-1m-ma200-cash6,cost,2008-12-01,2013-12-01,0.10897,-0.13583,0.36324,0.19549,0.19549,0.17824,0.22922,0.22922,0.20945
mom-nse-top20-1m-ma200-cash6,cost,2009-01-01,2014-01-01,0.11518,-0.13595,0.39763,0.17089,0.17089,0.15561,0.20948,0.20948,0.19116
mom-nse-top20-1m-ma200-cash6,cost,2009-02-01,2014-02-01,0.10875,-0.13592,0.35829,0.17517,0.17517,0.15955,0.21381,0.21381,0.19516
mom-nse-top20-1m-ma200-cash6,cost,2009-03-01,2014-03-01,0.11339,-0.13614,0.38379,0.19168,0.19168,0.17472,0.22937,0.22937,0.20959
mom-nse-top20-1m-ma200-cash6,cost,2009-04-01,2014-04-01,0.11910,-0.13588,0.41538,0.18381,0.18381,0.16748,0.21371,0.21371,0.19506
mom-nse-top20-1m-ma200-cash6,cost,2009-05-01,2014-05-01,0.12063,-0.13592,0.42137,0.15333,0.15333,0.13955,0.20257,0.20257,0.18477
mom-nse-top20-1m-ma200-cash6,cost,2009-06-01,2014-06-01,0.10244,-0.13596,0.33990,0.11085,0.11085,0.10101,0.17730,0.17730,0.16150
mom-nse-top20-1m-ma200-cash6,cost,2009-07-01,2014-07-01,0.12642,-0.13587,0.50156,0.13287,0.13287,0.12092,0.19900,0.19900,0.18148
mom-nse-top20-1m-ma200-cash6,cost,2009-08-01,2014-08-01,0.09757,-0.13594,0.32272,0.11721,0.11721,0.10674,0.17436,0.17436,0.15880
mom-nse-top20-1m-ma200-cash6,cost,2009-09-01,2014-09-01,0.11248,-0.13611,0.43332,0.12994,0.12994,0.11827,0.19506,0.19506,0.17784
mom-nse-top20-1m-ma200-cash6,cost,2009-10-01,2014-10-01,0.08376,-0.13636,0.23171,0.10646,0.10646,0.09705,0.18264,0.18264,0.16640
mom-nse-top20-1m-ma200-cash6,cost,2009-11-01,2014-11-01,0.11230,-0.13626,0.43622,0.13380,0.13380,0.12177,0.20627,0.20627,0.18818
mom-nse-top20-1m-ma200-cash6,cost,2009-12-01,2014-12-01,0.09154,-0.13622,0.29548,0.12120,0.12120,0.11035,0.19070,0.19070,0.17382
mom-nse-top20-1m-ma200-cash6,cost,2010-01-01,2015-01-01,0.07579,-0.13605,0.17742,0.11054,0.11054,0.10072,0.18516,0.18516,0.16873
mom-nse-top20-1m-ma200-cash6,cost,2010-02-01,2015-02-01,0.10431,-0.13614,0.39013,0.13777,0.13777,0.12537,0.21229,0.21229,0.19376
mom-nse-top20-1m-ma200-cash6,cost,2010-03-01,2015-03-01,0.09508,-0.13608,0.32363,0.13907,0.13907,0.12655,0.21651,0.21651,0.19766
mom-nse-top20-1m-ma200-cash6,cost,2010-04-01,2015-04-01,0.08266,-0.13628,0.22872,0.11502,0.11502,0.10476,0.20785,0.20785,0.18964
mom-nse-top20-1m-ma200-cash6,cost,2010-05-01,2015-05-01,0.07316,-0.13621,0.15760,0.10475,0.10475,0.09551,0.19134,0.19134,0.17442
mom-nse-top20-1m-ma200-cash6,cost,2010-06-01,2015-06-01,0.09661,-0.13614,0.33539,0.12480,0.12480,0.11361,0.21869,0.21869,0.19968
mom-nse-top20-1m-ma200-cash6,cost,2010-07-01,2015-07-01,0.09831,-0.13595,0.34518,0.11287,0.11287,0.10283,0.21196,0.21196,0.19344
mom-nse-top20-1m-ma200-cash6,cost,2010-08-01,2015-08-01,0.09786,-0.13596,0.33953,0.11037,0.11037,0.10057,0.21020,0.21020,0.19182
mom-nse-top20-1m-ma200-cash6,cost,2010-09-01,2015-09-01,0.07004,-0.13553,0.13521,0.08597,0.08597,0.07867,0.17846,0.17846,0.16257
mom-nse-top20-1m-ma200-cash6,cost,2010-10-01,2015-10-01,0.04705,-0.13570,-0.03382,0.06548,0.06548,0.06042,0.16966,0.16966,0.15448
mom-nse-top20-1m-ma200-cash6,cost,2010-11-01,2015-11-01,0.04821,-0.13623,-0.02724,0.06942,0.06942,0.06392,0.15728,0.15728,0.14315
mom-nse-top20-1m-ma200-cash6,cost,2010-12-01,2015-12-01,0.05022,-0.13543,-0.01410,0.07206,0.07206,0.06627,0.15550,0.15550,0.14153
mom-nse-top20-1m-ma200-cash6,cost,2011-01-01,2016-01-01,0.04771,-0.13549,-0.03542,0.06603,0.06603,0.06091,0.16809,0.16809,0.15305
mom-nse-top20-1m-ma200-cash6,cost,2011-02-01,2016-02-01,0.06909,-0.13544,0.13024,0.08148,0.08148,0.07466,0.18223,0.18223,0.16602
mom-nse-top20-1m-ma200-cash6,cost,2011-03-01,2016-03-01,0.06878,-0.13547,0.12762,0.06761,0.06761,0.06231,0.16191,0.16191,0.14739
mom-nse-top20-1m-ma200-cash6,cost,2011-04-01,2016-04-01,0.06874,-0.13557,0.12823,0.07054,0.07054,0.06492,0.16433,0.16433,0.14961
mom-nse-top20-1m-ma200-cash6,cost,2011-05-01,2016-05-01,0.06946,-0.13544,0.13363,0.07708,0.07708,0.07074,0.16911,0.16911,0.15398
mom-nse-top20-1m-ma200-cash6,cost,2011-06-01,2016-06-01,0.06905,-0.13547,0.13084,0.09211,0.09211,0.08416,0.17998,0.17998,0.16396
mom-nse-top20-1m-ma200-cash6,cost,2011-07-01,2016-07-01,0.07513,-0.13550,0.17855,0.09468,0.09468,0.08647,0.18497,0.18497,0.16855
mom-nse-top20-1m-ma200-cash6,cost,2011-08-01,2016-08-01,0.08660,-0.13545,0.26797,0.10716,0.10716,0.09768,0.20794,0.20794,0.18974
mom-nse-top20-1m-ma200-cash6,cost,2011-09-01,2016-09-01,0.09303,-0.13544,0.31406,0.13264,0.13264,0.12071,0.23121,0.23121,0.21129
mom-nse-top20-1m-ma200-cash6,cost,2011-10-01,2016-10-01,0.08740,-0.13563,0.26855,0.13102,0.13102,0.11924,0.23364,0.23364,0.21355
mom-nse-top20-1m-ma200-cash6,cost,2011-11-01,2016-11-01,0.08785,-0.13541,0.27132,0.11765,0.11765,0.10714,0.22844,0.22844,0.20872
mom-nse-top20-1m-ma200-cash6,cost,2011-12-01,2016-12-01,0.07281,-0.13655,0.15781,0.12024,0.12024,0.10948,0.22328,0.22328,0.20394
mom-nse-top20-1m-ma200-cash6,cost,2012-01-01,2017-01-01,0.06900,-0.14039,0.12934,0.13479,0.13479,0.12266,0.23011,0.23011,0.21027
mom-nse-top20-1m-ma200-cash6,cost,2012-02-01,2017-02-01,0.06921,-0.14076,0.13123,0.12078,0.12078,0.10997,0.24977,0.24977,0.22856
mom-nse-top20-1m-ma200-cash6,cost,2012-03-01,2017-03-01,0.06096,-0.13990,0.07150,0.12244,0.12244,0.11148,0.24492,0.24492,0.22404
mom-nse-top20-1m-ma200-cash6,cost,2012-04-01,2017-04-01,0.06039,-0.14008,0.06652,0.13020,0.13020,0.11850,0.24610,0.24610,0.22514
mom-nse-top20-1m-ma200-cash6,cost,2012-05-01,2017-05-01,0.07026,-0.13992,0.13826,0.13543,0.13543,0.12325,0.25848,0.25848,0.23668
mom-nse-top20-1m-ma200-cash6,cost,2012-06-01,2017-06-01,0.08791,-0.14058,0.26714,0.16115,0.16115,0.14670,0.27090,0.27090,0.24828
mom-nse-top20-1m-ma200-cash6,cost,2012-07-01,2017-07-01,0.08428,-0.14054,0.24042,0.13879,0.13879,0.12631,0.25219,0.25219,0.23081
mom-nse-top20-1m-ma200-cash6,cost,2012-08-01,2017-08-01,0.10290,-0.14055,0.37450,0.15452,0.15452,0.14064,0.26897,0.26897,0.24647
mom-nse-top20-1m-ma200-cash6,cost,2012-09-01,2017-09-01,0.10031,-0.14051,0.35401,0.15048,0.15048,0.13695,0.27439,0.27439,0.25154
mom-nse-top20-1m-ma200-cash6,cost,2012-10-01,2017-10-01,0.08145,-0.13997,0.21902,0.12709,0.12709,0.11568,0.25032,0.25032,0.22907
mom-nse-top20-1m-ma200-cash6,cost,2012-11-01,2017-11-01,0.09677,-0.13993,0.32817,0.14469,0.14469,0.13167,0.26899,0.26899,0.24649
mom-nse-top20-1m-ma200-cash6,cost,2012-12-01,2017-12-01,0.07632,-0.14017,0.18034,0.12840,0.12840,0.11687,0.24480,0.24480,0.22393
mom-nse-top20-1m-ma200-cash6,cost,2013-01-01,2018-01-01,0.08449,-0.14015,0.23919,0.13251,0.13251,0.12060,0.25838,0.25838,0.23658
mom-nse-top20-1m-ma200-cash6,cost,2013-02-01,2018-02-01,0.09357,-0.14008,0.30408,0.14308,0.14308,0.13021,0.26468,0.26468,0.24246
mom-nse-top20-1m-ma200-cash6,cost,2013-03-01,2018-03-01,0.09309,-0.13989,0.30063,0.14232,0.14232,0.12951,0.26089,0.26089,0.23892
mom-nse-top20-1m-ma200-cash6,cost,2013-04-01,2018-04-01,0.08737,-0.14012,0.25938,0.13557,0.13557,0.12338,0.25600,0.25600,0.23436
mom-nse-top20-1m-ma200-cash6,cost,2013-05-01,2018-05-01,0.09463,-0.14015,0.31199,0.14039,0.14039,0.12776,0.26045,0.26045,0.23852
mom-nse-top20-1m-ma200-cash6,cost,2013-06-01,2018-06-01,0.09723,-0.14009,0.33102,0.13701,0.13701,0.12468,0.24607,0.24607,0.22511
mom-nse-top20-1m-ma200-cash6,cost,2013-07-01,2018-07-01,0.09791,-0.14009,0.33823,0.14080,0.14080,0.12813,0.24990,0.24990,0.22868
mom-nse-top20-1m-ma200-cash6,cost,2013-08-01,2018-08-01,0.11615,-0.13991,0.47113,0.16077,0.16077,0.14635,0.26292,0.26266,0.24082
mom-nse-top20-1m-ma200-cash6,cost,2013-09-01,2018-09-01,0.11919,-0.13967,0.49043,0.17846,0.17790,0.16256,0.29019,0.28860,0.26633
mom-nse-top20-1m-ma200-cash6,cost,2013-10-01,2018-10-01,0.10550,-0.13968,0.39215,0.15170,0.15170,0.13806,0.25045,0.25045,0.22919
mom-nse-top20-1m-ma200-cash6,cost,2013-11-01,2018-11-01,0.09226,-0.14038,0.29336,0.11865,0.11865,0.10804,0.21992,0.21992,0.20082
mom-nse-top20-1m-ma200-cash6,cost,2013-12-01,2018-12-01,0.09916,-0.14032,0.34211,0.13388,0.13388,0.12185,0.23611,0.23611,0.21585
mom-nse-top20-1m-ma200-cash6,cost,2014-01-01,2019-01-01,0.09335,-0.14035,0.30091,0.13007,0.13007,0.11839,0.22665,0.22665,0.20706
mom-nse-top20-1m-ma200-cash6,cost,2014-02-01,2019-02-01,0.10933,-0.14078,0.41072,0.13747,0.13747,0.12510,0.23796,0.23796,0.21756
mom-nse-top20-1m-ma200-cash6,cost,2014-03-01,2019-03-01,0.10639,-0.14022,0.39074,0.13018,0.13018,0.11848,0.22764,0.22764,0.20798
mom-nse-top20-1m-ma200-cash6,cost,2014-04-01,2019-04-01,0.10106,-0.14031,0.35657,0.13094,0.13055,0.11917,0.23479,0.23418,0.21462
mom-nse-top20-1m-ma200-cash6,cost,2014-05-01,2019-05-01,0.10582,-0.14034,0.39037,0.13329,0.13274,0.12131,0.23461,0.23348,0.21445
mom-nse-top20-1m-ma200-cash6,cost,2014-06-01,2019-06-01,0.08952,-0.14060,0.27620,0.11935,0.11855,0.10868,0.21977,0.21903,0.20068
mom-nse-top20-1m-ma200-cash6,cost,2014-07-01,2019-07-01,0.07879,-0.14036,0.20142,0.10598,0.10531,0.09661,0.19548,0.19488,0.17823
mom-nse-top20-1m-ma200-cash6,cost,2014-08-01,2019-08-01,0.06672,-0.14027,0.11315,0.08985,0.08985,0.08214,0.17443,0.17443,0.15886
mom-nse-top20-1m-ma200-cash6,cost,2014-09-01,2019-09-01,0.05246,-0.14038,0.00580,0.07909,0.07909,0.07253,0.15466,0.15466,0.14076
mom-nse-top20-1m-ma200-cash6,cost,2014-10-01,2019-10-01,0.06070,-0.14025,0.06814,0.08775,0.08775,0.08026,0.16178,0.16178,0.14727
mom-nse-top20-1m-ma200-cash6,cost,2014-11-01,2019-11-01,0.05565,-0.14046,0.02759,0.08786,0.08715,0.08036,0.15625,0.15613,0.14222
mom-nse-top20-1m-ma200-cash6,cost,2014-12-01,2019-12-01,0.04641,-0.14051,-0.04379,0.08482,0.08385,0.07764,0.14858,0.14820,0.13522
mom-nse-top20-1m-ma200-cash6,cost,2015-01-01,2020-01-01,0.05297,-0.14055,0.00651,0.09410,0.09284,0.08594,0.15458,0.15373,0.14069
mom-nse-top20-1m-ma200-cash6,cost,2015-02-01,2020-02-01,0.04191,-0.14051,-0.08218,0.07134,0.07114,0.06563,0.13652,0.13564,0.12424
mom-nse-top20-1m-ma200-cash6,cost,2015-03-01,2020-03-01,0.02732,-0.14068,-0.20120,0.06049,0.06049,0.05601,0.13332,0.13260,0.12133
mom-nse-top20-1m-ma200-cash6,cost,2015-04-01,2020-04-01,0.03781,-0.14044,-0.11936,0.00513,0.00513,0.00513,0.07417,0.07417,0.06814
mom-nse-top20-1m-ma200-cash6,cost,2015-05-01,2020-05-01,0.04748,-0.14060,-0.04420,0.05161,0.05161,0.04817,0.12195,0.12195,0.11103
mom-nse-top20-1m-ma200-cash6,cost,2015-06-01,2020-06-01,0.04490,-0.14027,-0.06822,0.04456,0.04456,0.04195,0.10890,0.10890,0.09925
mom-nse-top20-1m-ma200-cash6,cost,2015-07-01,2020-07-01,0.04430,-0.14041,-0.07607,0.05602,0.05602,0.05205,0.11517,0.11517,0.10490
mom-nse-top20-1m-ma200-cash6,cost,2015-08-01,2020-08-01,0.04048,-0.14044,-0.11302,0.06667,0.06667,0.06148,0.11910,0.11818,0.10845
mom-nse-top20-1m-ma200-cash6,cost,2015-09-01,2020-09-01,0.06031,-0.14037,0.05495,0.09415,0.09397,0.08599,0.14390,0.14216,0.13095
mom-nse-top20-1m-ma200-cash6,cost,2015-10-01,2020-10-01,0.06105,-0.14056,0.06230,0.08855,0.08850,0.08097,0.13979,0.13762,0.12721
mom-nse-top20-1m-ma200-cash6,cost,2015-11-01,2020-11-01,0.05866,-0.14039,0.04211,0.08985,0.08934,0.08213,0.13774,0.13587,0.12535
mom-nse-top20-1m-ma200-cash6,cost,2015-12-01,2020-12-01,0.08027,-0.14039,0.21962,0.11915,0.11604,0.10849,0.15807,0.15486,0.14388
mom-nse-top20-1m-ma200-cash6,cost,2016-01-01,2021-01-01,0.09406,-0.14036,0.32649,0.13407,0.12958,0.12201,0.17356,0.16874,0.15806
mom-nse-top20-1m-ma200-cash6,cost,2016-02-01,2021-02-01,0.09668,-0.14048,0.34055,0.15030,0.14530,0.13678,0.18534,0.18061,0.16889
mom-nse-top20-1m-ma200-cash6,cost,2016-03-01,2021-03-01,0.10417,-0.14046,0.38956,0.16879,0.16300,0.15369,0.21366,0.20751,0.19502
mom-nse-top20-1m-ma200-cash6,cost,2016-04-01,2021-04-01,0.11356,-0.14047,0.44909,0.15484,0.14905,0.14093,0.21192,0.20483,0.19341
mom-nse-top20-1m-ma200-cash6,cost,2016-05-01,2021-05-01,0.11950,-0.14054,0.47940,0.14721,0.14177,0.13397,0.22144,0.21306,0.20223
mom-nse-top20-1m-ma200-cash6,cost,2016-06-01,2021-06-01,0.13140,-0.14041,0.55625,0.15209,0.14550,0.13842,0.22716,0.21791,0.20754
mom-nse-top20-1m-ma200-cash6,cost,2016-07-01,2021-07-01,0.12751,-0.14096,0.52980,0.14918,0.14247,0.13576,0.22948,0.21958,0.20969
mom-nse-top20-1m-ma200-cash6,cost,2016-08-01,2021-08-01,0.12677,-0.14173,0.52280,0.14201,0.13527,0.12923,0.21930,0.20877,0.20025
mom-nse-top20-1m-ma200-cash6,cost,2016-09-01,2021-09-01,0.13078,-0.14177,0.55101,0.15663,0.14844,0.14256,0.22392,0.21280,0.20453
mom-nse-top20-1m-ma200-cash6,cost,2016-10-01,2021-10-01,0.13094,-0.14045,0.55525,0.16709,0.15837,0.15213,0.22806,0.21664,0.20837
mom-nse-top20-1m-ma200-cash6,cost,2016-11-01,2021-11-01,0.14130,-0.14032,0.61873,0.17194,0.16281,0.15658,0.23496,0.22274,0.21478
mom-nse-top20-1m-ma200-cash6,cost,2016-12-01,2021-12-01,0.14287,-0.14031,0.63754,0.17392,0.16541,0.15839,0.24422,0.23222,0.22339
mom-nse-top20-1m-ma200-cash6,cost,2017-01-01,2022-01-01,0.15366,-0.14048,0.70420,0.17675,0.16803,0.16099,0.25612,0.24359,0.23448
mom-nse-top20-1m-ma200-cash6,cost,2017-02-01,2022-02-01,0.15256,-0.14039,0.68912,0.16503,0.15626,0.15025,0.21213,0.20066,0.19360
mom-nse-top20-1m-ma200-cash6,cost,2017-03-01,2022-03-01,0.14607,-0.14073,0.63207,0.14866,0.14075,0.13529,0.19967,0.18888,0.18209
mom-nse-top20-1m-ma200-cash6,cost,2017-04-01,2022-04-01,0.13984,-0.14035,0.59417,0.15423,0.14549,0.14037,0.20375,0.19213,0.18586
mom-nse-top20-1m-ma200-cash6,cost,2017-05-01,2022-05-01,0.12573,-0.14064,0.50077,0.14357,0.13545,0.13065,0.17957,0.16895,0.16358
mom-nse-top20-1m-ma200-cash6,cost,2017-06-01,2022-06-01,0.12417,-0.14134,0.49391,0.12885,0.12137,0.11728,0.16100,0.15184,0.14655
mom-nse-top20-1m-ma200-cash6,cost,2017-07-01,2022-07-01,0.12497,-0.14095,0.49914,0.11999,0.11334,0.10925,0.14102,0.13353,0.12833
mom-nse-top20-1m-ma200-cash6,cost,2017-08-01,2022-08-01,0.10949,-0.14090,0.39987,0.12777,0.11954,0.11630,0.15103,0.14158,0.13745
mom-nse-top20-1m-ma200-cash6,cost,2017-09-01,2022-09-01,0.11494,-0.14086,0.43711,0.13377,0.12527,0.12174,0.15532,0.14495,0.14137
mom-nse-top20-1m-ma200-cash6,cost,2017-10-01,2022-10-01,0.11782,-0.14117,0.45354,0.13204,0.12394,0.12017,0.15366,0.14353,0.13985
mom-nse-top20-1m-ma200-cash6,cost,2017-11-01,2022-11-01,0.10231,-0.14025,0.35351,0.13102,0.12205,0.11924,0.15299,0.14208,0.13924
mom-nse-top20-1m-ma200-cash6,cost,2017-12-01,2022-12-01,0.11390,-0.14863,0.43154,0.14628,0.13661,0.13312,0.16101,0.15003,0.14657
mom-nse-top20-1m-ma200-cash6,cost,2018-01-01,2023-01-01,0.09958,-0.16573,0.33434,0.13060,0.12168,0.11887,0.13565,0.12560,0.12345
mom-nse-top20-1m-ma200-cash6,cost,2018-02-01,2023-02-01,0.07864,-0.19802,0.19320,0.11224,0.10393,0.10225,0.12006,0.11116,0.10932
mom-nse-top20-1m-ma200-cash6,cost,2018-03-01,2023-03-01,0.08586,-0.21833,0.24244,0.12158,0.11257,0.11070,0.13079,0.12109,0.11903
mom-nse-top20-1m-ma200-cash6,cost,2018-04-01,2023-04-01,0.08617,-0.23545,0.24339,0.12753,0.11807,0.11608,0.13400,0.12407,0.12195
mom-nse-top20-1m-ma200-cash6,cost,2018-05-01,2023-05-01,0.07744,-0.23482,0.18526,0.12307,0.11394,0.11204,0.12873,0.11919,0.11717
mom-nse-top20-1m-ma200-cash6,cost,2018-06-01,2023-06-01,0.07839,-0.23575,0.19281,0.12930,0.11972,0.11769,0.14893,0.13796,0.13554
mom-nse-top20-1m-ma200-cash6,cost,2018-07-01,2023-07-01,0.08925,-0.23509,0.26745,0.13722,0.12706,0.12487,0.15801,0.14641,0.14382
mom-nse-top20-1m-ma200-cash6,cost,2018-08-01,2023-08-01,0.08086,-0.23497,0.21046,0.13027,0.12061,0.11856,0.15718,0.14564,0.14306
mom-nse-top20-1m-ma200-cash6,cost,2018-09-01,2023-09-01,0.07715,-0.23521,0.18371,0.12049,0.11155,0.10970,0.14800,0.13709,0.13469
mom-nse-top20-1m-ma200-cash6,cost,2018-10-01,2023-10-01,0.09257,-0.23545,0.29008,0.13610,0.12603,0.12386,0.17581,0.16305,0.16013
mom-nse-top20-1m-ma200-cash6,cost,2018-11-01,2023-11-01,0.09808,-0.23530,0.33207,0.14179,0.13132,0.12904,0.18193,0.16878,0.16575
mom-nse-top20-1m-ma200-cash6,cost,2018-12-01,2023-12-01,0.11703,-0.23476,0.46085,0.14615,0.13537,0.13300,0.20341,0.18895,0.18555
mom-nse-top20-1m-ma200-cash6,cost,2019-01-01,2024-01-01,0.13321,-0.23480,0.57324,0.16150,0.14968,0.14702,0.22122,0.20571,0.20202
mom-nse-top20-1m-ma200-cash6,cost,2019-02-01,2024-02-01,0.13922,-0.23521,0.61171,0.16137,0.14955,0.14690,0.22469,0.20899,0.20524
mom-nse-top20-1m-ma200-cash6,cost,2019-03-01,2024-03-01,0.15352,-0.23529,0.70315,0.16870,0.15640,0.15361,0.24141,0.22478,0.22078
mom-nse-top20-1m-ma200-cash6,cost,2019-04-01,2024-04-01,0.14420,-0.23472,0.63692,0.15319,0.14192,0.13942,0.23600,0.21967,0.21574
mom-nse-top20-1m-ma200-cash6,cost,2019-05-01,2024-05-01,0.14246,-0.23549,0.62352,0.15309,0.14184,0.13934,0.24122,0.22460,0.22060
mom-nse-top20-1m-ma200-cash6,cost,2019-06-01,2024-06-01,0.13742,-0.23508,0.59087,0.14946,0.13845,0.13601,0.25655,0.23911,0.23488
mom-nse-top20-1m-ma200-cash6,cost,2019-07-01,2024-07-01,0.15185,-0.23543,0.65131,0.16648,0.15432,0.15157,0.26814,0.25011,0.24570
mom-nse-top20-1m-ma200-cash6,cost,2019-08-01,2024-08-01,0.18559,-0.23497,0.85571,0.19261,0.17558,0.17558,0.30115,0.27662,0.27662
mom-nse-top20-1m-ma200-cash6,cost,2019-09-01,2024-09-01,0.18621,-0.23508,0.84714,0.19386,0.17674,0.17674,0.30252,0.27791,0.27791
mom-nse-top20-1m-ma200-cash6,cost,2019-10-01,2024-10-01,0.19308,-0.23532,0.88285,0.19193,0.17496,0.17496,0.29592,0.27172,0.27172
mom-nse-top20-1m-ma200-cash6,cost,2019-11-01,2024-11-01,0.16877,-0.23525,0.73730,0.16694,0.15200,0.15200,0.26574,0.24346,0.24346
mom-nse-top20-1m-ma200-cash6,cost,2019-12-01,2024-12-01,0.16505,-0.23586,0.71122,0.16218,0.14763,0.14763,0.25859,0.23678,0.23678
mom-nse-top20-1m-ma200-cash6,cost,2020-01-01,2025-01-01,0.16085,-0.23571,0.68668,0.15598,0.14197,0.14197,0.24390,0.22309,0.22309
mom-nse-top20-1m-ma200-cash6,cost,2020-02-01,2025-02-01,0.15993,-0.23513,0.68273,0.16380,0.14912,0.14912,0.21662,0.19777,0.19777
mom-nse-top20-1m-ma200-cash6,cost,2020-03-01,2025-03-01,0.17246,-0.23585,0.76234,0.15961,0.14529,0.14529,0.19321,0.17614,0.17614
mom-nse-top20-1m-ma200-cash6,cost,2020-04-01,2025-04-01,0.17300,-0.23528,0.76750,0.24335,0.22258,0.22258,0.26293,0.24083,0.24083
mom-nse-top20-1m-ma200-cash6,cost,2020-05-01,2025-05-01,0.17320,-0.23497,0.76638,0.21179,0.19329,0.19329,0.23579,0.21554,0.21554
mom-nse-top20-1m-ma200-cash6,cost,2020-06-01,2025-06-01,0.17499,-0.23523,0.77001,0.21702,0.19813,0.19813,0.24924,0.22807,0.22807
mom-nse-top20-1m-ma200-cash6,cost,2020-07-01,2025-07-01,0.18322,-0.23517,0.81550,0.21071,0.19229,0.19229,0.25087,0.22958,0.22958
mom-nse-top20-1m-ma200-cash6,cost,2020-08-01,2025-08-01,0.16924,-0.23568,0.73158,0.18700,0.17042,0.17042,0.21755,0.19862,0.19862
mom-nse-top20-1m-ma200-cash6,tax-dated,2008-02-01,2013-02-01,0.08416,-0.16358,0.21876,0.03592,0.03592,0.03438,0.02342,0.02342,0.02342
mom-nse-top20-1m-ma200-cash6,tax-dated,2008-03-01,2013-03-01,0.08764,-0.16488,0.24236,0.02970,0.02970,0.02895,0.02703,0.02703,0.02662
mom-nse-top20-1m-ma200-cash6,tax-dated,2008-04-01,2013-04-01,0.08698,-0.16487,0.23818,0.04945,0.04945,0.04626,0.07055,0.07055,0.06492
mom-nse-top20-1m-ma200-cash6,tax-dated,2008-05-01,2013-05-01,0.09075,-0.16465,0.25975,0.03953,0.03953,0.03755,0.05392,0.05392,0.05020
mom-nse-top20-1m-ma200-cash6,tax-dated,2008-06-01,2013-06-01,0.11112,-0.16468,0.37905,0.05429,0.05429,0.05052,0.07512,0.07512,0.06899
mom-nse-top20-1m-ma200-cash6,tax-dated,2008-07-01,2013-07-01,0.10749,-0.16496,0.35667,0.09942,0.09942,0.09072,0.14111,0.14111,0.12841
mom-nse-top20-1m-ma200-cash6,tax-dated,2008-08-01,2013-08-01,0.10675,-0.16498,0.35115,0.06611,0.06611,0.06098,0.09740,0.09740,0.08891
mom-nse-top20-1m-ma200-cash6,tax-dated,2008-09-01,2013-09-01,0.10693,-0.16473,0.35190,0.05936,0.05936,0.05500,0.09064,0.09064,0.08284
mom-nse-top20-1m-ma200-cash6,tax-dated,2008-10-01,2013-10-01,0.10688,-0.16472,0.35232,0.09178,0.09178,0.08387,0.13588,0.13588,0.12365
mom-nse-top20-1m-ma200-cash6,tax-dated,2008-11-01,2013-11-01,0.10653,-0.16491,0.34866,0.18313,0.18313,0.16685,0.22532,0.22532,0.20583
mom-nse-top20-1m-ma200-cash6,tax-dated,2008-12-01,2013-12-01,0.09832,-0.16494,0.30101,0.19549,0.19549,0.17824,0.22922,0.22922,0.20945
mom-nse-top20-1m-ma200-cash6,tax-dated,2009-01-01,2014-01-01,0.10452,-0.16484,0.33575,0.17089,0.17089,0.15561,0.20948,0.20948,0.19116
mom-nse-top20-1m-ma200-cash6,tax-dated,2009-02-01,2014-02-01,0.09821,-0.16482,0.29740,0.17517,0.17517,0.15955,0.21381,0.21381,0.19516
mom-nse-top20-1m-ma200-cash6,tax-dated,2009-03-01,2014-03-01,0.10281,-0.16482,0.32300,0.19168,0.19168,0.17472,0.22937,0.22937,0.20959
mom-nse-top20-1m-ma200-cash6,tax-dated,2009-04-01,2014-04-01,0.10849,-0.16494,0.35469,0.18381,0.18381,0.16748,0.21371,0.21371,0.19506
mom-nse-top20-1m-ma200-cash6,tax-dated,2009-05-01,2014-05-01,0.10989,-0.16492,0.36044,0.15333,0.15333,0.13955,0.20257,0.20257,0.18477
mom-nse-top20-1m-ma200-cash6,tax-dated,2009-06-01,2014-06-01,0.09414,-0.16648,0.28667,0.11085,0.11085,0.10101,0.17730,0.17730,0.16150
mom-nse-top20-1m-ma200-cash6,tax-dated,2009-07-01,2014-07-01,0.11464,-0.16823,0.42400,0.13287,0.13287,0.12092,0.19900,0.19900,0.18148
mom-nse-top20-1m-ma200-cash6,tax-dated,2009-08-01,2014-08-01,0.08971,-0.16122,0.26816,0.11721,0.11721,0.10674,0.17436,0.17436,0.15880
mom-nse-top20-1m-ma200-cash6,tax-dated,2009-09-01,2014-09-01,0.10241,-0.16145,0.36256,0.12994,0.12994,0.11827,0.19506,0.19506,0.17784
mom-nse-top20-1m-ma200-cash6,tax-dated,2009-10-01,2014-10-01,0.07771,-0.15143,0.18833,0.10646,0.10646,0.09705,0.18264,0.18264,0.16640
mom-nse-top20-1m-ma200-cash6,tax-dated,2009-11-01,2014-11-01,0.10238,-0.15919,0.36573,0.13380,0.13380,0.12177,0.20627,0.20627,0.18818
mom-nse-top20-1m-ma200-cash6,tax-dated,2009-12-01,2014-12-01,0.08453,-0.14620,0.24312,0.12120,0.12120,0.11035,0.19070,0.19070,0.17382
mom-nse-top20-1m-ma200-cash6,tax-dated,2010-01-01,2015-01-01,0.07227,-0.14036,0.15087,0.11054,0.11054,0.10072,0.18516,0.18516,0.16873
mom-nse-top20-1m-ma200-cash6,tax-dated,2010-02-01,2015-02-01,0.09683,-0.14834,0.33314,0.13777,0.13777,0.12537,0.21229,0.21229,0.19376
mom-nse-top20-1m-ma200-cash6,tax-dated,2010-03-01,2015-03-01,0.09007,-0.14479,0.28637,0.13907,0.13907,0.12655,0.21651,0.21651,0.19766
mom-nse-top20-1m-ma200-cash6,tax-dated,2010-04-01,2015-04-01,0.08120,-0.13826,0.21789,0.11502,0.11502,0.10476,0.20785,0.20785,0.18964
mom-nse-top20-1m-ma200-cash6,tax-dated,2010-05-01,2015-05-01,0.07251,-0.13983,0.15275,0.10475,0.10475,0.09551,0.19134,0.19134,0.17442
mom-nse-top20-1m-ma200-cash6,tax-dated,2010-06-01,2015-06-01,0.09339,-0.14875,0.31112,0.12480,0.12480,0.11361,0.21869,0.21869,0.19968
mom-nse-top20-1m-ma200-cash6,tax-dated,2010-07-01,2015-07-01,0.09486,-0.14846,0.31959,0.11287,0.11287,0.10283,0.21196,0.21196,0.19344
mom-nse-top20-1m-ma200-cash6,tax-dated,2010-08-01,2015-08-01,0.09473,-0.14445,0.31668,0.11037,0.11037,0.10057,0.21020,0.21020,0.19182
mom-nse-top20-1m-ma200-cash6,tax-dated,2010-09-01,2015-09-01,0.06930,-0.14001,0.12988,0.08597,0.08597,0.07867,0.17846,0.17846,0.16257
mom-nse-top20-1m-ma200-cash6,tax-dated,2010-10-01,2015-10-01,0.04705,-0.13570,-0.03382,0.06548,0.06548,0.06042,0.16966,0.16966,0.15448
mom-nse-top20-1m-ma200-cash6,tax-dated,2010-11-01,2015-11-01,0.04821,-0.13623,-0.02724,0.06942,0.06942,0.06392,0.15728,0.15728,0.14315
mom-nse-top20-1m-ma200-cash6,tax-dated,2010-12-01,2015-12-01,0.05022,-0.13543,-0.01410,0.07206,0.07206,0.06627,0.15550,0.15550,0.14153
mom-nse-top20-1m-ma200-cash6,tax-dated,2011-01-01,2016-01-01,0.04771,-0.13549,-0.03542,0.06603,0.06603,0.06091,0.16809,0.16809,0.15305
mom-nse-top20-1m-ma200-cash6,tax-dated,2011-02-01,2016-02-01,0.06865,-0.13575,0.12680,0.08148,0.08148,0.07466,0.18223,0.18223,0.16602
mom-nse-top20-1m-ma200-cash6,tax-dated,2011-03-01,2016-03-01,0.06868,-0.13577,0.12689,0.06761,0.06761,0.06231,0.16191,0.16191,0.14739
mom-nse-top20-1m-ma200-cash6,tax-dated,2011-04-01,2016-04-01,0.06877,-0.13587,0.12847,0.07054,0.07054,0.06492,0.16433,0.16433,0.14961
mom-nse-top20-1m-ma200-cash6,tax-dated,2011-05-01,2016-05-01,0.06946,-0.13544,0.13363,0.07708,0.07708,0.07074,0.16911,0.16911,0.15398
mom-nse-top20-1m-ma200-cash6,tax-dated,2011-06-01,2016-06-01,0.06905,-0.13547,0.13084,0.09211,0.09211,0.08416,0.17998,0.17998,0.16396
mom-nse-top20-1m-ma200-cash6,tax-dated,2011-07-01,2016-07-01,0.07513,-0.13550,0.17855,0.09468,0.09468,0.08647,0.18497,0.18497,0.16855
mom-nse-top20-1m-ma200-cash6,tax-dated,2011-08-01,2016-08-01,0.08646,-0.13545,0.26694,0.10716,0.10716,0.09768,0.20794,0.20794,0.18974
mom-nse-top20-1m-ma200-cash6,tax-dated,2011-09-01,2016-09-01,0.09174,-0.13544,0.30418,0.13264,0.13264,0.12071,0.23121,0.23121,0.21129
mom-nse-top20-1m-ma200-cash6,tax-dated,2011-10-01,2016-10-01,0.08689,-0.13563,0.26479,0.13102,0.13102,0.11924,0.23364,0.23364,0.21355
mom-nse-top20-1m-ma200-cash6,tax-dated,2011-11-01,2016-11-01,0.08708,-0.13541,0.26559,0.11765,0.11765,0.10714,0.22844,0.22844,0.20872
mom-nse-top20-1m-ma200-cash6,tax-dated,2011-12-01,2016-12-01,0.07281,-0.13655,0.15781,0.12024,0.12024,0.10948,0.22328,0.22328,0.20394
mom-nse-top20-1m-ma200-cash6,tax-dated,2012-01-01,2017-01-01,0.06900,-0.14039,0.12934,0.13479,0.13479,0.12266,0.23011,0.23011,0.21027
mom-nse-top20-1m-ma200-cash6,tax-dated,2012-02-01,2017-02-01,0.06921,-0.14076,0.13123,0.12078,0.12078,0.10997,0.24977,0.24977,0.22856
mom-nse-top20-1m-ma200-cash6,tax-dated,2012-03-01,2017-03-01,0.06096,-0.13990,0.07150,0.12244,0.12244,0.11148,0.24492,0.24492,0.22404
mom-nse-top20-1m-ma200-cash6,tax-dated,2012-04-01,2017-04-01,0.06039,-0.14008,0.06652,0.13020,0.13020,0.11850,0.24610,0.24610,0.22514
mom-nse-top20-1m-ma200-cash6,tax-dated,2012-05-01,2017-05-01,0.07026,-0.13992,0.13826,0.13543,0.13543,0.12325,0.25848,0.25848,0.23668
mom-nse-top20-1m-ma200-cash6,tax-dated,2012-06-01,2017-06-01,0.08743,-0.14058,0.26366,0.16115,0.16115,0.14670,0.27090,0.27090,0.24828
mom-nse-top20-1m-ma200-cash6,tax-dated,2012-07-01,2017-07-01,0.08426,-0.14054,0.24030,0.13879,0.13879,0.12631,0.25219,0.25219,0.23081
mom-nse-top20-1m-ma200-cash6,tax-dated,2012-08-01,2017-08-01,0.09736,-0.14056,0.33510,0.15452,0.15452,0.14064,0.26897,0.26897,0.24647
mom-nse-top20-1m-ma200-cash6,tax-dated,2012-09-01,2017-09-01,0.09500,-0.14061,0.31634,0.15048,0.15048,0.13695,0.27439,0.27439,0.25154
mom-nse-top20-1m-ma200-cash6,tax-dated,2012-10-01,2017-10-01,0.07845,-0.13998,0.19744,0.12709,0.12709,0.11568,0.25032,0.25032,0.22907
mom-nse-top20-1m-ma200-cash6,tax-dated,2012-11-01,2017-11-01,0.09150,-0.14000,0.29075,0.14469,0.14469,0.13167,0.26899,0.26899,0.24649
mom-nse-top20-1m-ma200-cash6,tax-dated,2012-12-01,2017-12-01,0.07371,-0.14017,0.16149,0.12840,0.12840,0.11687,0.24480,0.24480,0.22393
mom-nse-top20-1m-ma200-cash6,tax-dated,2013-01-01,2018-01-01,0.08065,-0.14015,0.21151,0.13251,0.13251,0.12060,0.25838,0.25838,0.23658
mom-nse-top20-1m-ma200-cash6,tax-dated,2013-02-01,2018-02-01,0.08855,-0.14008,0.26827,0.14308,0.14308,0.13021,0.26468,0.26468,0.24246
mom-nse-top20-1m-ma200-cash6,tax-dated,2013-03-01,2018-03-01,0.09025,-0.14010,0.28053,0.14232,0.14232,0.12951,0.26089,0.26089,0.23892
mom-nse-top20-1m-ma200-cash6,tax-dated,2013-04-01,2018-04-01,0.08663,-0.13993,0.25411,0.13557,0.13557,0.12338,0.25600,0.25600,0.23436
mom-nse-top20-1m-ma200-cash6,tax-dated,2013-05-01,2018-05-01,0.09301,-0.14015,0.30054,0.14039,0.14039,0.12776,0.26045,0.26045,0.23852
mom-nse-top20-1m-ma200-cash6,tax-dated,2013-06-01,2018-06-01,0.09579,-0.14009,0.32062,0.13701,0.13701,0.12468,0.24607,0.24607,0.22511
mom-nse-top20-1m-ma200-cash6,tax-dated,2013-07-01,2018-07-01,0.09716,-0.14009,0.33291,0.14080,0.14080,0.12813,0.24990,0.24990,0.22868
mom-nse-top20-1m-ma200-cash6,tax-dated,2013-08-01,2018-08-01,0.11351,-0.13991,0.45210,0.16077,0.16077,0.14635,0.26292,0.26266,0.24082
mom-nse-top20-1m-ma200-cash6,tax-dated,2013-09-01,2018-09-01,0.11579,-0.13969,0.46603,0.17846,0.17790,0.16256,0.29019,0.28860,0.26633
mom-nse-top20-1m-ma200-cash6,tax-dated,2013-10-01,2018-10-01,0.10306,-0.13970,0.37471,0.15170,0.15170,0.13806,0.25045,0.25045,0.22919
mom-nse-top20-1m-ma200-cash6,tax-dated,2013-11-01,2018-11-01,0.09207,-0.14026,0.29203,0.11865,0.11865,0.10804,0.21992,0.21992,0.20082
mom-nse-top20-1m-ma200-cash6,tax-dated,2013-12-01,2018-12-01,0.09829,-0.14030,0.33607,0.13388,0.13388,0.12185,0.23611,0.23611,0.21585
mom-nse-top20-1m-ma200-cash6,tax-dated,2014-01-01,2019-01-01,0.09292,-0.14032,0.29795,0.13007,0.13007,0.11839,0.22665,0.22665,0.20706
mom-nse-top20-1m-ma200-cash6,tax-dated,2014-02-01,2019-02-01,0.10719,-0.14040,0.39588,0.13747,0.13747,0.12510,0.23796,0.23796,0.21756
mom-nse-top20-1m-ma200-cash6,tax-dated,2014-03-01,2019-03-01,0.10386,-0.14037,0.37332,0.13018,0.13018,0.11848,0.22764,0.22764,0.20798
mom-nse-top20-1m-ma200-cash6,tax-dated,2014-04-01,2019-04-01,0.09767,-0.14035,0.33286,0.13094,0.13055,0.11917,0.23479,0.23418,0.21462
mom-nse-top20-1m-ma200-cash6,tax-dated,2014-05-01,2019-05-01,0.10164,-0.14032,0.36095,0.13329,0.13274,0.12131,0.23461,0.23348,0.21445
mom-nse-top20-1m-ma200-cash6,tax-dated,2014-06-01,2019-06-01,0.08558,-0.14060,0.24807,0.11935,0.11855,0.10868,0.21977,0.21903,0.20068
mom-nse-top20-1m-ma200-cash6,tax-dated,2014-07-01,2019-07-01,0.07581,-0.14036,0.17982,0.10598,0.10531,0.09661,0.19548,0.19488,0.17823
mom-nse-top20-1m-ma200-cash6,tax-dated,2014-08-01,2019-08-01,0.06672,-0.14027,0.11315,0.08985,0.08985,0.08214,0.17443,0.17443,0.15886
mom-nse-top20-1m-ma200-cash6,tax-dated,2014-09-01,2019-09-01,0.05246,-0.14038,0.00580,0.07909,0.07909,0.07253,0.15466,0.15466,0.14076
mom-nse-top20-1m-ma200-cash6,tax-dated,2014-10-01,2019-10-01,0.05973,-0.14032,0.06083,0.08775,0.08775,0.08026,0.16178,0.16178,0.14727
mom-nse-top20-1m-ma200-cash6,tax-dated,2014-11-01,2019-11-01,0.05498,-0.14046,0.02246,0.08786,0.08715,0.08036,0.15625,0.15613,0.14222
mom-nse-top20-1m-ma200-cash6,tax-dated,2014-12-01,2019-12-01,0.04587,-0.14051,-0.04791,0.08482,0.08385,0.07764,0.14858,0.14820,0.13522
mom-nse-top20-1m-ma200-cash6,tax-dated,2015-01-01,2020-01-01,0.05157,-0.14055,-0.00426,0.09410,0.09284,0.08594,0.15458,0.15373,0.14069
mom-nse-top20-1m-ma200-cash6,tax-dated,2015-02-01,2020-02-01,0.04129,-0.14051,-0.08693,0.07134,0.07114,0.06563,0.13652,0.13564,0.12424
mom-nse-top20-1m-ma200-cash6,tax-dated,2015-03-01,2020-03-01,0.02732,-0.14068,-0.20120,0.06049,0.06049,0.05601,0.13332,0.13260,0.12133
mom-nse-top20-1m-ma200-cash6,tax-dated,2015-04-01,2020-04-01,0.03781,-0.14044,-0.11936,0.00513,0.00513,0.00513,0.07417,0.07417,0.06814
mom-nse-top20-1m-ma200-cash6,tax-dated,2015-05-01,2020-05-01,0.04666,-0.14060,-0.05085,0.05161,0.05161,0.04817,0.12195,0.12195,0.11103
mom-nse-top20-1m-ma200-cash6,tax-dated,2015-06-01,2020-06-01,0.04451,-0.14027,-0.07142,0.04456,0.04456,0.04195,0.10890,0.10890,0.09925
mom-nse-top20-1m-ma200-cash6,tax-dated,2015-07-01,2020-07-01,0.04410,-0.14041,-0.07775,0.05602,0.05602,0.05205,0.11517,0.11517,0.10490
mom-nse-top20-1m-ma200-cash6,tax-dated,2015-08-01,2020-08-01,0.04048,-0.14044,-0.11302,0.06667,0.06667,0.06148,0.11910,0.11818,0.10845
mom-nse-top20-1m-ma200-cash6,tax-dated,2015-09-01,2020-09-01,0.05867,-0.14029,0.04041,0.09415,0.09397,0.08599,0.14390,0.14216,0.13095
mom-nse-top20-1m-ma200-cash6,tax-dated,2015-10-01,2020-10-01,0.05900,-0.14056,0.04487,0.08855,0.08850,0.08097,0.13979,0.13762,0.12721
mom-nse-top20-1m-ma200-cash6,tax-dated,2015-11-01,2020-11-01,0.05737,-0.14041,0.03125,0.08985,0.08934,0.08213,0.13774,0.13587,0.12535
mom-nse-top20-1m-ma200-cash6,tax-dated,2015-12-01,2020-12-01,0.07536,-0.14037,0.17981,0.11915,0.11604,0.10849,0.15807,0.15486,0.14388
mom-nse-top20-1m-ma200-cash6,tax-dated,2016-01-01,2021-01-01,0.08692,-0.14036,0.26976,0.13407,0.12958,0.12201,0.17356,0.16874,0.15806
mom-nse-top20-1m-ma200-cash6,tax-dated,2016-02-01,2021-02-01,0.08952,-0.14048,0.28703,0.15030,0.14530,0.13678,0.18534,0.18061,0.16889
mom-nse-top20-1m-ma200-cash6,tax-dated,2016-03-01,2021-03-01,0.09580,-0.14046,0.32834,0.16879,0.16300,0.15369,0.21366,0.20751,0.19502
mom-nse-top20-1m-ma200-cash6,tax-dated,2016-04-01,2021-04-01,0.10328,-0.14047,0.37629,0.15484,0.14905,0.14093,0.21192,0.20483,0.19341
mom-nse-top20-1m-ma200-cash6,tax-dated,2016-05-01,2021-05-01,0.10842,-0.14054,0.40004,0.14721,0.14177,0.13397,0.22144,0.21306,0.20223
mom-nse-top20-1m-ma200-cash6,tax-dated,2016-06-01,2021-06-01,0.11942,-0.14032,0.47273,0.15209,0.14550,0.13842,0.22716,0.21791,0.20754
mom-nse-top20-1m-ma200-cash6,tax-dated,2016-07-01,2021-07-01,0.11604,-0.14096,0.44946,0.14918,0.14247,0.13576,0.22948,0.21958,0.20969
mom-nse-top20-1m-ma200-cash6,tax-dated,2016-08-01,2021-08-01,0.11535,-0.14173,0.44195,0.14201,0.13527,0.12923,0.21930,0.20877,0.20025
mom-nse-top20-1m-ma200-cash6,tax-dated,2016-09-01,2021-09-01,0.12165,-0.14177,0.48638,0.15663,0.14844,0.14256,0.22392,0.21280,0.20453
mom-nse-top20-1m-ma200-cash6,tax-dated,2016-10-01,2021-10-01,0.12297,-0.14045,0.49866,0.16709,0.15837,0.15213,0.22806,0.21664,0.20837
mom-nse-top20-1m-ma200-cash6,tax-dated,2016-11-01,2021-11-01,0.13369,-0.14032,0.56924,0.17194,0.16281,0.15658,0.23496,0.22274,0.21478
mom-nse-top20-1m-ma200-cash6,tax-dated,2016-12-01,2021-12-01,0.13739,-0.14031,0.60003,0.17392,0.16541,0.15839,0.24422,0.23222,0.22339
mom-nse-top20-1m-ma200-cash6,tax-dated,2017-01-01,2022-01-01,0.14731,-0.14048,0.66317,0.17675,0.16803,0.16099,0.25612,0.24359,0.23448
mom-nse-top20-1m-ma200-cash6,tax-dated,2017-02-01,2022-02-01,0.14683,-0.14039,0.65257,0.16503,0.15626,0.15025,0.21213,0.20066,0.19360
mom-nse-top20-1m-ma200-cash6,tax-dated,2017-03-01,2022-03-01,0.14178,-0.14067,0.60548,0.14866,0.14075,0.13529,0.19967,0.18888,0.18209
mom-nse-top20-1m-ma200-cash6,tax-dated,2017-04-01,2022-04-01,0.12792,-0.14323,0.51406,0.15423,0.14549,0.14037,0.20375,0.19213,0.18586
mom-nse-top20-1m-ma200-cash6,tax-dated,2017-05-01,2022-05-01,0.11408,-0.17382,0.42270,0.14357,0.13545,0.13065,0.17957,0.16895,0.16358
mom-nse-top20-1m-ma200-cash6,tax-dated,2017-06-01,2022-06-01,0.11254,-0.17595,0.41522,0.12885,0.12137,0.11728,0.16100,0.15184,0.14655
mom-nse-top20-1m-ma200-cash6,tax-dated,2017-07-01,2022-07-01,0.11337,-0.17590,0.42048,0.11999,0.11334,0.10925,0.14102,0.13353,0.12833
mom-nse-top20-1m-ma200-cash6,tax-dated,2017-08-01,2022-08-01,0.09909,-0.17582,0.32896,0.12777,0.11954,0.11630,0.15103,0.14158,0.13745
mom-nse-top20-1m-ma200-cash6,tax-dated,2017-09-01,2022-09-01,0.10448,-0.17558,0.36536,0.13377,0.12527,0.12174,0.15532,0.14495,0.14137
mom-nse-top20-1m-ma200-cash6,tax-dated,2017-10-01,2022-10-01,0.10649,-0.17565,0.37649,0.13204,0.12394,0.12017,0.15366,0.14353,0.13985
mom-nse-top20-1m-ma200-cash6,tax-dated,2017-11-01,2022-11-01,0.09196,-0.17534,0.28257,0.13102,0.12205,0.11924,0.15299,0.14208,0.13924
mom-nse-top20-1m-ma200-cash6,tax-dated,2017-12-01,2022-12-01,0.10186,-0.18482,0.34913,0.14628,0.13661,0.13312,0.16101,0.15003,0.14657
mom-nse-top20-1m-ma200-cash6,tax-dated,2018-01-01,2023-01-01,0.08901,-0.20130,0.26203,0.13060,0.12168,0.11887,0.13565,0.12560,0.12345
mom-nse-top20-1m-ma200-cash6,tax-dated,2018-02-01,2023-02-01,0.06907,-0.23175,0.12801,0.11224,0.10393,0.10225,0.12006,0.11116,0.10932
mom-nse-top20-1m-ma200-cash6,tax-dated,2018-03-01,2023-03-01,0.07472,-0.25229,0.16603,0.12158,0.11257,0.11070,0.13079,0.12109,0.11903
mom-nse-top20-1m-ma200-cash6,tax-dated,2018-04-01,2023-04-01,0.07490,-0.26827,0.16628,0.12753,0.11807,0.11608,0.13400,0.12407,0.12195
mom-nse-top20-1m-ma200-cash6,tax-dated,2018-05-01,2023-05-01,0.06668,-0.26820,0.11119,0.12307,0.11394,0.11204,0.12873,0.11919,0.11717
mom-nse-top20-1m-ma200-cash6,tax-dated,2018-06-01,2023-06-01,0.06806,-0.26791,0.12127,0.12930,0.11972,0.11769,0.14893,0.13796,0.13554
mom-nse-top20-1m-ma200-cash6,tax-dated,2018-07-01,2023-07-01,0.07853,-0.26821,0.19312,0.13722,0.12706,0.12487,0.15801,0.14641,0.14382
mom-nse-top20-1m-ma200-cash6,tax-dated,2018-08-01,2023-08-01,0.07190,-0.26169,0.14819,0.13027,0.12061,0.11856,0.15718,0.14564,0.14306
mom-nse-top20-1m-ma200-cash6,tax-dated,2018-09-01,2023-09-01,0.06842,-0.26170,0.12312,0.12049,0.11155,0.10970,0.14800,0.13709,0.13469
mom-nse-top20-1m-ma200-cash6,tax-dated,2018-10-01,2023-10-01,0.08246,-0.26595,0.21960,0.13610,0.12603,0.12386,0.17581,0.16305,0.16013
mom-nse-top20-1m-ma200-cash6,tax-dated,2018-11-01,2023-11-01,0.08672,-0.26766,0.25147,0.14179,0.13132,0.12904,0.18193,0.16878,0.16575
mom-nse-top20-1m-ma200-cash6,tax-dated,2018-12-01,2023-12-01,0.10515,-0.26821,0.37695,0.14615,0.13537,0.13300,0.20341,0.18895,0.18555
mom-nse-top20-1m-ma200-cash6,tax-dated,2019-01-01,2024-01-01,0.11894,-0.26827,0.47223,0.16150,0.14968,0.14702,0.22122,0.20571,0.20202
mom-nse-top20-1m-ma200-cash6,tax-dated,2019-02-01,2024-02-01,0.12397,-0.26731,0.50395,0.16137,0.14955,0.14690,0.22469,0.20899,0.20524
mom-nse-top20-1m-ma200-cash6,tax-dated,2019-03-01,2024-03-01,0.13611,-0.26734,0.58363,0.16870,0.15640,0.15361,0.24141,0.22478,0.22078
mom-nse-top20-1m-ma200-cash6,tax-dated,2019-04-01,2024-04-01,0.12688,-0.26288,0.51769,0.15319,0.14192,0.13942,0.23600,0.21967,0.21574
mom-nse-top20-1m-ma200-cash6,tax-dated,2019-05-01,2024-05-01,0.12501,-0.26202,0.50478,0.15309,0.14184,0.13934,0.24122,0.22460,0.22060
mom-nse-top20-1m-ma200-cash6,tax-dated,2019-06-01,2024-06-01,0.12291,-0.25908,0.49224,0.14946,0.13845,0.13601,0.25655,0.23911,0.23488
mom-nse-top20-1m-ma200-cash6,tax-dated,2019-07-01,2024-07-01,0.13527,-0.26058,0.54610,0.16648,0.15432,0.15157,0.26814,0.25011,0.24570
mom-nse-top20-1m-ma200-cash6,tax-dated,2019-08-01,2024-08-01,0.16348,-0.26714,0.71445,0.19261,0.17558,0.17558,0.30115,0.27662,0.27662
mom-nse-top20-1m-ma200-cash6,tax-dated,2019-09-01,2024-09-01,0.16491,-0.26688,0.71422,0.19386,0.17674,0.17674,0.30252,0.27791,0.27791
mom-nse-top20-1m-ma200-cash6,tax-dated,2019-10-01,2024-10-01,0.17145,-0.26710,0.74794,0.19193,0.17496,0.17496,0.29592,0.27172,0.27172
mom-nse-top20-1m-ma200-cash6,tax-dated,2019-11-01,2024-11-01,0.15321,-0.26621,0.64148,0.16694,0.15200,0.15200,0.26574,0.24346,0.24346
mom-nse-top20-1m-ma200-cash6,tax-dated,2019-12-01,2024-12-01,0.15058,-0.26608,0.62294,0.16218,0.14763,0.14763,0.25859,0.23678,0.23678
mom-nse-top20-1m-ma200-cash6,tax-dated,2020-01-01,2025-01-01,0.14906,-0.26587,0.61403,0.15598,0.14197,0.14197,0.24390,0.22309,0.22309
mom-nse-top20-1m-ma200-cash6,tax-dated,2020-02-01,2025-02-01,0.14813,-0.26458,0.60977,0.16380,0.14912,0.14912,0.21662,0.19777,0.19777
mom-nse-top20-1m-ma200-cash6,tax-dated,2020-03-01,2025-03-01,0.16017,-0.26814,0.68500,0.15961,0.14529,0.14529,0.19321,0.17614,0.17614
mom-nse-top20-1m-ma200-cash6,tax-dated,2020-04-01,2025-04-01,0.15430,-0.26769,0.65084,0.24335,0.22258,0.22258,0.26293,0.24083,0.24083
mom-nse-top20-1m-ma200-cash6,tax-dated,2020-05-01,2025-05-01,0.15443,-0.26753,0.64941,0.21179,0.19329,0.19329,0.23579,0.21554,0.21554
mom-nse-top20-1m-ma200-cash6,tax-dated,2020-06-01,2025-06-01,0.15562,-0.26749,0.65088,0.21702,0.19813,0.19813,0.24924,0.22807,0.22807
mom-nse-top20-1m-ma200-cash6,tax-dated,2020-07-01,2025-07-01,0.16163,-0.26773,0.68448,0.21071,0.19229,0.19229,0.25087,0.22958,0.22958
mom-nse-top20-1m-ma200-cash6,tax-dated,2020-08-01,2025-08-01,0.15053,-0.26777,0.61781,0.18700,0.17042,0.17042,0.21755,0.19862,0.19862
mom-nse-top20-1m-ma200-cash6,tax-today,2008-02-01,2013-02-01,0.07947,-0.17400,0.19186,0.03592,0.03592,0.03438,0.02342,0.02342,0.02342
mom-nse-top20-1m-ma200-cash6,tax-today,2008-03-01,2013-03-01,0.08304,-0.17849,0.21441,0.02970,0.02970,0.02895,0.02703,0.02703,0.02662
mom-nse-top20-1m-ma200-cash6,tax-today,2008-04-01,2013-04-01,0.08188,-0.17821,0.20741,0.04945,0.04945,0.04626,0.07055,0.07055,0.06492
mom-nse-top20-1m-ma200-cash6,tax-today,2008-05-01,2013-05-01,0.08511,-0.17854,0.22598,0.03953,0.03953,0.03755,0.05392,0.05392,0.05020
mom-nse-top20-1m-ma200-cash6,tax-today,2008-06-01,2013-06-01,0.10460,-0.17872,0.33976,0.05429,0.05429,0.05052,0.07512,0.07512,0.06899
mom-nse-top20-1m-ma200-cash6,tax-today,2008-07-01,2013-07-01,0.10123,-0.17871,0.31933,0.09942,0.09942,0.09072,0.14111,0.14111,0.12841
mom-nse-top20-1m-ma200-cash6,tax-today,2008-08-01,2013-08-01,0.10083,-0.17862,0.31604,0.06611,0.06611,0.06098,0.09740,0.09740,0.08891
mom-nse-top20-1m-ma200-cash6,tax-today,2008-09-01,2013-09-01,0.10088,-0.17864,0.31604,0.05936,0.05936,0.05500,0.09064,0.09064,0.08284
mom-nse-top20-1m-ma200-cash6,tax-today,2008-10-01,2013-10-01,0.10080,-0.17859,0.31626,0.09178,0.09178,0.08387,0.13588,0.13588,0.12365
mom-nse-top20-1m-ma200-cash6,tax-today,2008-11-01,2013-11-01,0.10042,-0.17878,0.31254,0.18313,0.18313,0.16685,0.22532,0.22532,0.20583
mom-nse-top20-1m-ma200-cash6,tax-today,2008-12-01,2013-12-01,0.09233,-0.17868,0.26579,0.19549,0.19549,0.17824,0.22922,0.22922,0.20945
mom-nse-top20-1m-ma200-cash6,tax-today,2009-01-01,2014-01-01,0.09805,-0.17862,0.29791,0.17089,0.17089,0.15561,0.20948,0.20948,0.19116
mom-nse-top20-1m-ma200-cash6,tax-today,2009-02-01,2014-02-01,0.09226,-0.17853,0.26284,0.17517,0.17517,0.15955,0.21381,0.21381,0.19516
mom-nse-top20-1m-ma200-cash6,tax-today,2009-03-01,2014-03-01,0.09602,-0.17867,0.28381,0.19168,0.19168,0.17472,0.22937,0.22937,0.20959
mom-nse-top20-1m-ma200-cash6,tax-today,2009-04-01,2014-04-01,0.09935,-0.17876,0.30229,0.18381,0.18381,0.16748,0.21371,0.21371,0.19506
mom-nse-top20-1m-ma200-cash6,tax-today,2009-05-01,2014-05-01,0.10034,-0.17860,0.30604,0.15333,0.15333,0.13955,0.20257,0.20257,0.18477
mom-nse-top20-1m-ma200-cash6,tax-today,2009-06-01,2014-06-01,0.08345,-0.18064,0.21846,0.11085,0.11085,0.10101,0.17730,0.17730,0.16150
mom-nse-top20-1m-ma200-cash6,tax-today,2009-07-01,2014-07-01,0.10309,-0.18321,0.34741,0.13287,0.13287,0.12092,0.19900,0.19900,0.18148
mom-nse-top20-1m-ma200-cash6,tax-today,2009-08-01,2014-08-01,0.08034,-0.17357,0.20329,0.11721,0.11721,0.10674,0.17436,0.17436,0.15880
mom-nse-top20-1m-ma200-cash6,tax-today,2009-09-01,2014-09-01,0.09307,-0.17390,0.29618,0.12994,0.12994,0.11827,0.19506,0.19506,0.17784
mom-nse-top20-1m-ma200-cash6,tax-today,2009-10-01,2014-10-01,0.06948,-0.15993,0.12943,0.10646,0.10646,0.09705,0.18264,0.18264,0.16640
mom-nse-top20-1m-ma200-cash6,tax-today,2009-11-01,2014-11-01,0.09252,-0.17100,0.29452,0.13380,0.13380,0.12177,0.20627,0.20627,0.18818
mom-nse-top20-1m-ma200-cash6,tax-today,2009-12-01,2014-12-01,0.07760,-0.15343,0.19125,0.12120,0.12120,0.11035,0.19070,0.19070,0.17382
mom-nse-top20-1m-ma200-cash6,tax-today,2010-01-01,2015-01-01,0.06629,-0.14542,0.10576,0.11054,0.11054,0.10072,0.18516,0.18516,0.16873
mom-nse-top20-1m-ma200-cash6,tax-today,2010-02-01,2015-02-01,0.08962,-0.15580,0.27824,0.13777,0.13777,0.12537,0.21229,0.21229,0.19376
mom-nse-top20-1m-ma200-cash6,tax-today,2010-03-01,2015-03-01,0.08280,-0.15155,0.23130,0.13907,0.13907,0.12655,0.21651,0.21651,0.19766
mom-nse-top20-1m-ma200-cash6,tax-today,2010-04-01,2015-04-01,0.07278,-0.14262,0.15491,0.11502,0.11502,0.10476,0.20785,0.20785,0.18964
mom-nse-top20-1m-ma200-cash6,tax-today,2010-05-01,2015-05-01,0.06516,-0.14431,0.09780,0.10475,0.10475,0.09551,0.19134,0.19134,0.17442
mom-nse-top20-1m-ma200-cash6,tax-today,2010-06-01,2015-06-01,0.08378,-0.15567,0.23863,0.12480,0.12480,0.11361,0.21869,0.21869,0.19968
mom-nse-top20-1m-ma200-cash6,tax-today,2010-07-01,2015-07-01,0.08508,-0.15556,0.24716,0.11287,0.11287,0.10283,0.21196,0.21196,0.19344
mom-nse-top20-1m-ma200-cash6,tax-today,2010-08-01,2015-08-01,0.08505,-0.14970,0.24545,0.11037,0.11037,0.10057,0.21020,0.21020,0.19182
mom-nse-top20-1m-ma200-cash6,tax-today,2010-09-01,2015-09-01,0.06515,-0.14323,0.09989,0.08597,0.08597,0.07867,0.17846,0.17846,0.16257
mom-nse-top20-1m-ma200-cash6,tax-today,2010-10-01,2015-10-01,0.04459,-0.13703,-0.05217,0.06548,0.06548,0.06042,0.16966,0.16966,0.15448
mom-nse-top20-1m-ma200-cash6,tax-today,2010-11-01,2015-11-01,0.04617,-0.13710,-0.04269,0.06942,0.06942,0.06392,0.15728,0.15728,0.14315
mom-nse-top20-1m-ma200-cash6,tax-today,2010-12-01,2015-12-01,0.04802,-0.13592,-0.03109,0.07206,0.07206,0.06627,0.15550,0.15550,0.14153
mom-nse-top20-1m-ma200-cash6,tax-today,2011-01-01,2016-01-01,0.04537,-0.13603,-0.05367,0.06603,0.06603,0.06091,0.16809,0.16809,0.15305
mom-nse-top20-1m-ma200-cash6,tax-today,2011-02-01,2016-02-01,0.06554,-0.13639,0.10245,0.08148,0.08148,0.07466,0.18223,0.18223,0.16602
mom-nse-top20-1m-ma200-cash6,tax-today,2011-03-01,2016-03-01,0.06573,-0.13642,0.10375,0.06761,0.06761,0.06231,0.16191,0.16191,0.14739
mom-nse-top20-1m-ma200-cash6,tax-today,2011-04-01,2016-04-01,0.06341,-0.13650,0.08646,0.07054,0.07054,0.06492,0.16433,0.16433,0.14961
mom-nse-top20-1m-ma200-cash6,tax-today,2011-05-01,2016-05-01,0.06419,-0.13591,0.09166,0.07708,0.07708,0.07074,0.16911,0.16911,0.15398
mom-nse-top20-1m-ma200-cash6,tax-today,2011-06-01,2016-06-01,0.06371,-0.13593,0.08831,0.09211,0.09211,0.08416,0.17998,0.17998,0.16396
mom-nse-top20-1m-ma200-cash6,tax-today,2011-07-01,2016-07-01,0.06850,-0.13598,0.12639,0.09468,0.09468,0.08647,0.18497,0.18497,0.16855
mom-nse-top20-1m-ma200-cash6,tax-today,2011-08-01,2016-08-01,0.07731,-0.13594,0.19570,0.10716,0.10716,0.09768,0.20794,0.20794,0.18974
mom-nse-top20-1m-ma200-cash6,tax-today,2011-09-01,2016-09-01,0.08241,-0.13589,0.23263,0.13264,0.13264,0.12071,0.23121,0.23121,0.21129
mom-nse-top20-1m-ma200-cash6,tax-today,2011-10-01,2016-10-01,0.07787,-0.13605,0.19701,0.13102,0.13102,0.11924,0.23364,0.23364,0.21355
mom-nse-top20-1m-ma200-cash6,tax-today,2011-11-01,2016-11-01,0.07801,-0.13587,0.19796,0.11765,0.11765,0.10714,0.22844,0.22844,0.20872
mom-nse-top20-1m-ma200-cash6,tax-today,2011-12-01,2016-12-01,0.06630,-0.13605,0.11050,0.12024,0.12024,0.10948,0.22328,0.22328,0.20394
mom-nse-top20-1m-ma200-cash6,tax-today,2012-01-01,2017-01-01,0.06279,-0.14012,0.08468,0.13479,0.13479,0.12266,0.23011,0.23011,0.21027
mom-nse-top20-1m-ma200-cash6,tax-today,2012-02-01,2017-02-01,0.06430,-0.13986,0.09595,0.12078,0.12078,0.10997,0.24977,0.24977,0.22856
mom-nse-top20-1m-ma200-cash6,tax-today,2012-03-01,2017-03-01,0.05642,-0.14007,0.03844,0.12244,0.12244,0.11148,0.24492,0.24492,0.22404
mom-nse-top20-1m-ma200-cash6,tax-today,2012-04-01,2017-04-01,0.05597,-0.14009,0.03419,0.13020,0.13020,0.11850,0.24610,0.24610,0.22514
mom-nse-top20-1m-ma200-cash6,tax-today,2012-05-01,2017-05-01,0.06242,-0.14018,0.08108,0.13543,0.13543,0.12325,0.25848,0.25848,0.23668
mom-nse-top20-1m-ma200-cash6,tax-today,2012-06-01,2017-06-01,0.07747,-0.14052,0.19138,0.16115,0.16115,0.14670,0.27090,0.27090,0.24828
mom-nse-top20-1m-ma200-cash6,tax-today,2012-07-01,2017-07-01,0.07436,-0.14038,0.16863,0.13879,0.13879,0.12631,0.25219,0.25219,0.23081
mom-nse-top20-1m-ma200-cash6,tax-today,2012-08-01,2017-08-01,0.08943,-0.14029,0.27791,0.15452,0.15452,0.14064,0.26897,0.26897,0.24647
mom-nse-top20-1m-ma200-cash6,tax-today,2012-09-01,2017-09-01,0.08746,-0.13996,0.26217,0.15048,0.15048,0.13695,0.27439,0.27439,0.25154
mom-nse-top20-1m-ma200-cash6,tax-today,2012-10-01,2017-10-01,0.07175,-0.14017,0.14917,0.12709,0.12709,0.11568,0.25032,0.25032,0.22907
mom-nse-top20-1m-ma200-cash6,tax-today,2012-11-01,2017-11-01,0.08401,-0.14007,0.23714,0.14469,0.14469,0.13167,0.26899,0.26899,0.24649
mom-nse-top20-1m-ma200-cash6,tax-today,2012-12-01,2017-12-01,0.06745,-0.14012,0.11648,0.12840,0.12840,0.11687,0.24480,0.24480,0.22393
mom-nse-top20-1m-ma200-cash6,tax-today,2013-01-01,2018-01-01,0.07390,-0.13986,0.16324,0.13251,0.13251,0.12060,0.25838,0.25838,0.23658
mom-nse-top20-1m-ma200-cash6,tax-today,2013-02-01,2018-02-01,0.08150,-0.14019,0.21784,0.14308,0.14308,0.13021,0.26468,0.26468,0.24246
mom-nse-top20-1m-ma200-cash6,tax-today,2013-03-01,2018-03-01,0.08376,-0.13971,0.23442,0.14232,0.14232,0.12951,0.26089,0.26089,0.23892
mom-nse-top20-1m-ma200-cash6,tax-today,2013-04-01,2018-04-01,0.08080,-0.13970,0.21269,0.13557,0.13557,0.12338,0.25600,0.25600,0.23436
mom-nse-top20-1m-ma200-cash6,tax-today,2013-05-01,2018-05-01,0.08599,-0.14009,0.25051,0.14039,0.14039,0.12776,0.26045,0.26045,0.23852
mom-nse-top20-1m-ma200-cash6,tax-today,2013-06-01,2018-06-01,0.08840,-0.13998,0.26770,0.13701,0.13701,0.12468,0.24607,0.24607,0.22511
mom-nse-top20-1m-ma200-cash6,tax-today,2013-07-01,2018-07-01,0.08943,-0.14004,0.27724,0.14080,0.14080,0.12813,0.24990,0.24990,0.22868
mom-nse-top20-1m-ma200-cash6,tax-today,2013-08-01,2018-08-01,0.10455,-0.14012,0.38737,0.16077,0.16077,0.14635,0.26292,0.26266,0.24082
mom-nse-top20-1m-ma200-cash6,tax-today,2013-09-01,2018-09-01,0.10681,-0.14016,0.40131,0.17846,0.17790,0.16256,0.29019,0.28860,0.26633
mom-nse-top20-1m-ma200-cash6,tax-today,2013-10-01,2018-10-01,0.09512,-0.14016,0.31779,0.15170,0.15170,0.13806,0.25045,0.25045,0.22919
mom-nse-top20-1m-ma200-cash6,tax-today,2013-11-01,2018-11-01,0.08645,-0.14025,0.25261,0.11865,0.11865,0.10804,0.21992,0.21992,0.20082
mom-nse-top20-1m-ma200-cash6,tax-today,2013-12-01,2018-12-01,0.09244,-0.14032,0.29492,0.13388,0.13388,0.12185,0.23611,0.23611,0.21585
mom-nse-top20-1m-ma200-cash6,tax-today,2014-01-01,2019-01-01,0.08743,-0.14032,0.25947,0.13007,0.13007,0.11839,0.22665,0.22665,0.20706
mom-nse-top20-1m-ma200-cash6,tax-today,2014-02-01,2019-02-01,0.10074,-0.14029,0.35116,0.13747,0.13747,0.12510,0.23796,0.23796,0.21756
mom-nse-top20-1m-ma200-cash6,tax-today,2014-03-01,2019-03-01,0.09754,-0.14034,0.32931,0.13018,0.13018,0.11848,0.22764,0.22764,0.20798
mom-nse-top20-1m-ma200-cash6,tax-today,2014-04-01,2019-04-01,0.09079,-0.14041,0.28443,0.13094,0.13055,0.11917,0.23479,0.23418,0.21462
mom-nse-top20-1m-ma200-cash6,tax-today,2014-05-01,2019-05-01,0.09464,-0.14041,0.31184,0.13329,0.13274,0.12131,0.23461,0.23348,0.21445
mom-nse-top20-1m-ma200-cash6,tax-today,2014-06-01,2019-06-01,0.07903,-0.14056,0.20128,0.11935,0.11855,0.10868,0.21977,0.21903,0.20068
mom-nse-top20-1m-ma200-cash6,tax-today,2014-07-01,2019-07-01,0.06856,-0.14030,0.12710,0.10598,0.10531,0.09661,0.19548,0.19488,0.17823
mom-nse-top20-1m-ma200-cash6,tax-today,2014-08-01,2019-08-01,0.06269,-0.14038,0.08354,0.08985,0.08985,0.08214,0.17443,0.17443,0.15886
mom-nse-top20-1m-ma200-cash6,tax-today,2014-09-01,2019-09-01,0.04957,-0.14044,-0.01614,0.07909,0.07909,0.07253,0.15466,0.15466,0.14076
mom-nse-top20-1m-ma200-cash6,tax-today,2014-10-01,2019-10-01,0.05641,-0.14035,0.03554,0.08775,0.08775,0.08026,0.16178,0.16178,0.14727
mom-nse-top20-1m-ma200-cash6,tax-today,2014-11-01,2019-11-01,0.05185,-0.14050,-0.00162,0.08786,0.08715,0.08036,0.15625,0.15613,0.14222
mom-nse-top20-1m-ma200-cash6,tax-today,2014-12-01,2019-12-01,0.04279,-0.14047,-0.07193,0.08482,0.08385,0.07764,0.14858,0.14820,0.13522
mom-nse-top20-1m-ma200-cash6,tax-today,2015-01-01,2020-01-01,0.04855,-0.14058,-0.02777,0.09410,0.09284,0.08594,0.15458,0.15373,0.14069
mom-nse-top20-1m-ma200-cash6,tax-today,2015-02-01,2020-02-01,0.03727,-0.14063,-0.11856,0.07134,0.07114,0.06563,0.13652,0.13564,0.12424
mom-nse-top20-1m-ma200-cash6,tax-today,2015-03-01,2020-03-01,0.02391,-0.14072,-0.22831,0.06049,0.06049,0.05601,0.13332,0.13260,0.12133
mom-nse-top20-1m-ma200-cash6,tax-today,2015-04-01,2020-04-01,0.03377,-0.14039,-0.15211,0.00513,0.00513,0.00513,0.07417,0.07417,0.06814
mom-nse-top20-1m-ma200-cash6,tax-today,2015-05-01,2020-05-01,0.04329,-0.14058,-0.07839,0.05161,0.05161,0.04817,0.12195,0.12195,0.11103
mom-nse-top20-1m-ma200-cash6,tax-today,2015-06-01,2020-06-01,0.04078,-0.14031,-0.10262,0.04456,0.04456,0.04195,0.10890,0.10890,0.09925
mom-nse-top20-1m-ma200-cash6,tax-today,2015-07-01,2020-07-01,0.04027,-0.14041,-0.11030,0.05602,0.05602,0.05205,0.11517,0.11517,0.10490
mom-nse-top20-1m-ma200-cash6,tax-today,2015-08-01,2020-08-01,0.03649,-0.14039,-0.14764,0.06667,0.06667,0.06148,0.11910,0.11818,0.10845
mom-nse-top20-1m-ma200-cash6,tax-today,2015-09-01,2020-09-01,0.05520,-0.14029,0.00949,0.09415,0.09397,0.08599,0.14390,0.14216,0.13095
mom-nse-top20-1m-ma200-cash6,tax-today,2015-10-01,2020-10-01,0.05562,-0.14056,0.01586,0.08855,0.08850,0.08097,0.13979,0.13762,0.12721
mom-nse-top20-1m-ma200-cash6,tax-today,2015-11-01,2020-11-01,0.05372,-0.14048,0.00043,0.08985,0.08934,0.08213,0.13774,0.13587,0.12535
mom-nse-top20-1m-ma200-cash6,tax-today,2015-12-01,2020-12-01,0.07033,-0.14035,0.13884,0.11915,0.11604,0.10849,0.15807,0.15486,0.14388
mom-nse-top20-1m-ma200-cash6,tax-today,2016-01-01,2021-01-01,0.08137,-0.14038,0.22571,0.13407,0.12958,0.12201,0.17356,0.16874,0.15806
mom-nse-top20-1m-ma200-cash6,tax-today,2016-02-01,2021-02-01,0.08418,-0.14048,0.24589,0.15030,0.14530,0.13678,0.18534,0.18061,0.16889
mom-nse-top20-1m-ma200-cash6,tax-today,2016-03-01,2021-03-01,0.08974,-0.14046,0.28306,0.16879,0.16300,0.15369,0.21366,0.20751,0.19502
mom-nse-top20-1m-ma200-cash6,tax-today,2016-04-01,2021-04-01,0.09689,-0.14047,0.32990,0.15484,0.14905,0.14093,0.21192,0.20483,0.19341
mom-nse-top20-1m-ma200-cash6,tax-today,2016-05-01,2021-05-01,0.10155,-0.14054,0.35162,0.14721,0.14177,0.13397,0.22144,0.21306,0.20223
mom-nse-top20-1m-ma200-cash6,tax-today,2016-06-01,2021-06-01,0.11232,-0.14032,0.42323,0.15209,0.14550,0.13842,0.22716,0.21791,0.20754
mom-nse-top20-1m-ma200-cash6,tax-today,2016-07-01,2021-07-01,0.10983,-0.14096,0.40581,0.14918,0.14247,0.13576,0.22948,0.21958,0.20969
mom-nse-top20-1m-ma200-cash6,tax-today,2016-08-01,2021-08-01,0.10745,-0.14173,0.38693,0.14201,0.13527,0.12923,0.21930,0.20877,0.20025
mom-nse-top20-1m-ma200-cash6,tax-today,2016-09-01,2021-09-01,0.11515,-0.14177,0.44120,0.15663,0.14844,0.14256,0.22392,0.21280,0.20453
mom-nse-top20-1m-ma200-cash6,tax-today,2016-10-01,2021-10-01,0.11708,-0.14045,0.45775,0.16709,0.15837,0.15213,0.22806,0.21664,0.20837
mom-nse-top20-1m-ma200-cash6,tax-today,2016-11-01,2021-11-01,0.12808,-0.14035,0.53191,0.17194,0.16281,0.15658,0.23496,0.22274,0.21478
mom-nse-top20-1m-ma200-cash6,tax-today,2016-12-01,2021-12-01,0.13407,-0.14036,0.57788,0.17392,0.16541,0.15839,0.24422,0.23222,0.22339
mom-nse-top20-1m-ma200-cash6,tax-today,2017-01-01,2022-01-01,0.14351,-0.14049,0.63742,0.17675,0.16803,0.16099,0.25612,0.24359,0.23448
mom-nse-top20-1m-ma200-cash6,tax-today,2017-02-01,2022-02-01,0.14353,-0.14034,0.63105,0.16503,0.15626,0.15025,0.21213,0.20066,0.19360
mom-nse-top20-1m-ma200-cash6,tax-today,2017-03-01,2022-03-01,0.13846,-0.14071,0.58486,0.14866,0.14075,0.13529,0.19967,0.18888,0.18209
mom-nse-top20-1m-ma200-cash6,tax-today,2017-04-01,2022-04-01,0.12344,-0.15150,0.48384,0.15423,0.14549,0.14037,0.20375,0.19213,0.18586
mom-nse-top20-1m-ma200-cash6,tax-today,2017-05-01,2022-05-01,0.10962,-0.18168,0.39282,0.14357,0.13545,0.13065,0.17957,0.16895,0.16358
mom-nse-top20-1m-ma200-cash6,tax-today,2017-06-01,2022-06-01,0.10844,-0.18361,0.38754,0.12885,0.12137,0.11728,0.16100,0.15184,0.14655
mom-nse-top20-1m-ma200-cash6,tax-today,2017-07-01,2022-07-01,0.10925,-0.18366,0.39249,0.11999,0.11334,0.10925,0.14102,0.13353,0.12833
mom-nse-top20-1m-ma200-cash6,tax-today,2017-08-01,2022-08-01,0.09439,-0.18324,0.29709,0.12777,0.11954,0.11630,0.15103,0.14158,0.13745
mom-nse-top20-1m-ma200-cash6,tax-today,2017-09-01,2022-09-01,0.09970,-0.18333,0.33287,0.13377,0.12527,0.12174,0.15532,0.14495,0.14137
mom-nse-top20-1m-ma200-cash6,tax-today,2017-10-01,2022-10-01,0.10245,-0.18353,0.34911,0.13204,0.12394,0.12017,0.15366,0.14353,0.13985
mom-nse-top20-1m-ma200-cash6,tax-today,2017-11-01,2022-11-01,0.08843,-0.18288,0.25845,0.13102,0.12205,0.11924,0.15299,0.14208,0.13924
mom-nse-top20-1m-ma200-cash6,tax-today,2017-12-01,2022-12-01,0.09764,-0.19253,0.32020,0.14628,0.13661,0.13312,0.16101,0.15003,0.14657
mom-nse-top20-1m-ma200-cash6,tax-today,2018-01-01,2023-01-01,0.08539,-0.20886,0.23742,0.13060,0.12168,0.11887,0.13565,0.12560,0.12345
mom-nse-top20-1m-ma200-cash6,tax-today,2018-02-01,2023-02-01,0.06609,-0.23777,0.10786,0.11224,0.10393,0.10225,0.12006,0.11116,0.10932
mom-nse-top20-1m-ma200-cash6,tax-today,2018-03-01,2023-03-01,0.07115,-0.25919,0.14174,0.12158,0.11257,0.11070,0.13079,0.12109,0.11903
mom-nse-top20-1m-ma200-cash6,tax-today,2018-04-01,2023-04-01,0.07150,-0.27498,0.14314,0.12753,0.11807,0.11608,0.13400,0.12407,0.12195
mom-nse-top20-1m-ma200-cash6,tax-today,2018-05-01,2023-05-01,0.06379,-0.27417,0.09149,0.12307,0.11394,0.11204,0.12873,0.11919,0.11717
mom-nse-top20-1m-ma200-cash6,tax-today,2018-06-01,2023-06-01,0.06538,-0.27429,0.10292,0.12930,0.11972,0.11769,0.14893,0.13796,0.13554
mom-nse-top20-1m-ma200-cash6,tax-today,2018-07-01,2023-07-01,0.07592,-0.27419,0.17508,0.13722,0.12706,0.12487,0.15801,0.14641,0.14382
mom-nse-top20-1m-ma200-cash6,tax-today,2018-08-01,2023-08-01,0.07001,-0.26751,0.13513,0.13027,0.12061,0.11856,0.15718,0.14564,0.14306
mom-nse-top20-1m-ma200-cash6,tax-today,2018-09-01,2023-09-01,0.06628,-0.26719,0.10834,0.12049,0.11155,0.10970,0.14800,0.13709,0.13469
mom-nse-top20-1m-ma200-cash6,tax-today,2018-10-01,2023-10-01,0.08017,-0.27195,0.20367,0.13610,0.12603,0.12386,0.17581,0.16305,0.16013
mom-nse-top20-1m-ma200-cash6,tax-today,2018-11-01,2023-11-01,0.08384,-0.27492,0.23093,0.14179,0.13132,0.12904,0.18193,0.16878,0.16575
mom-nse-top20-1m-ma200-cash6,tax-today,2018-12-01,2023-12-01,0.10258,-0.27449,0.35840,0.14615,0.13537,0.13300,0.20341,0.18895,0.18555
mom-nse-top20-1m-ma200-cash6,tax-today,2019-01-01,2024-01-01,0.11550,-0.27499,0.44727,0.16150,0.14968,0.14702,0.22122,0.20571,0.20202
mom-nse-top20-1m-ma200-cash6,tax-today,2019-02-01,2024-02-01,0.11953,-0.27406,0.47222,0.16137,0.14955,0.14690,0.22469,0.20899,0.20524
mom-nse-top20-1m-ma200-cash6,tax-today,2019-03-01,2024-03-01,0.13162,-0.27368,0.55151,0.16870,0.15640,0.15361,0.24141,0.22478,0.22078
mom-nse-top20-1m-ma200-cash6,tax-today,2019-04-01,2024-04-01,0.12238,-0.26806,0.48592,0.15319,0.14192,0.13942,0.23600,0.21967,0.21574
mom-nse-top20-1m-ma200-cash6,tax-today,2019-05-01,2024-05-01,0.12092,-0.26595,0.47601,0.15309,0.14184,0.13934,0.24122,0.22460,0.22060
mom-nse-top20-1m-ma200-cash6,tax-today,2019-06-01,2024-06-01,0.12051,-0.26207,0.47548,0.14946,0.13845,0.13601,0.25655,0.23911,0.23488
mom-nse-top20-1m-ma200-cash6,tax-today,2019-07-01,2024-07-01,0.13204,-0.26490,0.52485,0.16648,0.15432,0.15157,0.26814,0.25011,0.24570
mom-nse-top20-1m-ma200-cash6,tax-today,2019-08-01,2024-08-01,0.16118,-0.27362,0.69897,0.19261,0.17558,0.17558,0.30115,0.27662,0.27662
mom-nse-top20-1m-ma200-cash6,tax-today,2019-09-01,2024-09-01,0.16265,-0.27379,0.69895,0.19386,0.17674,0.17674,0.30252,0.27791,0.27791
mom-nse-top20-1m-ma200-cash6,tax-today,2019-10-01,2024-10-01,0.16930,-0.27362,0.73332,0.19193,0.17496,0.17496,0.29592,0.27172,0.27172
mom-nse-top20-1m-ma200-cash6,tax-today,2019-11-01,2024-11-01,0.15143,-0.27159,0.62938,0.16694,0.15200,0.15200,0.26574,0.24346,0.24346
mom-nse-top20-1m-ma200-cash6,tax-today,2019-12-01,2024-12-01,0.14838,-0.27282,0.60840,0.16218,0.14763,0.14763,0.25859,0.23678,0.23678
mom-nse-top20-1m-ma200-cash6,tax-today,2020-01-01,2025-01-01,0.14719,-0.27176,0.60149,0.15598,0.14197,0.14197,0.24390,0.22309,0.22309
mom-nse-top20-1m-ma200-cash6,tax-today,2020-02-01,2025-02-01,0.14650,-0.26937,0.59903,0.16380,0.14912,0.14912,0.21662,0.19777,0.19777
mom-nse-top20-1m-ma200-cash6,tax-today,2020-03-01,2025-03-01,0.15780,-0.27464,0.66896,0.15961,0.14529,0.14529,0.19321,0.17614,0.17614
mom-nse-top20-1m-ma200-cash6,tax-today,2020-04-01,2025-04-01,0.15175,-0.27429,0.63397,0.24335,0.22258,0.22258,0.26293,0.24083,0.24083
mom-nse-top20-1m-ma200-cash6,tax-today,2020-05-01,2025-05-01,0.15208,-0.27433,0.63381,0.21179,0.19329,0.19329,0.23579,0.21554,0.21554
mom-nse-top20-1m-ma200-cash6,tax-today,2020-06-01,2025-06-01,0.15329,-0.27414,0.63543,0.21702,0.19813,0.19813,0.24924,0.22807,0.22807
mom-nse-top20-1m-ma200-cash6,tax-today,2020-07-01,2025-07-01,0.15936,-0.27429,0.66948,0.21071,0.19229,0.19229,0.25087,0.22958,0.22958
mom-nse-top20-1m-ma200-cash6,tax-today,2020-08-01,2025-08-01,0.14833,-0.27474,0.60328,0.18700,0.17042,0.17042,0.21755,0.19862,0.19862
mom-plain-top10-1m-ma200-cash6,cost,2008-02-01,2013-02-01,0.09696,-0.18176,0.27744,0.03592,0.03592,0.03438,0.02342,0.02342,0.02342
mom-plain-top10-1m-ma200-cash6,cost,2008-03-01,2013-03-01,0.10071,-0.18171,0.30170,0.02970,0.02970,0.02895,0.02703,0.02703,0.02662
mom-plain-top10-1m-ma200-cash6,cost,2008-04-01,2013-04-01,0.10126,-0.18166,0.30422,0.04945,0.04945,0.04626,0.07055,0.07055,0.06492
mom-plain-top10-1m-ma200-cash6,cost,2008-05-01,2013-05-01,0.10551,-0.18176,0.32508,0.03953,0.03953,0.03755,0.05392,0.05392,0.05020
mom-plain-top10-1m-ma200-cash6,cost,2008-06-01,2013-06-01,0.12814,-0.18178,0.44099,0.05429,0.05429,0.05052,0.07512,0.07512,0.06899
mom-plain-top10-1m-ma200-cash6,cost,2008-07-01,2013-07-01,0.11831,-0.18174,0.39005,0.09942,0.09942,0.09072,0.14111,0.14111,0.12841
mom-plain-top10-1m-ma200-cash6,cost,2008-08-01,2013-08-01,0.12045,-0.18184,0.39975,0.06611,0.06611,0.06098,0.09740,0.09740,0.08891
mom-plain-top10-1m-ma200-cash6,cost,2008-09-01,2013-09-01,0.12057,-0.18174,0.40010,0.05936,0.05936,0.05500,0.09064,0.09064,0.08284
mom-plain-top10-1m-ma200-cash6,cost,2008-10-01,2013-10-01,0.12053,-0.18170,0.40061,0.09178,0.09178,0.08387,0.13588,0.13588,0.12365
mom-plain-top10-1m-ma200-cash6,cost,2008-11-01,2013-11-01,0.12010,-0.18177,0.39685,0.18313,0.18313,0.16685,0.22532,0.22532,0.20583
mom-plain-top10-1m-ma200-cash6,cost,2008-12-01,2013-12-01,0.11275,-0.18169,0.35969,0.19549,0.19549,0.17824,0.22922,0.22922,0.20945
mom-plain-top10-1m-ma200-cash6,cost,2009-01-01,2014-01-01,0.12282,-0.18176,0.40930,0.17089,0.17089,0.15561,0.20948,0.20948,0.19116
mom-plain-top10-1m-ma200-cash6,cost,2009-02-01,2014-02-01,0.12366,-0.18175,0.41072,0.17517,0.17517,0.15955,0.21381,0.21381,0.19516
mom-plain-top10-1m-ma200-cash6,cost,2009-03-01,2014-03-01,0.13079,-0.18173,0.44496,0.19168,0.19168,0.17472,0.22937,0.22937,0.20959
mom-plain-top10-1m-ma200-cash6,cost,2009-04-01,2014-04-01,0.11883,-0.18173,0.38550,0.18381,0.18381,0.16748,0.21371,0.21371,0.19506
mom-plain-top10-1m-ma200-cash6,cost,2009-05-01,2014-05-01,0.11979,-0.18179,0.38813,0.15333,0.15333,0.13955,0.20257,0.20257,0.18477
mom-plain-top10-1m-ma200-cash6,cost,2009-06-01,2014-06-01,0.09727,-0.18182,0.28576,0.11085,0.11085,0.10101,0.17730,0.17730,0.16150
mom-plain-top10-1m-ma200-cash6,cost,2009-07-01,2014-07-01,0.12216,-0.18187,0.42991,0.13287,0.13287,0.12092,0.19900,0.19900,0.18148
mom-plain-top10-1m-ma200-cash6,cost,2009-08-01,2014-08-01,0.09221,-0.18180,0.26574,0.11721,0.11721,0.10674,0.17436,0.17436,0.15880
mom-plain-top10-1m-ma200-cash6,cost,2009-09-01,2014-09-01,0.09948,-0.18177,0.31528,0.12994,0.12994,0.11827,0.19506,0.19506,0.17784
mom-plain-top10-1m-ma200-cash6,cost,2009-10-01,2014-10-01,0.06275,-0.18186,0.08946,0.10646,0.10646,0.09705,0.18264,0.18264,0.16640
mom-plain-top10-1m-ma200-cash6,cost,2009-11-01,2014-11-01,0.09036,-0.18184,0.26073,0.13380,0.13380,0.12177,0.20627,0.20627,0.18818
mom-plain-top10-1m-ma200-cash6,cost,2009-12-01,2014-12-01,0.06435,-0.18186,0.09896,0.12120,0.12120,0.11035,0.19070,0.19070,0.17382
mom-plain-top10-1m-ma200-cash6,cost,2010-01-01,2015-01-01,0.04432,-0.18168,-0.03471,0.11054,0.11054,0.10072,0.18516,0.18516,0.16873
mom-plain-top10-1m-ma200-cash6,cost,2010-02-01,2015-02-01,0.07320,-0.18196,0.15489,0.13777,0.13777,0.12537,0.21229,0.21229,0.19376
mom-plain-top10-1m-ma200-cash6,cost,2010-03-01,2015-03-01,0.06139,-0.18194,0.07590,0.13907,0.13907,0.12655,0.21651,0.21651,0.19766
mom-plain-top10-1m-ma200-cash6,cost,2010-04-01,2015-04-01,0.06009,-0.18183,0.06907,0.11502,0.11502,0.10476,0.20785,0.20785,0.18964
mom-plain-top10-1m-ma200-cash6,cost,2010-05-01,2015-05-01,0.05070,-0.18172,0.00739,0.10475,0.10475,0.09551,0.19134,0.19134,0.17442
mom-plain-top10-1m-ma200-cash6,cost,2010-06-01,2015-06-01,0.08340,-0.18156,0.22453,0.12480,0.12480,0.11361,0.21869,0.21869,0.19968
mom-plain-top10-1m-ma200-cash6,cost,2010-07-01,2015-07-01,0.08420,-0.18169,0.22878,0.11287,0.11287,0.10283,0.21196,0.21196,0.19344
mom-plain-top10-1m-ma200-cash6,cost,2010-08-01,2015-08-01,0.08260,-0.18194,0.21716,0.11037,0.11037,0.10057,0.21020,0.21020,0.19182
mom-plain-top10-1m-ma200-cash6,cost,2010-09-01,2015-09-01,0.06054,-0.18170,0.07444,0.08597,0.08597,0.07867,0.17846,0.17846,0.16257
mom-plain-top10-1m-ma200-cash6,cost,2010-10-01,2015-10-01,0.03785,-0.18184,-0.07608,0.06548,0.06548,0.06042,0.16966,0.16966,0.15448
mom-plain-top10-1m-ma200-cash6,cost,2010-11-01,2015-11-01,0.03611,-0.18191,-0.09054,0.06942,0.06942,0.06392,0.15728,0.15728,0.14315
mom-plain-top10-1m-ma200-cash6,cost,2010-12-01,2015-12-01,0.03542,-0.18170,-0.09861,0.07206,0.07206,0.06627,0.15550,0.15550,0.14153
mom-plain-top10-1m-ma200-cash6,cost,2011-01-01,2016-01-01,0.03447,-0.18207,-0.10800,0.06603,0.06603,0.06091,0.16809,0.16809,0.15305
mom-plain-top10-1m-ma200-cash6,cost,2011-02-01,2016-02-01,0.06169,-0.18175,0.07862,0.08148,0.08148,0.07466,0.18223,0.18223,0.16602
mom-plain-top10-1m-ma200-cash6,cost,2011-03-01,2016-03-01,0.06161,-0.18189,0.07790,0.06761,0.06761,0.06231,0.16191,0.16191,0.14739
mom-plain-top10-1m-ma200-cash6,cost,2011-04-01,2016-04-01,0.06170,-0.18182,0.07931,0.07054,0.07054,0.06492,0.16433,0.16433,0.14961
mom-plain-top10-1m-ma200-cash6,cost,2011-05-01,2016-05-01,0.05785,-0.18164,0.05054,0.07708,0.07708,0.07074,0.16911,0.16911,0.15398
mom-plain-top10-1m-ma200-cash6,cost,2011-06-01,2016-06-01,0.05799,-0.18184,0.05181,0.09211,0.09211,0.08416,0.17998,0.17998,0.16396
mom-plain-top10-1m-ma200-cash6,cost,2011-07-01,2016-07-01,0.06266,-0.18189,0.08546,0.09468,0.09468,0.08647,0.18497,0.18497,0.16855
mom-plain-top10-1m-ma200-cash6,cost,2011-08-01,2016-08-01,0.07640,-0.18178,0.18220,0.10716,0.10716,0.09768,0.20794,0.20794,0.18974
mom-plain-top10-1m-ma200-cash6,cost,2011-09-01,2016-09-01,0.08318,-0.18186,0.22707,0.13264,0.13264,0.12071,0.23121,0.23121,0.21129
mom-plain-top10-1m-ma200-cash6,cost,2011-10-01,2016-10-01,0.07917,-0.18178,0.19879,0.13102,0.13102,0.11924,0.23364,0.23364,0.21355
mom-plain-top10-1m-ma200-cash6,cost,2011-11-01,2016-11-01,0.08126,-0.18181,0.21251,0.11765,0.11765,0.10714,0.22844,0.22844,0.20872
mom-plain-top10-1m-ma200-cash6,cost,2011-12-01,2016-12-01,0.06940,-0.18199,0.13392,0.12024,0.12024,0.10948,0.22328,0.22328,0.20394
mom-plain-top10-1m-ma200-cash6,cost,2012-01-01,2017-01-01,0.06398,-0.18169,0.09887,0.13479,0.13479,0.12266,0.23011,0.23011,0.21027
mom-plain-top10-1m-ma200-cash6,cost,2012-02-01,2017-02-01,0.06599,-0.18192,0.11201,0.12078,0.12078,0.10997,0.24977,0.24977,0.22856
mom-plain-top10-1m-ma200-cash6,cost,2012-03-01,2017-03-01,0.05380,-0.18003,0.03339,0.12244,0.12244,0.11148,0.24492,0.24492,0.22404
mom-plain-top10-1m-ma200-cash6,cost,2012-04-01,2017-04-01,0.05593,-0.17111,0.04554,0.13020,0.13020,0.11850,0.24610,0.24610,0.22514
mom-plain-top10-1m-ma200-cash6,cost,2012-05-01,2017-05-01,0.06472,-0.14000,0.10251,0.13543,0.13543,0.12325,0.25848,0.25848,0.23668
mom-plain-top10-1m-ma200-cash6,cost,2012-06-01,2017-06-01,0.08195,-0.12605,0.21457,0.16115,0.16115,0.14670,0.27090,0.27090,0.24828
mom-plain-top10-1m-ma200-cash6,cost,2012-07-01,2017-07-01,0.08015,-0.12624,0.20263,0.13879,0.13879,0.12631,0.25219,0.25219,0.23081
mom-plain-top10-1m-ma200-cash6,cost,2012-08-01,2017-08-01,0.09979,-0.12627,0.32850,0.15452,0.15452,0.14064,0.26897,0.26897,0.24647
mom-plain-top10-1m-ma200-cash6,cost,2012-09-01,2017-09-01,0.10368,-0.12620,0.34996,0.15048,0.15048,0.13695,0.27439,0.27439,0.25154
mom-plain-top10-1m-ma200-cash6,cost,2012-10-01,2017-10-01,0.08734,-0.12627,0.24697,0.12709,0.12709,0.11568,0.25032,0.25032,0.22907
mom-plain-top10-1m-ma200-cash6,cost,2012-11-01,2017-11-01,0.10319,-0.12633,0.34540,0.14469,0.14469,0.13167,0.26899,0.26899,0.24649
mom-plain-top10-1m-ma200-cash6,cost,2012-12-01,2017-12-01,0.07533,-0.12599,0.16927,0.12840,0.12840,0.11687,0.24480,0.24480,0.22393
mom-plain-top10-1m-ma200-cash6,cost,2013-01-01,2018-01-01,0.08986,-0.12626,0.26053,0.13251,0.13251,0.12060,0.25838,0.25838,0.23658
mom-plain-top10-1m-ma200-cash6,cost,2013-02-01,2018-02-01,0.09137,-0.12630,0.26995,0.14308,0.14308,0.13021,0.26468,0.26468,0.24246
mom-plain-top10-1m-ma200-cash6,cost,2013-03-01,2018-03-01,0.08996,-0.12644,0.26136,0.14232,0.14232,0.12951,0.26089,0.26089,0.23892
mom-plain-top10-1m-ma200-cash6,cost,2013-04-01,2018-04-01,0.08272,-0.12613,0.21568,0.13557,0.13557,0.12338,0.25600,0.25600,0.23436
mom-plain-top10-1m-ma200-cash6,cost,2013-05-01,2018-05-01,0.09327,-0.12624,0.28156,0.14039,0.14039,0.12776,0.26045,0.26045,0.23852
mom-plain-top10-1m-ma200-cash6,cost,2013-06-01,2018-06-01,0.09573,-0.12633,0.29668,0.13701,0.13701,0.12468,0.24607,0.24607,0.22511
mom-plain-top10-1m-ma200-cash6,cost,2013-07-01,2018-07-01,0.10600,-0.12613,0.36118,0.14080,0.14080,0.12813,0.24990,0.24990,0.22868
mom-plain-top10-1m-ma200-cash6,cost,2013-08-01,2018-08-01,0.12185,-0.12611,0.46013,0.16077,0.16077,0.14635,0.26292,0.26266,0.24082
mom-plain-top10-1m-ma200-cash6,cost,2013-09-01,2018-09-01,0.12715,-0.12639,0.49035,0.17846,0.17790,0.16256,0.29019,0.28860,0.26633
mom-plain-top10-1m-ma200-cash6,cost,2013-10-01,2018-10-01,0.11122,-0.12627,0.39217,0.15170,0.15170,0.13806,0.25045,0.25045,0.22919
mom-plain-top10-1m-ma200-cash6,cost,2013-11-01,2018-11-01,0.09428,-0.18021,0.28492,0.11865,0.11865,0.10804,0.21992,0.21992,0.20082
mom-plain-top10-1m-ma200-cash6,cost,2013-12-01,2018-12-01,0.09892,-0.18030,0.31292,0.13388,0.13388,0.12185,0.23611,0.23611,0.21585
mom-plain-top10-1m-ma200-cash6,cost,2014-01-01,2019-01-01,0.08715,-0.18001,0.24218,0.13007,0.13007,0.11839,0.22665,0.22665,0.20706
mom-plain-top10-1m-ma200-cash6,cost,2014-02-01,2019-02-01,0.09883,-0.18016,0.31215,0.13747,0.13747,0.12510,0.23796,0.23796,0.21756
mom-plain-top10-1m-ma200-cash6,cost,2014-03-01,2019-03-01,0.09307,-0.18026,0.27759,0.13018,0.13018,0.11848,0.22764,0.22764,0.20798
mom-plain-top10-1m-ma200-cash6,cost,2014-04-01,2019-04-01,0.10480,-0.18021,0.34975,0.13094,0.13055,0.11917,0.23479,0.23418,0.21462
mom-plain-top10-1m-ma200-cash6,cost,2014-05-01,2019-05-01,0.10806,-0.18019,0.36942,0.13329,0.13274,0.12131,0.23461,0.23348,0.21445
mom-plain-top10-1m-ma200-cash6,cost,2014-06-01,2019-06-01,0.10562,-0.18024,0.35386,0.11935,0.11855,0.10868,0.21977,0.21903,0.20068
mom-plain-top10-1m-ma200-cash6,cost,2014-07-01,2019-07-01,0.09359,-0.18007,0.28368,0.10598,0.10531,0.09661,0.19548,0.19488,0.17823
mom-plain-top10-1m-ma200-cash6,cost,2014-08-01,2019-08-01,0.07166,-0.18007,0.14828,0.08985,0.08985,0.08214,0.17443,0.17443,0.15886
mom-plain-top10-1m-ma200-cash6,cost,2014-09-01,2019-09-01,0.06080,-0.18019,0.07861,0.07909,0.07909,0.07253,0.15466,0.15466,0.14076
mom-plain-top10-1m-ma200-cash6,cost,2014-10-01,2019-10-01,0.07844,-0.18021,0.19266,0.08775,0.08775,0.08026,0.16178,0.16178,0.14727
mom-plain-top10-1m-ma200-cash6,cost,2014-11-01,2019-11-01,0.07443,-0.18032,0.16560,0.08786,0.08715,0.08036,0.15625,0.15613,0.14222
mom-plain-top10-1m-ma200-cash6,cost,2014-12-01,2019-12-01,0.06658,-0.18001,0.11423,0.08482,0.08385,0.07764,0.14858,0.14820,0.13522
mom-plain-top10-1m-ma200-cash6,cost,2015-01-01,2020-01-01,0.07430,-0.18012,0.16500,0.09410,0.09284,0.08594,0.15458,0.15373,0.14069
mom-plain-top10-1m-ma200-cash6,cost,2015-02-01,2020-02-01,0.06375,-0.18025,0.09479,0.07134,0.07114,0.06563,0.13652,0.13564,0.12424
mom-plain-top10-1m-ma200-cash6,cost,2015-03-01,2020-03-01,0.04897,-0.18025,-0.00595,0.06049,0.06049,0.05601,0.13332,0.13260,0.12133
mom-plain-top10-1m-ma200-cash6,cost,2015-04-01,2020-04-01,0.05312,-0.18019,0.02129,0.00513,0.00513,0.00513,0.07417,0.07417,0.06814
mom-plain-top10-1m-ma200-cash6,cost,2015-05-01,2020-05-01,0.06459,-0.18024,0.09863,0.05161,0.05161,0.04817,0.12195,0.12195,0.11103
mom-plain-top10-1m-ma200-cash6,cost,2015-06-01,2020-06-01,0.05969,-0.18014,0.06410,0.04456,0.04456,0.04195,0.10890,0.10890,0.09925
mom-plain-top10-1m-ma200-cash6,cost,2015-07-01,2020-07-01,0.05849,-0.18014,0.05437,0.05602,0.05602,0.05205,0.11517,0.11517,0.10490
mom-plain-top10-1m-ma200-cash6,cost,2015-08-01,2020-08-01,0.05338,-0.18041,0.01534,0.06667,0.06667,0.06148,0.11910,0.11818,0.10845
mom-plain-top10-1m-ma200-cash6,cost,2015-09-01,2020-09-01,0.06599,-0.18009,0.10700,0.09415,0.09397,0.08599,0.14390,0.14216,0.13095
mom-plain-top10-1m-ma200-cash6,cost,2015-10-01,2020-10-01,0.07094,-0.18032,0.14294,0.08855,0.08850,0.08097,0.13979,0.13762,0.12721
mom-plain-top10-1m-ma200-cash6,cost,2015-11-01,2020-11-01,0.06859,-0.18034,0.12504,0.08985,0.08934,0.08213,0.13774,0.13587,0.12535
mom-plain-top10-1m-ma200-cash6,cost,2015-12-01,2020-12-01,0.08151,-0.18014,0.21543,0.11915,0.11604,0.10849,0.15807,0.15486,0.14388
mom-plain-top10-1m-ma200-cash6,cost,2016-01-01,2021-01-01,0.09681,-0.18001,0.31789,0.13407,0.12958,0.12201,0.17356,0.16874,0.15806
mom-plain-top10-1m-ma200-cash6,cost,2016-02-01,2021-02-01,0.08669,-0.18041,0.24681,0.15030,0.14530,0.13678,0.18534,0.18061,0.16889
mom-plain-top10-1m-ma200-cash6,cost,2016-03-01,2021-03-01,0.10110,-0.18018,0.33746,0.16879,0.16300,0.15369,0.21366,0.20751,0.19502
mom-plain-top10-1m-ma200-cash6,cost,2016-04-01,2021-04-01,0.11690,-0.18007,0.42951,0.15484,0.14905,0.14093,0.21192,0.20483,0.19341
mom-plain-top10-1m-ma200-cash6,cost,2016-05-01,2021-05-01,0.12941,-0.18011,0.49105,0.14721,0.14177,0.13397,0.22144,0.21306,0.20223
mom-plain-top10-1m-ma200-cash6,cost,2016-06-01,2021-06-01,0.14230,-0.18007,0.56039,0.15209,0.14550,0.13842,0.22716,0.21791,0.20754
mom-plain-top10-1m-ma200-cash6,cost,2016-07-01,2021-07-01,0.13671,-0.18020,0.52674,0.14918,0.14247,0.13576,0.22948,0.21958,0.20969
mom-plain-top10-1m-ma200-cash6,cost,2016-08-01,2021-08-01,0.13409,-0.18026,0.50810,0.14201,0.13527,0.12923,0.21930,0.20877,0.20025
mom-plain-top10-1m-ma200-cash6,cost,2016-09-01,2021-09-01,0.13001,-0.18024,0.48476,0.15663,0.14844,0.14256,0.22392,0.21280,0.20453
mom-plain-top10-1m-ma200-cash6,cost,2016-10-01,2021-10-01,0.12751,-0.18046,0.47121,0.16709,0.15837,0.15213,0.22806,0.21664,0.20837
mom-plain-top10-1m-ma200-cash6,cost,2016-11-01,2021-11-01,0.14527,-0.18011,0.56534,0.17194,0.16281,0.15658,0.23496,0.22274,0.21478
mom-plain-top10-1m-ma200-cash6,cost,2016-12-01,2021-12-01,0.14305,-0.18025,0.55794,0.17392,0.16541,0.15839,0.24422,0.23222,0.22339
mom-plain-top10-1m-ma200-cash6,cost,2017-01-01,2022-01-01,0.15241,-0.18019,0.60643,0.17675,0.16803,0.16099,0.25612,0.24359,0.23448
mom-plain-top10-1m-ma200-cash6,cost,2017-02-01,2022-02-01,0.14825,-0.18027,0.57638,0.16503,0.15626,0.15025,0.21213,0.20066,0.19360
mom-plain-top10-1m-ma200-cash6,cost,2017-03-01,2022-03-01,0.14661,-0.18061,0.55768,0.14866,0.14075,0.13529,0.19967,0.18888,0.18209
mom-plain-top10-1m-ma200-cash6,cost,2017-04-01,2022-04-01,0.14210,-0.18083,0.53506,0.15423,0.14549,0.14037,0.20375,0.19213,0.18586
mom-plain-top10-1m-ma200-cash6,cost,2017-05-01,2022-05-01,0.12504,-0.18124,0.44174,0.14357,0.13545,0.13065,0.17957,0.16895,0.16358
mom-plain-top10-1m-ma200-cash6,cost,2017-06-01,2022-06-01,0.12631,-0.18138,0.45137,0.12885,0.12137,0.11728,0.16100,0.15184,0.14655
mom-plain-top10-1m-ma200-cash6,cost,2017-07-01,2022-07-01,0.12530,-0.18052,0.44586,0.11999,0.11334,0.10925,0.14102,0.13353,0.12833
mom-plain-top10-1m-ma200-cash6,cost,2017-08-01,2022-08-01,0.11124,-0.17989,0.37027,0.12777,0.11954,0.11630,0.15103,0.14158,0.13745
mom-plain-top10-1m-ma200-cash6,cost,2017-09-01,2022-09-01,0.11576,-0.17959,0.39699,0.13377,0.12527,0.12174,0.15532,0.14495,0.14137
mom-plain-top10-1m-ma200-cash6,cost,2017-10-01,2022-10-01,0.11346,-0.17951,0.38289,0.13204,0.12394,0.12017,0.15366,0.14353,0.13985
mom-plain-top10-1m-ma200-cash6,cost,2017-11-01,2022-11-01,0.09604,-0.17834,0.28672,0.13102,0.12205,0.11924,0.15299,0.14208,0.13924
mom-plain-top10-1m-ma200-cash6,cost,2017-12-01,2022-12-01,0.11085,-0.17885,0.37193,0.14628,0.13661,0.13312,0.16101,0.15003,0.14657
mom-plain-top10-1m-ma200-cash6,cost,2018-01-01,2023-01-01,0.09660,-0.20337,0.28950,0.13060,0.12168,0.11887,0.13565,0.12560,0.12345
mom-plain-top10-1m-ma200-cash6,cost,2018-02-01,2023-02-01,0.07841,-0.24568,0.18553,0.11224,0.10393,0.10225,0.12006,0.11116,0.10932
mom-plain-top10-1m-ma200-cash6,cost,2018-03-01,2023-03-01,0.08557,-0.25789,0.22650,0.12158,0.11257,0.11070,0.13079,0.12109,0.11903
mom-plain-top10-1m-ma200-cash6,cost,2018-04-01,2023-04-01,0.08609,-0.26863,0.22886,0.12753,0.11807,0.11608,0.13400,0.12407,0.12195
mom-plain-top10-1m-ma200-cash6,cost,2018-05-01,2023-05-01,0.07289,-0.26808,0.15341,0.12307,0.11394,0.11204,0.12873,0.11919,0.11717
mom-plain-top10-1m-ma200-cash6,cost,2018-06-01,2023-06-01,0.06746,-0.26831,0.12202,0.12930,0.11972,0.11769,0.14893,0.13796,0.13554
mom-plain-top10-1m-ma200-cash6,cost,2018-07-01,2023-07-01,0.07408,-0.26875,0.16086,0.13722,0.12706,0.12487,0.15801,0.14641,0.14382
mom-plain-top10-1m-ma200-cash6,cost,2018-08-01,2023-08-01,0.06764,-0.26867,0.12340,0.13027,0.12061,0.11856,0.15718,0.14564,0.14306
mom-plain-top10-1m-ma200-cash6,cost,2018-09-01,2023-09-01,0.06551,-0.26812,0.11004,0.12049,0.11155,0.10970,0.14800,0.13709,0.13469
mom-plain-top10-1m-ma200-cash6,cost,2018-10-01,2023-10-01,0.08224,-0.26843,0.20794,0.13610,0.12603,0.12386,0.17581,0.16305,0.16013
mom-plain-top10-1m-ma200-cash6,cost,2018-11-01,2023-11-01,0.09230,-0.26820,0.26893,0.14179,0.13132,0.12904,0.18193,0.16878,0.16575
mom-plain-top10-1m-ma200-cash6,cost,2018-12-01,2023-12-01,0.11569,-0.26791,0.40357,0.14615,0.13537,0.13300,0.20341,0.18895,0.18555
mom-plain-top10-1m-ma200-cash6,cost,2019-01-01,2024-01-01,0.13677,-0.26813,0.52446,0.16150,0.14968,0.14702,0.22122,0.20571,0.20202
mom-plain-top10-1m-ma200-cash6,cost,2019-02-01,2024-02-01,0.14005,-0.26791,0.54272,0.16137,0.14955,0.14690,0.22469,0.20899,0.20524
mom-plain-top10-1m-ma200-cash6,cost,2019-03-01,2024-03-01,0.16148,-0.26848,0.65560,0.16870,0.15640,0.15361,0.24141,0.22478,0.22078
mom-plain-top10-1m-ma200-cash6,cost,2019-04-01,2024-04-01,0.15574,-0.26800,0.61662,0.15319,0.14192,0.13942,0.23600,0.21967,0.21574
mom-plain-top10-1m-ma200-cash6,cost,2019-05-01,2024-05-01,0.15546,-0.26851,0.61399,0.15309,0.14184,0.13934,0.24122,0.22460,0.22060
mom-plain-top10-1m-ma200-cash6,cost,2019-06-01,2024-06-01,0.15357,-0.26852,0.60289,0.14946,0.13845,0.13601,0.25655,0.23911,0.23488
mom-plain-top10-1m-ma200-cash6,cost,2019-07-01,2024-07-01,0.16205,-0.26824,0.62189,0.16648,0.15432,0.15157,0.26814,0.25011,0.24570
mom-plain-top10-1m-ma200-cash6,cost,2019-08-01,2024-08-01,0.20623,-0.26857,0.84279,0.19261,0.17558,0.17558,0.30115,0.27662,0.27662
mom-plain-top10-1m-ma200-cash6,cost,2019-09-01,2024-09-01,0.20563,-0.26799,0.82927,0.19386,0.17674,0.17674,0.30252,0.27791,0.27791
mom-plain-top10-1m-ma200-cash6,cost,2019-10-01,2024-10-01,0.21202,-0.26832,0.85506,0.19193,0.17496,0.17496,0.29592,0.27172,0.27172
mom-plain-top10-1m-ma200-cash6,cost,2019-11-01,2024-11-01,0.18060,-0.26848,0.69946,0.16694,0.15200,0.15200,0.26574,0.24346,0.24346
mom-plain-top10-1m-ma200-cash6,cost,2019-12-01,2024-12-01,0.16626,-0.26847,0.62644,0.16218,0.14763,0.14763,0.25859,0.23678,0.23678
mom-plain-top10-1m-ma200-cash6,cost,2020-01-01,2025-01-01,0.16386,-0.26796,0.61473,0.15598,0.14197,0.14197,0.24390,0.22309,0.22309
mom-plain-top10-1m-ma200-cash6,cost,2020-02-01,2025-02-01,0.16295,-0.26878,0.61142,0.16380,0.14912,0.14912,0.21662,0.19777,0.19777
mom-plain-top10-1m-ma200-cash6,cost,2020-03-01,2025-03-01,0.17386,-0.26838,0.66760,0.15961,0.14529,0.14529,0.19321,0.17614,0.17614
mom-plain-top10-1m-ma200-cash6,cost,2020-04-01,2025-04-01,0.17350,-0.26857,0.66758,0.24335,0.22258,0.22258,0.26293,0.24083,0.24083
mom-plain-top10-1m-ma200-cash6,cost,2020-05-01,2025-05-01,0.17409,-0.26790,0.66845,0.21179,0.19329,0.19329,0.23579,0.21554,0.21554
mom-plain-top10-1m-ma200-cash6,cost,2020-06-01,2025-06-01,0.17988,-0.26852,0.69308,0.21702,0.19813,0.19813,0.24924,0.22807,0.22807
mom-plain-top10-1m-ma200-cash6,cost,2020-07-01,2025-07-01,0.19078,-0.26855,0.74391,0.21071,0.19229,0.19229,0.25087,0.22958,0.22958
mom-plain-top10-1m-ma200-cash6,cost,2020-08-01,2025-08-01,0.17258,-0.26861,0.65389,0.18700,0.17042,0.17042,0.21755,0.19862,0.19862
mom-plain-top10-1m-ma200-cash6,tax-dated,2008-02-01,2013-02-01,0.08692,-0.20350,0.22746,0.03592,0.03592,0.03438,0.02342,0.02342,0.02342
mom-plain-top10-1m-ma200-cash6,tax-dated,2008-03-01,2013-03-01,0.08909,-0.20360,0.24064,0.02970,0.02970,0.02895,0.02703,0.02703,0.02662
mom-plain-top10-1m-ma200-cash6,tax-dated,2008-04-01,2013-04-01,0.08969,-0.20358,0.24364,0.04945,0.04945,0.04626,0.07055,0.07055,0.06492
mom-plain-top10-1m-ma200-cash6,tax-dated,2008-05-01,2013-05-01,0.09390,-0.20357,0.26482,0.03953,0.03953,0.03755,0.05392,0.05392,0.05020
mom-plain-top10-1m-ma200-cash6,tax-dated,2008-06-01,2013-06-01,0.11395,-0.20381,0.36752,0.05429,0.05429,0.05052,0.07512,0.07512,0.06899
mom-plain-top10-1m-ma200-cash6,tax-dated,2008-07-01,2013-07-01,0.10476,-0.20392,0.32010,0.09942,0.09942,0.09072,0.14111,0.14111,0.12841
mom-plain-top10-1m-ma200-cash6,tax-dated,2008-08-01,2013-08-01,0.10694,-0.20383,0.33046,0.06611,0.06611,0.06098,0.09740,0.09740,0.08891
mom-plain-top10-1m-ma200-cash6,tax-dated,2008-09-01,2013-09-01,0.10699,-0.20389,0.33046,0.05936,0.05936,0.05500,0.09064,0.09064,0.08284
mom-plain-top10-1m-ma200-cash6,tax-dated,2008-10-01,2013-10-01,0.10695,-0.20385,0.33090,0.09178,0.09178,0.08387,0.13588,0.13588,0.12365
mom-plain-top10-1m-ma200-cash6,tax-dated,2008-11-01,2013-11-01,0.10654,-0.20381,0.32738,0.18313,0.18313,0.16685,0.22532,0.22532,0.20583
mom-plain-top10-1m-ma200-cash6,tax-dated,2008-12-01,2013-12-01,0.09928,-0.20376,0.29067,0.19549,0.19549,0.17824,0.22922,0.22922,0.20945
mom-plain-top10-1m-ma200-cash6,tax-dated,2009-01-01,2014-01-01,0.10886,-0.20396,0.33836,0.17089,0.17089,0.15561,0.20948,0.20948,0.19116
mom-plain-top10-1m-ma200-cash6,tax-dated,2009-02-01,2014-02-01,0.10936,-0.20371,0.33862,0.17517,0.17517,0.15955,0.21381,0.21381,0.19516
mom-plain-top10-1m-ma200-cash6,tax-dated,2009-03-01,2014-03-01,0.11530,-0.20390,0.36755,0.19168,0.19168,0.17472,0.22937,0.22937,0.20959
mom-plain-top10-1m-ma200-cash6,tax-dated,2009-04-01,2014-04-01,0.10510,-0.20373,0.31658,0.18381,0.18381,0.16748,0.21371,0.21371,0.19506
mom-plain-top10-1m-ma200-cash6,tax-dated,2009-05-01,2014-05-01,0.10568,-0.20398,0.31782,0.15333,0.15333,0.13955,0.20257,0.20257,0.18477
mom-plain-top10-1m-ma200-cash6,tax-dated,2009-06-01,2014-06-01,0.08599,-0.20156,0.22438,0.11085,0.11085,0.10101,0.17730,0.17730,0.16150
mom-plain-top10-1m-ma200-cash6,tax-dated,2009-07-01,2014-07-01,0.10720,-0.20204,0.34583,0.13287,0.13287,0.12092,0.19900,0.19900,0.18148
mom-plain-top10-1m-ma200-cash6,tax-dated,2009-08-01,2014-08-01,0.08148,-0.19821,0.20259,0.11721,0.11721,0.10674,0.17436,0.17436,0.15880
mom-plain-top10-1m-ma200-cash6,tax-dated,2009-09-01,2014-09-01,0.08774,-0.19669,0.24397,0.12994,0.12994,0.11827,0.19506,0.19506,0.17784
mom-plain-top10-1m-ma200-cash6,tax-dated,2009-10-01,2014-10-01,0.05652,-0.18800,0.05081,0.10646,0.10646,0.09705,0.18264,0.18264,0.16640
mom-plain-top10-1m-ma200-cash6,tax-dated,2009-11-01,2014-11-01,0.08013,-0.19433,0.19762,0.13380,0.13380,0.12177,0.20627,0.20627,0.18818
mom-plain-top10-1m-ma200-cash6,tax-dated,2009-12-01,2014-12-01,0.05792,-0.18509,0.05728,0.12120,0.12120,0.11035,0.19070,0.19070,0.17382
mom-plain-top10-1m-ma200-cash6,tax-dated,2010-01-01,2015-01-01,0.04055,-0.18275,-0.05969,0.11054,0.11054,0.10072,0.18516,0.18516,0.16873
mom-plain-top10-1m-ma200-cash6,tax-dated,2010-02-01,2015-02-01,0.06536,-0.18533,0.10358,0.13777,0.13777,0.12537,0.21229,0.21229,0.19376
mom-plain-top10-1m-ma200-cash6,tax-dated,2010-03-01,2015-03-01,0.05516,-0.18520,0.03344,0.13907,0.13907,0.12655,0.21651,0.21651,0.19766
mom-plain-top10-1m-ma200-cash6,tax-dated,2010-04-01,2015-04-01,0.05396,-0.18284,0.02851,0.11502,0.11502,0.10476,0.20785,0.20785,0.18964
mom-plain-top10-1m-ma200-cash6,tax-dated,2010-05-01,2015-05-01,0.04586,-0.18426,-0.02471,0.10475,0.10475,0.09551,0.19134,0.19134,0.17442
mom-plain-top10-1m-ma200-cash6,tax-dated,2010-06-01,2015-06-01,0.07366,-0.18528,0.15945,0.12480,0.12480,0.11361,0.21869,0.21869,0.19968
mom-plain-top10-1m-ma200-cash6,tax-dated,2010-07-01,2015-07-01,0.07774,-0.18523,0.18619,0.11287,0.11287,0.10283,0.21196,0.21196,0.19344
mom-plain-top10-1m-ma200-cash6,tax-dated,2010-08-01,2015-08-01,0.07695,-0.18515,0.18024,0.11037,0.11037,0.10057,0.21020,0.21020,0.19182
mom-plain-top10-1m-ma200-cash6,tax-dated,2010-09-01,2015-09-01,0.05921,-0.18522,0.06581,0.08597,0.08597,0.07867,0.17846,0.17846,0.16257
mom-plain-top10-1m-ma200-cash6,tax-dated,2010-10-01,2015-10-01,0.03785,-0.18184,-0.07608,0.06548,0.06548,0.06042,0.16966,0.16966,0.15448
mom-plain-top10-1m-ma200-cash6,tax-dated,2010-11-01,2015-11-01,0.03611,-0.18191,-0.09054,0.06942,0.06942,0.06392,0.15728,0.15728,0.14315
mom-plain-top10-1m-ma200-cash6,tax-dated,2010-12-01,2015-12-01,0.03542,-0.18170,-0.09861,0.07206,0.07206,0.06627,0.15550,0.15550,0.14153
mom-plain-top10-1m-ma200-cash6,tax-dated,2011-01-01,2016-01-01,0.03447,-0.18207,-0.10800,0.06603,0.06603,0.06091,0.16809,0.16809,0.15305
mom-plain-top10-1m-ma200-cash6,tax-dated,2011-02-01,2016-02-01,0.06079,-0.18507,0.07230,0.08148,0.08148,0.07466,0.18223,0.18223,0.16602
mom-plain-top10-1m-ma200-cash6,tax-dated,2011-03-01,2016-03-01,0.06070,-0.18536,0.07150,0.06761,0.06761,0.06231,0.16191,0.16191,0.14739
mom-plain-top10-1m-ma200-cash6,tax-dated,2011-04-01,2016-04-01,0.06054,-0.18507,0.07116,0.07054,0.07054,0.06492,0.16433,0.16433,0.14961
mom-plain-top10-1m-ma200-cash6,tax-dated,2011-05-01,2016-05-01,0.05777,-0.18207,0.04997,0.07708,0.07708,0.07074,0.16911,0.16911,0.15398
mom-plain-top10-1m-ma200-cash6,tax-dated,2011-06-01,2016-06-01,0.05706,-0.18219,0.04528,0.09211,0.09211,0.08416,0.17998,0.17998,0.16396
mom-plain-top10-1m-ma200-cash6,tax-dated,2011-07-01,2016-07-01,0.06202,-0.18232,0.08096,0.09468,0.09468,0.08647,0.18497,0.18497,0.16855
mom-plain-top10-1m-ma200-cash6,tax-dated,2011-08-01,2016-08-01,0.07368,-0.18216,0.16333,0.10716,0.10716,0.09768,0.20794,0.20794,0.18974
mom-plain-top10-1m-ma200-cash6,tax-dated,2011-09-01,2016-09-01,0.07940,-0.18230,0.20120,0.13264,0.13264,0.12071,0.23121,0.23121,0.21129
mom-plain-top10-1m-ma200-cash6,tax-dated,2011-10-01,2016-10-01,0.07609,-0.18221,0.17822,0.13102,0.13102,0.11924,0.23364,0.23364,0.21355
mom-plain-top10-1m-ma200-cash6,tax-dated,2011-11-01,2016-11-01,0.07789,-0.18227,0.19023,0.11765,0.11765,0.10714,0.22844,0.22844,0.20872
mom-plain-top10-1m-ma200-cash6,tax-dated,2011-12-01,2016-12-01,0.06714,-0.18218,0.11942,0.12024,0.12024,0.10948,0.22328,0.22328,0.20394
mom-plain-top10-1m-ma200-cash6,tax-dated,2012-01-01,2017-01-01,0.06246,-0.18185,0.08916,0.13479,0.13479,0.12266,0.23011,0.23011,0.21027
mom-plain-top10-1m-ma200-cash6,tax-dated,2012-02-01,2017-02-01,0.06600,-0.18235,0.11208,0.12078,0.12078,0.10997,0.24977,0.24977,0.22856
mom-plain-top10-1m-ma200-cash6,tax-dated,2012-03-01,2017-03-01,0.05380,-0.18003,0.03339,0.12244,0.12244,0.11148,0.24492,0.24492,0.22404
mom-plain-top10-1m-ma200-cash6,tax-dated,2012-04-01,2017-04-01,0.05553,-0.17111,0.04289,0.13020,0.13020,0.11850,0.24610,0.24610,0.22514
mom-plain-top10-1m-ma200-cash6,tax-dated,2012-05-01,2017-05-01,0.06296,-0.14000,0.09099,0.13543,0.13543,0.12325,0.25848,0.25848,0.23668
mom-plain-top10-1m-ma200-cash6,tax-dated,2012-06-01,2017-06-01,0.07840,-0.12628,0.19175,0.16115,0.16115,0.14670,0.27090,0.27090,0.24828
mom-plain-top10-1m-ma200-cash6,tax-dated,2012-07-01,2017-07-01,0.07684,-0.12625,0.18137,0.13879,0.13879,0.12631,0.25219,0.25219,0.23081
mom-plain-top10-1m-ma200-cash6,tax-dated,2012-08-01,2017-08-01,0.09320,-0.12611,0.28680,0.15452,0.15452,0.14064,0.26897,0.26897,0.24647
mom-plain-top10-1m-ma200-cash6,tax-dated,2012-09-01,2017-09-01,0.09651,-0.12625,0.30531,0.15048,0.15048,0.13695,0.27439,0.27439,0.25154
mom-plain-top10-1m-ma200-cash6,tax-dated,2012-10-01,2017-10-01,0.08248,-0.12631,0.21632,0.12709,0.12709,0.11568,0.25032,0.25032,0.22907
mom-plain-top10-1m-ma200-cash6,tax-dated,2012-11-01,2017-11-01,0.09657,-0.12632,0.30435,0.14469,0.14469,0.13167,0.26899,0.26899,0.24649
mom-plain-top10-1m-ma200-cash6,tax-dated,2012-12-01,2017-12-01,0.07258,-0.12599,0.15197,0.12840,0.12840,0.11687,0.24480,0.24480,0.22393
mom-plain-top10-1m-ma200-cash6,tax-dated,2013-01-01,2018-01-01,0.08505,-0.12626,0.23041,0.13251,0.13251,0.12060,0.25838,0.25838,0.23658
mom-plain-top10-1m-ma200-cash6,tax-dated,2013-02-01,2018-02-01,0.08663,-0.12630,0.24045,0.14308,0.14308,0.13021,0.26468,0.26468,0.24246
mom-plain-top10-1m-ma200-cash6,tax-dated,2013-03-01,2018-03-01,0.08580,-0.12653,0.23567,0.14232,0.14232,0.12951,0.26089,0.26089,0.23892
mom-plain-top10-1m-ma200-cash6,tax-dated,2013-04-01,2018-04-01,0.07980,-0.12611,0.19762,0.13557,0.13557,0.12338,0.25600,0.25600,0.23436
mom-plain-top10-1m-ma200-cash6,tax-dated,2013-05-01,2018-05-01,0.08930,-0.12624,0.25700,0.14039,0.14039,0.12776,0.26045,0.26045,0.23852
mom-plain-top10-1m-ma200-cash6,tax-dated,2013-06-01,2018-06-01,0.09113,-0.12633,0.26797,0.13701,0.13701,0.12468,0.24607,0.24607,0.22511
mom-plain-top10-1m-ma200-cash6,tax-dated,2013-07-01,2018-07-01,0.10019,-0.12613,0.32519,0.14080,0.14080,0.12813,0.24990,0.24990,0.22868
mom-plain-top10-1m-ma200-cash6,tax-dated,2013-08-01,2018-08-01,0.11414,-0.12611,0.41225,0.16077,0.16077,0.14635,0.26292,0.26266,0.24082
mom-plain-top10-1m-ma200-cash6,tax-dated,2013-09-01,2018-09-01,0.11855,-0.12639,0.43679,0.17846,0.17790,0.16256,0.29019,0.28860,0.26633
mom-plain-top10-1m-ma200-cash6,tax-dated,2013-10-01,2018-10-01,0.10406,-0.12627,0.34832,0.15170,0.15170,0.13806,0.25045,0.25045,0.22919
mom-plain-top10-1m-ma200-cash6,tax-dated,2013-11-01,2018-11-01,0.09245,-0.17993,0.27393,0.11865,0.11865,0.10804,0.21992,0.21992,0.20082
mom-plain-top10-1m-ma200-cash6,tax-dated,2013-12-01,2018-12-01,0.09659,-0.18003,0.29894,0.13388,0.13388,0.12185,0.23611,0.23611,0.21585
mom-plain-top10-1m-ma200-cash6,tax-dated,2014-01-01,2019-01-01,0.08589,-0.17996,0.23459,0.13007,0.13007,0.11839,0.22665,0.22665,0.20706
mom-plain-top10-1m-ma200-cash6,tax-dated,2014-02-01,2019-02-01,0.09572,-0.18008,0.29352,0.13747,0.13747,0.12510,0.23796,0.23796,0.21756
mom-plain-top10-1m-ma200-cash6,tax-dated,2014-03-01,2019-03-01,0.09067,-0.17997,0.26305,0.13018,0.13018,0.11848,0.22764,0.22764,0.20798
mom-plain-top10-1m-ma200-cash6,tax-dated,2014-04-01,2019-04-01,0.09919,-0.18008,0.31599,0.13094,0.13055,0.11917,0.23479,0.23418,0.21462
mom-plain-top10-1m-ma200-cash6,tax-dated,2014-05-01,2019-05-01,0.10208,-0.17998,0.33347,0.13329,0.13274,0.12131,0.23461,0.23348,0.21445
mom-plain-top10-1m-ma200-cash6,tax-dated,2014-06-01,2019-06-01,0.09995,-0.18015,0.31972,0.11935,0.11855,0.10868,0.21977,0.21903,0.20068
mom-plain-top10-1m-ma200-cash6,tax-dated,2014-07-01,2019-07-01,0.08853,-0.18007,0.25268,0.10598,0.10531,0.09661,0.19548,0.19488,0.17823
mom-plain-top10-1m-ma200-cash6,tax-dated,2014-08-01,2019-08-01,0.07026,-0.18007,0.13956,0.08985,0.08985,0.08214,0.17443,0.17443,0.15886
mom-plain-top10-1m-ma200-cash6,tax-dated,2014-09-01,2019-09-01,0.05668,-0.18003,0.05220,0.07909,0.07909,0.07253,0.15466,0.15466,0.14076
mom-plain-top10-1m-ma200-cash6,tax-dated,2014-10-01,2019-10-01,0.07187,-0.17999,0.15028,0.08775,0.08775,0.08026,0.16178,0.16178,0.14727
mom-plain-top10-1m-ma200-cash6,tax-dated,2014-11-01,2019-11-01,0.06834,-0.18016,0.12609,0.08786,0.08715,0.08036,0.15625,0.15613,0.14222
mom-plain-top10-1m-ma200-cash6,tax-dated,2014-12-01,2019-12-01,0.06217,-0.18027,0.08552,0.08482,0.08385,0.07764,0.14858,0.14820,0.13522
mom-plain-top10-1m-ma200-cash6,tax-dated,2015-01-01,2020-01-01,0.06810,-0.17993,0.12452,0.09410,0.09284,0.08594,0.15458,0.15373,0.14069
mom-plain-top10-1m-ma200-cash6,tax-dated,2015-02-01,2020-02-01,0.05900,-0.18007,0.06338,0.07134,0.07114,0.06563,0.13652,0.13564,0.12424
mom-plain-top10-1m-ma200-cash6,tax-dated,2015-03-01,2020-03-01,0.04634,-0.18025,-0.02343,0.06049,0.06049,0.05601,0.13332,0.13260,0.12133
mom-plain-top10-1m-ma200-cash6,tax-dated,2015-04-01,2020-04-01,0.05020,-0.18009,0.00129,0.00513,0.00513,0.00513,0.07417,0.07417,0.06814
mom-plain-top10-1m-ma200-cash6,tax-dated,2015-05-01,2020-05-01,0.06023,-0.18015,0.06846,0.05161,0.05161,0.04817,0.12195,0.12195,0.11103
mom-plain-top10-1m-ma200-cash6,tax-dated,2015-06-01,2020-06-01,0.05601,-0.17999,0.03797,0.04456,0.04456,0.04195,0.10890,0.10890,0.09925
mom-plain-top10-1m-ma200-cash6,tax-dated,2015-07-01,2020-07-01,0.05524,-0.18003,0.03085,0.05602,0.05602,0.05205,0.11517,0.11517,0.10490
mom-plain-top10-1m-ma200-cash6,tax-dated,2015-08-01,2020-08-01,0.05094,-0.18041,-0.00252,0.06667,0.06667,0.06148,0.11910,0.11818,0.10845
mom-plain-top10-1m-ma200-cash6,tax-dated,2015-09-01,2020-09-01,0.06140,-0.18018,0.07240,0.09415,0.09397,0.08599,0.14390,0.14216,0.13095
mom-plain-top10-1m-ma200-cash6,tax-dated,2015-10-01,2020-10-01,0.06556,-0.18010,0.10373,0.08855,0.08850,0.08097,0.13979,0.13762,0.12721
mom-plain-top10-1m-ma200-cash6,tax-dated,2015-11-01,2020-11-01,0.06350,-0.18004,0.08846,0.08985,0.08934,0.08213,0.13774,0.13587,0.12535
mom-plain-top10-1m-ma200-cash6,tax-dated,2015-12-01,2020-12-01,0.07431,-0.17999,0.16511,0.11915,0.11604,0.10849,0.15807,0.15486,0.14388
mom-plain-top10-1m-ma200-cash6,tax-dated,2016-01-01,2021-01-01,0.08746,-0.18020,0.25434,0.13407,0.12958,0.12201,0.17356,0.16874,0.15806
mom-plain-top10-1m-ma200-cash6,tax-dated,2016-02-01,2021-02-01,0.07911,-0.18006,0.19624,0.15030,0.14530,0.13678,0.18534,0.18061,0.16889
mom-plain-top10-1m-ma200-cash6,tax-dated,2016-03-01,2021-03-01,0.09142,-0.18013,0.27531,0.16879,0.16300,0.15369,0.21366,0.20751,0.19502
mom-plain-top10-1m-ma200-cash6,tax-dated,2016-04-01,2021-04-01,0.10554,-0.18020,0.36045,0.15484,0.14905,0.14093,0.21192,0.20483,0.19341
mom-plain-top10-1m-ma200-cash6,tax-dated,2016-05-01,2021-05-01,0.11625,-0.18003,0.41243,0.14721,0.14177,0.13397,0.22144,0.21306,0.20223
mom-plain-top10-1m-ma200-cash6,tax-dated,2016-06-01,2021-06-01,0.12662,-0.18008,0.46883,0.15209,0.14550,0.13842,0.22716,0.21791,0.20754
mom-plain-top10-1m-ma200-cash6,tax-dated,2016-07-01,2021-07-01,0.12278,-0.18003,0.44552,0.14918,0.14247,0.13576,0.22948,0.21958,0.20969
mom-plain-top10-1m-ma200-cash6,tax-dated,2016-08-01,2021-08-01,0.12061,-0.18026,0.42892,0.14201,0.13527,0.12923,0.21930,0.20877,0.20025
mom-plain-top10-1m-ma200-cash6,tax-dated,2016-09-01,2021-09-01,0.11753,-0.18024,0.41151,0.15663,0.14844,0.14256,0.22392,0.21280,0.20453
mom-plain-top10-1m-ma200-cash6,tax-dated,2016-10-01,2021-10-01,0.11822,-0.18046,0.41714,0.16709,0.15837,0.15213,0.22806,0.21664,0.20837
mom-plain-top10-1m-ma200-cash6,tax-dated,2016-11-01,2021-11-01,0.13520,-0.18011,0.51011,0.17194,0.16281,0.15658,0.23496,0.22274,0.21478
mom-plain-top10-1m-ma200-cash6,tax-dated,2016-12-01,2021-12-01,0.13563,-0.18025,0.51680,0.17392,0.16541,0.15839,0.24422,0.23222,0.22339
mom-plain-top10-1m-ma200-cash6,tax-dated,2017-01-01,2022-01-01,0.14370,-0.18019,0.55888,0.17675,0.16803,0.16099,0.25612,0.24359,0.23448
mom-plain-top10-1m-ma200-cash6,tax-dated,2017-02-01,2022-02-01,0.13973,-0.18027,0.53047,0.16503,0.15626,0.15025,0.21213,0.20066,0.19360
mom-plain-top10-1m-ma200-cash6,tax-dated,2017-03-01,2022-03-01,0.13945,-0.18065,0.52045,0.14866,0.14075,0.13529,0.19967,0.18888,0.18209
mom-plain-top10-1m-ma200-cash6,tax-dated,2017-04-01,2022-04-01,0.12794,-0.18083,0.45686,0.15423,0.14549,0.14037,0.20375,0.19213,0.18586
mom-plain-top10-1m-ma200-cash6,tax-dated,2017-05-01,2022-05-01,0.11173,-0.18941,0.36807,0.14357,0.13545,0.13065,0.17957,0.16895,0.16358
mom-plain-top10-1m-ma200-cash6,tax-dated,2017-06-01,2022-06-01,0.11160,-0.19928,0.36943,0.12885,0.12137,0.11728,0.16100,0.15184,0.14655
mom-plain-top10-1m-ma200-cash6,tax-dated,2017-07-01,2022-07-01,0.11097,-0.19916,0.36574,0.11999,0.11334,0.10925,0.14102,0.13353,0.12833
mom-plain-top10-1m-ma200-cash6,tax-dated,2017-08-01,2022-08-01,0.09892,-0.19906,0.30055,0.12777,0.11954,0.11630,0.15103,0.14158,0.13745
mom-plain-top10-1m-ma200-cash6,tax-dated,2017-09-01,2022-09-01,0.10365,-0.19887,0.32807,0.13377,0.12527,0.12174,0.15532,0.14495,0.14137
mom-plain-top10-1m-ma200-cash6,tax-dated,2017-10-01,2022-10-01,0.10119,-0.19890,0.31322,0.13204,0.12394,0.12017,0.15366,0.14353,0.13985
mom-plain-top10-1m-ma200-cash6,tax-dated,2017-11-01,2022-11-01,0.08543,-0.19888,0.22571,0.13102,0.12205,0.11924,0.15299,0.14208,0.13924
mom-plain-top10-1m-ma200-cash6,tax-dated,2017-12-01,2022-12-01,0.09719,-0.21415,0.29346,0.14628,0.13661,0.13312,0.16101,0.15003,0.14657
mom-plain-top10-1m-ma200-cash6,tax-dated,2018-01-01,2023-01-01,0.08474,-0.23780,0.22135,0.13060,0.12168,0.11887,0.13565,0.12560,0.12345
mom-plain-top10-1m-ma200-cash6,tax-dated,2018-02-01,2023-02-01,0.06667,-0.27795,0.11822,0.11224,0.10393,0.10225,0.12006,0.11116,0.10932
mom-plain-top10-1m-ma200-cash6,tax-dated,2018-03-01,2023-03-01,0.07213,-0.29021,0.14913,0.12158,0.11257,0.11070,0.13079,0.12109,0.11903
mom-plain-top10-1m-ma200-cash6,tax-dated,2018-04-01,2023-04-01,0.07272,-0.30028,0.15166,0.12753,0.11807,0.11608,0.13400,0.12407,0.12195
mom-plain-top10-1m-ma200-cash6,tax-dated,2018-05-01,2023-05-01,0.06051,-0.29994,0.08126,0.12307,0.11394,0.11204,0.12873,0.11919,0.11717
mom-plain-top10-1m-ma200-cash6,tax-dated,2018-06-01,2023-06-01,0.05581,-0.29988,0.05371,0.12930,0.11972,0.11769,0.14893,0.13796,0.13554
mom-plain-top10-1m-ma200-cash6,tax-dated,2018-07-01,2023-07-01,0.06319,-0.29986,0.09724,0.13722,0.12706,0.12487,0.15801,0.14641,0.14382
mom-plain-top10-1m-ma200-cash6,tax-dated,2018-08-01,2023-08-01,0.05815,-0.29525,0.06754,0.13027,0.12061,0.11856,0.15718,0.14564,0.14306
mom-plain-top10-1m-ma200-cash6,tax-dated,2018-09-01,2023-09-01,0.05602,-0.29433,0.05427,0.12049,0.11155,0.10970,0.14800,0.13709,0.13469
mom-plain-top10-1m-ma200-cash6,tax-dated,2018-10-01,2023-10-01,0.07176,-0.29774,0.14655,0.13610,0.12603,0.12386,0.17581,0.16305,0.16013
mom-plain-top10-1m-ma200-cash6,tax-dated,2018-11-01,2023-11-01,0.07953,-0.30009,0.19297,0.14179,0.13132,0.12904,0.18193,0.16878,0.16575
mom-plain-top10-1m-ma200-cash6,tax-dated,2018-12-01,2023-12-01,0.10253,-0.29994,0.32636,0.14615,0.13537,0.13300,0.20341,0.18895,0.18555
mom-plain-top10-1m-ma200-cash6,tax-dated,2019-01-01,2024-01-01,0.12087,-0.30005,0.43195,0.16150,0.14968,0.14702,0.22122,0.20571,0.20202
mom-plain-top10-1m-ma200-cash6,tax-dated,2019-02-01,2024-02-01,0.12384,-0.29919,0.44836,0.16137,0.14955,0.14690,0.22469,0.20899,0.20524
mom-plain-top10-1m-ma200-cash6,tax-dated,2019-03-01,2024-03-01,0.14239,-0.29989,0.54857,0.16870,0.15640,0.15361,0.24141,0.22478,0.22078
mom-plain-top10-1m-ma200-cash6,tax-dated,2019-04-01,2024-04-01,0.13549,-0.29862,0.50320,0.15319,0.14192,0.13942,0.23600,0.21967,0.21574
mom-plain-top10-1m-ma200-cash6,tax-dated,2019-05-01,2024-05-01,0.13545,-0.29749,0.50245,0.15309,0.14184,0.13934,0.24122,0.22460,0.22060
mom-plain-top10-1m-ma200-cash6,tax-dated,2019-06-01,2024-06-01,0.13552,-0.29542,0.50293,0.14946,0.13845,0.13601,0.25655,0.23911,0.23488
mom-plain-top10-1m-ma200-cash6,tax-dated,2019-07-01,2024-07-01,0.14083,-0.29569,0.51041,0.16648,0.15432,0.15157,0.26814,0.25011,0.24570
mom-plain-top10-1m-ma200-cash6,tax-dated,2019-08-01,2024-08-01,0.17990,-0.29979,0.70808,0.19261,0.17558,0.17558,0.30115,0.27662,0.27662
mom-plain-top10-1m-ma200-cash6,tax-dated,2019-09-01,2024-09-01,0.17964,-0.29996,0.69767,0.19386,0.17674,0.17674,0.30252,0.27791,0.27791
mom-plain-top10-1m-ma200-cash6,tax-dated,2019-10-01,2024-10-01,0.18810,-0.30005,0.73458,0.19193,0.17496,0.17496,0.29592,0.27172,0.27172
mom-plain-top10-1m-ma200-cash6,tax-dated,2019-11-01,2024-11-01,0.16298,-0.29995,0.61095,0.16694,0.15200,0.15200,0.26574,0.24346,0.24346
mom-plain-top10-1m-ma200-cash6,tax-dated,2019-12-01,2024-12-01,0.15057,-0.29965,0.54755,0.16218,0.14763,0.14763,0.25859,0.23678,0.23678
mom-plain-top10-1m-ma200-cash6,tax-dated,2020-01-01,2025-01-01,0.15025,-0.29968,0.54578,0.15598,0.14197,0.14197,0.24390,0.22309,0.22309
mom-plain-top10-1m-ma200-cash6,tax-dated,2020-02-01,2025-02-01,0.14981,-0.29884,0.54478,0.16380,0.14912,0.14912,0.21662,0.19777,0.19777
mom-plain-top10-1m-ma200-cash6,tax-dated,2020-03-01,2025-03-01,0.15939,-0.29981,0.59401,0.15961,0.14529,0.14529,0.19321,0.17614,0.17614
mom-plain-top10-1m-ma200-cash6,tax-dated,2020-04-01,2025-04-01,0.15360,-0.29992,0.56654,0.24335,0.22258,0.22258,0.26293,0.24083,0.24083
mom-plain-top10-1m-ma200-cash6,tax-dated,2020-05-01,2025-05-01,0.15364,-0.29965,0.56491,0.21179,0.19329,0.19329,0.23579,0.21554,0.21554
mom-plain-top10-1m-ma200-cash6,tax-dated,2020-06-01,2025-06-01,0.15811,-0.29986,0.58389,0.21702,0.19813,0.19813,0.24924,0.22807,0.22807
mom-plain-top10-1m-ma200-cash6,tax-dated,2020-07-01,2025-07-01,0.16641,-0.29993,0.62321,0.21071,0.19229,0.19229,0.25087,0.22958,0.22958
mom-plain-top10-1m-ma200-cash6,tax-dated,2020-08-01,2025-08-01,0.15216,-0.29987,0.55201,0.18700,0.17042,0.17042,0.21755,0.19862,0.19862
mom-plain-top10-1m-ma200-cash6,tax-today,2008-02-01,2013-02-01,0.08184,-0.21888,0.20215,0.03592,0.03592,0.03438,0.02342,0.02342,0.02342
mom-plain-top10-1m-ma200-cash6,tax-today,2008-03-01,2013-03-01,0.08362,-0.21899,0.21183,0.02970,0.02970,0.02895,0.02703,0.02703,0.02662
mom-plain-top10-1m-ma200-cash6,tax-today,2008-04-01,2013-04-01,0.08344,-0.21911,0.21092,0.04945,0.04945,0.04626,0.07055,0.07055,0.06492
mom-plain-top10-1m-ma200-cash6,tax-today,2008-05-01,2013-05-01,0.08771,-0.21898,0.23259,0.03953,0.03953,0.03755,0.05392,0.05392,0.05020
mom-plain-top10-1m-ma200-cash6,tax-today,2008-06-01,2013-06-01,0.10691,-0.21935,0.33070,0.05429,0.05429,0.05052,0.07512,0.07512,0.06899
mom-plain-top10-1m-ma200-cash6,tax-today,2008-07-01,2013-07-01,0.09805,-0.21924,0.28525,0.09942,0.09942,0.09072,0.14111,0.14111,0.12841
mom-plain-top10-1m-ma200-cash6,tax-today,2008-08-01,2013-08-01,0.10016,-0.21936,0.29542,0.06611,0.06611,0.06098,0.09740,0.09740,0.08891
mom-plain-top10-1m-ma200-cash6,tax-today,2008-09-01,2013-09-01,0.10025,-0.21931,0.29569,0.05936,0.05936,0.05500,0.09064,0.09064,0.08284
mom-plain-top10-1m-ma200-cash6,tax-today,2008-10-01,2013-10-01,0.10021,-0.21934,0.29608,0.09178,0.09178,0.08387,0.13588,0.13588,0.12365
mom-plain-top10-1m-ma200-cash6,tax-today,2008-11-01,2013-11-01,0.09978,-0.21936,0.29254,0.18313,0.18313,0.16685,0.22532,0.22532,0.20583
mom-plain-top10-1m-ma200-cash6,tax-today,2008-12-01,2013-12-01,0.09254,-0.21950,0.25596,0.19549,0.19549,0.17824,0.22922,0.22922,0.20945
mom-plain-top10-1m-ma200-cash6,tax-today,2009-01-01,2014-01-01,0.10199,-0.21929,0.30320,0.17089,0.17089,0.15561,0.20948,0.20948,0.19116
mom-plain-top10-1m-ma200-cash6,tax-today,2009-02-01,2014-02-01,0.10229,-0.21958,0.30269,0.17517,0.17517,0.15955,0.21381,0.21381,0.19516
mom-plain-top10-1m-ma200-cash6,tax-today,2009-03-01,2014-03-01,0.10794,-0.21939,0.33029,0.19168,0.19168,0.17472,0.22937,0.22937,0.20959
mom-plain-top10-1m-ma200-cash6,tax-today,2009-04-01,2014-04-01,0.09752,-0.21917,0.27838,0.18381,0.18381,0.16748,0.21371,0.21371,0.19506
mom-plain-top10-1m-ma200-cash6,tax-today,2009-05-01,2014-05-01,0.09794,-0.21943,0.27903,0.15333,0.15333,0.13955,0.20257,0.20257,0.18477
mom-plain-top10-1m-ma200-cash6,tax-today,2009-06-01,2014-06-01,0.07942,-0.21602,0.18860,0.11085,0.11085,0.10101,0.17730,0.17730,0.16150
mom-plain-top10-1m-ma200-cash6,tax-today,2009-07-01,2014-07-01,0.09930,-0.21680,0.30107,0.13287,0.13287,0.12092,0.19900,0.19900,0.18148
mom-plain-top10-1m-ma200-cash6,tax-today,2009-08-01,2014-08-01,0.07533,-0.21137,0.16652,0.11721,0.11721,0.10674,0.17436,0.17436,0.15880
mom-plain-top10-1m-ma200-cash6,tax-today,2009-09-01,2014-09-01,0.08131,-0.20939,0.20459,0.12994,0.12994,0.11827,0.19506,0.19506,0.17784
mom-plain-top10-1m-ma200-cash6,tax-today,2009-10-01,2014-10-01,0.05219,-0.19778,0.02397,0.10646,0.10646,0.09705,0.18264,0.18264,0.16640
mom-plain-top10-1m-ma200-cash6,tax-today,2009-11-01,2014-11-01,0.07425,-0.20631,0.16119,0.13380,0.13380,0.12177,0.20627,0.20627,0.18818
mom-plain-top10-1m-ma200-cash6,tax-today,2009-12-01,2014-12-01,0.05347,-0.18744,0.02846,0.12120,0.12120,0.11035,0.19070,0.19070,0.17382
mom-plain-top10-1m-ma200-cash6,tax-today,2010-01-01,2015-01-01,0.03739,-0.18395,-0.08075,0.11054,0.11054,0.10072,0.18516,0.18516,0.16873
mom-plain-top10-1m-ma200-cash6,tax-today,2010-02-01,2015-02-01,0.06040,-0.18705,0.07135,0.13777,0.13777,0.12537,0.21229,0.21229,0.19376
mom-plain-top10-1m-ma200-cash6,tax-today,2010-03-01,2015-03-01,0.05067,-0.18724,0.00293,0.13907,0.13907,0.12655,0.21651,0.21651,0.19766
mom-plain-top10-1m-ma200-cash6,tax-today,2010-04-01,2015-04-01,0.04943,-0.18378,-0.00130,0.11502,0.11502,0.10476,0.20785,0.20785,0.18964
mom-plain-top10-1m-ma200-cash6,tax-today,2010-05-01,2015-05-01,0.04143,-0.18624,-0.05421,0.10475,0.10475,0.09551,0.19134,0.19134,0.17442
mom-plain-top10-1m-ma200-cash6,tax-today,2010-06-01,2015-06-01,0.06768,-0.19043,0.11946,0.12480,0.12480,0.11361,0.21869,0.21869,0.19968
mom-plain-top10-1m-ma200-cash6,tax-today,2010-07-01,2015-07-01,0.07236,-0.19053,0.15068,0.11287,0.11287,0.10283,0.21196,0.21196,0.19344
mom-plain-top10-1m-ma200-cash6,tax-today,2010-08-01,2015-08-01,0.07147,-0.18741,0.14421,0.11037,0.11037,0.10057,0.21020,0.21020,0.19182
mom-plain-top10-1m-ma200-cash6,tax-today,2010-09-01,2015-09-01,0.05594,-0.18722,0.04458,0.08597,0.08597,0.07867,0.17846,0.17846,0.16257
mom-plain-top10-1m-ma200-cash6,tax-today,2010-10-01,2015-10-01,0.03561,-0.18271,-0.09114,0.06548,0.06548,0.06042,0.16966,0.16966,0.15448
mom-plain-top10-1m-ma200-cash6,tax-today,2010-11-01,2015-11-01,0.03406,-0.18252,-0.10473,0.06942,0.06942,0.06392,0.15728,0.15728,0.14315
mom-plain-top10-1m-ma200-cash6,tax-today,2010-12-01,2015-12-01,0.03317,-0.18252,-0.11429,0.07206,0.07206,0.06627,0.15550,0.15550,0.14153
mom-plain-top10-1m-ma200-cash6,tax-today,2011-01-01,2016-01-01,0.03203,-0.18264,-0.12510,0.06603,0.06603,0.06091,0.16809,0.16809,0.15305
mom-plain-top10-1m-ma200-cash6,tax-today,2011-02-01,2016-02-01,0.05796,-0.18714,0.05241,0.08148,0.08148,0.07466,0.18223,0.18223,0.16602
mom-plain-top10-1m-ma200-cash6,tax-today,2011-03-01,2016-03-01,0.05815,-0.18738,0.05359,0.06761,0.06761,0.06231,0.16191,0.16191,0.14739
mom-plain-top10-1m-ma200-cash6,tax-today,2011-04-01,2016-04-01,0.05655,-0.18700,0.04313,0.07054,0.07054,0.06492,0.16433,0.16433,0.14961
mom-plain-top10-1m-ma200-cash6,tax-today,2011-05-01,2016-05-01,0.05441,-0.18296,0.02578,0.07708,0.07708,0.07074,0.16911,0.16911,0.15398
mom-plain-top10-1m-ma200-cash6,tax-today,2011-06-01,2016-06-01,0.05400,-0.18307,0.02316,0.09211,0.09211,0.08416,0.17998,0.17998,0.16396
mom-plain-top10-1m-ma200-cash6,tax-today,2011-07-01,2016-07-01,0.05783,-0.18311,0.05119,0.09468,0.09468,0.08647,0.18497,0.18497,0.16855
mom-plain-top10-1m-ma200-cash6,tax-today,2011-08-01,2016-08-01,0.06917,-0.18303,0.13182,0.10716,0.10716,0.09768,0.20794,0.20794,0.18974
mom-plain-top10-1m-ma200-cash6,tax-today,2011-09-01,2016-09-01,0.07468,-0.18318,0.16899,0.13264,0.13264,0.12071,0.23121,0.23121,0.21129
mom-plain-top10-1m-ma200-cash6,tax-today,2011-10-01,2016-10-01,0.07077,-0.18307,0.14254,0.13102,0.13102,0.11924,0.23364,0.23364,0.21355
mom-plain-top10-1m-ma200-cash6,tax-today,2011-11-01,2016-11-01,0.07279,-0.18307,0.15638,0.11765,0.11765,0.10714,0.22844,0.22844,0.20872
mom-plain-top10-1m-ma200-cash6,tax-today,2011-12-01,2016-12-01,0.06229,-0.18299,0.08814,0.12024,0.12024,0.10948,0.22328,0.22328,0.20394
mom-plain-top10-1m-ma200-cash6,tax-today,2012-01-01,2017-01-01,0.05764,-0.18271,0.05827,0.13479,0.13479,0.12266,0.23011,0.23011,0.21027
mom-plain-top10-1m-ma200-cash6,tax-today,2012-02-01,2017-02-01,0.06184,-0.18313,0.08551,0.12078,0.12078,0.10997,0.24977,0.24977,0.22856
mom-plain-top10-1m-ma200-cash6,tax-today,2012-03-01,2017-03-01,0.05103,-0.18042,0.01533,0.12244,0.12244,0.11148,0.24492,0.24492,0.22404
mom-plain-top10-1m-ma200-cash6,tax-today,2012-04-01,2017-04-01,0.05260,-0.17111,0.02370,0.13020,0.13020,0.11850,0.24610,0.24610,0.22514
mom-plain-top10-1m-ma200-cash6,tax-today,2012-05-01,2017-05-01,0.05718,-0.14000,0.05323,0.13543,0.13543,0.12325,0.25848,0.25848,0.23668
mom-plain-top10-1m-ma200-cash6,tax-today,2012-06-01,2017-06-01,0.07202,-0.12617,0.15047,0.16115,0.16115,0.14670,0.27090,0.27090,0.24828
mom-plain-top10-1m-ma200-cash6,tax-today,2012-07-01,2017-07-01,0.07097,-0.12630,0.14358,0.13879,0.13879,0.12631,0.25219,0.25219,0.23081
mom-plain-top10-1m-ma200-cash6,tax-today,2012-08-01,2017-08-01,0.08595,-0.12626,0.24042,0.15452,0.15452,0.14064,0.26897,0.26897,0.24647
mom-plain-top10-1m-ma200-cash6,tax-today,2012-09-01,2017-09-01,0.08915,-0.12630,0.25880,0.15048,0.15048,0.13695,0.27439,0.27439,0.25154
mom-plain-top10-1m-ma200-cash6,tax-today,2012-10-01,2017-10-01,0.07596,-0.12629,0.17499,0.12709,0.12709,0.11568,0.25032,0.25032,0.22907
mom-plain-top10-1m-ma200-cash6,tax-today,2012-11-01,2017-11-01,0.08981,-0.12627,0.26205,0.14469,0.14469,0.13167,0.26899,0.26899,0.24649
mom-plain-top10-1m-ma200-cash6,tax-today,2012-12-01,2017-12-01,0.06723,-0.12618,0.11824,0.12840,0.12840,0.11687,0.24480,0.24480,0.22393
mom-plain-top10-1m-ma200-cash6,tax-today,2013-01-01,2018-01-01,0.07884,-0.12614,0.19158,0.13251,0.13251,0.12060,0.25838,0.25838,0.23658
mom-plain-top10-1m-ma200-cash6,tax-today,2013-02-01,2018-02-01,0.08069,-0.12636,0.20347,0.14308,0.14308,0.13021,0.26468,0.26468,0.24246
mom-plain-top10-1m-ma200-cash6,tax-today,2013-03-01,2018-03-01,0.07959,-0.12615,0.19696,0.14232,0.14232,0.12951,0.26089,0.26089,0.23892
mom-plain-top10-1m-ma200-cash6,tax-today,2013-04-01,2018-04-01,0.07361,-0.12629,0.15900,0.13557,0.13557,0.12338,0.25600,0.25600,0.23436
mom-plain-top10-1m-ma200-cash6,tax-today,2013-05-01,2018-05-01,0.08273,-0.12608,0.21619,0.14039,0.14039,0.12776,0.26045,0.26045,0.23852
mom-plain-top10-1m-ma200-cash6,tax-today,2013-06-01,2018-06-01,0.08386,-0.12618,0.22277,0.13701,0.13701,0.12468,0.24607,0.24607,0.22511
mom-plain-top10-1m-ma200-cash6,tax-today,2013-07-01,2018-07-01,0.09294,-0.12619,0.28005,0.14080,0.14080,0.12813,0.24990,0.24990,0.22868
mom-plain-top10-1m-ma200-cash6,tax-today,2013-08-01,2018-08-01,0.10640,-0.12623,0.36405,0.16077,0.16077,0.14635,0.26292,0.26266,0.24082
mom-plain-top10-1m-ma200-cash6,tax-today,2013-09-01,2018-09-01,0.11073,-0.12633,0.38837,0.17846,0.17790,0.16256,0.29019,0.28860,0.26633
mom-plain-top10-1m-ma200-cash6,tax-today,2013-10-01,2018-10-01,0.09679,-0.12634,0.30347,0.15170,0.15170,0.13806,0.25045,0.25045,0.22919
mom-plain-top10-1m-ma200-cash6,tax-today,2013-11-01,2018-11-01,0.08700,-0.17982,0.24097,0.11865,0.11865,0.10804,0.21992,0.21992,0.20082
mom-plain-top10-1m-ma200-cash6,tax-today,2013-12-01,2018-12-01,0.09041,-0.17982,0.26145,0.13388,0.13388,0.12185,0.23611,0.23611,0.21585
mom-plain-top10-1m-ma200-cash6,tax-today,2014-01-01,2019-01-01,0.08087,-0.17999,0.20398,0.13007,0.13007,0.11839,0.22665,0.22665,0.20706
mom-plain-top10-1m-ma200-cash6,tax-today,2014-02-01,2019-02-01,0.09014,-0.18003,0.25976,0.13747,0.13747,0.12510,0.23796,0.23796,0.21756
mom-plain-top10-1m-ma200-cash6,tax-today,2014-03-01,2019-03-01,0.08533,-0.17994,0.23064,0.13018,0.13018,0.11848,0.22764,0.22764,0.20798
mom-plain-top10-1m-ma200-cash6,tax-today,2014-04-01,2019-04-01,0.09225,-0.18013,0.27384,0.13094,0.13055,0.11917,0.23479,0.23418,0.21462
mom-plain-top10-1m-ma200-cash6,tax-today,2014-05-01,2019-05-01,0.09500,-0.18001,0.29053,0.13329,0.13274,0.12131,0.23461,0.23348,0.21445
mom-plain-top10-1m-ma200-cash6,tax-today,2014-06-01,2019-06-01,0.09241,-0.17998,0.27412,0.11935,0.11855,0.10868,0.21977,0.21903,0.20068
mom-plain-top10-1m-ma200-cash6,tax-today,2014-07-01,2019-07-01,0.07975,-0.17991,0.19860,0.10598,0.10531,0.09661,0.19548,0.19488,0.17823
mom-plain-top10-1m-ma200-cash6,tax-today,2014-08-01,2019-08-01,0.06402,-0.17989,0.10064,0.08985,0.08985,0.08214,0.17443,0.17443,0.15886
mom-plain-top10-1m-ma200-cash6,tax-today,2014-09-01,2019-09-01,0.05225,-0.17987,0.02388,0.07909,0.07909,0.07253,0.15466,0.15466,0.14076
mom-plain-top10-1m-ma200-cash6,tax-today,2014-10-01,2019-10-01,0.06667,-0.18005,0.11669,0.08775,0.08775,0.08026,0.16178,0.16178,0.14727
mom-plain-top10-1m-ma200-cash6,tax-today,2014-11-01,2019-11-01,0.06305,-0.17995,0.09174,0.08786,0.08715,0.08036,0.15625,0.15613,0.14222
mom-plain-top10-1m-ma200-cash6,tax-today,2014-12-01,2019-12-01,0.05734,-0.18017,0.05398,0.08482,0.08385,0.07764,0.14858,0.14820,0.13522
mom-plain-top10-1m-ma200-cash6,tax-today,2015-01-01,2020-01-01,0.06291,-0.17980,0.09052,0.09410,0.09284,0.08594,0.15458,0.15373,0.14069
mom-plain-top10-1m-ma200-cash6,tax-today,2015-02-01,2020-02-01,0.05423,-0.18001,0.03185,0.07134,0.07114,0.06563,0.13652,0.13564,0.12424
mom-plain-top10-1m-ma200-cash6,tax-today,2015-03-01,2020-03-01,0.04225,-0.18002,-0.05113,0.06049,0.06049,0.05601,0.13332,0.13260,0.12133
mom-plain-top10-1m-ma200-cash6,tax-today,2015-04-01,2020-04-01,0.04563,-0.17989,-0.03012,0.00513,0.00513,0.00513,0.07417,0.07417,0.06814
mom-plain-top10-1m-ma200-cash6,tax-today,2015-05-01,2020-05-01,0.05501,-0.17994,0.03225,0.05161,0.05161,0.04817,0.12195,0.12195,0.11103
mom-plain-top10-1m-ma200-cash6,tax-today,2015-06-01,2020-06-01,0.05130,-0.17994,0.00442,0.04456,0.04456,0.04195,0.10890,0.10890,0.09925
mom-plain-top10-1m-ma200-cash6,tax-today,2015-07-01,2020-07-01,0.05077,-0.17965,-0.00149,0.05602,0.05602,0.05205,0.11517,0.11517,0.10490
mom-plain-top10-1m-ma200-cash6,tax-today,2015-08-01,2020-08-01,0.04706,-0.18004,-0.03106,0.06667,0.06667,0.06148,0.11910,0.11818,0.10845
mom-plain-top10-1m-ma200-cash6,tax-today,2015-09-01,2020-09-01,0.05679,-0.17996,0.03769,0.09415,0.09397,0.08599,0.14390,0.14216,0.13095
mom-plain-top10-1m-ma200-cash6,tax-today,2015-10-01,2020-10-01,0.06087,-0.18008,0.06948,0.08855,0.08850,0.08097,0.13979,0.13762,0.12721
mom-plain-top10-1m-ma200-cash6,tax-today,2015-11-01,2020-11-01,0.05908,-0.17996,0.05659,0.08985,0.08934,0.08213,0.13774,0.13587,0.12535
mom-plain-top10-1m-ma200-cash6,tax-today,2015-12-01,2020-12-01,0.06880,-0.17989,0.12635,0.11915,0.11604,0.10849,0.15807,0.15486,0.14388
mom-plain-top10-1m-ma200-cash6,tax-today,2016-01-01,2021-01-01,0.08145,-0.17981,0.21321,0.13407,0.12958,0.12201,0.17356,0.16874,0.15806
mom-plain-top10-1m-ma200-cash6,tax-today,2016-02-01,2021-02-01,0.07357,-0.17999,0.15900,0.15030,0.14530,0.13678,0.18534,0.18061,0.16889
mom-plain-top10-1m-ma200-cash6,tax-today,2016-03-01,2021-03-01,0.08503,-0.17996,0.23368,0.16879,0.16300,0.15369,0.21366,0.20751,0.19502
mom-plain-top10-1m-ma200-cash6,tax-today,2016-04-01,2021-04-01,0.09896,-0.17985,0.31903,0.15484,0.14905,0.14093,0.21192,0.20483,0.19341
mom-plain-top10-1m-ma200-cash6,tax-today,2016-05-01,2021-05-01,0.10865,-0.17998,0.36658,0.14721,0.14177,0.13397,0.22144,0.21306,0.20223
mom-plain-top10-1m-ma200-cash6,tax-today,2016-06-01,2021-06-01,0.11829,-0.17991,0.41929,0.15209,0.14550,0.13842,0.22716,0.21791,0.20754
mom-plain-top10-1m-ma200-cash6,tax-today,2016-07-01,2021-07-01,0.11519,-0.17998,0.40063,0.14918,0.14247,0.13576,0.22948,0.21958,0.20969
mom-plain-top10-1m-ma200-cash6,tax-today,2016-08-01,2021-08-01,0.11368,-0.18011,0.38808,0.14201,0.13527,0.12923,0.21930,0.20877,0.20025
mom-plain-top10-1m-ma200-cash6,tax-today,2016-09-01,2021-09-01,0.11082,-0.17993,0.37228,0.15663,0.14844,0.14256,0.22392,0.21280,0.20453
mom-plain-top10-1m-ma200-cash6,tax-today,2016-10-01,2021-10-01,0.11353,-0.18033,0.38993,0.16709,0.15837,0.15213,0.22806,0.21664,0.20837
mom-plain-top10-1m-ma200-cash6,tax-today,2016-11-01,2021-11-01,0.12955,-0.17995,0.47827,0.17194,0.16281,0.15658,0.23496,0.22274,0.21478
mom-plain-top10-1m-ma200-cash6,tax-today,2016-12-01,2021-12-01,0.13062,-0.18025,0.48849,0.17392,0.16541,0.15839,0.24422,0.23222,0.22339
mom-plain-top10-1m-ma200-cash6,tax-today,2017-01-01,2022-01-01,0.13835,-0.17998,0.52904,0.17675,0.16803,0.16099,0.25612,0.24359,0.23448
mom-plain-top10-1m-ma200-cash6,tax-today,2017-02-01,2022-02-01,0.13414,-0.18015,0.49975,0.16503,0.15626,0.15025,0.21213,0.20066,0.19360
mom-plain-top10-1m-ma200-cash6,tax-today,2017-03-01,2022-03-01,0.13479,-0.18050,0.49544,0.14866,0.14075,0.13529,0.19967,0.18888,0.18209
mom-plain-top10-1m-ma200-cash6,tax-today,2017-04-01,2022-04-01,0.12225,-0.18077,0.42523,0.15423,0.14549,0.14037,0.20375,0.19213,0.18586
mom-plain-top10-1m-ma200-cash6,tax-today,2017-05-01,2022-05-01,0.10687,-0.19814,0.34098,0.14357,0.13545,0.13065,0.17957,0.16895,0.16358
mom-plain-top10-1m-ma200-cash6,tax-today,2017-06-01,2022-06-01,0.10584,-0.20759,0.33722,0.12885,0.12137,0.11728,0.16100,0.15184,0.14655
mom-plain-top10-1m-ma200-cash6,tax-today,2017-07-01,2022-07-01,0.10570,-0.20769,0.33598,0.11999,0.11334,0.10925,0.14102,0.13353,0.12833
mom-plain-top10-1m-ma200-cash6,tax-today,2017-08-01,2022-08-01,0.09457,-0.20716,0.27585,0.12777,0.11954,0.11630,0.15103,0.14158,0.13745
mom-plain-top10-1m-ma200-cash6,tax-today,2017-09-01,2022-09-01,0.09903,-0.20692,0.30183,0.13377,0.12527,0.12174,0.15532,0.14495,0.14137
mom-plain-top10-1m-ma200-cash6,tax-today,2017-10-01,2022-10-01,0.09694,-0.20722,0.28902,0.13204,0.12394,0.12017,0.15366,0.14353,0.13985
mom-plain-top10-1m-ma200-cash6,tax-today,2017-11-01,2022-11-01,0.08169,-0.20684,0.20426,0.13102,0.12205,0.11924,0.15299,0.14208,0.13924
mom-plain-top10-1m-ma200-cash6,tax-today,2017-12-01,2022-12-01,0.09248,-0.22189,0.26629,0.14628,0.13661,0.13312,0.16101,0.15003,0.14657
mom-plain-top10-1m-ma200-cash6,tax-today,2018-01-01,2023-01-01,0.08069,-0.24607,0.19810,0.13060,0.12168,0.11887,0.13565,0.12560,0.12345
mom-plain-top10-1m-ma200-cash6,tax-today,2018-02-01,2023-02-01,0.06251,-0.28558,0.09447,0.11224,0.10393,0.10225,0.12006,0.11116,0.10932
mom-plain-top10-1m-ma200-cash6,tax-today,2018-03-01,2023-03-01,0.06764,-0.29739,0.12336,0.12158,0.11257,0.11070,0.13079,0.12109,0.11903
mom-plain-top10-1m-ma200-cash6,tax-today,2018-04-01,2023-04-01,0.06813,-0.30728,0.12524,0.12753,0.11807,0.11608,0.13400,0.12407,0.12195
mom-plain-top10-1m-ma200-cash6,tax-today,2018-05-01,2023-05-01,0.05680,-0.30715,0.05989,0.12307,0.11394,0.11204,0.12873,0.11919,0.11717
mom-plain-top10-1m-ma200-cash6,tax-today,2018-06-01,2023-06-01,0.05262,-0.30727,0.03531,0.12930,0.11972,0.11769,0.14893,0.13796,0.13554
mom-plain-top10-1m-ma200-cash6,tax-today,2018-07-01,2023-07-01,0.06033,-0.30685,0.08069,0.13722,0.12706,0.12487,0.15801,0.14641,0.14382
mom-plain-top10-1m-ma200-cash6,tax-today,2018-08-01,2023-08-01,0.05603,-0.30086,0.05527,0.13027,0.12061,0.11856,0.15718,0.14564,0.14306
mom-plain-top10-1m-ma200-cash6,tax-today,2018-09-01,2023-09-01,0.05423,-0.29878,0.04384,0.12049,0.11155,0.10970,0.14800,0.13709,0.13469
mom-plain-top10-1m-ma200-cash6,tax-today,2018-10-01,2023-10-01,0.06939,-0.30424,0.13280,0.13610,0.12603,0.12386,0.17581,0.16305,0.16013
mom-plain-top10-1m-ma200-cash6,tax-today,2018-11-01,2023-11-01,0.07664,-0.30679,0.17583,0.14179,0.13132,0.12904,0.18193,0.16878,0.16575
mom-plain-top10-1m-ma200-cash6,tax-today,2018-12-01,2023-12-01,0.09963,-0.30669,0.30910,0.14615,0.13537,0.13300,0.20341,0.18895,0.18555
mom-plain-top10-1m-ma200-cash6,tax-today,2019-01-01,2024-01-01,0.11684,-0.30678,0.40802,0.16150,0.14968,0.14702,0.22122,0.20571,0.20202
mom-plain-top10-1m-ma200-cash6,tax-today,2019-02-01,2024-02-01,0.11955,-0.30680,0.42290,0.16137,0.14955,0.14690,0.22469,0.20899,0.20524
mom-plain-top10-1m-ma200-cash6,tax-today,2019-03-01,2024-03-01,0.13735,-0.30675,0.51915,0.16870,0.15640,0.15361,0.24141,0.22478,0.22078
mom-plain-top10-1m-ma200-cash6,tax-today,2019-04-01,2024-04-01,0.13086,-0.30477,0.47627,0.15319,0.14192,0.13942,0.23600,0.21967,0.21574
mom-plain-top10-1m-ma200-cash6,tax-today,2019-05-01,2024-05-01,0.13034,-0.30387,0.47302,0.15309,0.14184,0.13934,0.24122,0.22460,0.22060
mom-plain-top10-1m-ma200-cash6,tax-today,2019-06-01,2024-06-01,0.13164,-0.30103,0.48069,0.14946,0.13845,0.13601,0.25655,0.23911,0.23488
mom-plain-top10-1m-ma200-cash6,tax-today,2019-07-01,2024-07-01,0.13588,-0.30109,0.48361,0.16648,0.15432,0.15157,0.26814,0.25011,0.24570
mom-plain-top10-1m-ma200-cash6,tax-today,2019-08-01,2024-08-01,0.17651,-0.30715,0.68959,0.19261,0.17558,0.17558,0.30115,0.27662,0.27662
mom-plain-top10-1m-ma200-cash6,tax-today,2019-09-01,2024-09-01,0.17642,-0.30665,0.68036,0.19386,0.17674,0.17674,0.30252,0.27791,0.27791
mom-plain-top10-1m-ma200-cash6,tax-today,2019-10-01,2024-10-01,0.18493,-0.30665,0.71778,0.19193,0.17496,0.17496,0.29592,0.27172,0.27172
mom-plain-top10-1m-ma200-cash6,tax-today,2019-11-01,2024-11-01,0.16019,-0.30680,0.59615,0.16694,0.15200,0.15200,0.26574,0.24346,0.24346
mom-plain-top10-1m-ma200-cash6,tax-today,2019-12-01,2024-12-01,0.14804,-0.30715,0.53418,0.16218,0.14763,0.14763,0.25859,0.23678,0.23678
mom-plain-top10-1m-ma200-cash6,tax-today,2020-01-01,2025-01-01,0.14827,-0.30587,0.53530,0.15598,0.14197,0.14197,0.24390,0.22309,0.22309
mom-plain-top10-1m-ma200-cash6,tax-today,2020-02-01,2025-02-01,0.14741,-0.30544,0.53200,0.16380,0.14912,0.14912,0.21662,0.19777,0.19777
mom-plain-top10-1m-ma200-cash6,tax-today,2020-03-01,2025-03-01,0.15670,-0.30680,0.57968,0.15961,0.14529,0.14529,0.19321,0.17614,0.17614
mom-plain-top10-1m-ma200-cash6,tax-today,2020-04-01,2025-04-01,0.15058,-0.30669,0.55045,0.24335,0.22258,0.22258,0.26293,0.24083,0.24083
mom-plain-top10-1m-ma200-cash6,tax-today,2020-05-01,2025-05-01,0.15062,-0.30657,0.54904,0.21179,0.19329,0.19329,0.23579,0.21554,0.21554
mom-plain-top10-1m-ma200-cash6,tax-today,2020-06-01,2025-06-01,0.15487,-0.30705,0.56696,0.21702,0.19813,0.19813,0.24924,0.22807,0.22807
mom-plain-top10-1m-ma200-cash6,tax-today,2020-07-01,2025-07-01,0.16335,-0.30696,0.60711,0.21071,0.19229,0.19229,0.25087,0.22958,0.22958
mom-plain-top10-1m-ma200-cash6,tax-today,2020-08-01,2025-08-01,0.14905,-0.30639,0.53602,0.18700,0.17042,0.17042,0.21755,0.19862,0.19862
mom-plain-top20-6m-ma200-cash6,cost,2008-02-01,2013-02-01,0.03246,-0.39375,-0.08033,0.03592,0.03592,0.03438,0.02342,0.02342,0.02342
mom-plain-top20-6m-ma200-cash6,cost,2008-03-01,2013-03-01,0.12100,-0.12301,0.50056,0.02970,0.02970,0.02895,0.02703,0.02703,0.02662
mom-plain-top20-6m-ma200-cash6,cost,2008-04-01,2013-04-01,0.11719,-0.12296,0.47143,0.04945,0.04945,0.04626,0.07055,0.07055,0.06492
mom-plain-top20-6m-ma200-cash6,cost,2008-05-01,2013-05-01,0.05996,-0.29483,0.06869,0.03953,0.03953,0.03755,0.05392,0.05392,0.05020
mom-plain-top20-6m-ma200-cash6,cost,2008-06-01,2013-06-01,0.13280,-0.12306,0.56554,0.05429,0.05429,0.05052,0.07512,0.07512,0.06899
mom-plain-top20-6m-ma200-cash6,cost,2008-07-01,2013-07-01,0.12856,-0.12300,0.53205,0.09942,0.09942,0.09072,0.14111,0.14111,0.12841
mom-plain-top20-6m-ma200-cash6,cost,2008-08-01,2013-08-01,0.12874,-0.12302,0.53063,0.06611,0.06611,0.06098,0.09740,0.09740,0.08891
mom-plain-top20-6m-ma200-cash6,cost,2008-09-01,2013-09-01,0.11765,-0.13048,0.44815,0.05936,0.05936,0.05500,0.09064,0.09064,0.08284
mom-plain-top20-6m-ma200-cash6,cost,2008-10-01,2013-10-01,0.13167,-0.13029,0.52911,0.09178,0.09178,0.08387,0.13588,0.13588,0.12365
mom-plain-top20-6m-ma200-cash6,cost,2008-11-01,2013-11-01,0.14671,-0.13035,0.61494,0.18313,0.18313,0.16685,0.22532,0.22532,0.20583
mom-plain-top20-6m-ma200-cash6,cost,2008-12-01,2013-12-01,0.14013,-0.13033,0.57226,0.19549,0.19549,0.17824,0.22922,0.22922,0.20945
mom-plain-top20-6m-ma200-cash6,cost,2009-01-01,2014-01-01,0.14321,-0.13046,0.58853,0.17089,0.17089,0.15561,0.20948,0.20948,0.19116
mom-plain-top20-6m-ma200-cash6,cost,2009-02-01,2014-02-01,0.13904,-0.13041,0.55897,0.17517,0.17517,0.15955,0.21381,0.21381,0.19516
mom-plain-top20-6m-ma200-cash6,cost,2009-03-01,2014-03-01,0.14654,-0.13034,0.60208,0.19168,0.19168,0.17472,0.22937,0.22937,0.20959
mom-plain-top20-6m-ma200-cash6,cost,2009-04-01,2014-04-01,0.15112,-0.13025,0.62783,0.18381,0.18381,0.16748,0.21371,0.21371,0.19506
mom-plain-top20-6m-ma200-cash6,cost,2009-05-01,2014-05-01,0.17735,-0.14727,0.70241,0.15333,0.15333,0.13955,0.20257,0.20257,0.18477
mom-plain-top20-6m-ma200-cash6,cost,2009-06-01,2014-06-01,0.15322,-0.15313,0.60956,0.11085,0.11085,0.10101,0.17730,0.17730,0.16150
mom-plain-top20-6m-ma200-cash6,cost,2009-07-01,2014-07-01,0.17999,-0.13036,0.78530,0.13287,0.13287,0.12092,0.19900,0.19900,0.18148
mom-plain-top20-6m-ma200-cash6,cost,2009-08-01,2014-08-01,0.17425,-0.13041,0.74510,0.11721,0.11721,0.10674,0.17436,0.17436,0.15880
mom-plain-top20-6m-ma200-cash6,cost,2009-09-01,2014-09-01,0.18867,-0.13029,0.84975,0.12994,0.12994,0.11827,0.19506,0.19506,0.17784
mom-plain-top20-6m-ma200-cash6,cost,2009-10-01,2014-10-01,0.15449,-0.13040,0.65672,0.10646,0.10646,0.09705,0.18264,0.18264,0.16640
mom-plain-top20-6m-ma200-cash6,cost,2009-11-01,2014-11-01,0.19332,-0.13042,0.89828,0.13380,0.13380,0.12177,0.20627,0.20627,0.18818
mom-plain-top20-6m-ma200-cash6,cost,2009-12-01,2014-12-01,0.16222,-0.13048,0.73263,0.12120,0.12120,0.11035,0.19070,0.19070,0.17382
mom-plain-top20-6m-ma200-cash6,cost,2010-01-01,2015-01-01,0.14351,-0.13026,0.61666,0.11054,0.11054,0.10072,0.18516,0.18516,0.16873
mom-plain-top20-6m-ma200-cash6,cost,2010-02-01,2015-02-01,0.17019,-0.13034,0.77210,0.13777,0.13777,0.12537,0.21229,0.21229,0.19376
mom-plain-top20-6m-ma200-cash6,cost,2010-03-01,2015-03-01,0.15828,-0.13034,0.70306,0.13907,0.13907,0.12655,0.21651,0.21651,0.19766
mom-plain-top20-6m-ma200-cash6,cost,2010-04-01,2015-04-01,0.15024,-0.13044,0.65170,0.11502,0.11502,0.10476,0.20785,0.20785,0.18964
mom-plain-top20-6m-ma200-cash6,cost,2010-05-01,2015-05-01,0.13778,-0.13020,0.56901,0.10475,0.10475,0.09551,0.19134,0.19134,0.17442
mom-plain-top20-6m-ma200-cash6,cost,2010-06-01,2015-06-01,0.15633,-0.13026,0.70568,0.12480,0.12480,0.11361,0.21869,0.21869,0.19968
mom-plain-top20-6m-ma200-cash6,cost,2010-07-01,2015-07-01,0.15553,-0.13030,0.69419,0.11287,0.11287,0.10283,0.21196,0.21196,0.19344
mom-plain-top20-6m-ma200-cash6,cost,2010-08-01,2015-08-01,0.15292,-0.13027,0.67300,0.11037,0.11037,0.10057,0.21020,0.21020,0.19182
mom-plain-top20-6m-ma200-cash6,cost,2010-09-01,2015-09-01,0.12715,-0.13763,0.50197,0.08597,0.08597,0.07867,0.17846,0.17846,0.16257
mom-plain-top20-6m-ma200-cash6,cost,2010-10-01,2015-10-01,0.10742,-0.13720,0.37782,0.06548,0.06548,0.06042,0.16966,0.16966,0.15448
mom-plain-top20-6m-ma200-cash6,cost,2010-11-01,2015-11-01,0.10309,-0.15858,0.35254,0.06942,0.06942,0.06392,0.15728,0.15728,0.14315
mom-plain-top20-6m-ma200-cash6,cost,2010-12-01,2015-12-01,0.09993,-0.13050,0.33553,0.07206,0.07206,0.06627,0.15550,0.15550,0.14153
mom-plain-top20-6m-ma200-cash6,cost,2011-01-01,2016-01-01,0.09924,-0.13027,0.33082,0.06603,0.06603,0.06091,0.16809,0.16809,0.15305
mom-plain-top20-6m-ma200-cash6,cost,2011-02-01,2016-02-01,0.11620,-0.13036,0.47487,0.08148,0.08148,0.07466,0.18223,0.18223,0.16602
mom-plain-top20-6m-ma200-cash6,cost,2011-03-01,2016-03-01,0.11630,-0.13044,0.47538,0.06761,0.06761,0.06231,0.16191,0.16191,0.14739
mom-plain-top20-6m-ma200-cash6,cost,2011-04-01,2016-04-01,0.11004,-0.13031,0.41928,0.07054,0.07054,0.06492,0.16433,0.16433,0.14961
mom-plain-top20-6m-ma200-cash6,cost,2011-05-01,2016-05-01,0.11656,-0.13032,0.47749,0.07708,0.07708,0.07074,0.16911,0.16911,0.15398
mom-plain-top20-6m-ma200-cash6,cost,2011-06-01,2016-06-01,0.11652,-0.13031,0.47807,0.09211,0.09211,0.08416,0.17998,0.17998,0.16396
mom-plain-top20-6m-ma200-cash6,cost,2011-07-01,2016-07-01,0.11570,-0.13054,0.47218,0.09468,0.09468,0.08647,0.18497,0.18497,0.16855
mom-plain-top20-6m-ma200-cash6,cost,2011-08-01,2016-08-01,0.12842,-0.13037,0.56187,0.10716,0.10716,0.09768,0.20794,0.20794,0.18974
mom-plain-top20-6m-ma200-cash6,cost,2011-09-01,2016-09-01,0.13428,-0.13029,0.59699,0.13264,0.13264,0.12071,0.23121,0.23121,0.21129
mom-plain-top20-6m-ma200-cash6,cost,2011-10-01,2016-10-01,0.12796,-0.13040,0.54609,0.13102,0.13102,0.11924,0.23364,0.23364,0.21355
mom-plain-top20-6m-ma200-cash6,cost,2011-11-01,2016-11-01,0.12676,-0.13027,0.53634,0.11765,0.11765,0.10714,0.22844,0.22844,0.20872
mom-plain-top20-6m-ma200-cash6,cost,2011-12-01,2016-12-01,0.11147,-0.14250,0.42159,0.12024,0.12024,0.10948,0.22328,0.22328,0.20394
mom-plain-top20-6m-ma200-cash6,cost,2012-01-01,2017-01-01,0.10844,-0.14559,0.39700,0.13479,0.13479,0.12266,0.23011,0.23011,0.21027
mom-plain-top20-6m-ma200-cash6,cost,2012-02-01,2017-02-01,0.11295,-0.14554,0.41581,0.12078,0.12078,0.10997,0.24977,0.24977,0.22856
mom-plain-top20-6m-ma200-cash6,cost,2012-03-01,2017-03-01,0.10448,-0.14554,0.36112,0.12244,0.12244,0.11148,0.24492,0.24492,0.22404
mom-plain-top20-6m-ma200-cash6,cost,2012-04-01,2017-04-01,0.10439,-0.14588,0.36294,0.13020,0.13020,0.11850,0.24610,0.24610,0.22514
mom-plain-top20-6m-ma200-cash6,cost,2012-05-01,2017-05-01,0.10482,-0.14592,0.36831,0.13543,0.13543,0.12325,0.25848,0.25848,0.23668
mom-plain-top20-6m-ma200-cash6,cost,2012-06-01,2017-06-01,0.11018,-0.14547,0.40947,0.16115,0.16115,0.14670,0.27090,0.27090,0.24828
mom-plain-top20-6m-ma200-cash6,cost,2012-07-01,2017-07-01,0.11012,-0.14580,0.40853,0.13879,0.13879,0.12631,0.25219,0.25219,0.23081
mom-plain-top20-6m-ma200-cash6,cost,2012-08-01,2017-08-01,0.11954,-0.14602,0.47272,0.15452,0.15452,0.14064,0.26897,0.26897,0.24647
mom-plain-top20-6m-ma200-cash6,cost,2012-09-01,2017-09-01,0.11976,-0.14605,0.47034,0.15048,0.15048,0.13695,0.27439,0.27439,0.25154
mom-plain-top20-6m-ma200-cash6,cost,2012-10-01,2017-10-01,0.10146,-0.14697,0.34838,0.12709,0.12709,0.11568,0.25032,0.25032,0.22907
mom-plain-top20-6m-ma200-cash6,cost,2012-11-01,2017-11-01,0.11585,-0.14697,0.44315,0.14469,0.14469,0.13167,0.26899,0.26899,0.24649
mom-plain-top20-6m-ma200-cash6,cost,2012-12-01,2017-12-01,0.09614,-0.14694,0.31075,0.12840,0.12840,0.11687,0.24480,0.24480,0.22393
mom-plain-top20-6m-ma200-cash6,cost,2013-01-01,2018-01-01,0.10062,-0.14735,0.34134,0.13251,0.13251,0.12060,0.25838,0.25838,0.23658
mom-plain-top20-6m-ma200-cash6,cost,2013-02-01,2018-02-01,0.10372,-0.14711,0.36211,0.14308,0.14308,0.13021,0.26468,0.26468,0.24246
mom-plain-top20-6m-ma200-cash6,cost,2013-03-01,2018-03-01,0.10342,-0.14692,0.36078,0.14232,0.14232,0.12951,0.26089,0.26089,0.23892
mom-plain-top20-6m-ma200-cash6,cost,2013-04-01,2018-04-01,0.08933,-0.14704,0.26589,0.13557,0.13557,0.12338,0.25600,0.25600,0.23436
mom-plain-top20-6m-ma200-cash6,cost,2013-05-01,2018-05-01,0.09552,-0.14749,0.30801,0.14039,0.14039,0.12776,0.26045,0.26045,0.23852
mom-plain-top20-6m-ma200-cash6,cost,2013-06-01,2018-06-01,0.09537,-0.14726,0.30682,0.13701,0.13701,0.12468,0.24607,0.24607,0.22511
mom-plain-top20-6m-ma200-cash6,cost,2013-07-01,2018-07-01,0.09308,-0.14720,0.29262,0.14080,0.14080,0.12813,0.24990,0.24990,0.22868
mom-plain-top20-6m-ma200-cash6,cost,2013-08-01,2018-08-01,0.09218,-0.14387,0.30166,0.16077,0.16077,0.14635,0.26292,0.26266,0.24082
mom-plain-top20-6m-ma200-cash6,cost,2013-09-01,2018-09-01,0.09364,-0.14408,0.31085,0.17846,0.17790,0.16256,0.29019,0.28860,0.26633
mom-plain-top20-6m-ma200-cash6,cost,2013-10-01,2018-10-01,0.07369,-0.14409,0.16374,0.15170,0.15170,0.13806,0.25045,0.25045,0.22919
mom-plain-top20-6m-ma200-cash6,cost,2013-11-01,2018-11-01,0.05903,-0.16760,0.05772,0.11865,0.11865,0.10804,0.21992,0.21992,0.20082
mom-plain-top20-6m-ma200-cash6,cost,2013-12-01,2018-12-01,0.07595,-0.16792,0.17798,0.13388,0.13388,0.12185,0.23611,0.23611,0.21585
mom-plain-top20-6m-ma200-cash6,cost,2014-01-01,2019-01-01,0.07139,-0.16761,0.14605,0.13007,0.13007,0.11839,0.22665,0.22665,0.20706
mom-plain-top20-6m-ma200-cash6,cost,2014-02-01,2019-02-01,0.09535,-0.16775,0.31147,0.13747,0.13747,0.12510,0.23796,0.23796,0.21756
mom-plain-top20-6m-ma200-cash6,cost,2014-03-01,2019-03-01,0.08767,-0.16795,0.25859,0.13018,0.13018,0.11848,0.22764,0.22764,0.20798
mom-plain-top20-6m-ma200-cash6,cost,2014-04-01,2019-04-01,0.08661,-0.16778,0.25256,0.13094,0.13055,0.11917,0.23479,0.23418,0.21462
mom-plain-top20-6m-ma200-cash6,cost,2014-05-01,2019-05-01,0.08965,-0.16763,0.27446,0.13329,0.13274,0.12131,0.23461,0.23348,0.21445
mom-plain-top20-6m-ma200-cash6,cost,2014-06-01,2019-06-01,0.07125,-0.16752,0.14518,0.11935,0.11855,0.10868,0.21977,0.21903,0.20068
mom-plain-top20-6m-ma200-cash6,cost,2014-07-01,2019-07-01,0.06141,-0.16793,0.07617,0.10598,0.10531,0.09661,0.19548,0.19488,0.17823
mom-plain-top20-6m-ma200-cash6,cost,2014-08-01,2019-08-01,0.05406,-0.16750,0.02459,0.08985,0.08985,0.08214,0.17443,0.17443,0.15886
mom-plain-top20-6m-ma200-cash6,cost,2014-09-01,2019-09-01,0.04297,-0.16780,-0.05641,0.07909,0.07909,0.07253,0.15466,0.15466,0.14076
mom-plain-top20-6m-ma200-cash6,cost,2014-10-01,2019-10-01,0.06098,-0.16757,0.07428,0.08775,0.08775,0.08026,0.16178,0.16178,0.14727
mom-plain-top20-6m-ma200-cash6,cost,2014-11-01,2019-11-01,0.05471,-0.16783,0.02734,0.08786,0.08715,0.08036,0.15625,0.15613,0.14222
mom-plain-top20-6m-ma200-cash6,cost,2014-12-01,2019-12-01,0.05204,-0.16743,0.00724,0.08482,0.08385,0.07764,0.14858,0.14820,0.13522
mom-plain-top20-6m-ma200-cash6,cost,2015-01-01,2020-01-01,0.06009,-0.16788,0.06509,0.09410,0.09284,0.08594,0.15458,0.15373,0.14069
mom-plain-top20-6m-ma200-cash6,cost,2015-02-01,2020-02-01,0.04791,-0.16737,-0.02401,0.07134,0.07114,0.06563,0.13652,0.13564,0.12424
mom-plain-top20-6m-ma200-cash6,cost,2015-03-01,2020-03-01,0.03685,-0.16732,-0.10772,0.06049,0.06049,0.05601,0.13332,0.13260,0.12133
mom-plain-top20-6m-ma200-cash6,cost,2015-04-01,2020-04-01,-0.01884,-0.37397,-0.39311,0.00513,0.00513,0.00513,0.07417,0.07417,0.06814
mom-plain-top20-6m-ma200-cash6,cost,2015-05-01,2020-05-01,0.02371,-0.37404,-0.11948,0.05161,0.05161,0.04817,0.12195,0.12195,0.11103
mom-plain-top20-6m-ma200-cash6,cost,2015-06-01,2020-06-01,0.01607,-0.37462,-0.15819,0.04456,0.04456,0.04195,0.10890,0.10890,0.09925
mom-plain-top20-6m-ma200-cash6,cost,2015-07-01,2020-07-01,0.03029,-0.37484,-0.07665,0.05602,0.05602,0.05205,0.11517,0.11517,0.10490
mom-plain-top20-6m-ma200-cash6,cost,2015-08-01,2020-08-01,0.02916,-0.37384,-0.08431,0.06667,0.06667,0.06148,0.11910,0.11818,0.10845
mom-plain-top20-6m-ma200-cash6,cost,2015-09-01,2020-09-01,0.04724,-0.37423,0.01120,0.09415,0.09397,0.08599,0.14390,0.14216,0.13095
mom-plain-top20-6m-ma200-cash6,cost,2015-10-01,2020-10-01,0.04703,-0.37433,0.00942,0.08855,0.08850,0.08097,0.13979,0.13762,0.12721
mom-plain-top20-6m-ma200-cash6,cost,2015-11-01,2020-11-01,0.04714,-0.37417,0.00950,0.08985,0.08934,0.08213,0.13774,0.13587,0.12535
mom-plain-top20-6m-ma200-cash6,cost,2015-12-01,2020-12-01,0.04725,-0.37341,0.00952,0.11915,0.11604,0.10849,0.15807,0.15486,0.14388
mom-plain-top20-6m-ma200-cash6,cost,2016-01-01,2021-01-01,0.04680,-0.37368,0.00697,0.13407,0.12958,0.12201,0.17356,0.16874,0.15806
mom-plain-top20-6m-ma200-cash6,cost,2016-02-01,2021-02-01,0.05049,-0.37387,0.03037,0.15030,0.14530,0.13678,0.18534,0.18061,0.16889
mom-plain-top20-6m-ma200-cash6,cost,2016-03-01,2021-03-01,0.06320,-0.37393,0.10304,0.16879,0.16300,0.15369,0.21366,0.20751,0.19502
mom-plain-top20-6m-ma200-cash6,cost,2016-04-01,2021-04-01,0.07431,-0.37389,0.16363,0.15484,0.14905,0.14093,0.21192,0.20483,0.19341
mom-plain-top20-6m-ma200-cash6,cost,2016-05-01,2021-05-01,0.08079,-0.37393,0.19761,0.14721,0.14177,0.13397,0.22144,0.21306,0.20223
mom-plain-top20-6m-ma200-cash6,cost,2016-06-01,2021-06-01,0.09771,-0.37346,0.28604,0.15209,0.14550,0.13842,0.22716,0.21791,0.20754
mom-plain-top20-6m-ma200-cash6,cost,2016-07-01,2021-07-01,0.09511,-0.37402,0.27281,0.14918,0.14247,0.13576,0.22948,0.21958,0.20969
mom-plain-top20-6m-ma200-cash6,cost,2016-08-01,2021-08-01,0.09619,-0.37425,0.27687,0.14201,0.13527,0.12923,0.21930,0.20877,0.20025
mom-plain-top20-6m-ma200-cash6,cost,2016-09-01,2021-09-01,0.09956,-0.37480,0.29465,0.15663,0.14844,0.14256,0.22392,0.21280,0.20453
mom-plain-top20-6m-ma200-cash6,cost,2016-10-01,2021-10-01,0.10498,-0.37402,0.32281,0.16709,0.15837,0.15213,0.22806,0.21664,0.20837
mom-plain-top20-6m-ma200-cash6,cost,2016-11-01,2021-11-01,0.11823,-0.37396,0.38733,0.17194,0.16281,0.15658,0.23496,0.22274,0.21478
mom-plain-top20-6m-ma200-cash6,cost,2016-12-01,2021-12-01,0.11732,-0.37463,0.38463,0.17392,0.16541,0.15839,0.24422,0.23222,0.22339
mom-plain-top20-6m-ma200-cash6,cost,2017-01-01,2022-01-01,0.12753,-0.37410,0.43407,0.17675,0.16803,0.16099,0.25612,0.24359,0.23448
mom-plain-top20-6m-ma200-cash6,cost,2017-02-01,2022-02-01,0.13471,-0.37417,0.46308,0.16503,0.15626,0.15025,0.21213,0.20066,0.19360
mom-plain-top20-6m-ma200-cash6,cost,2017-03-01,2022-03-01,0.12849,-0.37355,0.42838,0.14866,0.14075,0.13529,0.19967,0.18888,0.18209
mom-plain-top20-6m-ma200-cash6,cost,2017-04-01,2022-04-01,0.13283,-0.37365,0.44802,0.15423,0.14549,0.14037,0.20375,0.19213,0.18586
mom-plain-top20-6m-ma200-cash6,cost,2017-05-01,2022-05-01,0.11222,-0.37338,0.34876,0.14357,0.13545,0.13065,0.17957,0.16895,0.16358
mom-plain-top20-6m-ma200-cash6,cost,2017-06-01,2022-06-01,0.09552,-0.37329,0.26790,0.12885,0.12137,0.11728,0.16100,0.15184,0.14655
mom-plain-top20-6m-ma200-cash6,cost,2017-07-01,2022-07-01,0.07671,-0.37353,0.17649,0.11999,0.11334,0.10925,0.14102,0.13353,0.12833
mom-plain-top20-6m-ma200-cash6,cost,2017-08-01,2022-08-01,0.06327,-0.37430,0.11173,0.12777,0.11954,0.11630,0.15103,0.14158,0.13745
mom-plain-top20-6m-ma200-cash6,cost,2017-09-01,2022-09-01,0.05995,-0.37397,0.09512,0.13377,0.12527,0.12174,0.15532,0.14495,0.14137
mom-plain-top20-6m-ma200-cash6,cost,2017-10-01,2022-10-01,0.06534,-0.37465,0.12090,0.13204,0.12394,0.12017,0.15366,0.14353,0.13985
mom-plain-top20-6m-ma200-cash6,cost,2017-11-01,2022-11-01,0.05303,-0.37398,0.05995,0.13102,0.12205,0.11924,0.15299,0.14208,0.13924
mom-plain-top20-6m-ma200-cash6,cost,2017-12-01,2022-12-01,0.06416,-0.37426,0.11552,0.14628,0.13661,0.13312,0.16101,0.15003,0.14657
mom-plain-top20-6m-ma200-cash6,cost,2018-01-01,2023-01-01,0.05753,-0.37552,0.08165,0.13060,0.12168,0.11887,0.13565,0.12560,0.12345
mom-plain-top20-6m-ma200-cash6,cost,2018-02-01,2023-02-01,0.04765,-0.37226,0.03157,0.11224,0.10393,0.10225,0.12006,0.11116,0.10932
mom-plain-top20-6m-ma200-cash6,cost,2018-03-01,2023-03-01,0.05383,-0.37271,0.06213,0.12158,0.11257,0.11070,0.13079,0.12109,0.11903
mom-plain-top20-6m-ma200-cash6,cost,2018-04-01,2023-04-01,0.05808,-0.37127,0.08254,0.12753,0.11807,0.11608,0.13400,0.12407,0.12195
mom-plain-top20-6m-ma200-cash6,cost,2018-05-01,2023-05-01,0.06037,-0.37262,0.09507,0.12307,0.11394,0.11204,0.12873,0.11919,0.11717
mom-plain-top20-6m-ma200-cash6,cost,2018-06-01,2023-06-01,0.06447,-0.37077,0.11557,0.12930,0.11972,0.11769,0.14893,0.13796,0.13554
mom-plain-top20-6m-ma200-cash6,cost,2018-07-01,2023-07-01,0.07450,-0.37006,0.16578,0.13722,0.12706,0.12487,0.15801,0.14641,0.14382
mom-plain-top20-6m-ma200-cash6,cost,2018-08-01,2023-08-01,0.06160,-0.36668,0.10068,0.13027,0.12061,0.11856,0.15718,0.14564,0.14306
mom-plain-top20-6m-ma200-cash6,cost,2018-09-01,2023-09-01,0.06738,-0.36715,0.12935,0.12049,0.11155,0.10970,0.14800,0.13709,0.13469
mom-plain-top20-6m-ma200-cash6,cost,2018-10-01,2023-10-01,0.08253,-0.37397,0.20518,0.13610,0.12603,0.12386,0.17581,0.16305,0.16013
mom-plain-top20-6m-ma200-cash6,cost,2018-11-01,2023-11-01,0.08366,-0.36663,0.21182,0.14179,0.13132,0.12904,0.18193,0.16878,0.16575
mom-plain-top20-6m-ma200-cash6,cost,2018-12-01,2023-12-01,0.10138,-0.36855,0.29970,0.14615,0.13537,0.13300,0.20341,0.18895,0.18555
mom-plain-top20-6m-ma200-cash6,cost,2019-01-01,2024-01-01,0.11632,-0.36626,0.37478,0.16150,0.14968,0.14702,0.22122,0.20571,0.20202
mom-plain-top20-6m-ma200-cash6,cost,2019-02-01,2024-02-01,0.11655,-0.36836,0.37559,0.16137,0.14955,0.14690,0.22469,0.20899,0.20524
mom-plain-top20-6m-ma200-cash6,cost,2019-03-01,2024-03-01,0.12954,-0.36711,0.43753,0.16870,0.15640,0.15361,0.24141,0.22478,0.22078
mom-plain-top20-6m-ma200-cash6,cost,2019-04-01,2024-04-01,0.11578,-0.36533,0.36970,0.15319,0.14192,0.13942,0.23600,0.21967,0.21574
mom-plain-top20-6m-ma200-cash6,cost,2019-05-01,2024-05-01,0.11766,-0.36459,0.37823,0.15309,0.14184,0.13934,0.24122,0.22460,0.22060
mom-plain-top20-6m-ma200-cash6,cost,2019-06-01,2024-06-01,0.11281,-0.36007,0.35573,0.14946,0.13845,0.13601,0.25655,0.23911,0.23488
mom-plain-top20-6m-ma200-cash6,cost,2019-07-01,2024-07-01,0.12865,-0.35842,0.42750,0.16648,0.15432,0.15157,0.26814,0.25011,0.24570
mom-plain-top20-6m-ma200-cash6,cost,2019-08-01,2024-08-01,0.14219,-0.35553,0.50085,0.19261,0.17558,0.17558,0.30115,0.27662,0.27662
mom-plain-top20-6m-ma200-cash6,cost,2019-09-01,2024-09-01,0.14226,-0.35550,0.49674,0.19386,0.17674,0.17674,0.30252,0.27791,0.27791
mom-plain-top20-6m-ma200-cash6,cost,2019-10-01,2024-10-01,0.15186,-0.35899,0.53651,0.19193,0.17496,0.17496,0.29592,0.27172,0.27172
mom-plain-top20-6m-ma200-cash6,cost,2019-11-01,2024-11-01,0.12370,-0.36049,0.40244,0.16694,0.15200,0.15200,0.26574,0.24346,0.24346
mom-plain-top20-6m-ma200-cash6,cost,2019-12-01,2024-12-01,0.11493,-0.36034,0.36001,0.16218,0.14763,0.14763,0.25859,0.23678,0.23678
mom-plain-top20-6m-ma200-cash6,cost,2020-01-01,2025-01-01,0.10645,-0.35448,0.32080,0.15598,0.14197,0.14197,0.24390,0.22309,0.22309
mom-plain-top20-6m-ma200-cash6,cost,2020-02-01,2025-02-01,0.11121,-0.33724,0.34402,0.16380,0.14912,0.14912,0.21662,0.19777,0.19777
mom-plain-top20-6m-ma200-cash6,cost,2020-03-01,2025-03-01,0.13689,-0.29823,0.54803,0.15961,0.14529,0.14529,0.19321,0.17614,0.17614
mom-plain-top20-6m-ma200-cash6,cost,2020-04-01,2025-04-01,0.13685,-0.29853,0.54928,0.24335,0.22258,0.22258,0.26293,0.24083,0.24083
mom-plain-top20-6m-ma200-cash6,cost,2020-05-01,2025-05-01,0.13741,-0.29741,0.55101,0.21179,0.19329,0.19329,0.23579,0.21554,0.21554
mom-plain-top20-6m-ma200-cash6,cost,2020-06-01,2025-06-01,0.13732,-0.29747,0.55005,0.21702,0.19813,0.19813,0.24924,0.22807,0.22807
mom-plain-top20-6m-ma200-cash6,cost,2020-07-01,2025-07-01,0.13651,-0.29727,0.54649,0.21071,0.19229,0.19229,0.25087,0.22958,0.22958
mom-plain-top20-6m-ma200-cash6,cost,2020-08-01,2025-08-01,0.15483,-0.29791,0.63751,0.18700,0.17042,0.17042,0.21755,0.19862,0.19862
mom-plain-top20-6m-ma200-cash6,tax-dated,2008-02-01,2013-02-01,0.03246,-0.39375,-0.08033,0.03592,0.03592,0.03438,0.02342,0.02342,0.02342
mom-plain-top20-6m-ma200-cash6,tax-dated,2008-03-01,2013-03-01,0.11602,-0.12289,0.46548,0.02970,0.02970,0.02895,0.02703,0.02703,0.02662
mom-plain-top20-6m-ma200-cash6,tax-dated,2008-04-01,2013-04-01,0.11232,-0.12290,0.43695,0.04945,0.04945,0.04626,0.07055,0.07055,0.06492
mom-plain-top20-6m-ma200-cash6,tax-dated,2008-05-01,2013-05-01,0.05996,-0.29483,0.06869,0.03953,0.03953,0.03755,0.05392,0.05392,0.05020
mom-plain-top20-6m-ma200-cash6,tax-dated,2008-06-01,2013-06-01,0.12533,-0.12302,0.51278,0.05429,0.05429,0.05052,0.07512,0.07512,0.06899
mom-plain-top20-6m-ma200-cash6,tax-dated,2008-07-01,2013-07-01,0.12161,-0.12297,0.48576,0.09942,0.09942,0.09072,0.14111,0.14111,0.12841
mom-plain-top20-6m-ma200-cash6,tax-dated,2008-08-01,2013-08-01,0.12522,-0.12298,0.50701,0.06611,0.06611,0.06098,0.09740,0.09740,0.08891
mom-plain-top20-6m-ma200-cash6,tax-dated,2008-09-01,2013-09-01,0.11429,-0.13040,0.42621,0.05936,0.05936,0.05500,0.09064,0.09064,0.08284
mom-plain-top20-6m-ma200-cash6,tax-dated,2008-10-01,2013-10-01,0.12814,-0.13050,0.50673,0.09178,0.09178,0.08387,0.13588,0.13588,0.12365
mom-plain-top20-6m-ma200-cash6,tax-dated,2008-11-01,2013-11-01,0.14320,-0.13050,0.59309,0.18313,0.18313,0.16685,0.22532,0.22532,0.20583
mom-plain-top20-6m-ma200-cash6,tax-dated,2008-12-01,2013-12-01,0.13662,-0.13034,0.55060,0.19549,0.19549,0.17824,0.22922,0.22922,0.20945
mom-plain-top20-6m-ma200-cash6,tax-dated,2009-01-01,2014-01-01,0.13978,-0.13032,0.56745,0.17089,0.17089,0.15561,0.20948,0.20948,0.19116
mom-plain-top20-6m-ma200-cash6,tax-dated,2009-02-01,2014-02-01,0.13552,-0.13051,0.53752,0.17517,0.17517,0.15955,0.21381,0.21381,0.19516
mom-plain-top20-6m-ma200-cash6,tax-dated,2009-03-01,2014-03-01,0.14296,-0.13053,0.58058,0.19168,0.19168,0.17472,0.22937,0.22937,0.20959
mom-plain-top20-6m-ma200-cash6,tax-dated,2009-04-01,2014-04-01,0.14758,-0.13053,0.60647,0.18381,0.18381,0.16748,0.21371,0.21371,0.19506
mom-plain-top20-6m-ma200-cash6,tax-dated,2009-05-01,2014-05-01,0.17268,-0.14727,0.67815,0.15333,0.15333,0.13955,0.20257,0.20257,0.18477
mom-plain-top20-6m-ma200-cash6,tax-dated,2009-06-01,2014-06-01,0.15098,-0.15313,0.59714,0.11085,0.11085,0.10101,0.17730,0.17730,0.16150
mom-plain-top20-6m-ma200-cash6,tax-dated,2009-07-01,2014-07-01,0.17431,-0.13045,0.75281,0.13287,0.13287,0.12092,0.19900,0.19900,0.18148
mom-plain-top20-6m-ma200-cash6,tax-dated,2009-08-01,2014-08-01,0.17308,-0.13032,0.73847,0.11721,0.11721,0.10674,0.17436,0.17436,0.15880
mom-plain-top20-6m-ma200-cash6,tax-dated,2009-09-01,2014-09-01,0.18548,-0.13051,0.83186,0.12994,0.12994,0.11827,0.19506,0.19506,0.17784
mom-plain-top20-6m-ma200-cash6,tax-dated,2009-10-01,2014-10-01,0.15432,-0.13040,0.65566,0.10646,0.10646,0.09705,0.18264,0.18264,0.16640
mom-plain-top20-6m-ma200-cash6,tax-dated,2009-11-01,2014-11-01,0.18852,-0.13047,0.87024,0.13380,0.13380,0.12177,0.20627,0.20627,0.18818
mom-plain-top20-6m-ma200-cash6,tax-dated,2009-12-01,2014-12-01,0.15970,-0.13046,0.71638,0.12120,0.12120,0.11035,0.19070,0.19070,0.17382
mom-plain-top20-6m-ma200-cash6,tax-dated,2010-01-01,2015-01-01,0.14112,-0.13033,0.60131,0.11054,0.11054,0.10072,0.18516,0.18516,0.16873
mom-plain-top20-6m-ma200-cash6,tax-dated,2010-02-01,2015-02-01,0.16522,-0.13036,0.73937,0.13777,0.13777,0.12537,0.21229,0.21229,0.19376
mom-plain-top20-6m-ma200-cash6,tax-dated,2010-03-01,2015-03-01,0.15459,-0.13032,0.68097,0.13907,0.13907,0.12655,0.21651,0.21651,0.19766
mom-plain-top20-6m-ma200-cash6,tax-dated,2010-04-01,2015-04-01,0.14774,-0.13042,0.63652,0.11502,0.11502,0.10476,0.20785,0.20785,0.18964
mom-plain-top20-6m-ma200-cash6,tax-dated,2010-05-01,2015-05-01,0.13636,-0.13030,0.56006,0.10475,0.10475,0.09551,0.19134,0.19134,0.17442
mom-plain-top20-6m-ma200-cash6,tax-dated,2010-06-01,2015-06-01,0.14948,-0.13041,0.66046,0.12480,0.12480,0.11361,0.21869,0.21869,0.19968
mom-plain-top20-6m-ma200-cash6,tax-dated,2010-07-01,2015-07-01,0.14849,-0.13035,0.64882,0.11287,0.11287,0.10283,0.21196,0.21196,0.19344
mom-plain-top20-6m-ma200-cash6,tax-dated,2010-08-01,2015-08-01,0.14832,-0.13041,0.64368,0.11037,0.11037,0.10057,0.21020,0.21020,0.19182
mom-plain-top20-6m-ma200-cash6,tax-dated,2010-09-01,2015-09-01,0.12482,-0.13763,0.48723,0.08597,0.08597,0.07867,0.17846,0.17846,0.16257
mom-plain-top20-6m-ma200-cash6,tax-dated,2010-10-01,2015-10-01,0.10742,-0.13720,0.37782,0.06548,0.06548,0.06042,0.16966,0.16966,0.15448
mom-plain-top20-6m-ma200-cash6,tax-dated,2010-11-01,2015-11-01,0.10309,-0.15858,0.35254,0.06942,0.06942,0.06392,0.15728,0.15728,0.14315
mom-plain-top20-6m-ma200-cash6,tax-dated,2010-12-01,2015-12-01,0.09993,-0.13050,0.33553,0.07206,0.07206,0.06627,0.15550,0.15550,0.14153
mom-plain-top20-6m-ma200-cash6,tax-dated,2011-01-01,2016-01-01,0.09924,-0.13027,0.33082,0.06603,0.06603,0.06091,0.16809,0.16809,0.15305
mom-plain-top20-6m-ma200-cash6,tax-dated,2011-02-01,2016-02-01,0.11595,-0.13034,0.47293,0.08148,0.08148,0.07466,0.18223,0.18223,0.16602
mom-plain-top20-6m-ma200-cash6,tax-dated,2011-03-01,2016-03-01,0.11605,-0.13042,0.47351,0.06761,0.06761,0.06231,0.16191,0.16191,0.14739
mom-plain-top20-6m-ma200-cash6,tax-dated,2011-04-01,2016-04-01,0.11004,-0.13031,0.41928,0.07054,0.07054,0.06492,0.16433,0.16433,0.14961
mom-plain-top20-6m-ma200-cash6,tax-dated,2011-05-01,2016-05-01,0.11623,-0.13043,0.47519,0.07708,0.07708,0.07074,0.16911,0.16911,0.15398
mom-plain-top20-6m-ma200-cash6,tax-dated,2011-06-01,2016-06-01,0.11631,-0.13035,0.47654,0.09211,0.09211,0.08416,0.17998,0.17998,0.16396
mom-plain-top20-6m-ma200-cash6,tax-dated,2011-07-01,2016-07-01,0.11539,-0.13055,0.47000,0.09468,0.09468,0.08647,0.18497,0.18497,0.16855
mom-plain-top20-6m-ma200-cash6,tax-dated,2011-08-01,2016-08-01,0.12754,-0.13033,0.55565,0.10716,0.10716,0.09768,0.20794,0.20794,0.18974
mom-plain-top20-6m-ma200-cash6,tax-dated,2011-09-01,2016-09-01,0.13227,-0.13039,0.58281,0.13264,0.13264,0.12071,0.23121,0.23121,0.21129
mom-plain-top20-6m-ma200-cash6,tax-dated,2011-10-01,2016-10-01,0.12697,-0.13048,0.53933,0.13102,0.13102,0.11924,0.23364,0.23364,0.21355
mom-plain-top20-6m-ma200-cash6,tax-dated,2011-11-01,2016-11-01,0.12561,-0.13031,0.52841,0.11765,0.11765,0.10714,0.22844,0.22844,0.20872
mom-plain-top20-6m-ma200-cash6,tax-dated,2011-12-01,2016-12-01,0.11127,-0.14224,0.42021,0.12024,0.12024,0.10948,0.22328,0.22328,0.20394
mom-plain-top20-6m-ma200-cash6,tax-dated,2012-01-01,2017-01-01,0.10824,-0.14559,0.39564,0.13479,0.13479,0.12266,0.23011,0.23011,0.21027
mom-plain-top20-6m-ma200-cash6,tax-dated,2012-02-01,2017-02-01,0.11220,-0.14558,0.41100,0.12078,0.12078,0.10997,0.24977,0.24977,0.22856
mom-plain-top20-6m-ma200-cash6,tax-dated,2012-03-01,2017-03-01,0.10427,-0.14562,0.35980,0.12244,0.12244,0.11148,0.24492,0.24492,0.22404
mom-plain-top20-6m-ma200-cash6,tax-dated,2012-04-01,2017-04-01,0.10410,-0.14604,0.36093,0.13020,0.13020,0.11850,0.24610,0.24610,0.22514
mom-plain-top20-6m-ma200-cash6,tax-dated,2012-05-01,2017-05-01,0.10430,-0.14611,0.36480,0.13543,0.13543,0.12325,0.25848,0.25848,0.23668
mom-plain-top20-6m-ma200-cash6,tax-dated,2012-06-01,2017-06-01,0.10986,-0.14550,0.40722,0.16115,0.16115,0.14670,0.27090,0.27090,0.24828
mom-plain-top20-6m-ma200-cash6,tax-dated,2012-07-01,2017-07-01,0.10989,-0.14594,0.40698,0.13879,0.13879,0.12631,0.25219,0.25219,0.23081
mom-plain-top20-6m-ma200-cash6,tax-dated,2012-08-01,2017-08-01,0.11829,-0.14612,0.46453,0.15452,0.15452,0.14064,0.26897,0.26897,0.24647
mom-plain-top20-6m-ma200-cash6,tax-dated,2012-09-01,2017-09-01,0.11808,-0.14608,0.45933,0.15048,0.15048,0.13695,0.27439,0.27439,0.25154
mom-plain-top20-6m-ma200-cash6,tax-dated,2012-10-01,2017-10-01,0.10144,-0.14697,0.34825,0.12709,0.12709,0.11568,0.25032,0.25032,0.22907
mom-plain-top20-6m-ma200-cash6,tax-dated,2012-11-01,2017-11-01,0.11345,-0.14697,0.42755,0.14469,0.14469,0.13167,0.26899,0.26899,0.24649
mom-plain-top20-6m-ma200-cash6,tax-dated,2012-12-01,2017-12-01,0.09548,-0.14694,0.30630,0.12840,0.12840,0.11687,0.24480,0.24480,0.22393
mom-plain-top20-6m-ma200-cash6,tax-dated,2013-01-01,2018-01-01,0.09909,-0.14735,0.33093,0.13251,0.13251,0.12060,0.25838,0.25838,0.23658
mom-plain-top20-6m-ma200-cash6,tax-dated,2013-02-01,2018-02-01,0.10103,-0.14711,0.34428,0.14308,0.14308,0.13021,0.26468,0.26468,0.24246
mom-plain-top20-6m-ma200-cash6,tax-dated,2013-03-01,2018-03-01,0.10173,-0.14692,0.34944,0.14232,0.14232,0.12951,0.26089,0.26089,0.23892
mom-plain-top20-6m-ma200-cash6,tax-dated,2013-04-01,2018-04-01,0.08911,-0.14704,0.26442,0.13557,0.13557,0.12338,0.25600,0.25600,0.23436
mom-plain-top20-6m-ma200-cash6,tax-dated,2013-05-01,2018-05-01,0.09372,-0.14749,0.29595,0.14039,0.14039,0.12776,0.26045,0.26045,0.23852
mom-plain-top20-6m-ma200-cash6,tax-dated,2013-06-01,2018-06-01,0.09359,-0.14726,0.29482,0.13701,0.13701,0.12468,0.24607,0.24607,0.22511
mom-plain-top20-6m-ma200-cash6,tax-dated,2013-07-01,2018-07-01,0.08985,-0.14760,0.27089,0.14080,0.14080,0.12813,0.24990,0.24990,0.22868
mom-plain-top20-6m-ma200-cash6,tax-dated,2013-08-01,2018-08-01,0.08927,-0.14430,0.27997,0.16077,0.16077,0.14635,0.26292,0.26266,0.24082
mom-plain-top20-6m-ma200-cash6,tax-dated,2013-09-01,2018-09-01,0.09063,-0.14408,0.28856,0.17846,0.17790,0.16256,0.29019,0.28860,0.26633
mom-plain-top20-6m-ma200-cash6,tax-dated,2013-10-01,2018-10-01,0.07113,-0.14437,0.14474,0.15170,0.15170,0.13806,0.25045,0.25045,0.22919
mom-plain-top20-6m-ma200-cash6,tax-dated,2013-11-01,2018-11-01,0.05822,-0.16762,0.05191,0.11865,0.11865,0.10804,0.21992,0.21992,0.20082
mom-plain-top20-6m-ma200-cash6,tax-dated,2013-12-01,2018-12-01,0.07520,-0.16804,0.17268,0.13388,0.13388,0.12185,0.23611,0.23611,0.21585
mom-plain-top20-6m-ma200-cash6,tax-dated,2014-01-01,2019-01-01,0.06877,-0.16756,0.12746,0.13007,0.13007,0.11839,0.22665,0.22665,0.20706
mom-plain-top20-6m-ma200-cash6,tax-dated,2014-02-01,2019-02-01,0.09229,-0.16785,0.29050,0.13747,0.13747,0.12510,0.23796,0.23796,0.21756
mom-plain-top20-6m-ma200-cash6,tax-dated,2014-03-01,2019-03-01,0.08624,-0.16802,0.24868,0.13018,0.13018,0.11848,0.22764,0.22764,0.20798
mom-plain-top20-6m-ma200-cash6,tax-dated,2014-04-01,2019-04-01,0.08564,-0.16786,0.24590,0.13094,0.13055,0.11917,0.23479,0.23418,0.21462
mom-plain-top20-6m-ma200-cash6,tax-dated,2014-05-01,2019-05-01,0.08785,-0.16771,0.26195,0.13329,0.13274,0.12131,0.23461,0.23348,0.21445
mom-plain-top20-6m-ma200-cash6,tax-dated,2014-06-01,2019-06-01,0.07047,-0.16752,0.13973,0.11935,0.11855,0.10868,0.21977,0.21903,0.20068
mom-plain-top20-6m-ma200-cash6,tax-dated,2014-07-01,2019-07-01,0.06141,-0.16793,0.07617,0.10598,0.10531,0.09661,0.19548,0.19488,0.17823
mom-plain-top20-6m-ma200-cash6,tax-dated,2014-08-01,2019-08-01,0.05406,-0.16750,0.02459,0.08985,0.08985,0.08214,0.17443,0.17443,0.15886
mom-plain-top20-6m-ma200-cash6,tax-dated,2014-09-01,2019-09-01,0.04297,-0.16780,-0.05641,0.07909,0.07909,0.07253,0.15466,0.15466,0.14076
mom-plain-top20-6m-ma200-cash6,tax-dated,2014-10-01,2019-10-01,0.06098,-0.16757,0.07428,0.08775,0.08775,0.08026,0.16178,0.16178,0.14727
mom-plain-top20-6m-ma200-cash6,tax-dated,2014-11-01,2019-11-01,0.05471,-0.16783,0.02734,0.08786,0.08715,0.08036,0.15625,0.15613,0.14222
mom-plain-top20-6m-ma200-cash6,tax-dated,2014-12-01,2019-12-01,0.05204,-0.16743,0.00724,0.08482,0.08385,0.07764,0.14858,0.14820,0.13522
mom-plain-top20-6m-ma200-cash6,tax-dated,2015-01-01,2020-01-01,0.05880,-0.16788,0.05577,0.09410,0.09284,0.08594,0.15458,0.15373,0.14069
mom-plain-top20-6m-ma200-cash6,tax-dated,2015-02-01,2020-02-01,0.04769,-0.16737,-0.02562,0.07134,0.07114,0.06563,0.13652,0.13564,0.12424
mom-plain-top20-6m-ma200-cash6,tax-dated,2015-03-01,2020-03-01,0.03685,-0.16732,-0.10772,0.06049,0.06049,0.05601,0.13332,0.13260,0.12133
mom-plain-top20-6m-ma200-cash6,tax-dated,2015-04-01,2020-04-01,-0.01884,-0.37397,-0.39311,0.00513,0.00513,0.00513,0.07417,0.07417,0.06814
mom-plain-top20-6m-ma200-cash6,tax-dated,2015-05-01,2020-05-01,0.02371,-0.37404,-0.11948,0.05161,0.05161,0.04817,0.12195,0.12195,0.11103
mom-plain-top20-6m-ma200-cash6,tax-dated,2015-06-01,2020-06-01,0.01607,-0.37462,-0.15819,0.04456,0.04456,0.04195,0.10890,0.10890,0.09925
mom-plain-top20-6m-ma200-cash6,tax-dated,2015-07-01,2020-07-01,0.03029,-0.37484,-0.07665,0.05602,0.05602,0.05205,0.11517,0.11517,0.10490
mom-plain-top20-6m-ma200-cash6,tax-dated,2015-08-01,2020-08-01,0.02916,-0.37384,-0.08431,0.06667,0.06667,0.06148,0.11910,0.11818,0.10845
mom-plain-top20-6m-ma200-cash6,tax-dated,2015-09-01,2020-09-01,0.04724,-0.37423,0.01120,0.09415,0.09397,0.08599,0.14390,0.14216,0.13095
mom-plain-top20-6m-ma200-cash6,tax-dated,2015-10-01,2020-10-01,0.04703,-0.37433,0.00942,0.08855,0.08850,0.08097,0.13979,0.13762,0.12721
mom-plain-top20-6m-ma200-cash6,tax-dated,2015-11-01,2020-11-01,0.04714,-0.37417,0.00950,0.08985,0.08934,0.08213,0.13774,0.13587,0.12535
mom-plain-top20-6m-ma200-cash6,tax-dated,2015-12-01,2020-12-01,0.04725,-0.37341,0.00952,0.11915,0.11604,0.10849,0.15807,0.15486,0.14388
mom-plain-top20-6m-ma200-cash6,tax-dated,2016-01-01,2021-01-01,0.04680,-0.37368,0.00697,0.13407,0.12958,0.12201,0.17356,0.16874,0.15806
mom-plain-top20-6m-ma200-cash6,tax-dated,2016-02-01,2021-02-01,0.04980,-0.37387,0.02638,0.15030,0.14530,0.13678,0.18534,0.18061,0.16889
mom-plain-top20-6m-ma200-cash6,tax-dated,2016-03-01,2021-03-01,0.06045,-0.37393,0.08778,0.16879,0.16300,0.15369,0.21366,0.20751,0.19502
mom-plain-top20-6m-ma200-cash6,tax-dated,2016-04-01,2021-04-01,0.06971,-0.37389,0.13879,0.15484,0.14905,0.14093,0.21192,0.20483,0.19341
mom-plain-top20-6m-ma200-cash6,tax-dated,2016-05-01,2021-05-01,0.07516,-0.37393,0.16791,0.14721,0.14177,0.13397,0.22144,0.21306,0.20223
mom-plain-top20-6m-ma200-cash6,tax-dated,2016-06-01,2021-06-01,0.08952,-0.37376,0.24347,0.15209,0.14550,0.13842,0.22716,0.21791,0.20754
mom-plain-top20-6m-ma200-cash6,tax-dated,2016-07-01,2021-07-01,0.08790,-0.37402,0.23523,0.14918,0.14247,0.13576,0.22948,0.21958,0.20969
mom-plain-top20-6m-ma200-cash6,tax-dated,2016-08-01,2021-08-01,0.08753,-0.37425,0.23219,0.14201,0.13527,0.12923,0.21930,0.20877,0.20025
mom-plain-top20-6m-ma200-cash6,tax-dated,2016-09-01,2021-09-01,0.08969,-0.37480,0.24371,0.15663,0.14844,0.14256,0.22392,0.21280,0.20453
mom-plain-top20-6m-ma200-cash6,tax-dated,2016-10-01,2021-10-01,0.09474,-0.37402,0.26949,0.16709,0.15837,0.15213,0.22806,0.21664,0.20837
mom-plain-top20-6m-ma200-cash6,tax-dated,2016-11-01,2021-11-01,0.10622,-0.37396,0.32664,0.17194,0.16281,0.15658,0.23496,0.22274,0.21478
mom-plain-top20-6m-ma200-cash6,tax-dated,2016-12-01,2021-12-01,0.10699,-0.37463,0.33203,0.17392,0.16541,0.15839,0.24422,0.23222,0.22339
mom-plain-top20-6m-ma200-cash6,tax-dated,2017-01-01,2022-01-01,0.11636,-0.37410,0.37776,0.17675,0.16803,0.16099,0.25612,0.24359,0.23448
mom-plain-top20-6m-ma200-cash6,tax-dated,2017-02-01,2022-02-01,0.12817,-0.37420,0.43167,0.16503,0.15626,0.15025,0.21213,0.20066,0.19360
mom-plain-top20-6m-ma200-cash6,tax-dated,2017-03-01,2022-03-01,0.12335,-0.37355,0.40418,0.14866,0.14075,0.13529,0.19967,0.18888,0.18209
mom-plain-top20-6m-ma200-cash6,tax-dated,2017-04-01,2022-04-01,0.12561,-0.37365,0.41351,0.15423,0.14549,0.14037,0.20375,0.19213,0.18586
mom-plain-top20-6m-ma200-cash6,tax-dated,2017-05-01,2022-05-01,0.10625,-0.37338,0.31982,0.14357,0.13545,0.13065,0.17957,0.16895,0.16358
mom-plain-top20-6m-ma200-cash6,tax-dated,2017-06-01,2022-06-01,0.09159,-0.37329,0.24896,0.12885,0.12137,0.11728,0.16100,0.15184,0.14655
mom-plain-top20-6m-ma200-cash6,tax-dated,2017-07-01,2022-07-01,0.07549,-0.37353,0.17062,0.11999,0.11334,0.10925,0.14102,0.13353,0.12833
mom-plain-top20-6m-ma200-cash6,tax-dated,2017-08-01,2022-08-01,0.06204,-0.37430,0.10575,0.12777,0.11954,0.11630,0.15103,0.14158,0.13745
mom-plain-top20-6m-ma200-cash6,tax-dated,2017-09-01,2022-09-01,0.05876,-0.37397,0.08926,0.13377,0.12527,0.12174,0.15532,0.14495,0.14137
mom-plain-top20-6m-ma200-cash6,tax-dated,2017-10-01,2022-10-01,0.06419,-0.37465,0.11523,0.13204,0.12394,0.12017,0.15366,0.14353,0.13985
mom-plain-top20-6m-ma200-cash6,tax-dated,2017-11-01,2022-11-01,0.05217,-0.37398,0.05570,0.13102,0.12205,0.11924,0.15299,0.14208,0.13924
mom-plain-top20-6m-ma200-cash6,tax-dated,2017-12-01,2022-12-01,0.06292,-0.37433,0.10939,0.14628,0.13661,0.13312,0.16101,0.15003,0.14657
mom-plain-top20-6m-ma200-cash6,tax-dated,2018-01-01,2023-01-01,0.05664,-0.37552,0.07725,0.13060,0.12168,0.11887,0.13565,0.12560,0.12345
mom-plain-top20-6m-ma200-cash6,tax-dated,2018-02-01,2023-02-01,0.04639,-0.37226,0.02521,0.11224,0.10393,0.10225,0.12006,0.11116,0.10932
mom-plain-top20-6m-ma200-cash6,tax-dated,2018-03-01,2023-03-01,0.05253,-0.37271,0.05557,0.12158,0.11257,0.11070,0.13079,0.12109,0.11903
mom-plain-top20-6m-ma200-cash6,tax-dated,2018-04-01,2023-04-01,0.05683,-0.37127,0.07625,0.12753,0.11807,0.11608,0.13400,0.12407,0.12195
mom-plain-top20-6m-ma200-cash6,tax-dated,2018-05-01,2023-05-01,0.05770,-0.37262,0.08165,0.12307,0.11394,0.11204,0.12873,0.11919,0.11717
mom-plain-top20-6m-ma200-cash6,tax-dated,2018-06-01,2023-06-01,0.06183,-0.37077,0.10226,0.12930,0.11972,0.11769,0.14893,0.13796,0.13554
mom-plain-top20-6m-ma200-cash6,tax-dated,2018-07-01,2023-07-01,0.07047,-0.37006,0.14557,0.13722,0.12706,0.12487,0.15801,0.14641,0.14382
mom-plain-top20-6m-ma200-cash6,tax-dated,2018-08-01,2023-08-01,0.05726,-0.36668,0.07857,0.13027,0.12061,0.11856,0.15718,0.14564,0.14306
mom-plain-top20-6m-ma200-cash6,tax-dated,2018-09-01,2023-09-01,0.06326,-0.36715,0.10840,0.12049,0.11155,0.10970,0.14800,0.13709,0.13469
mom-plain-top20-6m-ma200-cash6,tax-dated,2018-10-01,2023-10-01,0.07697,-0.37397,0.17755,0.13610,0.12603,0.12386,0.17581,0.16305,0.16013
mom-plain-top20-6m-ma200-cash6,tax-dated,2018-11-01,2023-11-01,0.07874,-0.36663,0.18674,0.14179,0.13132,0.12904,0.18193,0.16878,0.16575
mom-plain-top20-6m-ma200-cash6,tax-dated,2018-12-01,2023-12-01,0.09362,-0.36855,0.26106,0.14615,0.13537,0.13300,0.20341,0.18895,0.18555
mom-plain-top20-6m-ma200-cash6,tax-dated,2019-01-01,2024-01-01,0.10806,-0.36626,0.33364,0.16150,0.14968,0.14702,0.22122,0.20571,0.20202
mom-plain-top20-6m-ma200-cash6,tax-dated,2019-02-01,2024-02-01,0.10993,-0.36836,0.34286,0.16137,0.14955,0.14690,0.22469,0.20899,0.20524
mom-plain-top20-6m-ma200-cash6,tax-dated,2019-03-01,2024-03-01,0.12133,-0.36711,0.39794,0.16870,0.15640,0.15361,0.24141,0.22478,0.22078
mom-plain-top20-6m-ma200-cash6,tax-dated,2019-04-01,2024-04-01,0.10559,-0.36533,0.31964,0.15319,0.14192,0.13942,0.23600,0.21967,0.21574
mom-plain-top20-6m-ma200-cash6,tax-dated,2019-05-01,2024-05-01,0.10725,-0.36459,0.32731,0.15309,0.14184,0.13934,0.24122,0.22460,0.22060
mom-plain-top20-6m-ma200-cash6,tax-dated,2019-06-01,2024-06-01,0.10200,-0.36007,0.30236,0.14946,0.13845,0.13601,0.25655,0.23911,0.23488
mom-plain-top20-6m-ma200-cash6,tax-dated,2019-07-01,2024-07-01,0.11827,-0.35842,0.37775,0.16648,0.15432,0.15157,0.26814,0.25011,0.24570
mom-plain-top20-6m-ma200-cash6,tax-dated,2019-08-01,2024-08-01,0.12962,-0.35553,0.43903,0.19261,0.17558,0.17558,0.30115,0.27662,0.27662
mom-plain-top20-6m-ma200-cash6,tax-dated,2019-09-01,2024-09-01,0.12971,-0.35550,0.43590,0.19386,0.17674,0.17674,0.30252,0.27791,0.27791
mom-plain-top20-6m-ma200-cash6,tax-dated,2019-10-01,2024-10-01,0.13810,-0.35899,0.47065,0.19193,0.17496,0.17496,0.29592,0.27172,0.27172
mom-plain-top20-6m-ma200-cash6,tax-dated,2019-11-01,2024-11-01,0.11289,-0.36049,0.35082,0.16694,0.15200,0.15200,0.26574,0.24346,0.24346
mom-plain-top20-6m-ma200-cash6,tax-dated,2019-12-01,2024-12-01,0.10629,-0.36034,0.31881,0.16218,0.14763,0.14763,0.25859,0.23678,0.23678
mom-plain-top20-6m-ma200-cash6,tax-dated,2020-01-01,2025-01-01,0.10256,-0.35448,0.30197,0.15598,0.14197,0.14197,0.24390,0.22309,0.22309
mom-plain-top20-6m-ma200-cash6,tax-dated,2020-02-01,2025-02-01,0.10740,-0.33724,0.32552,0.16380,0.14912,0.14912,0.21662,0.19777,0.19777
mom-plain-top20-6m-ma200-cash6,tax-dated,2020-03-01,2025-03-01,0.13197,-0.30213,0.51759,0.15961,0.14529,0.14529,0.19321,0.17614,0.17614
mom-plain-top20-6m-ma200-cash6,tax-dated,2020-04-01,2025-04-01,0.12617,-0.30091,0.48306,0.24335,0.22258,0.22258,0.26293,0.24083,0.24083
mom-plain-top20-6m-ma200-cash6,tax-dated,2020-05-01,2025-05-01,0.12630,-0.30110,0.48211,0.21179,0.19329,0.19329,0.23579,0.21554,0.21554
mom-plain-top20-6m-ma200-cash6,tax-dated,2020-06-01,2025-06-01,0.12623,-0.30088,0.48151,0.21702,0.19813,0.19813,0.24924,0.22807,0.22807
mom-plain-top20-6m-ma200-cash6,tax-dated,2020-07-01,2025-07-01,0.12568,-0.30076,0.47919,0.21071,0.19229,0.19229,0.25087,0.22958,0.22958
mom-plain-top20-6m-ma200-cash6,tax-dated,2020-08-01,2025-08-01,0.13878,-0.30936,0.54251,0.18700,0.17042,0.17042,0.21755,0.19862,0.19862
mom-plain-top20-6m-ma200-cash6,tax-today,2008-02-01,2013-02-01,0.02889,-0.39478,-0.10137,0.03592,0.03592,0.03438,0.02342,0.02342,0.02342
mom-plain-top20-6m-ma200-cash6,tax-today,2008-03-01,2013-03-01,0.11072,-0.12292,0.42731,0.02970,0.02970,0.02895,0.02703,0.02703,0.02662
mom-plain-top20-6m-ma200-cash6,tax-today,2008-04-01,2013-04-01,0.10630,-0.12294,0.39382,0.04945,0.04945,0.04626,0.07055,0.07055,0.06492
mom-plain-top20-6m-ma200-cash6,tax-today,2008-05-01,2013-05-01,0.05190,-0.29510,0.01467,0.03953,0.03953,0.03755,0.05392,0.05392,0.05020
mom-plain-top20-6m-ma200-cash6,tax-today,2008-06-01,2013-06-01,0.11844,-0.12292,0.46482,0.05429,0.05429,0.05052,0.07512,0.07512,0.06899
mom-plain-top20-6m-ma200-cash6,tax-today,2008-07-01,2013-07-01,0.11495,-0.12297,0.44031,0.09942,0.09942,0.09072,0.14111,0.14111,0.12841
mom-plain-top20-6m-ma200-cash6,tax-today,2008-08-01,2013-08-01,0.11898,-0.12294,0.46492,0.06611,0.06611,0.06098,0.09740,0.09740,0.08891
mom-plain-top20-6m-ma200-cash6,tax-today,2008-09-01,2013-09-01,0.10883,-0.13047,0.39028,0.05936,0.05936,0.05500,0.09064,0.09064,0.08284
mom-plain-top20-6m-ma200-cash6,tax-today,2008-10-01,2013-10-01,0.12129,-0.13066,0.46320,0.09178,0.09178,0.08387,0.13588,0.13588,0.12365
mom-plain-top20-6m-ma200-cash6,tax-today,2008-11-01,2013-11-01,0.13436,-0.13063,0.53788,0.18313,0.18313,0.16685,0.22532,0.22532,0.20583
mom-plain-top20-6m-ma200-cash6,tax-today,2008-12-01,2013-12-01,0.12840,-0.13060,0.49981,0.19549,0.19549,0.17824,0.22922,0.22922,0.20945
mom-plain-top20-6m-ma200-cash6,tax-today,2009-01-01,2014-01-01,0.13108,-0.13047,0.51365,0.17089,0.17089,0.15561,0.20948,0.20948,0.19116
mom-plain-top20-6m-ma200-cash6,tax-today,2009-02-01,2014-02-01,0.12739,-0.13065,0.48782,0.17517,0.17517,0.15955,0.21381,0.21381,0.19516
mom-plain-top20-6m-ma200-cash6,tax-today,2009-03-01,2014-03-01,0.13388,-0.13068,0.52552,0.19168,0.19168,0.17472,0.22937,0.22937,0.20959
mom-plain-top20-6m-ma200-cash6,tax-today,2009-04-01,2014-04-01,0.13680,-0.13054,0.54105,0.18381,0.18381,0.16748,0.21371,0.21371,0.19506
mom-plain-top20-6m-ma200-cash6,tax-today,2009-05-01,2014-05-01,0.15985,-0.14727,0.61052,0.15333,0.15333,0.13955,0.20257,0.20257,0.18477
mom-plain-top20-6m-ma200-cash6,tax-today,2009-06-01,2014-06-01,0.13948,-0.15313,0.53205,0.11085,0.11085,0.10101,0.17730,0.17730,0.16150
mom-plain-top20-6m-ma200-cash6,tax-today,2009-07-01,2014-07-01,0.16283,-0.13059,0.68468,0.13287,0.13287,0.12092,0.19900,0.19900,0.18148
mom-plain-top20-6m-ma200-cash6,tax-today,2009-08-01,2014-08-01,0.16043,-0.13050,0.66351,0.11721,0.11721,0.10674,0.17436,0.17436,0.15880
mom-plain-top20-6m-ma200-cash6,tax-today,2009-09-01,2014-09-01,0.17194,-0.13061,0.75168,0.12994,0.12994,0.11827,0.19506,0.19506,0.17784
mom-plain-top20-6m-ma200-cash6,tax-today,2009-10-01,2014-10-01,0.14208,-0.13060,0.57986,0.10646,0.10646,0.09705,0.18264,0.18264,0.16640
mom-plain-top20-6m-ma200-cash6,tax-today,2009-11-01,2014-11-01,0.17506,-0.13061,0.78824,0.13380,0.13380,0.12177,0.20627,0.20627,0.18818
mom-plain-top20-6m-ma200-cash6,tax-today,2009-12-01,2014-12-01,0.14809,-0.13057,0.63921,0.12120,0.12120,0.11035,0.19070,0.19070,0.17382
mom-plain-top20-6m-ma200-cash6,tax-today,2010-01-01,2015-01-01,0.13610,-0.13074,0.56840,0.11054,0.11054,0.10072,0.18516,0.18516,0.16873
mom-plain-top20-6m-ma200-cash6,tax-today,2010-02-01,2015-02-01,0.15882,-0.13054,0.69731,0.13777,0.13777,0.12537,0.21229,0.21229,0.19376
mom-plain-top20-6m-ma200-cash6,tax-today,2010-03-01,2015-03-01,0.14899,-0.13056,0.64574,0.13907,0.13907,0.12655,0.21651,0.21651,0.19766
mom-plain-top20-6m-ma200-cash6,tax-today,2010-04-01,2015-04-01,0.13686,-0.13053,0.56591,0.11502,0.11502,0.10476,0.20785,0.20785,0.18964
mom-plain-top20-6m-ma200-cash6,tax-today,2010-05-01,2015-05-01,0.12645,-0.13064,0.49742,0.10475,0.10475,0.09551,0.19134,0.19134,0.17442
mom-plain-top20-6m-ma200-cash6,tax-today,2010-06-01,2015-06-01,0.13747,-0.13573,0.58108,0.12480,0.12480,0.11361,0.21869,0.21869,0.19968
mom-plain-top20-6m-ma200-cash6,tax-today,2010-07-01,2015-07-01,0.13662,-0.14111,0.57134,0.11287,0.11287,0.10283,0.21196,0.21196,0.19344
mom-plain-top20-6m-ma200-cash6,tax-today,2010-08-01,2015-08-01,0.13604,-0.14094,0.56434,0.11037,0.11037,0.10057,0.21020,0.21020,0.19182
mom-plain-top20-6m-ma200-cash6,tax-today,2010-09-01,2015-09-01,0.11510,-0.14074,0.42462,0.08597,0.08597,0.07867,0.17846,0.17846,0.16257
mom-plain-top20-6m-ma200-cash6,tax-today,2010-10-01,2015-10-01,0.09925,-0.13753,0.32510,0.06548,0.06548,0.06042,0.16966,0.16966,0.15448
mom-plain-top20-6m-ma200-cash6,tax-today,2010-11-01,2015-11-01,0.09557,-0.15858,0.30346,0.06942,0.06942,0.06392,0.15728,0.15728,0.14315
mom-plain-top20-6m-ma200-cash6,tax-today,2010-12-01,2015-12-01,0.09316,-0.13704,0.29065,0.07206,0.07206,0.06627,0.15550,0.15550,0.14153
mom-plain-top20-6m-ma200-cash6,tax-today,2011-01-01,2016-01-01,0.09328,-0.13629,0.29121,0.06603,0.06603,0.06091,0.16809,0.16809,0.15305
mom-plain-top20-6m-ma200-cash6,tax-today,2011-02-01,2016-02-01,0.10937,-0.14222,0.42431,0.08148,0.08148,0.07466,0.18223,0.18223,0.16602
mom-plain-top20-6m-ma200-cash6,tax-today,2011-03-01,2016-03-01,0.10952,-0.14184,0.42522,0.06761,0.06761,0.06231,0.16191,0.16191,0.14739
mom-plain-top20-6m-ma200-cash6,tax-today,2011-04-01,2016-04-01,0.10215,-0.13936,0.36407,0.07054,0.07054,0.06492,0.16433,0.16433,0.14961
mom-plain-top20-6m-ma200-cash6,tax-today,2011-05-01,2016-05-01,0.10837,-0.14009,0.41776,0.07708,0.07708,0.07074,0.16911,0.16911,0.15398
mom-plain-top20-6m-ma200-cash6,tax-today,2011-06-01,2016-06-01,0.10840,-0.14007,0.41876,0.09211,0.09211,0.08416,0.17998,0.17998,0.16396
mom-plain-top20-6m-ma200-cash6,tax-today,2011-07-01,2016-07-01,0.10769,-0.14016,0.41376,0.09468,0.09468,0.08647,0.18497,0.18497,0.16855
mom-plain-top20-6m-ma200-cash6,tax-today,2011-08-01,2016-08-01,0.11769,-0.14000,0.48461,0.10716,0.10716,0.09768,0.20794,0.20794,0.18974
mom-plain-top20-6m-ma200-cash6,tax-today,2011-09-01,2016-09-01,0.12218,-0.14003,0.51037,0.13264,0.13264,0.12071,0.23121,0.23121,0.21129
mom-plain-top20-6m-ma200-cash6,tax-today,2011-10-01,2016-10-01,0.11712,-0.13981,0.47017,0.13102,0.13102,0.11924,0.23364,0.23364,0.21355
mom-plain-top20-6m-ma200-cash6,tax-today,2011-11-01,2016-11-01,0.11550,-0.14007,0.45732,0.11765,0.11765,0.10714,0.22844,0.22844,0.20872
mom-plain-top20-6m-ma200-cash6,tax-today,2011-12-01,2016-12-01,0.10314,-0.14279,0.36433,0.12024,0.12024,0.10948,0.22328,0.22328,0.20394
mom-plain-top20-6m-ma200-cash6,tax-today,2012-01-01,2017-01-01,0.10006,-0.14580,0.34014,0.13479,0.13479,0.12266,0.23011,0.23011,0.21027
mom-plain-top20-6m-ma200-cash6,tax-today,2012-02-01,2017-02-01,0.10363,-0.14642,0.35540,0.12078,0.12078,0.10997,0.24977,0.24977,0.22856
mom-plain-top20-6m-ma200-cash6,tax-today,2012-03-01,2017-03-01,0.09628,-0.14605,0.30792,0.12244,0.12244,0.11148,0.24492,0.24492,0.22404
mom-plain-top20-6m-ma200-cash6,tax-today,2012-04-01,2017-04-01,0.09635,-0.14609,0.30998,0.13020,0.13020,0.11850,0.24610,0.24610,0.22514
mom-plain-top20-6m-ma200-cash6,tax-today,2012-05-01,2017-05-01,0.09626,-0.14617,0.31136,0.13543,0.13543,0.12325,0.25848,0.25848,0.23668
mom-plain-top20-6m-ma200-cash6,tax-today,2012-06-01,2017-06-01,0.10152,-0.14571,0.35064,0.16115,0.16115,0.14670,0.27090,0.27090,0.24828
mom-plain-top20-6m-ma200-cash6,tax-today,2012-07-01,2017-07-01,0.10157,-0.14592,0.35065,0.13879,0.13879,0.12631,0.25219,0.25219,0.23081
mom-plain-top20-6m-ma200-cash6,tax-today,2012-08-01,2017-08-01,0.10867,-0.14629,0.39954,0.15452,0.15452,0.14064,0.26897,0.26897,0.24647
mom-plain-top20-6m-ma200-cash6,tax-today,2012-09-01,2017-09-01,0.10869,-0.14605,0.39651,0.15048,0.15048,0.13695,0.27439,0.27439,0.25154
mom-plain-top20-6m-ma200-cash6,tax-today,2012-10-01,2017-10-01,0.09343,-0.14659,0.29461,0.12709,0.12709,0.11568,0.25032,0.25032,0.22907
mom-plain-top20-6m-ma200-cash6,tax-today,2012-11-01,2017-11-01,0.10511,-0.14656,0.37208,0.14469,0.14469,0.13167,0.26899,0.26899,0.24649
mom-plain-top20-6m-ma200-cash6,tax-today,2012-12-01,2017-12-01,0.08871,-0.14713,0.26075,0.12840,0.12840,0.11687,0.24480,0.24480,0.22393
mom-plain-top20-6m-ma200-cash6,tax-today,2013-01-01,2018-01-01,0.09213,-0.14753,0.28402,0.13251,0.13251,0.12060,0.25838,0.25838,0.23658
mom-plain-top20-6m-ma200-cash6,tax-today,2013-02-01,2018-02-01,0.09467,-0.14362,0.30199,0.14308,0.14308,0.13021,0.26468,0.26468,0.24246
mom-plain-top20-6m-ma200-cash6,tax-today,2013-03-01,2018-03-01,0.09497,-0.14671,0.30423,0.14232,0.14232,0.12951,0.26089,0.26089,0.23892
mom-plain-top20-6m-ma200-cash6,tax-today,2013-04-01,2018-04-01,0.08330,-0.14726,0.22536,0.13557,0.13557,0.12338,0.25600,0.25600,0.23436
mom-plain-top20-6m-ma200-cash6,tax-today,2013-05-01,2018-05-01,0.08740,-0.14388,0.25365,0.14039,0.14039,0.12776,0.26045,0.26045,0.23852
mom-plain-top20-6m-ma200-cash6,tax-today,2013-06-01,2018-06-01,0.08734,-0.14723,0.25268,0.13701,0.13701,0.12468,0.24607,0.24607,0.22511
mom-plain-top20-6m-ma200-cash6,tax-today,2013-07-01,2018-07-01,0.08498,-0.14365,0.23799,0.14080,0.14080,0.12813,0.24990,0.24990,0.22868
mom-plain-top20-6m-ma200-cash6,tax-today,2013-08-01,2018-08-01,0.08406,-0.14939,0.24101,0.16077,0.16077,0.14635,0.26292,0.26266,0.24082
mom-plain-top20-6m-ma200-cash6,tax-today,2013-09-01,2018-09-01,0.08500,-0.14913,0.24674,0.17846,0.17790,0.16256,0.29019,0.28860,0.26633
mom-plain-top20-6m-ma200-cash6,tax-today,2013-10-01,2018-10-01,0.06710,-0.14887,0.11491,0.15170,0.15170,0.13806,0.25045,0.25045,0.22919
mom-plain-top20-6m-ma200-cash6,tax-today,2013-11-01,2018-11-01,0.05517,-0.16769,0.02997,0.11865,0.11865,0.10804,0.21992,0.21992,0.20082
mom-plain-top20-6m-ma200-cash6,tax-today,2013-12-01,2018-12-01,0.07187,-0.16760,0.14900,0.13388,0.13388,0.12185,0.23611,0.23611,0.21585
mom-plain-top20-6m-ma200-cash6,tax-today,2014-01-01,2019-01-01,0.06479,-0.16769,0.09927,0.13007,0.13007,0.11839,0.22665,0.22665,0.20706
mom-plain-top20-6m-ma200-cash6,tax-today,2014-02-01,2019-02-01,0.08706,-0.16788,0.25411,0.13747,0.13747,0.12510,0.23796,0.23796,0.21756
mom-plain-top20-6m-ma200-cash6,tax-today,2014-03-01,2019-03-01,0.08109,-0.16739,0.21291,0.13018,0.13018,0.11848,0.22764,0.22764,0.20798
mom-plain-top20-6m-ma200-cash6,tax-today,2014-04-01,2019-04-01,0.08025,-0.16773,0.20854,0.13094,0.13055,0.11917,0.23479,0.23418,0.21462
mom-plain-top20-6m-ma200-cash6,tax-today,2014-05-01,2019-05-01,0.08277,-0.16772,0.22651,0.13329,0.13274,0.12131,0.23461,0.23348,0.21445
mom-plain-top20-6m-ma200-cash6,tax-today,2014-06-01,2019-06-01,0.06517,-0.16758,0.10260,0.11935,0.11855,0.10868,0.21977,0.21903,0.20068
mom-plain-top20-6m-ma200-cash6,tax-today,2014-07-01,2019-07-01,0.05555,-0.16784,0.03414,0.10598,0.10531,0.09661,0.19548,0.19488,0.17823
mom-plain-top20-6m-ma200-cash6,tax-today,2014-08-01,2019-08-01,0.05133,-0.16759,0.00513,0.08985,0.08985,0.08214,0.17443,0.17443,0.15886
mom-plain-top20-6m-ma200-cash6,tax-today,2014-09-01,2019-09-01,0.04048,-0.16763,-0.07449,0.07909,0.07909,0.07253,0.15466,0.15466,0.14076
mom-plain-top20-6m-ma200-cash6,tax-today,2014-10-01,2019-10-01,0.05695,-0.16756,0.04581,0.08775,0.08775,0.08026,0.16178,0.16178,0.14727
mom-plain-top20-6m-ma200-cash6,tax-today,2014-11-01,2019-11-01,0.05088,-0.16804,-0.00026,0.08786,0.08715,0.08036,0.15625,0.15613,0.14222
mom-plain-top20-6m-ma200-cash6,tax-today,2014-12-01,2019-12-01,0.04862,-0.16720,-0.01746,0.08482,0.08385,0.07764,0.14858,0.14820,0.13522
mom-plain-top20-6m-ma200-cash6,tax-today,2015-01-01,2020-01-01,0.05558,-0.16724,0.03227,0.09410,0.09284,0.08594,0.15458,0.15373,0.14069
mom-plain-top20-6m-ma200-cash6,tax-today,2015-02-01,2020-02-01,0.04480,-0.16742,-0.04687,0.07134,0.07114,0.06563,0.13652,0.13564,0.12424
mom-plain-top20-6m-ma200-cash6,tax-today,2015-03-01,2020-03-01,0.03457,-0.16748,-0.12469,0.06049,0.06049,0.05601,0.13332,0.13260,0.12133
mom-plain-top20-6m-ma200-cash6,tax-today,2015-04-01,2020-04-01,-0.02197,-0.37425,-0.41151,0.00513,0.00513,0.00513,0.07417,0.07417,0.06814
mom-plain-top20-6m-ma200-cash6,tax-today,2015-05-01,2020-05-01,0.02073,-0.37468,-0.13562,0.05161,0.05161,0.04817,0.12195,0.12195,0.11103
mom-plain-top20-6m-ma200-cash6,tax-today,2015-06-01,2020-06-01,0.01325,-0.37398,-0.17426,0.04456,0.04456,0.04195,0.10890,0.10890,0.09925
mom-plain-top20-6m-ma200-cash6,tax-today,2015-07-01,2020-07-01,0.02759,-0.37389,-0.09177,0.05602,0.05602,0.05205,0.11517,0.11517,0.10490
mom-plain-top20-6m-ma200-cash6,tax-today,2015-08-01,2020-08-01,0.02653,-0.37397,-0.09851,0.06667,0.06667,0.06148,0.11910,0.11818,0.10845
mom-plain-top20-6m-ma200-cash6,tax-today,2015-09-01,2020-09-01,0.04467,-0.37461,-0.00320,0.09415,0.09397,0.08599,0.14390,0.14216,0.13095
mom-plain-top20-6m-ma200-cash6,tax-today,2015-10-01,2020-10-01,0.04472,-0.37382,-0.00373,0.08855,0.08850,0.08097,0.13979,0.13762,0.12721
mom-plain-top20-6m-ma200-cash6,tax-today,2015-11-01,2020-11-01,0.04471,-0.37404,-0.00416,0.08985,0.08934,0.08213,0.13774,0.13587,0.12535
mom-plain-top20-6m-ma200-cash6,tax-today,2015-12-01,2020-12-01,0.04473,-0.37383,-0.00450,0.11915,0.11604,0.10849,0.15807,0.15486,0.14388
mom-plain-top20-6m-ma200-cash6,tax-today,2016-01-01,2021-01-01,0.04429,-0.37409,-0.00701,0.13407,0.12958,0.12201,0.17356,0.16874,0.15806
mom-plain-top20-6m-ma200-cash6,tax-today,2016-02-01,2021-02-01,0.04727,-0.37413,0.01241,0.15030,0.14530,0.13678,0.18534,0.18061,0.16889
mom-plain-top20-6m-ma200-cash6,tax-today,2016-03-01,2021-03-01,0.05710,-0.37428,0.06946,0.16879,0.16300,0.15369,0.21366,0.20751,0.19502
mom-plain-top20-6m-ma200-cash6,tax-today,2016-04-01,2021-04-01,0.06576,-0.37391,0.11752,0.15484,0.14905,0.14093,0.21192,0.20483,0.19341
mom-plain-top20-6m-ma200-cash6,tax-today,2016-05-01,2021-05-01,0.07091,-0.37410,0.14554,0.14721,0.14177,0.13397,0.22144,0.21306,0.20223
mom-plain-top20-6m-ma200-cash6,tax-today,2016-06-01,2021-06-01,0.08411,-0.37439,0.21530,0.15209,0.14550,0.13842,0.22716,0.21791,0.20754
mom-plain-top20-6m-ma200-cash6,tax-today,2016-07-01,2021-07-01,0.08291,-0.37485,0.20918,0.14918,0.14247,0.13576,0.22948,0.21958,0.20969
mom-plain-top20-6m-ma200-cash6,tax-today,2016-08-01,2021-08-01,0.08234,-0.37439,0.20551,0.14201,0.13527,0.12923,0.21930,0.20877,0.20025
mom-plain-top20-6m-ma200-cash6,tax-today,2016-09-01,2021-09-01,0.08395,-0.37411,0.21418,0.15663,0.14844,0.14256,0.22392,0.21280,0.20453
mom-plain-top20-6m-ma200-cash6,tax-today,2016-10-01,2021-10-01,0.08927,-0.37411,0.24094,0.16709,0.15837,0.15213,0.22806,0.21664,0.20837
mom-plain-top20-6m-ma200-cash6,tax-today,2016-11-01,2021-11-01,0.09967,-0.37468,0.29278,0.17194,0.16281,0.15658,0.23496,0.22274,0.21478
mom-plain-top20-6m-ma200-cash6,tax-today,2016-12-01,2021-12-01,0.10128,-0.37410,0.30249,0.17392,0.16541,0.15839,0.24422,0.23222,0.22339
mom-plain-top20-6m-ma200-cash6,tax-today,2017-01-01,2022-01-01,0.11034,-0.37490,0.34633,0.17675,0.16803,0.16099,0.25612,0.24359,0.23448
mom-plain-top20-6m-ma200-cash6,tax-today,2017-02-01,2022-02-01,0.12360,-0.37372,0.40926,0.16503,0.15626,0.15025,0.21213,0.20066,0.19360
mom-plain-top20-6m-ma200-cash6,tax-today,2017-03-01,2022-03-01,0.11880,-0.37405,0.38198,0.14866,0.14075,0.13529,0.19967,0.18888,0.18209
mom-plain-top20-6m-ma200-cash6,tax-today,2017-04-01,2022-04-01,0.12146,-0.37407,0.39315,0.15423,0.14549,0.14037,0.20375,0.19213,0.18586
mom-plain-top20-6m-ma200-cash6,tax-today,2017-05-01,2022-05-01,0.10302,-0.37398,0.30402,0.14357,0.13545,0.13065,0.17957,0.16895,0.16358
mom-plain-top20-6m-ma200-cash6,tax-today,2017-06-01,2022-06-01,0.08884,-0.37386,0.23566,0.12885,0.12137,0.11728,0.16100,0.15184,0.14655
mom-plain-top20-6m-ma200-cash6,tax-today,2017-07-01,2022-07-01,0.07320,-0.37406,0.15968,0.11999,0.11334,0.10925,0.14102,0.13353,0.12833
mom-plain-top20-6m-ma200-cash6,tax-today,2017-08-01,2022-08-01,0.06001,-0.37476,0.09608,0.12777,0.11954,0.11630,0.15103,0.14158,0.13745
mom-plain-top20-6m-ma200-cash6,tax-today,2017-09-01,2022-09-01,0.05668,-0.37458,0.07931,0.13377,0.12527,0.12174,0.15532,0.14495,0.14137
mom-plain-top20-6m-ma200-cash6,tax-today,2017-10-01,2022-10-01,0.06228,-0.37513,0.10612,0.13204,0.12394,0.12017,0.15366,0.14353,0.13985
mom-plain-top20-6m-ma200-cash6,tax-today,2017-11-01,2022-11-01,0.05036,-0.37472,0.04700,0.13102,0.12205,0.11924,0.15299,0.14208,0.13924
mom-plain-top20-6m-ma200-cash6,tax-today,2017-12-01,2022-12-01,0.06092,-0.37479,0.09968,0.14628,0.13661,0.13312,0.16101,0.15003,0.14657
mom-plain-top20-6m-ma200-cash6,tax-today,2018-01-01,2023-01-01,0.05456,-0.37557,0.06707,0.13060,0.12168,0.11887,0.13565,0.12560,0.12345
mom-plain-top20-6m-ma200-cash6,tax-today,2018-02-01,2023-02-01,0.04464,-0.37247,0.01666,0.11224,0.10393,0.10225,0.12006,0.11116,0.10932
mom-plain-top20-6m-ma200-cash6,tax-today,2018-03-01,2023-03-01,0.05065,-0.37204,0.04620,0.12158,0.11257,0.11070,0.13079,0.12109,0.11903
mom-plain-top20-6m-ma200-cash6,tax-today,2018-04-01,2023-04-01,0.05535,-0.37116,0.06888,0.12753,0.11807,0.11608,0.13400,0.12407,0.12195
mom-plain-top20-6m-ma200-cash6,tax-today,2018-05-01,2023-05-01,0.05647,-0.37284,0.07567,0.12307,0.11394,0.11204,0.12873,0.11919,0.11717
mom-plain-top20-6m-ma200-cash6,tax-today,2018-06-01,2023-06-01,0.06061,-0.37120,0.09636,0.12930,0.11972,0.11769,0.14893,0.13796,0.13554
mom-plain-top20-6m-ma200-cash6,tax-today,2018-07-01,2023-07-01,0.06892,-0.37048,0.13793,0.13722,0.12706,0.12487,0.15801,0.14641,0.14382
mom-plain-top20-6m-ma200-cash6,tax-today,2018-08-01,2023-08-01,0.05589,-0.36675,0.07177,0.13027,0.12061,0.11856,0.15718,0.14564,0.14306
mom-plain-top20-6m-ma200-cash6,tax-today,2018-09-01,2023-09-01,0.06201,-0.36731,0.10223,0.12049,0.11155,0.10970,0.14800,0.13709,0.13469
mom-plain-top20-6m-ma200-cash6,tax-today,2018-10-01,2023-10-01,0.07527,-0.37349,0.16912,0.13610,0.12603,0.12386,0.17581,0.16305,0.16013
mom-plain-top20-6m-ma200-cash6,tax-today,2018-11-01,2023-11-01,0.07729,-0.36662,0.17929,0.14179,0.13132,0.12904,0.18193,0.16878,0.16575
mom-plain-top20-6m-ma200-cash6,tax-today,2018-12-01,2023-12-01,0.09115,-0.36833,0.24855,0.14615,0.13537,0.13300,0.20341,0.18895,0.18555
mom-plain-top20-6m-ma200-cash6,tax-today,2019-01-01,2024-01-01,0.10543,-0.36633,0.32011,0.16150,0.14968,0.14702,0.22122,0.20571,0.20202
mom-plain-top20-6m-ma200-cash6,tax-today,2019-02-01,2024-02-01,0.10822,-0.36844,0.33408,0.16137,0.14955,0.14690,0.22469,0.20899,0.20524
mom-plain-top20-6m-ma200-cash6,tax-today,2019-03-01,2024-03-01,0.11930,-0.36711,0.38768,0.16870,0.15640,0.15361,0.24141,0.22478,0.22078
mom-plain-top20-6m-ma200-cash6,tax-today,2019-04-01,2024-04-01,0.10280,-0.36533,0.30563,0.15319,0.14192,0.13942,0.23600,0.21967,0.21574
mom-plain-top20-6m-ma200-cash6,tax-today,2019-05-01,2024-05-01,0.10443,-0.36459,0.31324,0.15309,0.14184,0.13934,0.24122,0.22460,0.22060
mom-plain-top20-6m-ma200-cash6,tax-today,2019-06-01,2024-06-01,0.09985,-0.36007,0.29153,0.14946,0.13845,0.13601,0.25655,0.23911,0.23488
mom-plain-top20-6m-ma200-cash6,tax-today,2019-07-01,2024-07-01,0.11546,-0.35842,0.36391,0.16648,0.15432,0.15157,0.26814,0.25011,0.24570
mom-plain-top20-6m-ma200-cash6,tax-today,2019-08-01,2024-08-01,0.12879,-0.35553,0.43483,0.19261,0.17558,0.17558,0.30115,0.27662,0.27662
mom-plain-top20-6m-ma200-cash6,tax-today,2019-09-01,2024-09-01,0.12878,-0.35550,0.43122,0.19386,0.17674,0.17674,0.30252,0.27791,0.27791
mom-plain-top20-6m-ma200-cash6,tax-today,2019-10-01,2024-10-01,0.13745,-0.35899,0.46739,0.19193,0.17496,0.17496,0.29592,0.27172,0.27172
mom-plain-top20-6m-ma200-cash6,tax-today,2019-11-01,2024-11-01,0.11215,-0.36049,0.34719,0.16694,0.15200,0.15200,0.26574,0.24346,0.24346
mom-plain-top20-6m-ma200-cash6,tax-today,2019-12-01,2024-12-01,0.10539,-0.36034,0.31439,0.16218,0.14763,0.14763,0.25859,0.23678,0.23678
mom-plain-top20-6m-ma200-cash6,tax-today,2020-01-01,2025-01-01,0.10198,-0.35448,0.29911,0.15598,0.14197,0.14197,0.24390,0.22309,0.22309
mom-plain-top20-6m-ma200-cash6,tax-today,2020-02-01,2025-02-01,0.10641,-0.33724,0.32064,0.16380,0.14912,0.14912,0.21662,0.19777,0.19777
mom-plain-top20-6m-ma200-cash6,tax-today,2020-03-01,2025-03-01,0.13194,-0.30112,0.51757,0.15961,0.14529,0.14529,0.19321,0.17614,0.17614
mom-plain-top20-6m-ma200-cash6,tax-today,2020-04-01,2025-04-01,0.12556,-0.30101,0.47919,0.24335,0.22258,0.22258,0.26293,0.24083,0.24083
mom-plain-top20-6m-ma200-cash6,tax-today,2020-05-01,2025-05-01,0.12575,-0.30145,0.47842,0.21179,0.19329,0.19329,0.23579,0.21554,0.21554
mom-plain-top20-6m-ma200-cash6,tax-today,2020-06-01,2025-06-01,0.12558,-0.30117,0.47730,0.21702,0.19813,0.19813,0.24924,0.22807,0.22807
mom-plain-top20-6m-ma200-cash6,tax-today,2020-07-01,2025-07-01,0.12504,-0.30112,0.47502,0.21071,0.19229,0.19229,0.25087,0.22958,0.22958
mom-plain-top20-6m-ma200-cash6,tax-today,2020-08-01,2025-08-01,0.13674,-0.31207,0.53023,0.18700,0.17042,0.17042,0.21755,0.19862,0.19862
