variant,stage,start,end,cagr,maxdd,sharpe,bench_gross,bench_net_dated,bench_net_today,fund_gross,fund_net_dated,fund_net_today
mom-nse-top10-1m,cost,2008-02-01,2013-02-01,0.02646,-0.50729,-0.02309,0.03592,0.03592,0.03438,0.02342,0.02342,0.02342
mom-nse-top10-1m,cost,2008-03-01,2013-03-01,0.03057,-0.45706,-0.01297,0.02970,0.02970,0.02895,0.02703,0.02703,0.02662
mom-nse-top10-1m,cost,2008-04-01,2013-04-01,0.05346,-0.44284,0.08127,0.04945,0.04945,0.04626,0.07055,0.07055,0.06492
mom-nse-top10-1m,cost,2008-05-01,2013-05-01,0.04466,-0.44648,0.04182,0.03953,0.03953,0.03755,0.05392,0.05392,0.05020
mom-nse-top10-1m,cost,2008-06-01,2013-06-01,0.06916,-0.40206,0.14747,0.05429,0.05429,0.05052,0.07512,0.07512,0.06899
mom-nse-top10-1m,cost,2008-07-01,2013-07-01,0.11306,-0.32013,0.33534,0.09942,0.09942,0.09072,0.14111,0.14111,0.12841
mom-nse-top10-1m,cost,2008-08-01,2013-08-01,0.10604,-0.31997,0.30689,0.06611,0.06611,0.06098,0.09740,0.09740,0.08891
mom-nse-top10-1m,cost,2008-09-01,2013-09-01,0.10586,-0.32586,0.30521,0.05936,0.05936,0.05500,0.09064,0.09064,0.08284
mom-nse-top10-1m,cost,2008-10-01,2013-10-01,0.11604,-0.29106,0.34969,0.09178,0.09178,0.08387,0.13588,0.13588,0.12365
mom-nse-top10-1m,cost,2008-11-01,2013-11-01,0.18160,-0.17116,0.63893,0.18313,0.18313,0.16685,0.22532,0.22532,0.20583
mom-nse-top10-1m,cost,2008-12-01,2013-12-01,0.18107,-0.17167,0.64206,0.19549,0.19549,0.17824,0.22922,0.22922,0.20945
mom-nse-top10-1m,cost,2009-01-01,2014-01-01,0.17597,-0.17127,0.62535,0.17089,0.17089,0.15561,0.20948,0.20948,0.19116
mom-nse-top10-1m,cost,2009-02-01,2014-02-01,0.19176,-0.17168,0.69626,0.17517,0.17517,0.15955,0.21381,0.21381,0.19516
mom-nse-top10-1m,cost,2009-03-01,2014-03-01,0.19807,-0.17173,0.72358,0.19168,0.19168,0.17472,0.22937,0.22937,0.20959
mom-nse-top10-1m,cost,2009-04-01,2014-04-01,0.16616,-0.17154,0.58762,0.18381,0.18381,0.16748,0.21371,0.21371,0.19506
mom-nse-top10-1m,cost,2009-05-01,2014-05-01,0.14893,-0.17133,0.51247,0.15333,0.15333,0.13955,0.20257,0.20257,0.18477
mom-nse-top10-1m,cost,2009-06-01,2014-06-01,0.14044,-0.17220,0.49330,0.11085,0.11085,0.10101,0.17730,0.17730,0.16150
mom-nse-top10-1m,cost,2009-07-01,2014-07-01,0.16794,-0.17280,0.63705,0.13287,0.13287,0.12092,0.19900,0.19900,0.18148
mom-nse-top10-1m,cost,2009-08-01,2014-08-01,0.13096,-0.17304,0.46019,0.11721,0.11721,0.10674,0.17436,0.17436,0.15880
mom-nse-top10-1m,cost,2009-09-01,2014-09-01,0.13811,-0.17172,0.50721,0.12994,0.12994,0.11827,0.19506,0.19506,0.17784
mom-nse-top10-1m,cost,2009-10-01,2014-10-01,0.10678,-0.17161,0.33962,0.10646,0.10646,0.09705,0.18264,0.18264,0.16640
mom-nse-top10-1m,cost,2009-11-01,2014-11-01,0.13187,-0.17125,0.47632,0.13380,0.13380,0.12177,0.20627,0.20627,0.18818
mom-nse-top10-1m,cost,2009-12-01,2014-12-01,0.10215,-0.17086,0.32010,0.12120,0.12120,0.11035,0.19070,0.19070,0.17382
mom-nse-top10-1m,cost,2010-01-01,2015-01-01,0.07785,-0.17069,0.18168,0.11054,0.11054,0.10072,0.18516,0.18516,0.16873
mom-nse-top10-1m,cost,2010-02-01,2015-02-01,0.11545,-0.17050,0.39444,0.13777,0.13777,0.12537,0.21229,0.21229,0.19376
mom-nse-top10-1m,cost,2010-03-01,2015-03-01,0.10369,-0.17036,0.33013,0.13907,0.13907,0.12655,0.21651,0.21651,0.19766
mom-nse-top10-1m,cost,2010-04-01,2015-04-01,0.09718,-0.17041,0.29158,0.11502,0.11502,0.10476,0.20785,0.20785,0.18964
mom-nse-top10-1m,cost,2010-05-01,2015-05-01,0.08811,-0.16953,0.24022,0.10475,0.10475,0.09551,0.19134,0.19134,0.17442
mom-nse-top10-1m,cost,2010-06-01,2015-06-01,0.11636,-0.17014,0.40312,0.12480,0.12480,0.11361,0.21869,0.21869,0.19968
mom-nse-top10-1m,cost,2010-07-01,2015-07-01,0.11038,-0.17006,0.36929,0.11287,0.11287,0.10283,0.21196,0.21196,0.19344
mom-nse-top10-1m,cost,2010-08-01,2015-08-01,0.10779,-0.16983,0.35307,0.11037,0.11037,0.10057,0.21020,0.21020,0.19182
mom-nse-top10-1m,cost,2010-09-01,2015-09-01,0.08505,-0.16751,0.22347,0.08597,0.08597,0.07867,0.17846,0.17846,0.16257
mom-nse-top10-1m,cost,2010-10-01,2015-10-01,0.07046,-0.17023,0.14089,0.06548,0.06548,0.06042,0.16966,0.16966,0.15448
mom-nse-top10-1m,cost,2010-11-01,2015-11-01,0.06850,-0.17007,0.12960,0.06942,0.06942,0.06392,0.15728,0.15728,0.14315
mom-nse-top10-1m,cost,2010-12-01,2015-12-01,0.05983,-0.15489,0.07964,0.07206,0.07206,0.06627,0.15550,0.15550,0.14153
mom-nse-top10-1m,cost,2011-01-01,2016-01-01,0.06053,-0.15438,0.08316,0.06603,0.06603,0.06091,0.16809,0.16809,0.15305
mom-nse-top10-1m,cost,2011-02-01,2016-02-01,0.07231,-0.14214,0.15217,0.08148,0.08148,0.07466,0.18223,0.18223,0.16602
mom-nse-top10-1m,cost,2011-03-01,2016-03-01,0.05975,-0.17721,0.07835,0.06761,0.06761,0.06231,0.16191,0.16191,0.14739
mom-nse-top10-1m,cost,2011-04-01,2016-04-01,0.06554,-0.17740,0.11288,0.07054,0.07054,0.06492,0.16433,0.16433,0.14961
mom-nse-top10-1m,cost,2011-05-01,2016-05-01,0.06975,-0.17698,0.13727,0.07708,0.07708,0.07074,0.16911,0.16911,0.15398
mom-nse-top10-1m,cost,2011-06-01,2016-06-01,0.08220,-0.17707,0.21091,0.09211,0.09211,0.08416,0.17998,0.17998,0.16396
mom-nse-top10-1m,cost,2011-07-01,2016-07-01,0.08440,-0.17753,0.22384,0.09468,0.09468,0.08647,0.18497,0.18497,0.16855
mom-nse-top10-1m,cost,2011-08-01,2016-08-01,0.09705,-0.17751,0.29794,0.10716,0.10716,0.09768,0.20794,0.20794,0.18974
mom-nse-top10-1m,cost,2011-09-01,2016-09-01,0.11170,-0.17709,0.38158,0.13264,0.13264,0.12071,0.23121,0.23121,0.21129
mom-nse-top10-1m,cost,2011-10-01,2016-10-01,0.10962,-0.17705,0.36868,0.13102,0.13102,0.11924,0.23364,0.23364,0.21355
mom-nse-top10-1m,cost,2011-11-01,2016-11-01,0.09445,-0.17757,0.28259,0.11765,0.11765,0.10714,0.22844,0.22844,0.20872
mom-nse-top10-1m,cost,2011-12-01,2016-12-01,0.08467,-0.17769,0.22404,0.12024,0.12024,0.10948,0.22328,0.22328,0.20394
mom-nse-top10-1m,cost,2012-01-01,2017-01-01,0.09213,-0.17739,0.26605,0.13479,0.13479,0.12266,0.23011,0.23011,0.21027
mom-nse-top10-1m,cost,2012-02-01,2017-02-01,0.11389,-0.17714,0.38757,0.12078,0.12078,0.10997,0.24977,0.24977,0.22856
mom-nse-top10-1m,cost,2012-03-01,2017-03-01,0.10619,-0.17773,0.34571,0.12244,0.12244,0.11148,0.24492,0.24492,0.22404
mom-nse-top10-1m,cost,2012-04-01,2017-04-01,0.11010,-0.17759,0.36813,0.13020,0.13020,0.11850,0.24610,0.24610,0.22514
mom-nse-top10-1m,cost,2012-05-01,2017-05-01,0.11963,-0.17767,0.42199,0.13543,0.13543,0.12325,0.25848,0.25848,0.23668
mom-nse-top10-1m,cost,2012-06-01,2017-06-01,0.13839,-0.17841,0.52742,0.16115,0.16115,0.14670,0.27090,0.27090,0.24828
mom-nse-top10-1m,cost,2012-07-01,2017-07-01,0.12099,-0.17808,0.43276,0.13879,0.13879,0.12631,0.25219,0.25219,0.23081
mom-nse-top10-1m,cost,2012-08-01,2017-08-01,0.13739,-0.17845,0.52578,0.15452,0.15452,0.14064,0.26897,0.26897,0.24647
mom-nse-top10-1m,cost,2012-09-01,2017-09-01,0.13497,-0.17841,0.51018,0.15048,0.15048,0.13695,0.27439,0.27439,0.25154
mom-nse-top10-1m,cost,2012-10-01,2017-10-01,0.12402,-0.17837,0.44815,0.12709,0.12709,0.11568,0.25032,0.25032,0.22907
mom-nse-top10-1m,cost,2012-11-01,2017-11-01,0.13864,-0.17829,0.52859,0.14469,0.14469,0.13167,0.26899,0.26899,0.24649
mom-nse-top10-1m,cost,2012-12-01,2017-12-01,0.11924,-0.17821,0.41861,0.12840,0.12840,0.11687,0.24480,0.24480,0.22393
mom-nse-top10-1m,cost,2013-01-01,2018-01-01,0.13261,-0.17825,0.49266,0.13251,0.13251,0.12060,0.25838,0.25838,0.23658
mom-nse-top10-1m,cost,2013-02-01,2018-02-01,0.12584,-0.17784,0.45620,0.14308,0.14308,0.13021,0.26468,0.26468,0.24246
mom-nse-top10-1m,cost,2013-03-01,2018-03-01,0.12611,-0.17702,0.45772,0.14232,0.14232,0.12951,0.26089,0.26089,0.23892
mom-nse-top10-1m,cost,2013-04-01,2018-04-01,0.12026,-0.17695,0.42445,0.13557,0.13557,0.12338,0.25600,0.25600,0.23436
mom-nse-top10-1m,cost,2013-05-01,2018-05-01,0.12808,-0.17747,0.46883,0.14039,0.14039,0.12776,0.26045,0.26045,0.23852
mom-nse-top10-1m,cost,2013-06-01,2018-06-01,0.13317,-0.17804,0.49853,0.13701,0.13701,0.12468,0.24607,0.24607,0.22511
mom-nse-top10-1m,cost,2013-07-01,2018-07-01,0.13983,-0.17793,0.53838,0.14080,0.14080,0.12813,0.24990,0.24990,0.22868
mom-nse-top10-1m,cost,2013-08-01,2018-08-01,0.14354,-0.17753,0.56272,0.16077,0.16077,0.14635,0.26292,0.26266,0.24082
mom-nse-top10-1m,cost,2013-09-01,2018-09-01,0.14862,-0.17747,0.59808,0.17846,0.17790,0.16256,0.29019,0.28860,0.26633
mom-nse-top10-1m,cost,2013-10-01,2018-10-01,0.12734,-0.17788,0.47850,0.15170,0.15170,0.13806,0.25045,0.25045,0.22919
mom-nse-top10-1m,cost,2013-11-01,2018-11-01,0.10776,-0.17719,0.36107,0.11865,0.11865,0.10804,0.21992,0.21992,0.20082
mom-nse-top10-1m,cost,2013-12-01,2018-12-01,0.11457,-0.17745,0.39980,0.13388,0.13388,0.12185,0.23611,0.23611,0.21585
mom-nse-top10-1m,cost,2014-01-01,2019-01-01,0.10557,-0.17689,0.34792,0.13007,0.13007,0.11839,0.22665,0.22665,0.20706
mom-nse-top10-1m,cost,2014-02-01,2019-02-01,0.11272,-0.17724,0.38822,0.13747,0.13747,0.12510,0.23796,0.23796,0.21756
mom-nse-top10-1m,cost,2014-03-01,2019-03-01,0.10714,-0.17744,0.35612,0.13018,0.13018,0.11848,0.22764,0.22764,0.20798
mom-nse-top10-1m,cost,2014-04-01,2019-04-01,0.11974,-0.17625,0.43095,0.13094,0.13055,0.11917,0.23479,0.23418,0.21462
mom-nse-top10-1m,cost,2014-05-01,2019-05-01,0.12477,-0.17705,0.45904,0.13329,0.13274,0.12131,0.23461,0.23348,0.21445
mom-nse-top10-1m,cost,2014-06-01,2019-06-01,0.12149,-0.17482,0.43965,0.11935,0.11855,0.10868,0.21977,0.21903,0.20068
mom-nse-top10-1m,cost,2014-07-01,2019-07-01,0.11352,-0.17570,0.39634,0.10598,0.10531,0.09661,0.19548,0.19488,0.17823
mom-nse-top10-1m,cost,2014-08-01,2019-08-01,0.09521,-0.17637,0.28795,0.08985,0.08985,0.08214,0.17443,0.17443,0.15886
mom-nse-top10-1m,cost,2014-09-01,2019-09-01,0.08131,-0.17718,0.20565,0.07909,0.07909,0.07253,0.15466,0.15466,0.14076
mom-nse-top10-1m,cost,2014-10-01,2019-10-01,0.10555,-0.18121,0.34576,0.08775,0.08775,0.08026,0.16178,0.16178,0.14727
mom-nse-top10-1m,cost,2014-11-01,2019-11-01,0.10441,-0.17775,0.33817,0.08786,0.08715,0.08036,0.15625,0.15613,0.14222
mom-nse-top10-1m,cost,2014-12-01,2019-12-01,0.09662,-0.17963,0.29316,0.08482,0.08385,0.07764,0.14858,0.14820,0.13522
mom-nse-top10-1m,cost,2015-01-01,2020-01-01,0.10710,-0.18122,0.35491,0.09410,0.09284,0.08594,0.15458,0.15373,0.14069
mom-nse-top10-1m,cost,2015-02-01,2020-02-01,0.09161,-0.18071,0.26511,0.07134,0.07114,0.06563,0.13652,0.13564,0.12424
mom-nse-top10-1m,cost,2015-03-01,2020-03-01,0.08088,-0.18535,0.20235,0.06049,0.06049,0.05601,0.13332,0.13260,0.12133
mom-nse-top10-1m,cost,2015-04-01,2020-04-01,0.02201,-0.35936,-0.10323,0.00513,0.00513,0.00513,0.07417,0.07417,0.06814
mom-nse-top10-1m,cost,2015-05-01,2020-05-01,0.07398,-0.35971,0.16512,0.05161,0.05161,0.04817,0.12195,0.12195,0.11103
mom-nse-top10-1m,cost,2015-06-01,2020-06-01,0.07256,-0.35852,0.15884,0.04456,0.04456,0.04195,0.10890,0.10890,0.09925
mom-nse-top10-1m,cost,2015-07-01,2020-07-01,0.07377,-0.35829,0.16462,0.05602,0.05602,0.05205,0.11517,0.11517,0.10490
mom-nse-top10-1m,cost,2015-08-01,2020-08-01,0.08650,-0.35910,0.22674,0.06667,0.06667,0.06148,0.11910,0.11818,0.10845
mom-nse-top10-1m,cost,2015-09-01,2020-09-01,0.09766,-0.36093,0.28225,0.09415,0.09397,0.08599,0.14390,0.14216,0.13095
mom-nse-top10-1m,cost,2015-10-01,2020-10-01,0.09273,-0.36039,0.25693,0.08855,0.08850,0.08097,0.13979,0.13762,0.12721
mom-nse-top10-1m,cost,2015-11-01,2020-11-01,0.09415,-0.36009,0.26277,0.08985,0.08934,0.08213,0.13774,0.13587,0.12535
mom-nse-top10-1m,cost,2015-12-01,2020-12-01,0.11506,-0.36158,0.36125,0.11915,0.11604,0.10849,0.15807,0.15486,0.14388
mom-nse-top10-1m,cost,2016-01-01,2021-01-01,0.12988,-0.35927,0.43019,0.13407,0.12958,0.12201,0.17356,0.16874,0.15806
mom-nse-top10-1m,cost,2016-02-01,2021-02-01,0.13093,-0.35985,0.43369,0.15030,0.14530,0.13678,0.18534,0.18061,0.16889
mom-nse-top10-1m,cost,2016-03-01,2021-03-01,0.15708,-0.36003,0.55285,0.16879,0.16300,0.15369,0.21366,0.20751,0.19502
mom-nse-top10-1m,cost,2016-04-01,2021-04-01,0.15468,-0.36036,0.53748,0.15484,0.14905,0.14093,0.21192,0.20483,0.19341
mom-nse-top10-1m,cost,2016-05-01,2021-05-01,0.15785,-0.36196,0.54603,0.14721,0.14177,0.13397,0.22144,0.21306,0.20223
mom-nse-top10-1m,cost,2016-06-01,2021-06-01,0.16017,-0.36143,0.55592,0.15209,0.14550,0.13842,0.22716,0.21791,0.20754
mom-nse-top10-1m,cost,2016-07-01,2021-07-01,0.15593,-0.36248,0.53628,0.14918,0.14247,0.13576,0.22948,0.21958,0.20969
mom-nse-top10-1m,cost,2016-08-01,2021-08-01,0.15768,-0.36226,0.54147,0.14201,0.13527,0.12923,0.21930,0.20877,0.20025
mom-nse-top10-1m,cost,2016-09-01,2021-09-01,0.15657,-0.36400,0.53719,0.15663,0.14844,0.14256,0.22392,0.21280,0.20453
mom-nse-top10-1m,cost,2016-10-01,2021-10-01,0.15531,-0.36347,0.53169,0.16709,0.15837,0.15213,0.22806,0.21664,0.20837
mom-nse-top10-1m,cost,2016-11-01,2021-11-01,0.16379,-0.36027,0.56749,0.17194,0.16281,0.15658,0.23496,0.22274,0.21478
mom-nse-top10-1m,cost,2016-12-01,2021-12-01,0.16614,-0.36218,0.58059,0.17392,0.16541,0.15839,0.24422,0.23222,0.22339
mom-nse-top10-1m,cost,2017-01-01,2022-01-01,0.17472,-0.36223,0.61574,0.17675,0.16803,0.16099,0.25612,0.24359,0.23448
mom-nse-top10-1m,cost,2017-02-01,2022-02-01,0.13656,-0.36253,0.44916,0.16503,0.15626,0.15025,0.21213,0.20066,0.19360
mom-nse-top10-1m,cost,2017-03-01,2022-03-01,0.13174,-0.36201,0.42486,0.14866,0.14075,0.13529,0.19967,0.18888,0.18209
mom-nse-top10-1m,cost,2017-04-01,2022-04-01,0.13288,-0.36330,0.42835,0.15423,0.14549,0.14037,0.20375,0.19213,0.18586
mom-nse-top10-1m,cost,2017-05-01,2022-05-01,0.10793,-0.35854,0.31860,0.14357,0.13545,0.13065,0.17957,0.16895,0.16358
mom-nse-top10-1m,cost,2017-06-01,2022-06-01,0.09574,-0.35549,0.26469,0.12885,0.12137,0.11728,0.16100,0.15184,0.14655
mom-nse-top10-1m,cost,2017-07-01,2022-07-01,0.08442,-0.35525,0.21283,0.11999,0.11334,0.10925,0.14102,0.13353,0.12833
mom-nse-top10-1m,cost,2017-08-01,2022-08-01,0.08937,-0.35484,0.23546,0.12777,0.11954,0.11630,0.15103,0.14158,0.13745
mom-nse-top10-1m,cost,2017-09-01,2022-09-01,0.09657,-0.35484,0.26784,0.13377,0.12527,0.12174,0.15532,0.14495,0.14137
mom-nse-top10-1m,cost,2017-10-01,2022-10-01,0.09242,-0.35467,0.24859,0.13204,0.12394,0.12017,0.15366,0.14353,0.13985
mom-nse-top10-1m,cost,2017-11-01,2022-11-01,0.09186,-0.35660,0.24676,0.13102,0.12205,0.11924,0.15299,0.14208,0.13924
mom-nse-top10-1m,cost,2017-12-01,2022-12-01,0.09639,-0.35180,0.26754,0.14628,0.13661,0.13312,0.16101,0.15003,0.14657
mom-nse-top10-1m,cost,2018-01-01,2023-01-01,0.08049,-0.35011,0.19537,0.13060,0.12168,0.11887,0.13565,0.12560,0.12345
mom-nse-top10-1m,cost,2018-02-01,2023-02-01,0.06810,-0.34968,0.13978,0.11224,0.10393,0.10225,0.12006,0.11116,0.10932
mom-nse-top10-1m,cost,2018-03-01,2023-03-01,0.07562,-0.35133,0.17354,0.12158,0.11257,0.11070,0.13079,0.12109,0.11903
mom-nse-top10-1m,cost,2018-04-01,2023-04-01,0.07605,-0.35130,0.17476,0.12753,0.11807,0.11608,0.13400,0.12407,0.12195
mom-nse-top10-1m,cost,2018-05-01,2023-05-01,0.07303,-0.35754,0.16219,0.12307,0.11394,0.11204,0.12873,0.11919,0.11717
mom-nse-top10-1m,cost,2018-06-01,2023-06-01,0.06676,-0.35521,0.13390,0.12930,0.11972,0.11769,0.14893,0.13796,0.13554
mom-nse-top10-1m,cost,2018-07-01,2023-07-01,0.07212,-0.35244,0.15803,0.13722,0.12706,0.12487,0.15801,0.14641,0.14382
mom-nse-top10-1m,cost,2018-08-01,2023-08-01,0.06792,-0.34817,0.13893,0.13027,0.12061,0.11856,0.15718,0.14564,0.14306
mom-nse-top10-1m,cost,2018-09-01,2023-09-01,0.06463,-0.34830,0.12313,0.12049,0.11155,0.10970,0.14800,0.13709,0.13469
mom-nse-top10-1m,cost,2018-10-01,2023-10-01,0.08423,-0.35488,0.21232,0.13610,0.12603,0.12386,0.17581,0.16305,0.16013
mom-nse-top10-1m,cost,2018-11-01,2023-11-01,0.09219,-0.34978,0.24899,0.14179,0.13132,0.12904,0.18193,0.16878,0.16575
mom-nse-top10-1m,cost,2018-12-01,2023-12-01,0.10702,-0.34971,0.31543,0.14615,0.13537,0.13300,0.20341,0.18895,0.18555
mom-nse-top10-1m,cost,2019-01-01,2024-01-01,0.12676,-0.34703,0.40421,0.16150,0.14968,0.14702,0.22122,0.20571,0.20202
mom-nse-top10-1m,cost,2019-02-01,2024-02-01,0.12650,-0.34788,0.40358,0.16137,0.14955,0.14690,0.22469,0.20899,0.20524
mom-nse-top10-1m,cost,2019-03-01,2024-03-01,0.14312,-0.34678,0.47525,0.16870,0.15640,0.15361,0.24141,0.22478,0.22078
mom-nse-top10-1m,cost,2019-04-01,2024-04-01,0.13564,-0.34267,0.44119,0.15319,0.14192,0.13942,0.23600,0.21967,0.21574
mom-nse-top10-1m,cost,2019-05-01,2024-05-01,0.13232,-0.34220,0.42623,0.15309,0.14184,0.13934,0.24122,0.22460,0.22060
mom-nse-top10-1m,cost,2019-06-01,2024-06-01,0.12591,-0.33978,0.39865,0.14946,0.13845,0.13601,0.25655,0.23911,0.23488
mom-nse-top10-1m,cost,2019-07-01,2024-07-01,0.13271,-0.33829,0.42180,0.16648,0.15432,0.15157,0.26814,0.25011,0.24570
mom-nse-top10-1m,cost,2019-08-01,2024-08-01,0.17156,-0.33943,0.58379,0.19261,0.17558,0.17558,0.30115,0.27662,0.27662
mom-nse-top10-1m,cost,2019-09-01,2024-09-01,0.18638,-0.33669,0.64324,0.19386,0.17674,0.17674,0.30252,0.27791,0.27791
mom-nse-top10-1m,cost,2019-10-01,2024-10-01,0.17836,-0.33459,0.61540,0.19193,0.17496,0.17496,0.29592,0.27172,0.27172
mom-nse-top10-1m,cost,2019-11-01,2024-11-01,0.14893,-0.33836,0.49066,0.16694,0.15200,0.15200,0.26574,0.24346,0.24346
mom-nse-top10-1m,cost,2019-12-01,2024-12-01,0.14572,-0.33828,0.47658,0.16218,0.14763,0.14763,0.25859,0.23678,0.23678
mom-nse-top10-1m,cost,2020-01-01,2025-01-01,0.14625,-0.33450,0.47950,0.15598,0.14197,0.14197,0.24390,0.22309,0.22309
mom-nse-top10-1m,cost,2020-02-01,2025-02-01,0.13614,-0.33683,0.43555,0.16380,0.14912,0.14912,0.21662,0.19777,0.19777
mom-nse-top10-1m,cost,2020-03-01,2025-03-01,0.13012,-0.29711,0.41052,0.15961,0.14529,0.14529,0.19321,0.17614,0.17614
mom-nse-top10-1m,cost,2020-04-01,2025-04-01,0.20403,-0.28156,0.77509,0.24335,0.22258,0.22258,0.26293,0.24083,0.24083
mom-nse-top10-1m,cost,2020-05-01,2025-05-01,0.16523,-0.27930,0.61104,0.21179,0.19329,0.19329,0.23579,0.21554,0.21554
mom-nse-top10-1m,cost,2020-06-01,2025-06-01,0.15548,-0.27917,0.56418,0.21702,0.19813,0.19813,0.24924,0.22807,0.22807
mom-nse-top10-1m,cost,2020-07-01,2025-07-01,0.16146,-0.27895,0.59348,0.21071,0.19229,0.19229,0.25087,0.22958,0.22958
mom-nse-top10-1m,cost,2020-08-01,2025-08-01,0.13619,-0.27853,0.47158,0.18700,0.17042,0.17042,0.21755,0.19862,0.19862
mom-nse-top10-1m,tax-dated,2008-02-01,2013-02-01,0.02646,-0.50729,-0.02309,0.03592,0.03592,0.03438,0.02342,0.02342,0.02342
mom-nse-top10-1m,tax-dated,2008-03-01,2013-03-01,0.03057,-0.45706,-0.01297,0.02970,0.02970,0.02895,0.02703,0.02703,0.02662
mom-nse-top10-1m,tax-dated,2008-04-01,2013-04-01,0.05346,-0.44284,0.08127,0.04945,0.04945,0.04626,0.07055,0.07055,0.06492
mom-nse-top10-1m,tax-dated,2008-05-01,2013-05-01,0.04466,-0.44648,0.04182,0.03953,0.03953,0.03755,0.05392,0.05392,0.05020
mom-nse-top10-1m,tax-dated,2008-06-01,2013-06-01,0.06916,-0.40206,0.14747,0.05429,0.05429,0.05052,0.07512,0.07512,0.06899
mom-nse-top10-1m,tax-dated,2008-07-01,2013-07-01,0.10895,-0.32013,0.31784,0.09942,0.09942,0.09072,0.14111,0.14111,0.12841
mom-nse-top10-1m,tax-dated,2008-08-01,2013-08-01,0.10288,-0.31997,0.29319,0.06611,0.06611,0.06098,0.09740,0.09740,0.08891
mom-nse-top10-1m,tax-dated,2008-09-01,2013-09-01,0.10241,-0.32586,0.29042,0.05936,0.05936,0.05500,0.09064,0.09064,0.08284
mom-nse-top10-1m,tax-dated,2008-10-01,2013-10-01,0.11175,-0.29106,0.33126,0.09178,0.09178,0.08387,0.13588,0.13588,0.12365
mom-nse-top10-1m,tax-dated,2008-11-01,2013-11-01,0.17165,-0.18598,0.59515,0.18313,0.18313,0.16685,0.22532,0.22532,0.20583
mom-nse-top10-1m,tax-dated,2008-12-01,2013-12-01,0.16830,-0.18761,0.58368,0.19549,0.19549,0.17824,0.22922,0.22922,0.20945
mom-nse-top10-1m,tax-dated,2009-01-01,2014-01-01,0.16472,-0.18617,0.57383,0.17089,0.17089,0.15561,0.20948,0.20948,0.19116
mom-nse-top10-1m,tax-dated,2009-02-01,2014-02-01,0.17932,-0.18740,0.63830,0.17517,0.17517,0.15955,0.21381,0.21381,0.19516
mom-nse-top10-1m,tax-dated,2009-03-01,2014-03-01,0.18531,-0.18732,0.66496,0.19168,0.19168,0.17472,0.22937,0.22937,0.20959
mom-nse-top10-1m,tax-dated,2009-04-01,2014-04-01,0.15606,-0.18632,0.54093,0.18381,0.18381,0.16748,0.21371,0.21371,0.19506
mom-nse-top10-1m,tax-dated,2009-05-01,2014-05-01,0.14050,-0.18582,0.47311,0.15333,0.15333,0.13955,0.20257,0.20257,0.18477
mom-nse-top10-1m,tax-dated,2009-06-01,2014-06-01,0.13381,-0.18711,0.46006,0.11085,0.11085,0.10101,0.17730,0.17730,0.16150
mom-nse-top10-1m,tax-dated,2009-07-01,2014-07-01,0.15997,-0.18767,0.59645,0.13287,0.13287,0.12092,0.19900,0.19900,0.18148
mom-nse-top10-1m,tax-dated,2009-08-01,2014-08-01,0.12679,-0.18644,0.43806,0.11721,0.11721,0.10674,0.17436,0.17436,0.15880
mom-nse-top10-1m,tax-dated,2009-09-01,2014-09-01,0.13256,-0.18590,0.47708,0.12994,0.12994,0.11827,0.19506,0.19506,0.17784
mom-nse-top10-1m,tax-dated,2009-10-01,2014-10-01,0.10411,-0.18207,0.32491,0.10646,0.10646,0.09705,0.18264,0.18264,0.16640
mom-nse-top10-1m,tax-dated,2009-11-01,2014-11-01,0.12707,-0.18298,0.45020,0.13380,0.13380,0.12177,0.20627,0.20627,0.18818
mom-nse-top10-1m,tax-dated,2009-12-01,2014-12-01,0.10017,-0.17397,0.30897,0.12120,0.12120,0.11035,0.19070,0.19070,0.17382
mom-nse-top10-1m,tax-dated,2010-01-01,2015-01-01,0.07785,-0.17069,0.18168,0.11054,0.11054,0.10072,0.18516,0.18516,0.16873
mom-nse-top10-1m,tax-dated,2010-02-01,2015-02-01,0.11129,-0.17522,0.37067,0.13777,0.13777,0.12537,0.21229,0.21229,0.19376
mom-nse-top10-1m,tax-dated,2010-03-01,2015-03-01,0.10081,-0.17250,0.31392,0.13907,0.13907,0.12655,0.21651,0.21651,0.19766
mom-nse-top10-1m,tax-dated,2010-04-01,2015-04-01,0.09487,-0.17041,0.27861,0.11502,0.11502,0.10476,0.20785,0.20785,0.18964
mom-nse-top10-1m,tax-dated,2010-05-01,2015-05-01,0.08709,-0.16953,0.23441,0.10475,0.10475,0.09551,0.19134,0.19134,0.17442
mom-nse-top10-1m,tax-dated,2010-06-01,2015-06-01,0.11109,-0.17673,0.37313,0.12480,0.12480,0.11361,0.21869,0.21869,0.19968
mom-nse-top10-1m,tax-dated,2010-07-01,2015-07-01,0.10780,-0.17379,0.35471,0.11287,0.11287,0.10283,0.21196,0.21196,0.19344
mom-nse-top10-1m,tax-dated,2010-08-01,2015-08-01,0.10569,-0.17192,0.34125,0.11037,0.11037,0.10057,0.21020,0.21020,0.19182
mom-nse-top10-1m,tax-dated,2010-09-01,2015-09-01,0.08502,-0.16787,0.22326,0.08597,0.08597,0.07867,0.17846,0.17846,0.16257
mom-nse-top10-1m,tax-dated,2010-10-01,2015-10-01,0.07046,-0.17023,0.14089,0.06548,0.06548,0.06042,0.16966,0.16966,0.15448
mom-nse-top10-1m,tax-dated,2010-11-01,2015-11-01,0.06850,-0.17007,0.12960,0.06942,0.06942,0.06392,0.15728,0.15728,0.14315
mom-nse-top10-1m,tax-dated,2010-12-01,2015-12-01,0.05983,-0.15489,0.07964,0.07206,0.07206,0.06627,0.15550,0.15550,0.14153
mom-nse-top10-1m,tax-dated,2011-01-01,2016-01-01,0.06053,-0.15438,0.08316,0.06603,0.06603,0.06091,0.16809,0.16809,0.15305
mom-nse-top10-1m,tax-dated,2011-02-01,2016-02-01,0.07228,-0.14215,0.15203,0.08148,0.08148,0.07466,0.18223,0.18223,0.16602
mom-nse-top10-1m,tax-dated,2011-03-01,2016-03-01,0.05975,-0.17721,0.07835,0.06761,0.06761,0.06231,0.16191,0.16191,0.14739
mom-nse-top10-1m,tax-dated,2011-04-01,2016-04-01,0.06554,-0.17740,0.11288,0.07054,0.07054,0.06492,0.16433,0.16433,0.14961
mom-nse-top10-1m,tax-dated,2011-05-01,2016-05-01,0.06975,-0.17698,0.13727,0.07708,0.07708,0.07074,0.16911,0.16911,0.15398
mom-nse-top10-1m,tax-dated,2011-06-01,2016-06-01,0.08220,-0.17707,0.21091,0.09211,0.09211,0.08416,0.17998,0.17998,0.16396
mom-nse-top10-1m,tax-dated,2011-07-01,2016-07-01,0.08440,-0.17753,0.22384,0.09468,0.09468,0.08647,0.18497,0.18497,0.16855
mom-nse-top10-1m,tax-dated,2011-08-01,2016-08-01,0.09705,-0.17751,0.29794,0.10716,0.10716,0.09768,0.20794,0.20794,0.18974
mom-nse-top10-1m,tax-dated,2011-09-01,2016-09-01,0.11034,-0.17709,0.37371,0.13264,0.13264,0.12071,0.23121,0.23121,0.21129
mom-nse-top10-1m,tax-dated,2011-10-01,2016-10-01,0.10905,-0.17705,0.36550,0.13102,0.13102,0.11924,0.23364,0.23364,0.21355
mom-nse-top10-1m,tax-dated,2011-11-01,2016-11-01,0.09445,-0.17757,0.28259,0.11765,0.11765,0.10714,0.22844,0.22844,0.20872
mom-nse-top10-1m,tax-dated,2011-12-01,2016-12-01,0.08467,-0.17769,0.22404,0.12024,0.12024,0.10948,0.22328,0.22328,0.20394
mom-nse-top10-1m,tax-dated,2012-01-01,2017-01-01,0.09003,-0.17758,0.25399,0.13479,0.13479,0.12266,0.23011,0.23011,0.21027
mom-nse-top10-1m,tax-dated,2012-02-01,2017-02-01,0.10943,-0.17768,0.36314,0.12078,0.12078,0.10997,0.24977,0.24977,0.22856
mom-nse-top10-1m,tax-dated,2012-03-01,2017-03-01,0.10325,-0.17774,0.32910,0.12244,0.12244,0.11148,0.24492,0.24492,0.22404
mom-nse-top10-1m,tax-dated,2012-04-01,2017-04-01,0.10976,-0.17759,0.36622,0.13020,0.13020,0.11850,0.24610,0.24610,0.22514
mom-nse-top10-1m,tax-dated,2012-05-01,2017-05-01,0.11834,-0.17769,0.41477,0.13543,0.13543,0.12325,0.25848,0.25848,0.23668
mom-nse-top10-1m,tax-dated,2012-06-01,2017-06-01,0.13457,-0.17791,0.50592,0.16115,0.16115,0.14670,0.27090,0.27090,0.24828
mom-nse-top10-1m,tax-dated,2012-07-01,2017-07-01,0.11940,-0.17790,0.42381,0.13879,0.13879,0.12631,0.25219,0.25219,0.23081
mom-nse-top10-1m,tax-dated,2012-08-01,2017-08-01,0.13340,-0.17871,0.50365,0.15452,0.15452,0.14064,0.26897,0.26897,0.24647
mom-nse-top10-1m,tax-dated,2012-09-01,2017-09-01,0.13155,-0.17820,0.49126,0.15048,0.15048,0.13695,0.27439,0.27439,0.25154
mom-nse-top10-1m,tax-dated,2012-10-01,2017-10-01,0.12163,-0.17837,0.43473,0.12709,0.12709,0.11568,0.25032,0.25032,0.22907
mom-nse-top10-1m,tax-dated,2012-11-01,2017-11-01,0.13501,-0.17829,0.50872,0.14469,0.14469,0.13167,0.26899,0.26899,0.24649
mom-nse-top10-1m,tax-dated,2012-12-01,2017-12-01,0.11796,-0.17821,0.41127,0.12840,0.12840,0.11687,0.24480,0.24480,0.22393
mom-nse-top10-1m,tax-dated,2013-01-01,2018-01-01,0.13016,-0.17825,0.47864,0.13251,0.13251,0.12060,0.25838,0.25838,0.23658
mom-nse-top10-1m,tax-dated,2013-02-01,2018-02-01,0.12370,-0.17784,0.44413,0.14308,0.14308,0.13021,0.26468,0.26468,0.24246
mom-nse-top10-1m,tax-dated,2013-03-01,2018-03-01,0.12400,-0.17702,0.44591,0.14232,0.14232,0.12951,0.26089,0.26089,0.23892
mom-nse-top10-1m,tax-dated,2013-04-01,2018-04-01,0.11952,-0.17927,0.42033,0.13557,0.13557,0.12338,0.25600,0.25600,0.23436
mom-nse-top10-1m,tax-dated,2013-05-01,2018-05-01,0.12665,-0.17747,0.46095,0.14039,0.14039,0.12776,0.26045,0.26045,0.23852
mom-nse-top10-1m,tax-dated,2013-06-01,2018-06-01,0.13056,-0.17810,0.48356,0.13701,0.13701,0.12468,0.24607,0.24607,0.22511
mom-nse-top10-1m,tax-dated,2013-07-01,2018-07-01,0.13804,-0.17889,0.52850,0.14080,0.14080,0.12813,0.24990,0.24990,0.22868
mom-nse-top10-1m,tax-dated,2013-08-01,2018-08-01,0.13912,-0.18401,0.53780,0.16077,0.16077,0.14635,0.26292,0.26266,0.24082
mom-nse-top10-1m,tax-dated,2013-09-01,2018-09-01,0.14352,-0.18383,0.56865,0.17846,0.17790,0.16256,0.29019,0.28860,0.26633
mom-nse-top10-1m,tax-dated,2013-10-01,2018-10-01,0.12432,-0.18220,0.46109,0.15170,0.15170,0.13806,0.25045,0.25045,0.22919
mom-nse-top10-1m,tax-dated,2013-11-01,2018-11-01,0.10715,-0.17944,0.35755,0.11865,0.11865,0.10804,0.21992,0.21992,0.20082
mom-nse-top10-1m,tax-dated,2013-12-01,2018-12-01,0.11365,-0.18021,0.39456,0.13388,0.13388,0.12185,0.23611,0.23611,0.21585
mom-nse-top10-1m,tax-dated,2014-01-01,2019-01-01,0.10557,-0.17689,0.34792,0.13007,0.13007,0.11839,0.22665,0.22665,0.20706
mom-nse-top10-1m,tax-dated,2014-02-01,2019-02-01,0.11176,-0.17744,0.38276,0.13747,0.13747,0.12510,0.23796,0.23796,0.21756
mom-nse-top10-1m,tax-dated,2014-03-01,2019-03-01,0.10714,-0.17744,0.35612,0.13018,0.13018,0.11848,0.22764,0.22764,0.20798
mom-nse-top10-1m,tax-dated,2014-04-01,2019-04-01,0.11638,-0.17644,0.41152,0.13094,0.13055,0.11917,0.23479,0.23418,0.21462
mom-nse-top10-1m,tax-dated,2014-05-01,2019-05-01,0.12068,-0.17726,0.43540,0.13329,0.13274,0.12131,0.23461,0.23348,0.21445
mom-nse-top10-1m,tax-dated,2014-06-01,2019-06-01,0.11750,-0.17482,0.41643,0.11935,0.11855,0.10868,0.21977,0.21903,0.20068
mom-nse-top10-1m,tax-dated,2014-07-01,2019-07-01,0.11204,-0.17570,0.38774,0.10598,0.10531,0.09661,0.19548,0.19488,0.17823
mom-nse-top10-1m,tax-dated,2014-08-01,2019-08-01,0.09521,-0.17637,0.28795,0.08985,0.08985,0.08214,0.17443,0.17443,0.15886
mom-nse-top10-1m,tax-dated,2014-09-01,2019-09-01,0.08131,-0.17718,0.20565,0.07909,0.07909,0.07253,0.15466,0.15466,0.14076
mom-nse-top10-1m,tax-dated,2014-10-01,2019-10-01,0.10407,-0.18121,0.33726,0.08775,0.08775,0.08026,0.16178,0.16178,0.14727
mom-nse-top10-1m,tax-dated,2014-11-01,2019-11-01,0.10276,-0.17775,0.32871,0.08786,0.08715,0.08036,0.15625,0.15613,0.14222
mom-nse-top10-1m,tax-dated,2014-12-01,2019-12-01,0.09528,-0.17963,0.28542,0.08482,0.08385,0.07764,0.14858,0.14820,0.13522
mom-nse-top10-1m,tax-dated,2015-01-01,2020-01-01,0.10449,-0.18142,0.33981,0.09410,0.09284,0.08594,0.15458,0.15373,0.14069
mom-nse-top10-1m,tax-dated,2015-02-01,2020-02-01,0.08963,-0.18071,0.25346,0.07134,0.07114,0.06563,0.13652,0.13564,0.12424
mom-nse-top10-1m,tax-dated,2015-03-01,2020-03-01,0.07992,-0.18535,0.19663,0.06049,0.06049,0.05601,0.13332,0.13260,0.12133
mom-nse-top10-1m,tax-dated,2015-04-01,2020-04-01,0.02201,-0.35936,-0.10323,0.00513,0.00513,0.00513,0.07417,0.07417,0.06814
mom-nse-top10-1m,tax-dated,2015-05-01,2020-05-01,0.07171,-0.36008,0.15408,0.05161,0.05161,0.04817,0.12195,0.12195,0.11103
mom-nse-top10-1m,tax-dated,2015-06-01,2020-06-01,0.07039,-0.35852,0.14815,0.04456,0.04456,0.04195,0.10890,0.10890,0.09925
mom-nse-top10-1m,tax-dated,2015-07-01,2020-07-01,0.07137,-0.35829,0.15280,0.05602,0.05602,0.05205,0.11517,0.11517,0.10490
mom-nse-top10-1m,tax-dated,2015-08-01,2020-08-01,0.08218,-0.35910,0.20562,0.06667,0.06667,0.06148,0.11910,0.11818,0.10845
mom-nse-top10-1m,tax-dated,2015-09-01,2020-09-01,0.09221,-0.36136,0.25556,0.09415,0.09397,0.08599,0.14390,0.14216,0.13095
mom-nse-top10-1m,tax-dated,2015-10-01,2020-10-01,0.08776,-0.36044,0.23259,0.08855,0.08850,0.08097,0.13979,0.13762,0.12721
mom-nse-top10-1m,tax-dated,2015-11-01,2020-11-01,0.08898,-0.36041,0.23763,0.08985,0.08934,0.08213,0.13774,0.13587,0.12535
mom-nse-top10-1m,tax-dated,2015-12-01,2020-12-01,0.10946,-0.36141,0.33492,0.11915,0.11604,0.10849,0.15807,0.15486,0.14388
mom-nse-top10-1m,tax-dated,2016-01-01,2021-01-01,0.12297,-0.35924,0.39768,0.13407,0.12958,0.12201,0.17356,0.16874,0.15806
mom-nse-top10-1m,tax-dated,2016-02-01,2021-02-01,0.12617,-0.36000,0.41168,0.15030,0.14530,0.13678,0.18534,0.18061,0.16889
mom-nse-top10-1m,tax-dated,2016-03-01,2021-03-01,0.14991,-0.36071,0.52035,0.16879,0.16300,0.15369,0.21366,0.20751,0.19502
mom-nse-top10-1m,tax-dated,2016-04-01,2021-04-01,0.14147,-0.36087,0.47849,0.15484,0.14905,0.14093,0.21192,0.20483,0.19341
mom-nse-top10-1m,tax-dated,2016-05-01,2021-05-01,0.14390,-0.36221,0.48402,0.14721,0.14177,0.13397,0.22144,0.21306,0.20223
mom-nse-top10-1m,tax-dated,2016-06-01,2021-06-01,0.14483,-0.36030,0.48851,0.15209,0.14550,0.13842,0.22716,0.21791,0.20754
mom-nse-top10-1m,tax-dated,2016-07-01,2021-07-01,0.14238,-0.36131,0.47684,0.14918,0.14247,0.13576,0.22948,0.21958,0.20969
mom-nse-top10-1m,tax-dated,2016-08-01,2021-08-01,0.14423,-0.36220,0.48175,0.14201,0.13527,0.12923,0.21930,0.20877,0.20025
mom-nse-top10-1m,tax-dated,2016-09-01,2021-09-01,0.14440,-0.36400,0.48303,0.15663,0.14844,0.14256,0.22392,0.21280,0.20453
mom-nse-top10-1m,tax-dated,2016-10-01,2021-10-01,0.14319,-0.36347,0.47804,0.16709,0.15837,0.15213,0.22806,0.21664,0.20837
mom-nse-top10-1m,tax-dated,2016-11-01,2021-11-01,0.15221,-0.36026,0.51766,0.17194,0.16281,0.15658,0.23496,0.22274,0.21478
mom-nse-top10-1m,tax-dated,2016-12-01,2021-12-01,0.15683,-0.36277,0.54007,0.17392,0.16541,0.15839,0.24422,0.23222,0.22339
mom-nse-top10-1m,tax-dated,2017-01-01,2022-01-01,0.16452,-0.36261,0.57172,0.17675,0.16803,0.16099,0.25612,0.24359,0.23448
mom-nse-top10-1m,tax-dated,2017-02-01,2022-02-01,0.13107,-0.36253,0.42504,0.16503,0.15626,0.15025,0.21213,0.20066,0.19360
mom-nse-top10-1m,tax-dated,2017-03-01,2022-03-01,0.12709,-0.36201,0.40457,0.14866,0.14075,0.13529,0.19967,0.18888,0.18209
mom-nse-top10-1m,tax-dated,2017-04-01,2022-04-01,0.11787,-0.36330,0.36229,0.15423,0.14549,0.14037,0.20375,0.19213,0.18586
mom-nse-top10-1m,tax-dated,2017-05-01,2022-05-01,0.09387,-0.35854,0.25564,0.14357,0.13545,0.13065,0.17957,0.16895,0.16358
mom-nse-top10-1m,tax-dated,2017-06-01,2022-06-01,0.08072,-0.35549,0.19685,0.12885,0.12137,0.11728,0.16100,0.15184,0.14655
mom-nse-top10-1m,tax-dated,2017-07-01,2022-07-01,0.06900,-0.35525,0.14330,0.11999,0.11334,0.10925,0.14102,0.13353,0.12833
mom-nse-top10-1m,tax-dated,2017-08-01,2022-08-01,0.07531,-0.35484,0.17226,0.12777,0.11954,0.11630,0.15103,0.14158,0.13745
mom-nse-top10-1m,tax-dated,2017-09-01,2022-09-01,0.08252,-0.35484,0.20503,0.13377,0.12527,0.12174,0.15532,0.14495,0.14137
mom-nse-top10-1m,tax-dated,2017-10-01,2022-10-01,0.07829,-0.35467,0.18548,0.13204,0.12394,0.12017,0.15366,0.14353,0.13985
mom-nse-top10-1m,tax-dated,2017-11-01,2022-11-01,0.07837,-0.35660,0.18652,0.13102,0.12205,0.11924,0.15299,0.14208,0.13924
mom-nse-top10-1m,tax-dated,2017-12-01,2022-12-01,0.08243,-0.35180,0.20489,0.14628,0.13661,0.13312,0.16101,0.15003,0.14657
mom-nse-top10-1m,tax-dated,2018-01-01,2023-01-01,0.06751,-0.35011,0.13660,0.13060,0.12168,0.11887,0.13565,0.12560,0.12345
mom-nse-top10-1m,tax-dated,2018-02-01,2023-02-01,0.05481,-0.34968,0.07947,0.11224,0.10393,0.10225,0.12006,0.11116,0.10932
mom-nse-top10-1m,tax-dated,2018-03-01,2023-03-01,0.06173,-0.35133,0.11069,0.12158,0.11257,0.11070,0.13079,0.12109,0.11903
mom-nse-top10-1m,tax-dated,2018-04-01,2023-04-01,0.06183,-0.35130,0.11054,0.12753,0.11807,0.11608,0.13400,0.12407,0.12195
mom-nse-top10-1m,tax-dated,2018-05-01,2023-05-01,0.05892,-0.35754,0.09857,0.12307,0.11394,0.11204,0.12873,0.11919,0.11717
mom-nse-top10-1m,tax-dated,2018-06-01,2023-06-01,0.05347,-0.35521,0.07340,0.12930,0.11972,0.11769,0.14893,0.13796,0.13554
mom-nse-top10-1m,tax-dated,2018-07-01,2023-07-01,0.05894,-0.35244,0.09802,0.13722,0.12706,0.12487,0.15801,0.14641,0.14382
mom-nse-top10-1m,tax-dated,2018-08-01,2023-08-01,0.05573,-0.34817,0.08304,0.13027,0.12061,0.11856,0.15718,0.14564,0.14306
mom-nse-top10-1m,tax-dated,2018-09-01,2023-09-01,0.05278,-0.34830,0.06873,0.12049,0.11155,0.10970,0.14800,0.13709,0.13469
mom-nse-top10-1m,tax-dated,2018-10-01,2023-10-01,0.07105,-0.35488,0.15282,0.13610,0.12603,0.12386,0.17581,0.16305,0.16013
mom-nse-top10-1m,tax-dated,2018-11-01,2023-11-01,0.07692,-0.34978,0.17937,0.14179,0.13132,0.12904,0.18193,0.16878,0.16575
mom-nse-top10-1m,tax-dated,2018-12-01,2023-12-01,0.08906,-0.34971,0.23425,0.14615,0.13537,0.13300,0.20341,0.18895,0.18555
mom-nse-top10-1m,tax-dated,2019-01-01,2024-01-01,0.10768,-0.34703,0.31863,0.16150,0.14968,0.14702,0.22122,0.20571,0.20202
mom-nse-top10-1m,tax-dated,2019-02-01,2024-02-01,0.10574,-0.34788,0.31032,0.16137,0.14955,0.14690,0.22469,0.20899,0.20524
mom-nse-top10-1m,tax-dated,2019-03-01,2024-03-01,0.12021,-0.34678,0.37410,0.16870,0.15640,0.15361,0.24141,0.22478,0.22078
mom-nse-top10-1m,tax-dated,2019-04-01,2024-04-01,0.11287,-0.34267,0.34045,0.15319,0.14192,0.13942,0.23600,0.21967,0.21574
mom-nse-top10-1m,tax-dated,2019-05-01,2024-05-01,0.10979,-0.34220,0.32643,0.15309,0.14184,0.13934,0.24122,0.22460,0.22060
mom-nse-top10-1m,tax-dated,2019-06-01,2024-06-01,0.10531,-0.33978,0.30705,0.14946,0.13845,0.13601,0.25655,0.23911,0.23488
mom-nse-top10-1m,tax-dated,2019-07-01,2024-07-01,0.11608,-0.33829,0.35066,0.16648,0.15432,0.15157,0.26814,0.25011,0.24570
mom-nse-top10-1m,tax-dated,2019-08-01,2024-08-01,0.14891,-0.33943,0.48905,0.19261,0.17558,0.17558,0.30115,0.27662,0.27662
mom-nse-top10-1m,tax-dated,2019-09-01,2024-09-01,0.16183,-0.33669,0.54151,0.19386,0.17674,0.17674,0.30252,0.27791,0.27791
mom-nse-top10-1m,tax-dated,2019-10-01,2024-10-01,0.15313,-0.33459,0.50846,0.19193,0.17496,0.17496,0.29592,0.27172,0.27172
mom-nse-top10-1m,tax-dated,2019-11-01,2024-11-01,0.13161,-0.33836,0.41685,0.16694,0.15200,0.15200,0.26574,0.24346,0.24346
mom-nse-top10-1m,tax-dated,2019-12-01,2024-12-01,0.12849,-0.33828,0.40319,0.16218,0.14763,0.14763,0.25859,0.23678,0.23678
mom-nse-top10-1m,tax-dated,2020-01-01,2025-01-01,0.12792,-0.33450,0.40125,0.15598,0.14197,0.14197,0.24390,0.22309,0.22309
mom-nse-top10-1m,tax-dated,2020-02-01,2025-02-01,0.11924,-0.33683,0.36323,0.16380,0.14912,0.14912,0.21662,0.19777,0.19777
mom-nse-top10-1m,tax-dated,2020-03-01,2025-03-01,0.11370,-0.31052,0.33974,0.15961,0.14529,0.14529,0.19321,0.17614,0.17614
mom-nse-top10-1m,tax-dated,2020-04-01,2025-04-01,0.17323,-0.31642,0.62936,0.24335,0.22258,0.22258,0.26293,0.24083,0.24083
mom-nse-top10-1m,tax-dated,2020-05-01,2025-05-01,0.14102,-0.31228,0.49188,0.21179,0.19329,0.19329,0.23579,0.21554,0.21554
mom-nse-top10-1m,tax-dated,2020-06-01,2025-06-01,0.13271,-0.31142,0.45190,0.21702,0.19813,0.19813,0.24924,0.22807,0.22807
mom-nse-top10-1m,tax-dated,2020-07-01,2025-07-01,0.13796,-0.31111,0.47797,0.21071,0.19229,0.19229,0.25087,0.22958,0.22958
mom-nse-top10-1m,tax-dated,2020-08-01,2025-08-01,0.11671,-0.31028,0.37436,0.18700,0.17042,0.17042,0.21755,0.19862,0.19862
mom-nse-top10-1m,tax-today,2008-02-01,2013-02-01,0.02216,-0.50749,-0.04108,0.03592,0.03592,0.03438,0.02342,0.02342,0.02342
mom-nse-top10-1m,tax-today,2008-03-01,2013-03-01,0.02714,-0.45706,-0.02763,0.02970,0.02970,0.02895,0.02703,0.02703,0.02662
mom-nse-top10-1m,tax-today,2008-04-01,2013-04-01,0.04517,-0.44284,0.04551,0.04945,0.04945,0.04626,0.07055,0.07055,0.06492
mom-nse-top10-1m,tax-today,2008-05-01,2013-05-01,0.03771,-0.44648,0.01128,0.03953,0.03953,0.03755,0.05392,0.05392,0.05020
mom-nse-top10-1m,tax-today,2008-06-01,2013-06-01,0.05792,-0.40206,0.09921,0.05429,0.05429,0.05052,0.07512,0.07512,0.06899
mom-nse-top10-1m,tax-today,2008-07-01,2013-07-01,0.09809,-0.32013,0.27155,0.09942,0.09942,0.09072,0.14111,0.14111,0.12841
mom-nse-top10-1m,tax-today,2008-08-01,2013-08-01,0.09146,-0.31997,0.24364,0.06611,0.06611,0.06098,0.09740,0.09740,0.08891
mom-nse-top10-1m,tax-today,2008-09-01,2013-09-01,0.09185,-0.32586,0.24509,0.05936,0.05936,0.05500,0.09064,0.09064,0.08284
mom-nse-top10-1m,tax-today,2008-10-01,2013-10-01,0.10320,-0.29106,0.29446,0.09178,0.09178,0.08387,0.13588,0.13588,0.12365
mom-nse-top10-1m,tax-today,2008-11-01,2013-11-01,0.15880,-0.20019,0.53723,0.18313,0.18313,0.16685,0.22532,0.22532,0.20583
mom-nse-top10-1m,tax-today,2008-12-01,2013-12-01,0.15563,-0.20343,0.52455,0.19549,0.19549,0.17824,0.22922,0.22922,0.20945
mom-nse-top10-1m,tax-today,2009-01-01,2014-01-01,0.15062,-0.20170,0.50816,0.17089,0.17089,0.15561,0.20948,0.20948,0.19116
mom-nse-top10-1m,tax-today,2009-02-01,2014-02-01,0.16468,-0.20310,0.56909,0.17517,0.17517,0.15955,0.21381,0.21381,0.19516
mom-nse-top10-1m,tax-today,2009-03-01,2014-03-01,0.17011,-0.20298,0.59375,0.19168,0.19168,0.17472,0.22937,0.22937,0.20959
mom-nse-top10-1m,tax-today,2009-04-01,2014-04-01,0.14207,-0.20077,0.47534,0.18381,0.18381,0.16748,0.21371,0.21371,0.19506
mom-nse-top10-1m,tax-today,2009-05-01,2014-05-01,0.12823,-0.19882,0.41538,0.15333,0.15333,0.13955,0.20257,0.20257,0.18477
mom-nse-top10-1m,tax-today,2009-06-01,2014-06-01,0.12091,-0.19971,0.39549,0.11085,0.11085,0.10101,0.17730,0.17730,0.16150
mom-nse-top10-1m,tax-today,2009-07-01,2014-07-01,0.14584,-0.20055,0.52429,0.13287,0.13287,0.12092,0.19900,0.19900,0.18148
mom-nse-top10-1m,tax-today,2009-08-01,2014-08-01,0.11750,-0.19810,0.38890,0.11721,0.11721,0.10674,0.17436,0.17436,0.15880
mom-nse-top10-1m,tax-today,2009-09-01,2014-09-01,0.12100,-0.19752,0.41511,0.12994,0.12994,0.11827,0.19506,0.19506,0.17784
mom-nse-top10-1m,tax-today,2009-10-01,2014-10-01,0.09539,-0.19213,0.27706,0.10646,0.10646,0.09705,0.18264,0.18264,0.16640
mom-nse-top10-1m,tax-today,2009-11-01,2014-11-01,0.11553,-0.19404,0.38768,0.13380,0.13380,0.12177,0.20627,0.20627,0.18818
mom-nse-top10-1m,tax-today,2009-12-01,2014-12-01,0.09064,-0.18165,0.25511,0.12120,0.12120,0.11035,0.19070,0.19070,0.17382
mom-nse-top10-1m,tax-today,2010-01-01,2015-01-01,0.07066,-0.17677,0.14036,0.11054,0.11054,0.10072,0.18516,0.18516,0.16873
mom-nse-top10-1m,tax-today,2010-02-01,2015-02-01,0.10245,-0.18330,0.32021,0.13777,0.13777,0.12537,0.21229,0.21229,0.19376
mom-nse-top10-1m,tax-today,2010-03-01,2015-03-01,0.09261,-0.17940,0.26707,0.13907,0.13907,0.12655,0.21651,0.21651,0.19766
mom-nse-top10-1m,tax-today,2010-04-01,2015-04-01,0.08352,-0.17719,0.21409,0.11502,0.11502,0.10476,0.20785,0.20785,0.18964
mom-nse-top10-1m,tax-today,2010-05-01,2015-05-01,0.07683,-0.17573,0.17602,0.10475,0.10475,0.09551,0.19134,0.19134,0.17442
mom-nse-top10-1m,tax-today,2010-06-01,2015-06-01,0.10082,-0.18520,0.31433,0.12480,0.12480,0.11361,0.21869,0.21869,0.19968
mom-nse-top10-1m,tax-today,2010-07-01,2015-07-01,0.09883,-0.18008,0.30367,0.11287,0.11287,0.10283,0.21196,0.21196,0.19344
mom-nse-top10-1m,tax-today,2010-08-01,2015-08-01,0.09685,-0.17667,0.29115,0.11037,0.11037,0.10057,0.21020,0.21020,0.19182
mom-nse-top10-1m,tax-today,2010-09-01,2015-09-01,0.07804,-0.17173,0.18370,0.08597,0.08597,0.07867,0.17846,0.17846,0.16257
mom-nse-top10-1m,tax-today,2010-10-01,2015-10-01,0.06485,-0.17311,0.10877,0.06548,0.06548,0.06042,0.16966,0.16966,0.15448
mom-nse-top10-1m,tax-today,2010-11-01,2015-11-01,0.06294,-0.17256,0.09750,0.06942,0.06942,0.06392,0.15728,0.15728,0.14315
mom-nse-top10-1m,tax-today,2010-12-01,2015-12-01,0.05554,-0.15793,0.05442,0.07206,0.07206,0.06627,0.15550,0.15550,0.14153
mom-nse-top10-1m,tax-today,2011-01-01,2016-01-01,0.05672,-0.15687,0.06072,0.06603,0.06603,0.06091,0.16809,0.16809,0.15305
mom-nse-top10-1m,tax-today,2011-02-01,2016-02-01,0.06675,-0.14963,0.11960,0.08148,0.08148,0.07466,0.18223,0.18223,0.16602
mom-nse-top10-1m,tax-today,2011-03-01,2016-03-01,0.05586,-0.18368,0.05528,0.06761,0.06761,0.06231,0.16191,0.16191,0.14739
mom-nse-top10-1m,tax-today,2011-04-01,2016-04-01,0.05842,-0.18349,0.07080,0.07054,0.07054,0.06492,0.16433,0.16433,0.14961
mom-nse-top10-1m,tax-today,2011-05-01,2016-05-01,0.06125,-0.18342,0.08704,0.07708,0.07708,0.07074,0.16911,0.16911,0.15398
mom-nse-top10-1m,tax-today,2011-06-01,2016-06-01,0.07291,-0.18350,0.15627,0.09211,0.09211,0.08416,0.17998,0.17998,0.16396
mom-nse-top10-1m,tax-today,2011-07-01,2016-07-01,0.07521,-0.18379,0.16978,0.09468,0.09468,0.08647,0.18497,0.18497,0.16855
mom-nse-top10-1m,tax-today,2011-08-01,2016-08-01,0.08631,-0.18346,0.23532,0.10716,0.10716,0.09768,0.20794,0.20794,0.18974
mom-nse-top10-1m,tax-today,2011-09-01,2016-09-01,0.10070,-0.18411,0.31773,0.13264,0.13264,0.12071,0.23121,0.23121,0.21129
mom-nse-top10-1m,tax-today,2011-10-01,2016-10-01,0.09995,-0.18398,0.31336,0.13102,0.13102,0.11924,0.23364,0.23364,0.21355
mom-nse-top10-1m,tax-today,2011-11-01,2016-11-01,0.08551,-0.18373,0.23048,0.11765,0.11765,0.10714,0.22844,0.22844,0.20872
mom-nse-top10-1m,tax-today,2011-12-01,2016-12-01,0.07750,-0.18393,0.18291,0.12024,0.12024,0.10948,0.22328,0.22328,0.20394
mom-nse-top10-1m,tax-today,2012-01-01,2017-01-01,0.08243,-0.18438,0.21055,0.13479,0.13479,0.12266,0.23011,0.23011,0.21027
mom-nse-top10-1m,tax-today,2012-02-01,2017-02-01,0.09961,-0.18416,0.30803,0.12078,0.12078,0.10997,0.24977,0.24977,0.22856
mom-nse-top10-1m,tax-today,2012-03-01,2017-03-01,0.09433,-0.18410,0.27849,0.12244,0.12244,0.11148,0.24492,0.24492,0.22404
mom-nse-top10-1m,tax-today,2012-04-01,2017-04-01,0.10129,-0.18373,0.31835,0.13020,0.13020,0.11850,0.24610,0.24610,0.22514
mom-nse-top10-1m,tax-today,2012-05-01,2017-05-01,0.10557,-0.18424,0.34241,0.13543,0.13543,0.12325,0.25848,0.25848,0.23668
mom-nse-top10-1m,tax-today,2012-06-01,2017-06-01,0.12257,-0.18601,0.43796,0.16115,0.16115,0.14670,0.27090,0.27090,0.24828
mom-nse-top10-1m,tax-today,2012-07-01,2017-07-01,0.10867,-0.18573,0.36249,0.13879,0.13879,0.12631,0.25219,0.25219,0.23081
mom-nse-top10-1m,tax-today,2012-08-01,2017-08-01,0.12193,-0.18595,0.43846,0.15452,0.15452,0.14064,0.26897,0.26897,0.24647
mom-nse-top10-1m,tax-today,2012-09-01,2017-09-01,0.11995,-0.18641,0.42548,0.15048,0.15048,0.13695,0.27439,0.27439,0.25154
mom-nse-top10-1m,tax-today,2012-10-01,2017-10-01,0.11092,-0.18437,0.37383,0.12709,0.12709,0.11568,0.25032,0.25032,0.22907
mom-nse-top10-1m,tax-today,2012-11-01,2017-11-01,0.12612,-0.18406,0.45886,0.14469,0.14469,0.13167,0.26899,0.26899,0.24649
mom-nse-top10-1m,tax-today,2012-12-01,2017-12-01,0.10968,-0.18094,0.36423,0.12840,0.12840,0.11687,0.24480,0.24480,0.22393
mom-nse-top10-1m,tax-today,2013-01-01,2018-01-01,0.12080,-0.18203,0.42603,0.13251,0.13251,0.12060,0.25838,0.25838,0.23658
mom-nse-top10-1m,tax-today,2013-02-01,2018-02-01,0.11424,-0.18034,0.39054,0.14308,0.14308,0.13021,0.26468,0.26468,0.24246
mom-nse-top10-1m,tax-today,2013-03-01,2018-03-01,0.11525,-0.18275,0.39660,0.14232,0.14232,0.12951,0.26089,0.26089,0.23892
mom-nse-top10-1m,tax-today,2013-04-01,2018-04-01,0.11211,-0.18292,0.37858,0.13557,0.13557,0.12338,0.25600,0.25600,0.23436
mom-nse-top10-1m,tax-today,2013-05-01,2018-05-01,0.11458,-0.17936,0.39329,0.14039,0.14039,0.12776,0.26045,0.26045,0.23852
mom-nse-top10-1m,tax-today,2013-06-01,2018-06-01,0.11934,-0.18000,0.42025,0.13701,0.13701,0.12468,0.24607,0.24607,0.22511
mom-nse-top10-1m,tax-today,2013-07-01,2018-07-01,0.12633,-0.18111,0.46251,0.14080,0.14080,0.12813,0.24990,0.24990,0.22868
mom-nse-top10-1m,tax-today,2013-08-01,2018-08-01,0.12813,-0.18936,0.47513,0.16077,0.16077,0.14635,0.26292,0.26266,0.24082
mom-nse-top10-1m,tax-today,2013-09-01,2018-09-01,0.13224,-0.18905,0.50340,0.17846,0.17790,0.16256,0.29019,0.28860,0.26633
mom-nse-top10-1m,tax-today,2013-10-01,2018-10-01,0.11370,-0.18543,0.39865,0.15170,0.15170,0.13806,0.25045,0.25045,0.22919
mom-nse-top10-1m,tax-today,2013-11-01,2018-11-01,0.09577,-0.18243,0.29065,0.11865,0.11865,0.10804,0.21992,0.21992,0.20082
mom-nse-top10-1m,tax-today,2013-12-01,2018-12-01,0.10201,-0.18312,0.32668,0.13388,0.13388,0.12185,0.23611,0.23611,0.21585
mom-nse-top10-1m,tax-today,2014-01-01,2019-01-01,0.09447,-0.17934,0.28290,0.13007,0.13007,0.11839,0.22665,0.22665,0.20706
mom-nse-top10-1m,tax-today,2014-02-01,2019-02-01,0.10002,-0.17975,0.31456,0.13747,0.13747,0.12510,0.23796,0.23796,0.21756
mom-nse-top10-1m,tax-today,2014-03-01,2019-03-01,0.09652,-0.18010,0.29412,0.13018,0.13018,0.11848,0.22764,0.22764,0.20798
mom-nse-top10-1m,tax-today,2014-04-01,2019-04-01,0.10646,-0.17891,0.35373,0.13094,0.13055,0.11917,0.23479,0.23418,0.21462
mom-nse-top10-1m,tax-today,2014-05-01,2019-05-01,0.11052,-0.17983,0.37661,0.13329,0.13274,0.12131,0.23461,0.23348,0.21445
mom-nse-top10-1m,tax-today,2014-06-01,2019-06-01,0.10648,-0.17684,0.35236,0.11935,0.11855,0.10868,0.21977,0.21903,0.20068
mom-nse-top10-1m,tax-today,2014-07-01,2019-07-01,0.10342,-0.17779,0.33740,0.10598,0.10531,0.09661,0.19548,0.19488,0.17823
mom-nse-top10-1m,tax-today,2014-08-01,2019-08-01,0.08767,-0.17733,0.24362,0.08985,0.08985,0.08214,0.17443,0.17443,0.15886
mom-nse-top10-1m,tax-today,2014-09-01,2019-09-01,0.07509,-0.17776,0.16862,0.07909,0.07909,0.07253,0.15466,0.15466,0.14076
mom-nse-top10-1m,tax-today,2014-10-01,2019-10-01,0.09508,-0.18126,0.28541,0.08775,0.08775,0.08026,0.16178,0.16178,0.14727
mom-nse-top10-1m,tax-today,2014-11-01,2019-11-01,0.09428,-0.17775,0.27981,0.08786,0.08715,0.08036,0.15625,0.15613,0.14222
mom-nse-top10-1m,tax-today,2014-12-01,2019-12-01,0.08761,-0.17963,0.24098,0.08482,0.08385,0.07764,0.14858,0.14820,0.13522
mom-nse-top10-1m,tax-today,2015-01-01,2020-01-01,0.09770,-0.18120,0.30060,0.09410,0.09284,0.08594,0.15458,0.15373,0.14069
mom-nse-top10-1m,tax-today,2015-02-01,2020-02-01,0.08428,-0.18071,0.22190,0.07134,0.07114,0.06563,0.13652,0.13564,0.12424
mom-nse-top10-1m,tax-today,2015-03-01,2020-03-01,0.07367,-0.18535,0.15935,0.06049,0.06049,0.05601,0.13332,0.13260,0.12133
mom-nse-top10-1m,tax-today,2015-04-01,2020-04-01,0.01767,-0.36016,-0.12580,0.00513,0.00513,0.00513,0.07417,0.07417,0.06814
mom-nse-top10-1m,tax-today,2015-05-01,2020-05-01,0.06401,-0.36045,0.11647,0.05161,0.05161,0.04817,0.12195,0.12195,0.11103
mom-nse-top10-1m,tax-today,2015-06-01,2020-06-01,0.06238,-0.35899,0.10879,0.04456,0.04456,0.04195,0.10890,0.10890,0.09925
mom-nse-top10-1m,tax-today,2015-07-01,2020-07-01,0.06355,-0.35957,0.11448,0.05602,0.05602,0.05205,0.11517,0.11517,0.10490
mom-nse-top10-1m,tax-today,2015-08-01,2020-08-01,0.07343,-0.35978,0.16271,0.06667,0.06667,0.06148,0.11910,0.11818,0.10845
mom-nse-top10-1m,tax-today,2015-09-01,2020-09-01,0.08387,-0.36096,0.21442,0.09415,0.09397,0.08599,0.14390,0.14216,0.13095
mom-nse-top10-1m,tax-today,2015-10-01,2020-10-01,0.07983,-0.36111,0.19377,0.08855,0.08850,0.08097,0.13979,0.13762,0.12721
mom-nse-top10-1m,tax-today,2015-11-01,2020-11-01,0.08104,-0.36020,0.19898,0.08985,0.08934,0.08213,0.13774,0.13587,0.12535
mom-nse-top10-1m,tax-today,2015-12-01,2020-12-01,0.10324,-0.36128,0.30539,0.11915,0.11604,0.10849,0.15807,0.15486,0.14388
mom-nse-top10-1m,tax-today,2016-01-01,2021-01-01,0.11603,-0.35909,0.36511,0.13407,0.12958,0.12201,0.17356,0.16874,0.15806
mom-nse-top10-1m,tax-today,2016-02-01,2021-02-01,0.12036,-0.35972,0.38467,0.15030,0.14530,0.13678,0.18534,0.18061,0.16889
mom-nse-top10-1m,tax-today,2016-03-01,2021-03-01,0.14341,-0.36004,0.49076,0.16879,0.16300,0.15369,0.21366,0.20751,0.19502
mom-nse-top10-1m,tax-today,2016-04-01,2021-04-01,0.13169,-0.36034,0.43325,0.15484,0.14905,0.14093,0.21192,0.20483,0.19341
mom-nse-top10-1m,tax-today,2016-05-01,2021-05-01,0.13349,-0.36193,0.43710,0.14721,0.14177,0.13397,0.22144,0.21306,0.20223
mom-nse-top10-1m,tax-today,2016-06-01,2021-06-01,0.13475,-0.36103,0.44253,0.15209,0.14550,0.13842,0.22716,0.21791,0.20754
mom-nse-top10-1m,tax-today,2016-07-01,2021-07-01,0.13311,-0.36182,0.43489,0.14918,0.14247,0.13576,0.22948,0.21958,0.20969
mom-nse-top10-1m,tax-today,2016-08-01,2021-08-01,0.13505,-0.36306,0.44022,0.14201,0.13527,0.12923,0.21930,0.20877,0.20025
mom-nse-top10-1m,tax-today,2016-09-01,2021-09-01,0.13483,-0.36422,0.43986,0.15663,0.14844,0.14256,0.22392,0.21280,0.20453
mom-nse-top10-1m,tax-today,2016-10-01,2021-10-01,0.13418,-0.36436,0.43718,0.16709,0.15837,0.15213,0.22806,0.21664,0.20837
mom-nse-top10-1m,tax-today,2016-11-01,2021-11-01,0.14361,-0.36076,0.47901,0.17194,0.16281,0.15658,0.23496,0.22274,0.21478
mom-nse-top10-1m,tax-today,2016-12-01,2021-12-01,0.14901,-0.36212,0.50526,0.17392,0.16541,0.15839,0.24422,0.23222,0.22339
mom-nse-top10-1m,tax-today,2017-01-01,2022-01-01,0.15574,-0.36198,0.53286,0.17675,0.16803,0.16099,0.25612,0.24359,0.23448
mom-nse-top10-1m,tax-today,2017-02-01,2022-02-01,0.12378,-0.36297,0.39191,0.16503,0.15626,0.15025,0.21213,0.20066,0.19360
mom-nse-top10-1m,tax-today,2017-03-01,2022-03-01,0.12057,-0.36230,0.37523,0.14866,0.14075,0.13529,0.19967,0.18888,0.18209
mom-nse-top10-1m,tax-today,2017-04-01,2022-04-01,0.10846,-0.36393,0.32013,0.15423,0.14549,0.14037,0.20375,0.19213,0.18586
mom-nse-top10-1m,tax-today,2017-05-01,2022-05-01,0.08547,-0.35877,0.21772,0.14357,0.13545,0.13065,0.17957,0.16895,0.16358
mom-nse-top10-1m,tax-today,2017-06-01,2022-06-01,0.07295,-0.35625,0.16173,0.12885,0.12137,0.11728,0.16100,0.15184,0.14655
mom-nse-top10-1m,tax-today,2017-07-01,2022-07-01,0.06165,-0.35522,0.11026,0.11999,0.11334,0.10925,0.14102,0.13353,0.12833
mom-nse-top10-1m,tax-today,2017-08-01,2022-08-01,0.06892,-0.35542,0.14362,0.12777,0.11954,0.11630,0.15103,0.14158,0.13745
mom-nse-top10-1m,tax-today,2017-09-01,2022-09-01,0.07604,-0.35546,0.17610,0.13377,0.12527,0.12174,0.15532,0.14495,0.14137
mom-nse-top10-1m,tax-today,2017-10-01,2022-10-01,0.07178,-0.35480,0.15647,0.13204,0.12394,0.12017,0.15366,0.14353,0.13985
mom-nse-top10-1m,tax-today,2017-11-01,2022-11-01,0.07263,-0.35772,0.16097,0.13102,0.12205,0.11924,0.15299,0.14208,0.13924
mom-nse-top10-1m,tax-today,2017-12-01,2022-12-01,0.07621,-0.35222,0.17702,0.14628,0.13661,0.13312,0.16101,0.15003,0.14657
mom-nse-top10-1m,tax-today,2018-01-01,2023-01-01,0.06190,-0.35044,0.11132,0.13060,0.12168,0.11887,0.13565,0.12560,0.12345
mom-nse-top10-1m,tax-today,2018-02-01,2023-02-01,0.04916,-0.34982,0.05410,0.11224,0.10393,0.10225,0.12006,0.11116,0.10932
mom-nse-top10-1m,tax-today,2018-03-01,2023-03-01,0.05551,-0.35182,0.08281,0.12158,0.11257,0.11070,0.13079,0.12109,0.11903
mom-nse-top10-1m,tax-today,2018-04-01,2023-04-01,0.05609,-0.35184,0.08489,0.12753,0.11807,0.11608,0.13400,0.12407,0.12195
mom-nse-top10-1m,tax-today,2018-05-01,2023-05-01,0.05375,-0.35754,0.07553,0.12307,0.11394,0.11204,0.12873,0.11919,0.11717
mom-nse-top10-1m,tax-today,2018-06-01,2023-06-01,0.04870,-0.35548,0.05199,0.12930,0.11972,0.11769,0.14893,0.13796,0.13554
mom-nse-top10-1m,tax-today,2018-07-01,2023-07-01,0.05444,-0.35274,0.07785,0.13722,0.12706,0.12487,0.15801,0.14641,0.14382
mom-nse-top10-1m,tax-today,2018-08-01,2023-08-01,0.05198,-0.34823,0.06609,0.13027,0.12061,0.11856,0.15718,0.14564,0.14306
mom-nse-top10-1m,tax-today,2018-09-01,2023-09-01,0.04885,-0.34858,0.05107,0.12049,0.11155,0.10970,0.14800,0.13709,0.13469
mom-nse-top10-1m,tax-today,2018-10-01,2023-10-01,0.06689,-0.35492,0.13412,0.13610,0.12603,0.12386,0.17581,0.16305,0.16013
mom-nse-top10-1m,tax-today,2018-11-01,2023-11-01,0.07226,-0.34992,0.15821,0.14179,0.13132,0.12904,0.18193,0.16878,0.16575
mom-nse-top10-1m,tax-today,2018-12-01,2023-12-01,0.08359,-0.34919,0.20942,0.14615,0.13537,0.13300,0.20341,0.18895,0.18555
mom-nse-top10-1m,tax-today,2019-01-01,2024-01-01,0.10116,-0.34705,0.28908,0.16150,0.14968,0.14702,0.22122,0.20571,0.20202
mom-nse-top10-1m,tax-today,2019-02-01,2024-02-01,0.09903,-0.34788,0.27992,0.16137,0.14955,0.14690,0.22469,0.20899,0.20524
mom-nse-top10-1m,tax-today,2019-03-01,2024-03-01,0.11317,-0.34678,0.34224,0.16870,0.15640,0.15361,0.24141,0.22478,0.22078
mom-nse-top10-1m,tax-today,2019-04-01,2024-04-01,0.10641,-0.34267,0.31144,0.15319,0.14192,0.13942,0.23600,0.21967,0.21574
mom-nse-top10-1m,tax-today,2019-05-01,2024-05-01,0.10354,-0.34220,0.29831,0.15309,0.14184,0.13934,0.24122,0.22460,0.22060
mom-nse-top10-1m,tax-today,2019-06-01,2024-06-01,0.09870,-0.33978,0.27728,0.14946,0.13845,0.13601,0.25655,0.23911,0.23488
mom-nse-top10-1m,tax-today,2019-07-01,2024-07-01,0.11183,-0.33829,0.33216,0.16648,0.15432,0.15157,0.26814,0.25011,0.24570
mom-nse-top10-1m,tax-today,2019-08-01,2024-08-01,0.14448,-0.33943,0.46978,0.19261,0.17558,0.17558,0.30115,0.27662,0.27662
mom-nse-top10-1m,tax-today,2019-09-01,2024-09-01,0.15689,-0.33669,0.51984,0.19386,0.17674,0.17674,0.30252,0.27791,0.27791
mom-nse-top10-1m,tax-today,2019-10-01,2024-10-01,0.14971,-0.33459,0.49328,0.19193,0.17496,0.17496,0.29592,0.27172,0.27172
mom-nse-top10-1m,tax-today,2019-11-01,2024-11-01,0.12782,-0.33836,0.40018,0.16694,0.15200,0.15200,0.26574,0.24346,0.24346
mom-nse-top10-1m,tax-today,2019-12-01,2024-12-01,0.12517,-0.33828,0.38859,0.16218,0.14763,0.14763,0.25859,0.23678,0.23678
mom-nse-top10-1m,tax-today,2020-01-01,2025-01-01,0.12475,-0.33450,0.38721,0.15598,0.14197,0.14197,0.24390,0.22309,0.22309
mom-nse-top10-1m,tax-today,2020-02-01,2025-02-01,0.11574,-0.33683,0.34791,0.16380,0.14912,0.14912,0.21662,0.19777,0.19777
mom-nse-top10-1m,tax-today,2020-03-01,2025-03-01,0.11000,-0.31935,0.32347,0.15961,0.14529,0.14529,0.19321,0.17614,0.17614
mom-nse-top10-1m,tax-today,2020-04-01,2025-04-01,0.16676,-0.32718,0.59641,0.24335,0.22258,0.22258,0.26293,0.24083,0.24083
mom-nse-top10-1m,tax-today,2020-05-01,2025-05-01,0.13639,-0.32128,0.46807,0.21179,0.19329,0.19329,0.23579,0.21554,0.21554
mom-nse-top10-1m,tax-today,2020-06-01,2025-06-01,0.12815,-0.32048,0.42866,0.21702,0.19813,0.19813,0.24924,0.22807,0.22807
mom-nse-top10-1m,tax-today,2020-07-01,2025-07-01,0.13362,-0.32025,0.45579,0.21071,0.19229,0.19229,0.25087,0.22958,0.22958
mom-nse-top10-1m,tax-today,2020-08-01,2025-08-01,0.11323,-0.31901,0.35653,0.18700,0.17042,0.17042,0.21755,0.19862,0.19862
mom-nse-top10-6m-ma200,cost,2008-02-01,2013-02-01,0.01115,-0.38748,-0.19105,0.03592,0.03592,0.03438,0.02342,0.02342,0.02342
mom-nse-top10-6m-ma200,cost,2008-03-01,2013-03-01,0.08937,-0.15080,0.26824,0.02970,0.02970,0.02895,0.02703,0.02703,0.02662
mom-nse-top10-6m-ma200,cost,2008-04-01,2013-04-01,0.08907,-0.15080,0.26535,0.04945,0.04945,0.04626,0.07055,0.07055,0.06492
mom-nse-top10-6m-ma200,cost,2008-05-01,2013-05-01,0.04078,-0.28182,-0.05133,0.03953,0.03953,0.03755,0.05392,0.05392,0.05020
mom-nse-top10-6m-ma200,cost,2008-06-01,2013-06-01,0.10106,-0.15080,0.34018,0.05429,0.05429,0.05052,0.07512,0.07512,0.06899
mom-nse-top10-6m-ma200,cost,2008-07-01,2013-07-01,0.09977,-0.15080,0.32958,0.09942,0.09942,0.09072,0.14111,0.14111,0.12841
mom-nse-top10-6m-ma200,cost,2008-08-01,2013-08-01,0.10622,-0.15080,0.36893,0.06611,0.06611,0.06098,0.09740,0.09740,0.08891
mom-nse-top10-6m-ma200,cost,2008-09-01,2013-09-01,0.10154,-0.15080,0.33382,0.05936,0.05936,0.05500,0.09064,0.09064,0.08284
mom-nse-top10-6m-ma200,cost,2008-10-01,2013-10-01,0.11277,-0.15080,0.40014,0.09178,0.09178,0.08387,0.13588,0.13588,0.12365
mom-nse-top10-6m-ma200,cost,2008-11-01,2013-11-01,0.12511,-0.15080,0.46910,0.18313,0.18313,0.16685,0.22532,0.22532,0.20583
mom-nse-top10-6m-ma200,cost,2008-12-01,2013-12-01,0.12127,-0.15080,0.44502,0.19549,0.19549,0.17824,0.22922,0.22922,0.20945
mom-nse-top10-6m-ma200,cost,2009-01-01,2014-01-01,0.12929,-0.15080,0.48993,0.17089,0.17089,0.15561,0.20948,0.20948,0.19116
mom-nse-top10-6m-ma200,cost,2009-02-01,2014-02-01,0.13411,-0.15080,0.51373,0.17517,0.17517,0.15955,0.21381,0.21381,0.19516
mom-nse-top10-6m-ma200,cost,2009-03-01,2014-03-01,0.14906,-0.15080,0.59714,0.19168,0.19168,0.17472,0.22937,0.22937,0.20959
mom-nse-top10-6m-ma200,cost,2009-04-01,2014-04-01,0.13719,-0.15080,0.52738,0.18381,0.18381,0.16748,0.21371,0.21371,0.19506
mom-nse-top10-6m-ma200,cost,2009-05-01,2014-05-01,0.15342,-0.14969,0.56832,0.15333,0.15333,0.13955,0.20257,0.20257,0.18477
mom-nse-top10-6m-ma200,cost,2009-06-01,2014-06-01,0.12574,-0.15179,0.44454,0.11085,0.11085,0.10101,0.17730,0.17730,0.16150
mom-nse-top10-6m-ma200,cost,2009-07-01,2014-07-01,0.15823,-0.15080,0.63520,0.13287,0.13287,0.12092,0.19900,0.19900,0.18148
mom-nse-top10-6m-ma200,cost,2009-08-01,2014-08-01,0.13432,-0.15340,0.50225,0.11721,0.11721,0.10674,0.17436,0.17436,0.15880
mom-nse-top10-6m-ma200,cost,2009-09-01,2014-09-01,0.15591,-0.15144,0.64125,0.12994,0.12994,0.11827,0.19506,0.19506,0.17784
mom-nse-top10-6m-ma200,cost,2009-10-01,2014-10-01,0.13307,-0.14939,0.51379,0.10646,0.10646,0.09705,0.18264,0.18264,0.16640
mom-nse-top10-6m-ma200,cost,2009-11-01,2014-11-01,0.16316,-0.15055,0.68522,0.13380,0.13380,0.12177,0.20627,0.20627,0.18818
mom-nse-top10-6m-ma200,cost,2009-12-01,2014-12-01,0.13082,-0.14847,0.51095,0.12120,0.12120,0.11035,0.19070,0.19070,0.17382
mom-nse-top10-6m-ma200,cost,2010-01-01,2015-01-01,0.10807,-0.14818,0.37326,0.11054,0.11054,0.10072,0.18516,0.18516,0.16873
mom-nse-top10-6m-ma200,cost,2010-02-01,2015-02-01,0.15280,-0.15030,0.65470,0.13777,0.13777,0.12537,0.21229,0.21229,0.19376
mom-nse-top10-6m-ma200,cost,2010-03-01,2015-03-01,0.12579,-0.15530,0.48624,0.13907,0.13907,0.12655,0.21651,0.21651,0.19766
mom-nse-top10-6m-ma200,cost,2010-04-01,2015-04-01,0.11725,-0.15499,0.42865,0.11502,0.11502,0.10476,0.20785,0.20785,0.18964
mom-nse-top10-6m-ma200,cost,2010-05-01,2015-05-01,0.11751,-0.14871,0.43385,0.10475,0.10475,0.09551,0.19134,0.19134,0.17442
mom-nse-top10-6m-ma200,cost,2010-06-01,2015-06-01,0.13977,-0.14810,0.58709,0.12480,0.12480,0.11361,0.21869,0.21869,0.19968
mom-nse-top10-6m-ma200,cost,2010-07-01,2015-07-01,0.14032,-0.14810,0.58419,0.11287,0.11287,0.10283,0.21196,0.21196,0.19344
mom-nse-top10-6m-ma200,cost,2010-08-01,2015-08-01,0.13974,-0.17271,0.57120,0.11037,0.11037,0.10057,0.21020,0.21020,0.19182
mom-nse-top10-6m-ma200,cost,2010-09-01,2015-09-01,0.10827,-0.17474,0.37269,0.08597,0.08597,0.07867,0.17846,0.17846,0.16257
mom-nse-top10-6m-ma200,cost,2010-10-01,2015-10-01,0.08909,-0.18050,0.25451,0.06548,0.06548,0.06042,0.16966,0.16966,0.15448
mom-nse-top10-6m-ma200,cost,2010-11-01,2015-11-01,0.08978,-0.17573,0.26137,0.06942,0.06942,0.06392,0.15728,0.15728,0.14315
mom-nse-top10-6m-ma200,cost,2010-12-01,2015-12-01,0.08976,-0.14543,0.26297,0.07206,0.07206,0.06627,0.15550,0.15550,0.14153
mom-nse-top10-6m-ma200,cost,2011-01-01,2016-01-01,0.09047,-0.14456,0.26721,0.06603,0.06603,0.06091,0.16809,0.16809,0.15305
mom-nse-top10-6m-ma200,cost,2011-02-01,2016-02-01,0.10372,-0.12938,0.37363,0.08148,0.08148,0.07466,0.18223,0.18223,0.16602
mom-nse-top10-6m-ma200,cost,2011-03-01,2016-03-01,0.10366,-0.12938,0.37311,0.06761,0.06761,0.06231,0.16191,0.16191,0.14739
mom-nse-top10-6m-ma200,cost,2011-04-01,2016-04-01,0.10005,-0.12958,0.34061,0.07054,0.07054,0.06492,0.16433,0.16433,0.14961
mom-nse-top10-6m-ma200,cost,2011-05-01,2016-05-01,0.10384,-0.12938,0.37466,0.07708,0.07708,0.07074,0.16911,0.16911,0.15398
mom-nse-top10-6m-ma200,cost,2011-06-01,2016-06-01,0.10366,-0.12938,0.37414,0.09211,0.09211,0.08416,0.17998,0.17998,0.16396
mom-nse-top10-6m-ma200,cost,2011-07-01,2016-07-01,0.10319,-0.12938,0.37089,0.09468,0.09468,0.08647,0.18497,0.18497,0.16855
mom-nse-top10-6m-ma200,cost,2011-08-01,2016-08-01,0.11707,-0.12938,0.46497,0.10716,0.10716,0.09768,0.20794,0.20794,0.18974
mom-nse-top10-6m-ma200,cost,2011-09-01,2016-09-01,0.12404,-0.12938,0.50674,0.13264,0.13264,0.12071,0.23121,0.23121,0.21129
mom-nse-top10-6m-ma200,cost,2011-10-01,2016-10-01,0.11919,-0.12938,0.46958,0.13102,0.13102,0.11924,0.23364,0.23364,0.21355
mom-nse-top10-6m-ma200,cost,2011-11-01,2016-11-01,0.11903,-0.12938,0.46750,0.11765,0.11765,0.10714,0.22844,0.22844,0.20872
mom-nse-top10-6m-ma200,cost,2011-12-01,2016-12-01,0.10252,-0.14820,0.35131,0.12024,0.12024,0.10948,0.22328,0.22328,0.20394
mom-nse-top10-6m-ma200,cost,2012-01-01,2017-01-01,0.09955,-0.16046,0.32888,0.13479,0.13479,0.12266,0.23011,0.23011,0.21027
mom-nse-top10-6m-ma200,cost,2012-02-01,2017-02-01,0.11312,-0.16050,0.40278,0.12078,0.12078,0.10997,0.24977,0.24977,0.22856
mom-nse-top10-6m-ma200,cost,2012-03-01,2017-03-01,0.10268,-0.16047,0.33980,0.12244,0.12244,0.11148,0.24492,0.24492,0.22404
mom-nse-top10-6m-ma200,cost,2012-04-01,2017-04-01,0.09737,-0.16027,0.30854,0.13020,0.13020,0.11850,0.24610,0.24610,0.22514
mom-nse-top10-6m-ma200,cost,2012-05-01,2017-05-01,0.09950,-0.16036,0.32397,0.13543,0.13543,0.12325,0.25848,0.25848,0.23668
mom-nse-top10-6m-ma200,cost,2012-06-01,2017-06-01,0.10002,-0.16046,0.33265,0.16115,0.16115,0.14670,0.27090,0.27090,0.24828
mom-nse-top10-6m-ma200,cost,2012-07-01,2017-07-01,0.10014,-0.16046,0.33313,0.13879,0.13879,0.12631,0.25219,0.25219,0.23081
mom-nse-top10-6m-ma200,cost,2012-08-01,2017-08-01,0.11104,-0.16028,0.40476,0.15452,0.15452,0.14064,0.26897,0.26897,0.24647
mom-nse-top10-6m-ma200,cost,2012-09-01,2017-09-01,0.11095,-0.16055,0.40294,0.15048,0.15048,0.13695,0.27439,0.27439,0.25154
mom-nse-top10-6m-ma200,cost,2012-10-01,2017-10-01,0.09967,-0.16030,0.32926,0.12709,0.12709,0.11568,0.25032,0.25032,0.22907
mom-nse-top10-6m-ma200,cost,2012-11-01,2017-11-01,0.10856,-0.16037,0.38587,0.14469,0.14469,0.13167,0.26899,0.26899,0.24649
mom-nse-top10-6m-ma200,cost,2012-12-01,2017-12-01,0.09598,-0.16054,0.30403,0.12840,0.12840,0.11687,0.24480,0.24480,0.22393
mom-nse-top10-6m-ma200,cost,2013-01-01,2018-01-01,0.10525,-0.16014,0.36425,0.13251,0.13251,0.12060,0.25838,0.25838,0.23658
mom-nse-top10-6m-ma200,cost,2013-02-01,2018-02-01,0.10321,-0.16009,0.35340,0.14308,0.14308,0.13021,0.26468,0.26468,0.24246
mom-nse-top10-6m-ma200,cost,2013-03-01,2018-03-01,0.09687,-0.16040,0.31093,0.14232,0.14232,0.12951,0.26089,0.26089,0.23892
mom-nse-top10-6m-ma200,cost,2013-04-01,2018-04-01,0.09491,-0.16019,0.29919,0.13557,0.13557,0.12338,0.25600,0.25600,0.23436
mom-nse-top10-6m-ma200,cost,2013-05-01,2018-05-01,0.09074,-0.16023,0.27151,0.14039,0.14039,0.12776,0.26045,0.26045,0.23852
mom-nse-top10-6m-ma200,cost,2013-06-01,2018-06-01,0.09248,-0.16034,0.28304,0.13701,0.13701,0.12468,0.24607,0.24607,0.22511
mom-nse-top10-6m-ma200,cost,2013-07-01,2018-07-01,0.09767,-0.16021,0.31814,0.14080,0.14080,0.12813,0.24990,0.24990,0.22868
mom-nse-top10-6m-ma200,cost,2013-08-01,2018-08-01,0.07925,-0.16000,0.20314,0.16077,0.16077,0.14635,0.26292,0.26266,0.24082
mom-nse-top10-6m-ma200,cost,2013-09-01,2018-09-01,0.08402,-0.16000,0.23660,0.17846,0.17790,0.16256,0.29019,0.28860,0.26633
mom-nse-top10-6m-ma200,cost,2013-10-01,2018-10-01,0.06744,-0.16000,0.11778,0.15170,0.15170,0.13806,0.25045,0.25045,0.22919
mom-nse-top10-6m-ma200,cost,2013-11-01,2018-11-01,0.06402,-0.15992,0.09467,0.11865,0.11865,0.10804,0.21992,0.21992,0.20082
mom-nse-top10-6m-ma200,cost,2013-12-01,2018-12-01,0.07845,-0.16042,0.19382,0.13388,0.13388,0.12185,0.23611,0.23611,0.21585
mom-nse-top10-6m-ma200,cost,2014-01-01,2019-01-01,0.07168,-0.16000,0.14778,0.13007,0.13007,0.11839,0.22665,0.22665,0.20706
mom-nse-top10-6m-ma200,cost,2014-02-01,2019-02-01,0.08241,-0.16034,0.21989,0.13747,0.13747,0.12510,0.23796,0.23796,0.21756
mom-nse-top10-6m-ma200,cost,2014-03-01,2019-03-01,0.07419,-0.15977,0.16459,0.13018,0.13018,0.11848,0.22764,0.22764,0.20798
mom-nse-top10-6m-ma200,cost,2014-04-01,2019-04-01,0.09874,-0.16047,0.33310,0.13094,0.13055,0.11917,0.23479,0.23418,0.21462
mom-nse-top10-6m-ma200,cost,2014-05-01,2019-05-01,0.09993,-0.16044,0.34053,0.13329,0.13274,0.12131,0.23461,0.23348,0.21445
mom-nse-top10-6m-ma200,cost,2014-06-01,2019-06-01,0.09062,-0.16038,0.27668,0.11935,0.11855,0.10868,0.21977,0.21903,0.20068
mom-nse-top10-6m-ma200,cost,2014-07-01,2019-07-01,0.07915,-0.15995,0.20055,0.10598,0.10531,0.09661,0.19548,0.19488,0.17823
mom-nse-top10-6m-ma200,cost,2014-08-01,2019-08-01,0.05705,-0.15965,0.05212,0.08985,0.08985,0.08214,0.17443,0.17443,0.15886
mom-nse-top10-6m-ma200,cost,2014-09-01,2019-09-01,0.05382,-0.16013,0.02823,0.07909,0.07909,0.07253,0.15466,0.15466,0.14076
mom-nse-top10-6m-ma200,cost,2014-10-01,2019-10-01,0.06372,-0.16043,0.09678,0.08775,0.08775,0.08026,0.16178,0.16178,0.14727
mom-nse-top10-6m-ma200,cost,2014-11-01,2019-11-01,0.06831,-0.16022,0.12557,0.08786,0.08715,0.08036,0.15625,0.15613,0.14222
mom-nse-top10-6m-ma200,cost,2014-12-01,2019-12-01,0.05679,-0.16011,0.04920,0.08482,0.08385,0.07764,0.14858,0.14820,0.13522
mom-nse-top10-6m-ma200,cost,2015-01-01,2020-01-01,0.06837,-0.16036,0.12594,0.09410,0.09284,0.08594,0.15458,0.15373,0.14069
mom-nse-top10-6m-ma200,cost,2015-02-01,2020-02-01,0.05029,-0.16044,0.00195,0.07134,0.07114,0.06563,0.13652,0.13564,0.12424
mom-nse-top10-6m-ma200,cost,2015-03-01,2020-03-01,0.04131,-0.16037,-0.05978,0.06049,0.06049,0.05601,0.13332,0.13260,0.12133
mom-nse-top10-6m-ma200,cost,2015-04-01,2020-04-01,-0.02629,-0.39096,-0.39194,0.00513,0.00513,0.00513,0.07417,0.07417,0.06814
mom-nse-top10-6m-ma200,cost,2015-05-01,2020-05-01,0.01821,-0.39076,-0.12776,0.05161,0.05161,0.04817,0.12195,0.12195,0.11103
mom-nse-top10-6m-ma200,cost,2015-06-01,2020-06-01,0.00749,-0.39064,-0.18066,0.04456,0.04456,0.04195,0.10890,0.10890,0.09925
mom-nse-top10-6m-ma200,cost,2015-07-01,2020-07-01,0.02440,-0.39110,-0.08850,0.05602,0.05602,0.05205,0.11517,0.11517,0.10490
mom-nse-top10-6m-ma200,cost,2015-08-01,2020-08-01,0.01797,-0.39050,-0.12590,0.06667,0.06667,0.06148,0.11910,0.11818,0.10845
mom-nse-top10-6m-ma200,cost,2015-09-01,2020-09-01,0.02976,-0.39070,-0.07144,0.09415,0.09397,0.08599,0.14390,0.14216,0.13095
mom-nse-top10-6m-ma200,cost,2015-10-01,2020-10-01,0.02976,-0.39070,-0.07192,0.08855,0.08850,0.08097,0.13979,0.13762,0.12721
mom-nse-top10-6m-ma200,cost,2015-11-01,2020-11-01,0.02981,-0.39070,-0.07192,0.08985,0.08934,0.08213,0.13774,0.13587,0.12535
mom-nse-top10-6m-ma200,cost,2015-12-01,2020-12-01,0.02976,-0.39070,-0.07263,0.11915,0.11604,0.10849,0.15807,0.15486,0.14388
mom-nse-top10-6m-ma200,cost,2016-01-01,2021-01-01,0.02931,-0.39070,-0.07506,0.13407,0.12958,0.12201,0.17356,0.16874,0.15806
mom-nse-top10-6m-ma200,cost,2016-02-01,2021-02-01,0.02113,-0.39070,-0.11591,0.15030,0.14530,0.13678,0.18534,0.18061,0.16889
mom-nse-top10-6m-ma200,cost,2016-03-01,2021-03-01,0.02420,-0.39070,-0.09659,0.16879,0.16300,0.15369,0.21366,0.20751,0.19502
mom-nse-top10-6m-ma200,cost,2016-04-01,2021-04-01,0.04179,-0.39070,-0.00084,0.15484,0.14905,0.14093,0.21192,0.20483,0.19341
mom-nse-top10-6m-ma200,cost,2016-05-01,2021-05-01,0.06391,-0.39070,0.11287,0.14721,0.14177,0.13397,0.22144,0.21306,0.20223
mom-nse-top10-6m-ma200,cost,2016-06-01,2021-06-01,0.07783,-0.39066,0.18338,0.15209,0.14550,0.13842,0.22716,0.21791,0.20754
mom-nse-top10-6m-ma200,cost,2016-07-01,2021-07-01,0.08219,-0.39070,0.20489,0.14918,0.14247,0.13576,0.22948,0.21958,0.20969
mom-nse-top10-6m-ma200,cost,2016-08-01,2021-08-01,0.08581,-0.39105,0.22155,0.14201,0.13527,0.12923,0.21930,0.20877,0.20025
mom-nse-top10-6m-ma200,cost,2016-09-01,2021-09-01,0.07857,-0.39083,0.18715,0.15663,0.14844,0.14256,0.22392,0.21280,0.20453
mom-nse-top10-6m-ma200,cost,2016-10-01,2021-10-01,0.08294,-0.39079,0.20760,0.16709,0.15837,0.15213,0.22806,0.21664,0.20837
mom-nse-top10-6m-ma200,cost,2016-11-01,2021-11-01,0.09917,-0.39096,0.28425,0.17194,0.16281,0.15658,0.23496,0.22274,0.21478
mom-nse-top10-6m-ma200,cost,2016-12-01,2021-12-01,0.09898,-0.39081,0.28459,0.17392,0.16541,0.15839,0.24422,0.23222,0.22339
mom-nse-top10-6m-ma200,cost,2017-01-01,2022-01-01,0.10949,-0.39091,0.33320,0.17675,0.16803,0.16099,0.25612,0.24359,0.23448
mom-nse-top10-6m-ma200,cost,2017-02-01,2022-02-01,0.11028,-0.39049,0.33377,0.16503,0.15626,0.15025,0.21213,0.20066,0.19360
mom-nse-top10-6m-ma200,cost,2017-03-01,2022-03-01,0.10979,-0.38953,0.32964,0.14866,0.14075,0.13529,0.19967,0.18888,0.18209
mom-nse-top10-6m-ma200,cost,2017-04-01,2022-04-01,0.11332,-0.38970,0.34493,0.15423,0.14549,0.14037,0.20375,0.19213,0.18586
mom-nse-top10-6m-ma200,cost,2017-05-01,2022-05-01,0.07921,-0.39013,0.18956,0.14357,0.13545,0.13065,0.17957,0.16895,0.16358
mom-nse-top10-6m-ma200,cost,2017-06-01,2022-06-01,0.06156,-0.39028,0.11018,0.12885,0.12137,0.11728,0.16100,0.15184,0.14655
mom-nse-top10-6m-ma200,cost,2017-07-01,2022-07-01,0.04413,-0.39091,0.03138,0.11999,0.11334,0.10925,0.14102,0.13353,0.12833
mom-nse-top10-6m-ma200,cost,2017-08-01,2022-08-01,0.02304,-0.39164,-0.06695,0.12777,0.11954,0.11630,0.15103,0.14158,0.13745
mom-nse-top10-6m-ma200,cost,2017-09-01,2022-09-01,0.02736,-0.39228,-0.04637,0.13377,0.12527,0.12174,0.15532,0.14495,0.14137
mom-nse-top10-6m-ma200,cost,2017-10-01,2022-10-01,0.03253,-0.39169,-0.02330,0.13204,0.12394,0.12017,0.15366,0.14353,0.13985
mom-nse-top10-6m-ma200,cost,2017-11-01,2022-11-01,0.01953,-0.39172,-0.08511,0.13102,0.12205,0.11924,0.15299,0.14208,0.13924
mom-nse-top10-6m-ma200,cost,2017-12-01,2022-12-01,0.02514,-0.39282,-0.05848,0.14628,0.13661,0.13312,0.16101,0.15003,0.14657
mom-nse-top10-6m-ma200,cost,2018-01-01,2023-01-01,0.01674,-0.39436,-0.09921,0.13060,0.12168,0.11887,0.13565,0.12560,0.12345
mom-nse-top10-6m-ma200,cost,2018-02-01,2023-02-01,0.00810,-0.37965,-0.14850,0.11224,0.10393,0.10225,0.12006,0.11116,0.10932
mom-nse-top10-6m-ma200,cost,2018-03-01,2023-03-01,0.02208,-0.38107,-0.08099,0.12158,0.11257,0.11070,0.13079,0.12109,0.11903
mom-nse-top10-6m-ma200,cost,2018-04-01,2023-04-01,0.02662,-0.38582,-0.05781,0.12753,0.11807,0.11608,0.13400,0.12407,0.12195
mom-nse-top10-6m-ma200,cost,2018-05-01,2023-05-01,0.02579,-0.38725,-0.05935,0.12307,0.11394,0.11204,0.12873,0.11919,0.11717
mom-nse-top10-6m-ma200,cost,2018-06-01,2023-06-01,0.03115,-0.38747,-0.03381,0.12930,0.11972,0.11769,0.14893,0.13796,0.13554
mom-nse-top10-6m-ma200,cost,2018-07-01,2023-07-01,0.03400,-0.38553,-0.02074,0.13722,0.12706,0.12487,0.15801,0.14641,0.14382
mom-nse-top10-6m-ma200,cost,2018-08-01,2023-08-01,0.03701,-0.38441,-0.00627,0.13027,0.12061,0.11856,0.15718,0.14564,0.14306
mom-nse-top10-6m-ma200,cost,2018-09-01,2023-09-01,0.02865,-0.38580,-0.04540,0.12049,0.11155,0.10970,0.14800,0.13709,0.13469
mom-nse-top10-6m-ma200,cost,2018-10-01,2023-10-01,0.03401,-0.38820,-0.02023,0.13610,0.12603,0.12386,0.17581,0.16305,0.16013
mom-nse-top10-6m-ma200,cost,2018-11-01,2023-11-01,0.04486,-0.38533,0.02685,0.14179,0.13132,0.12904,0.18193,0.16878,0.16575
mom-nse-top10-6m-ma200,cost,2018-12-01,2023-12-01,0.06115,-0.38561,0.10546,0.14615,0.13537,0.13300,0.20341,0.18895,0.18555
mom-nse-top10-6m-ma200,cost,2019-01-01,2024-01-01,0.08374,-0.38533,0.21099,0.16150,0.14968,0.14702,0.22122,0.20571,0.20202
mom-nse-top10-6m-ma200,cost,2019-02-01,2024-02-01,0.06784,-0.38434,0.13700,0.16137,0.14955,0.14690,0.22469,0.20899,0.20524
mom-nse-top10-6m-ma200,cost,2019-03-01,2024-03-01,0.08709,-0.38577,0.22668,0.16870,0.15640,0.15361,0.24141,0.22478,0.22078
mom-nse-top10-6m-ma200,cost,2019-04-01,2024-04-01,0.08877,-0.38547,0.23415,0.15319,0.14192,0.13942,0.23600,0.21967,0.21574
mom-nse-top10-6m-ma200,cost,2019-05-01,2024-05-01,0.08028,-0.38551,0.19470,0.15309,0.14184,0.13934,0.24122,0.22460,0.22060
mom-nse-top10-6m-ma200,cost,2019-06-01,2024-06-01,0.07345,-0.38507,0.16295,0.14946,0.13845,0.13601,0.25655,0.23911,0.23488
mom-nse-top10-6m-ma200,cost,2019-07-01,2024-07-01,0.08366,-0.38509,0.21069,0.16648,0.15432,0.15157,0.26814,0.25011,0.24570
mom-nse-top10-6m-ma200,cost,2019-08-01,2024-08-01,0.09895,-0.38430,0.28458,0.19261,0.17558,0.17558,0.30115,0.27662,0.27662
mom-nse-top10-6m-ma200,cost,2019-09-01,2024-09-01,0.10368,-0.38430,0.30504,0.19386,0.17674,0.17674,0.30252,0.27791,0.27791
mom-nse-top10-6m-ma200,cost,2019-10-01,2024-10-01,0.11998,-0.38486,0.37770,0.19193,0.17496,0.17496,0.29592,0.27172,0.27172
mom-nse-top10-6m-ma200,cost,2019-11-01,2024-11-01,0.09397,-0.38501,0.25750,0.16694,0.15200,0.15200,0.26574,0.24346,0.24346
mom-nse-top10-6m-ma200,cost,2019-12-01,2024-12-01,0.08404,-0.38400,0.21126,0.16218,0.14763,0.14763,0.25859,0.23678,0.23678
mom-nse-top10-6m-ma200,cost,2020-01-01,2025-01-01,0.07570,-0.38430,0.17249,0.15598,0.14197,0.14197,0.24390,0.22309,0.22309
mom-nse-top10-6m-ma200,cost,2020-02-01,2025-02-01,0.06509,-0.38433,0.12116,0.16380,0.14912,0.14912,0.21662,0.19777,0.19777
mom-nse-top10-6m-ma200,cost,2020-03-01,2025-03-01,0.09659,-0.38524,0.29597,0.15961,0.14529,0.14529,0.19321,0.17614,0.17614
mom-nse-top10-6m-ma200,cost,2020-04-01,2025-04-01,0.09648,-0.38524,0.29640,0.24335,0.22258,0.22258,0.26293,0.24083,0.24083
mom-nse-top10-6m-ma200,cost,2020-05-01,2025-05-01,0.09670,-0.38524,0.29640,0.21179,0.19329,0.19329,0.23579,0.21554,0.21554
mom-nse-top10-6m-ma200,cost,2020-06-01,2025-06-01,0.09659,-0.38524,0.29553,0.21702,0.19813,0.19813,0.24924,0.22807,0.22807
mom-nse-top10-6m-ma200,cost,2020-07-01,2025-07-01,0.09600,-0.38524,0.29266,0.21071,0.19229,0.19229,0.25087,0.22958,0.22958
mom-nse-top10-6m-ma200,cost,2020-08-01,2025-08-01,0.11636,-0.38375,0.40167,0.18700,0.17042,0.17042,0.21755,0.19862,0.19862
mom-nse-top10-6m-ma200,tax-dated,2008-02-01,2013-02-01,0.01115,-0.38748,-0.19105,0.03592,0.03592,0.03438,0.02342,0.02342,0.02342
mom-nse-top10-6m-ma200,tax-dated,2008-03-01,2013-03-01,0.08282,-0.15419,0.22315,0.02970,0.02970,0.02895,0.02703,0.02703,0.02662
mom-nse-top10-6m-ma200,tax-dated,2008-04-01,2013-04-01,0.08013,-0.15419,0.20441,0.04945,0.04945,0.04626,0.07055,0.07055,0.06492
mom-nse-top10-6m-ma200,tax-dated,2008-05-01,2013-05-01,0.03830,-0.28182,-0.06740,0.03953,0.03953,0.03755,0.05392,0.05392,0.05020
mom-nse-top10-6m-ma200,tax-dated,2008-06-01,2013-06-01,0.09078,-0.15419,0.27189,0.05429,0.05429,0.05052,0.07512,0.07512,0.06899
mom-nse-top10-6m-ma200,tax-dated,2008-07-01,2013-07-01,0.09001,-0.15419,0.26579,0.09942,0.09942,0.09072,0.14111,0.14111,0.12841
mom-nse-top10-6m-ma200,tax-dated,2008-08-01,2013-08-01,0.09559,-0.15419,0.30016,0.06611,0.06611,0.06098,0.09740,0.09740,0.08891
mom-nse-top10-6m-ma200,tax-dated,2008-09-01,2013-09-01,0.09168,-0.15419,0.27189,0.05936,0.05936,0.05500,0.09064,0.09064,0.08284
mom-nse-top10-6m-ma200,tax-dated,2008-10-01,2013-10-01,0.10118,-0.15419,0.32859,0.09178,0.09178,0.08387,0.13588,0.13588,0.12365
mom-nse-top10-6m-ma200,tax-dated,2008-11-01,2013-11-01,0.11169,-0.15419,0.38767,0.18313,0.18313,0.16685,0.22532,0.22532,0.20583
mom-nse-top10-6m-ma200,tax-dated,2008-12-01,2013-12-01,0.10842,-0.15419,0.36778,0.19549,0.19549,0.17824,0.22922,0.22922,0.20945
mom-nse-top10-6m-ma200,tax-dated,2009-01-01,2014-01-01,0.11506,-0.15419,0.40468,0.17089,0.17089,0.15561,0.20948,0.20948,0.19116
mom-nse-top10-6m-ma200,tax-dated,2009-02-01,2014-02-01,0.12332,-0.15419,0.44984,0.17517,0.17517,0.15955,0.21381,0.21381,0.19516
mom-nse-top10-6m-ma200,tax-dated,2009-03-01,2014-03-01,0.13652,-0.15419,0.52428,0.19168,0.19168,0.17472,0.22937,0.22937,0.20959
mom-nse-top10-6m-ma200,tax-dated,2009-04-01,2014-04-01,0.12569,-0.15419,0.46050,0.18381,0.18381,0.16748,0.21371,0.21371,0.19506
mom-nse-top10-6m-ma200,tax-dated,2009-05-01,2014-05-01,0.14125,-0.16012,0.50540,0.15333,0.15333,0.13955,0.20257,0.20257,0.18477
mom-nse-top10-6m-ma200,tax-dated,2009-06-01,2014-06-01,0.11659,-0.15174,0.39436,0.11085,0.11085,0.10101,0.17730,0.17730,0.16150
mom-nse-top10-6m-ma200,tax-dated,2009-07-01,2014-07-01,0.14840,-0.15419,0.57917,0.13287,0.13287,0.12092,0.19900,0.19900,0.18148
mom-nse-top10-6m-ma200,tax-dated,2009-08-01,2014-08-01,0.12884,-0.15406,0.47112,0.11721,0.11721,0.10674,0.17436,0.17436,0.15880
mom-nse-top10-6m-ma200,tax-dated,2009-09-01,2014-09-01,0.14779,-0.15151,0.59396,0.12994,0.12994,0.11827,0.19506,0.19506,0.17784
mom-nse-top10-6m-ma200,tax-dated,2009-10-01,2014-10-01,0.12755,-0.14949,0.48082,0.10646,0.10646,0.09705,0.18264,0.18264,0.16640
mom-nse-top10-6m-ma200,tax-dated,2009-11-01,2014-11-01,0.15341,-0.15156,0.62883,0.13380,0.13380,0.12177,0.20627,0.20627,0.18818
mom-nse-top10-6m-ma200,tax-dated,2009-12-01,2014-12-01,0.12456,-0.14847,0.47266,0.12120,0.12120,0.11035,0.19070,0.19070,0.17382
mom-nse-top10-6m-ma200,tax-dated,2010-01-01,2015-01-01,0.10438,-0.14818,0.35017,0.11054,0.11054,0.10072,0.18516,0.18516,0.16873
mom-nse-top10-6m-ma200,tax-dated,2010-02-01,2015-02-01,0.14280,-0.15030,0.59051,0.13777,0.13777,0.12537,0.21229,0.21229,0.19376
mom-nse-top10-6m-ma200,tax-dated,2010-03-01,2015-03-01,0.11843,-0.15530,0.44110,0.13907,0.13907,0.12655,0.21651,0.21651,0.19766
mom-nse-top10-6m-ma200,tax-dated,2010-04-01,2015-04-01,0.10691,-0.15499,0.36491,0.11502,0.11502,0.10476,0.20785,0.20785,0.18964
mom-nse-top10-6m-ma200,tax-dated,2010-05-01,2015-05-01,0.10677,-0.14871,0.36698,0.10475,0.10475,0.09551,0.19134,0.19134,0.17442
mom-nse-top10-6m-ma200,tax-dated,2010-06-01,2015-06-01,0.12509,-0.14810,0.49275,0.12480,0.12480,0.11361,0.21869,0.21869,0.19968
mom-nse-top10-6m-ma200,tax-dated,2010-07-01,2015-07-01,0.12560,-0.14810,0.49140,0.11287,0.11287,0.10283,0.21196,0.21196,0.19344
mom-nse-top10-6m-ma200,tax-dated,2010-08-01,2015-08-01,0.12701,-0.17271,0.49230,0.11037,0.11037,0.10057,0.21020,0.21020,0.19182
mom-nse-top10-6m-ma200,tax-dated,2010-09-01,2015-09-01,0.09973,-0.17474,0.32019,0.08597,0.08597,0.07867,0.17846,0.17846,0.16257
mom-nse-top10-6m-ma200,tax-dated,2010-10-01,2015-10-01,0.08420,-0.18050,0.22428,0.06548,0.06548,0.06042,0.16966,0.16966,0.15448
mom-nse-top10-6m-ma200,tax-dated,2010-11-01,2015-11-01,0.08474,-0.17573,0.22950,0.06942,0.06942,0.06392,0.15728,0.15728,0.14315
mom-nse-top10-6m-ma200,tax-dated,2010-12-01,2015-12-01,0.08475,-0.14668,0.23104,0.07206,0.07206,0.06627,0.15550,0.15550,0.14153
mom-nse-top10-6m-ma200,tax-dated,2011-01-01,2016-01-01,0.08612,-0.14650,0.23948,0.06603,0.06603,0.06091,0.16809,0.16809,0.15305
mom-nse-top10-6m-ma200,tax-dated,2011-02-01,2016-02-01,0.09744,-0.14674,0.32908,0.08148,0.08148,0.07466,0.18223,0.18223,0.16602
mom-nse-top10-6m-ma200,tax-dated,2011-03-01,2016-03-01,0.09738,-0.14674,0.32859,0.06761,0.06761,0.06231,0.16191,0.16191,0.14739
mom-nse-top10-6m-ma200,tax-dated,2011-04-01,2016-04-01,0.09356,-0.14689,0.29660,0.07054,0.07054,0.06492,0.16433,0.16433,0.14961
mom-nse-top10-6m-ma200,tax-dated,2011-05-01,2016-05-01,0.09678,-0.14674,0.32470,0.07708,0.07708,0.07074,0.16911,0.16911,0.15398
mom-nse-top10-6m-ma200,tax-dated,2011-06-01,2016-06-01,0.09661,-0.14674,0.32421,0.09211,0.09211,0.08416,0.17998,0.17998,0.16396
mom-nse-top10-6m-ma200,tax-dated,2011-07-01,2016-07-01,0.09614,-0.14674,0.32096,0.09468,0.09468,0.08647,0.18497,0.18497,0.16855
mom-nse-top10-6m-ma200,tax-dated,2011-08-01,2016-08-01,0.10792,-0.14674,0.40118,0.10716,0.10716,0.09768,0.20794,0.20794,0.18974
mom-nse-top10-6m-ma200,tax-dated,2011-09-01,2016-09-01,0.11386,-0.14674,0.43650,0.13264,0.13264,0.12071,0.23121,0.23121,0.21129
mom-nse-top10-6m-ma200,tax-dated,2011-10-01,2016-10-01,0.10983,-0.14674,0.40617,0.13102,0.13102,0.11924,0.23364,0.23364,0.21355
mom-nse-top10-6m-ma200,tax-dated,2011-11-01,2016-11-01,0.10969,-0.14674,0.40443,0.11765,0.11765,0.10714,0.22844,0.22844,0.20872
mom-nse-top10-6m-ma200,tax-dated,2011-12-01,2016-12-01,0.09548,-0.14835,0.30482,0.12024,0.12024,0.10948,0.22328,0.22328,0.20394
mom-nse-top10-6m-ma200,tax-dated,2012-01-01,2017-01-01,0.09250,-0.16068,0.28291,0.13479,0.13479,0.12266,0.23011,0.23011,0.21027
mom-nse-top10-6m-ma200,tax-dated,2012-02-01,2017-02-01,0.10471,-0.16039,0.35081,0.12078,0.12078,0.10997,0.24977,0.24977,0.22856
mom-nse-top10-6m-ma200,tax-dated,2012-03-01,2017-03-01,0.09525,-0.16016,0.29384,0.12244,0.12244,0.11148,0.24492,0.24492,0.22404
mom-nse-top10-6m-ma200,tax-dated,2012-04-01,2017-04-01,0.09070,-0.16022,0.26682,0.13020,0.13020,0.11850,0.24610,0.24610,0.22514
mom-nse-top10-6m-ma200,tax-dated,2012-05-01,2017-05-01,0.09384,-0.16039,0.28806,0.13543,0.13543,0.12325,0.25848,0.25848,0.23668
mom-nse-top10-6m-ma200,tax-dated,2012-06-01,2017-06-01,0.09299,-0.16068,0.28672,0.16115,0.16115,0.14670,0.27090,0.27090,0.24828
mom-nse-top10-6m-ma200,tax-dated,2012-07-01,2017-07-01,0.09309,-0.16068,0.28717,0.13879,0.13879,0.12631,0.25219,0.25219,0.23081
mom-nse-top10-6m-ma200,tax-dated,2012-08-01,2017-08-01,0.10267,-0.16030,0.35040,0.15452,0.15452,0.14064,0.26897,0.26897,0.24647
mom-nse-top10-6m-ma200,tax-dated,2012-09-01,2017-09-01,0.10313,-0.16033,0.35237,0.15048,0.15048,0.13695,0.27439,0.27439,0.25154
mom-nse-top10-6m-ma200,tax-dated,2012-10-01,2017-10-01,0.09334,-0.16035,0.28827,0.12709,0.12709,0.11568,0.25032,0.25032,0.22907
mom-nse-top10-6m-ma200,tax-dated,2012-11-01,2017-11-01,0.10092,-0.16021,0.33720,0.14469,0.14469,0.13167,0.26899,0.26899,0.24649
mom-nse-top10-6m-ma200,tax-dated,2012-12-01,2017-12-01,0.08923,-0.16029,0.26014,0.12840,0.12840,0.11687,0.24480,0.24480,0.22393
mom-nse-top10-6m-ma200,tax-dated,2013-01-01,2018-01-01,0.09759,-0.15989,0.31438,0.13251,0.13251,0.12060,0.25838,0.25838,0.23658
mom-nse-top10-6m-ma200,tax-dated,2013-02-01,2018-02-01,0.09615,-0.16063,0.30712,0.14308,0.14308,0.13021,0.26468,0.26468,0.24246
mom-nse-top10-6m-ma200,tax-dated,2013-03-01,2018-03-01,0.09148,-0.16042,0.27601,0.14232,0.14232,0.12951,0.26089,0.26089,0.23892
mom-nse-top10-6m-ma200,tax-dated,2013-04-01,2018-04-01,0.09305,-0.16037,0.28700,0.13557,0.13557,0.12338,0.25600,0.25600,0.23436
mom-nse-top10-6m-ma200,tax-dated,2013-05-01,2018-05-01,0.08619,-0.16042,0.24194,0.14039,0.14039,0.12776,0.26045,0.26045,0.23852
mom-nse-top10-6m-ma200,tax-dated,2013-06-01,2018-06-01,0.08774,-0.16059,0.25204,0.13701,0.13701,0.12468,0.24607,0.24607,0.22511
mom-nse-top10-6m-ma200,tax-dated,2013-07-01,2018-07-01,0.08993,-0.16007,0.26744,0.14080,0.14080,0.12813,0.24990,0.24990,0.22868
mom-nse-top10-6m-ma200,tax-dated,2013-08-01,2018-08-01,0.07356,-0.16044,0.16178,0.16077,0.16077,0.14635,0.26292,0.26266,0.24082
mom-nse-top10-6m-ma200,tax-dated,2013-09-01,2018-09-01,0.07756,-0.16044,0.18990,0.17846,0.17790,0.16256,0.29019,0.28860,0.26633
mom-nse-top10-6m-ma200,tax-dated,2013-10-01,2018-10-01,0.06315,-0.16044,0.08697,0.15170,0.15170,0.13806,0.25045,0.25045,0.22919
mom-nse-top10-6m-ma200,tax-dated,2013-11-01,2018-11-01,0.06180,-0.16038,0.07929,0.11865,0.11865,0.10804,0.21992,0.21992,0.20082
mom-nse-top10-6m-ma200,tax-dated,2013-12-01,2018-12-01,0.07562,-0.16009,0.17437,0.13388,0.13388,0.12185,0.23611,0.23611,0.21585
mom-nse-top10-6m-ma200,tax-dated,2014-01-01,2019-01-01,0.06710,-0.16044,0.11631,0.13007,0.13007,0.11839,0.22665,0.22665,0.20706
mom-nse-top10-6m-ma200,tax-dated,2014-02-01,2019-02-01,0.07758,-0.16000,0.18711,0.13747,0.13747,0.12510,0.23796,0.23796,0.21756
mom-nse-top10-6m-ma200,tax-dated,2014-03-01,2019-03-01,0.07044,-0.15998,0.13869,0.13018,0.13018,0.11848,0.22764,0.22764,0.20798
mom-nse-top10-6m-ma200,tax-dated,2014-04-01,2019-04-01,0.09288,-0.16011,0.29334,0.13094,0.13055,0.11917,0.23479,0.23418,0.21462
mom-nse-top10-6m-ma200,tax-dated,2014-05-01,2019-05-01,0.09259,-0.16005,0.29065,0.13329,0.13274,0.12131,0.23461,0.23348,0.21445
mom-nse-top10-6m-ma200,tax-dated,2014-06-01,2019-06-01,0.08518,-0.16023,0.23983,0.11935,0.11855,0.10868,0.21977,0.21903,0.20068
mom-nse-top10-6m-ma200,tax-dated,2014-07-01,2019-07-01,0.07508,-0.15986,0.17251,0.10598,0.10531,0.09661,0.19548,0.19488,0.17823
mom-nse-top10-6m-ma200,tax-dated,2014-08-01,2019-08-01,0.05613,-0.16003,0.04606,0.08985,0.08985,0.08214,0.17443,0.17443,0.15886
mom-nse-top10-6m-ma200,tax-dated,2014-09-01,2019-09-01,0.05341,-0.16037,0.02547,0.07909,0.07909,0.07253,0.15466,0.15466,0.14076
mom-nse-top10-6m-ma200,tax-dated,2014-10-01,2019-10-01,0.06312,-0.16043,0.09285,0.08775,0.08775,0.08026,0.16178,0.16178,0.14727
mom-nse-top10-6m-ma200,tax-dated,2014-11-01,2019-11-01,0.06715,-0.16022,0.11792,0.08786,0.08715,0.08036,0.15625,0.15613,0.14222
mom-nse-top10-6m-ma200,tax-dated,2014-12-01,2019-12-01,0.05555,-0.16011,0.04102,0.08482,0.08385,0.07764,0.14858,0.14820,0.13522
mom-nse-top10-6m-ma200,tax-dated,2015-01-01,2020-01-01,0.06381,-0.16040,0.09585,0.09410,0.09284,0.08594,0.15458,0.15373,0.14069
mom-nse-top10-6m-ma200,tax-dated,2015-02-01,2020-02-01,0.04840,-0.16044,-0.01086,0.07134,0.07114,0.06563,0.13652,0.13564,0.12424
mom-nse-top10-6m-ma200,tax-dated,2015-03-01,2020-03-01,0.04027,-0.16037,-0.06651,0.06049,0.06049,0.05601,0.13332,0.13260,0.12133
mom-nse-top10-6m-ma200,tax-dated,2015-04-01,2020-04-01,-0.02629,-0.39096,-0.39194,0.00513,0.00513,0.00513,0.07417,0.07417,0.06814
mom-nse-top10-6m-ma200,tax-dated,2015-05-01,2020-05-01,0.01821,-0.39076,-0.12776,0.05161,0.05161,0.04817,0.12195,0.12195,0.11103
mom-nse-top10-6m-ma200,tax-dated,2015-06-01,2020-06-01,0.00749,-0.39064,-0.18066,0.04456,0.04456,0.04195,0.10890,0.10890,0.09925
mom-nse-top10-6m-ma200,tax-dated,2015-07-01,2020-07-01,0.02440,-0.39110,-0.08850,0.05602,0.05602,0.05205,0.11517,0.11517,0.10490
mom-nse-top10-6m-ma200,tax-dated,2015-08-01,2020-08-01,0.01797,-0.39050,-0.12590,0.06667,0.06667,0.06148,0.11910,0.11818,0.10845
mom-nse-top10-6m-ma200,tax-dated,2015-09-01,2020-09-01,0.02976,-0.39070,-0.07144,0.09415,0.09397,0.08599,0.14390,0.14216,0.13095
mom-nse-top10-6m-ma200,tax-dated,2015-10-01,2020-10-01,0.02976,-0.39070,-0.07192,0.08855,0.08850,0.08097,0.13979,0.13762,0.12721
mom-nse-top10-6m-ma200,tax-dated,2015-11-01,2020-11-01,0.02981,-0.39070,-0.07192,0.08985,0.08934,0.08213,0.13774,0.13587,0.12535
mom-nse-top10-6m-ma200,tax-dated,2015-12-01,2020-12-01,0.02976,-0.39070,-0.07263,0.11915,0.11604,0.10849,0.15807,0.15486,0.14388
mom-nse-top10-6m-ma200,tax-dated,2016-01-01,2021-01-01,0.02931,-0.39070,-0.07506,0.13407,0.12958,0.12201,0.17356,0.16874,0.15806
mom-nse-top10-6m-ma200,tax-dated,2016-02-01,2021-02-01,0.02113,-0.39070,-0.11591,0.15030,0.14530,0.13678,0.18534,0.18061,0.16889
mom-nse-top10-6m-ma200,tax-dated,2016-03-01,2021-03-01,0.02420,-0.39070,-0.09659,0.16879,0.16300,0.15369,0.21366,0.20751,0.19502
mom-nse-top10-6m-ma200,tax-dated,2016-04-01,2021-04-01,0.03985,-0.39070,-0.01109,0.15484,0.14905,0.14093,0.21192,0.20483,0.19341
mom-nse-top10-6m-ma200,tax-dated,2016-05-01,2021-05-01,0.05882,-0.39070,0.08740,0.14721,0.14177,0.13397,0.22144,0.21306,0.20223
mom-nse-top10-6m-ma200,tax-dated,2016-06-01,2021-06-01,0.07103,-0.39103,0.14994,0.15209,0.14550,0.13842,0.22716,0.21791,0.20754
mom-nse-top10-6m-ma200,tax-dated,2016-07-01,2021-07-01,0.07638,-0.39070,0.17625,0.14918,0.14247,0.13576,0.22948,0.21958,0.20969
mom-nse-top10-6m-ma200,tax-dated,2016-08-01,2021-08-01,0.07823,-0.39105,0.18526,0.14201,0.13527,0.12923,0.21930,0.20877,0.20025
mom-nse-top10-6m-ma200,tax-dated,2016-09-01,2021-09-01,0.07090,-0.39083,0.15000,0.15663,0.14844,0.14256,0.22392,0.21280,0.20453
mom-nse-top10-6m-ma200,tax-dated,2016-10-01,2021-10-01,0.07515,-0.39079,0.16981,0.16709,0.15837,0.15213,0.22806,0.21664,0.20837
mom-nse-top10-6m-ma200,tax-dated,2016-11-01,2021-11-01,0.08946,-0.39096,0.23830,0.17194,0.16281,0.15658,0.23496,0.22274,0.21478
mom-nse-top10-6m-ma200,tax-dated,2016-12-01,2021-12-01,0.09117,-0.39091,0.24727,0.17392,0.16541,0.15839,0.24422,0.23222,0.22339
mom-nse-top10-6m-ma200,tax-dated,2017-01-01,2022-01-01,0.10031,-0.39119,0.28982,0.17675,0.16803,0.16099,0.25612,0.24359,0.23448
mom-nse-top10-6m-ma200,tax-dated,2017-02-01,2022-02-01,0.10821,-0.39055,0.32441,0.16503,0.15626,0.15025,0.21213,0.20066,0.19360
mom-nse-top10-6m-ma200,tax-dated,2017-03-01,2022-03-01,0.10858,-0.38969,0.32420,0.14866,0.14075,0.13529,0.19967,0.18888,0.18209
mom-nse-top10-6m-ma200,tax-dated,2017-04-01,2022-04-01,0.10772,-0.38957,0.31968,0.15423,0.14549,0.14037,0.20375,0.19213,0.18586
mom-nse-top10-6m-ma200,tax-dated,2017-05-01,2022-05-01,0.07539,-0.39013,0.17206,0.14357,0.13545,0.13065,0.17957,0.16895,0.16358
mom-nse-top10-6m-ma200,tax-dated,2017-06-01,2022-06-01,0.05749,-0.39028,0.09160,0.12885,0.12137,0.11728,0.16100,0.15184,0.14655
mom-nse-top10-6m-ma200,tax-dated,2017-07-01,2022-07-01,0.03948,-0.39119,0.01034,0.11999,0.11334,0.10925,0.14102,0.13353,0.12833
mom-nse-top10-6m-ma200,tax-dated,2017-08-01,2022-08-01,0.01895,-0.39164,-0.08578,0.12777,0.11954,0.11630,0.15103,0.14158,0.13745
mom-nse-top10-6m-ma200,tax-dated,2017-09-01,2022-09-01,0.02320,-0.39228,-0.06547,0.13377,0.12527,0.12174,0.15532,0.14495,0.14137
mom-nse-top10-6m-ma200,tax-dated,2017-10-01,2022-10-01,0.02841,-0.39169,-0.04222,0.13204,0.12394,0.12017,0.15366,0.14353,0.13985
mom-nse-top10-6m-ma200,tax-dated,2017-11-01,2022-11-01,0.01548,-0.39172,-0.10388,0.13102,0.12205,0.11924,0.15299,0.14208,0.13924
mom-nse-top10-6m-ma200,tax-dated,2017-12-01,2022-12-01,0.02108,-0.39282,-0.07728,0.14628,0.13661,0.13312,0.16101,0.15003,0.14657
mom-nse-top10-6m-ma200,tax-dated,2018-01-01,2023-01-01,0.01281,-0.39436,-0.11754,0.13060,0.12168,0.11887,0.13565,0.12560,0.12345
mom-nse-top10-6m-ma200,tax-dated,2018-02-01,2023-02-01,0.00413,-0.37965,-0.16747,0.11224,0.10393,0.10225,0.12006,0.11116,0.10932
mom-nse-top10-6m-ma200,tax-dated,2018-03-01,2023-03-01,0.01788,-0.38943,-0.10089,0.12158,0.11257,0.11070,0.13079,0.12109,0.11903
mom-nse-top10-6m-ma200,tax-dated,2018-04-01,2023-04-01,0.02141,-0.39769,-0.08232,0.12753,0.11807,0.11608,0.13400,0.12407,0.12195
mom-nse-top10-6m-ma200,tax-dated,2018-05-01,2023-05-01,0.02056,-0.39736,-0.08385,0.12307,0.11394,0.11204,0.12873,0.11919,0.11717
mom-nse-top10-6m-ma200,tax-dated,2018-06-01,2023-06-01,0.02639,-0.39654,-0.05624,0.12930,0.11972,0.11769,0.14893,0.13796,0.13554
mom-nse-top10-6m-ma200,tax-dated,2018-07-01,2023-07-01,0.02933,-0.39681,-0.04273,0.13722,0.12706,0.12487,0.15801,0.14641,0.14382
mom-nse-top10-6m-ma200,tax-dated,2018-08-01,2023-08-01,0.03222,-0.39648,-0.02875,0.13027,0.12061,0.11856,0.15718,0.14564,0.14306
mom-nse-top10-6m-ma200,tax-dated,2018-09-01,2023-09-01,0.02470,-0.39500,-0.06401,0.12049,0.11155,0.10970,0.14800,0.13709,0.13469
mom-nse-top10-6m-ma200,tax-dated,2018-10-01,2023-10-01,0.03011,-0.39388,-0.03845,0.13610,0.12603,0.12386,0.17581,0.16305,0.16013
mom-nse-top10-6m-ma200,tax-dated,2018-11-01,2023-11-01,0.03920,-0.39657,0.00004,0.14179,0.13132,0.12904,0.18193,0.16878,0.16575
mom-nse-top10-6m-ma200,tax-dated,2018-12-01,2023-12-01,0.05485,-0.39691,0.07590,0.14615,0.13537,0.13300,0.20341,0.18895,0.18555
mom-nse-top10-6m-ma200,tax-dated,2019-01-01,2024-01-01,0.07346,-0.39657,0.16335,0.16150,0.14968,0.14702,0.22122,0.20571,0.20202
mom-nse-top10-6m-ma200,tax-dated,2019-02-01,2024-02-01,0.06260,-0.38917,0.11233,0.16137,0.14955,0.14690,0.22469,0.20899,0.20524
mom-nse-top10-6m-ma200,tax-dated,2019-03-01,2024-03-01,0.07992,-0.39159,0.19337,0.16870,0.15640,0.15361,0.24141,0.22478,0.22078
mom-nse-top10-6m-ma200,tax-dated,2019-04-01,2024-04-01,0.08057,-0.39182,0.19652,0.15319,0.14192,0.13942,0.23600,0.21967,0.21574
mom-nse-top10-6m-ma200,tax-dated,2019-05-01,2024-05-01,0.07320,-0.38953,0.16181,0.15309,0.14184,0.13934,0.24122,0.22460,0.22060
mom-nse-top10-6m-ma200,tax-dated,2019-06-01,2024-06-01,0.06665,-0.38812,0.13116,0.14946,0.13845,0.13601,0.25655,0.23911,0.23488
mom-nse-top10-6m-ma200,tax-dated,2019-07-01,2024-07-01,0.07560,-0.38766,0.17364,0.16648,0.15432,0.15157,0.26814,0.25011,0.24570
mom-nse-top10-6m-ma200,tax-dated,2019-08-01,2024-08-01,0.09180,-0.38710,0.25043,0.19261,0.17558,0.17558,0.30115,0.27662,0.27662
mom-nse-top10-6m-ma200,tax-dated,2019-09-01,2024-09-01,0.09595,-0.38710,0.26862,0.19386,0.17674,0.17674,0.30252,0.27791,0.27791
mom-nse-top10-6m-ma200,tax-dated,2019-10-01,2024-10-01,0.10952,-0.39015,0.32954,0.19193,0.17496,0.17496,0.29592,0.27172,0.27172
mom-nse-top10-6m-ma200,tax-dated,2019-11-01,2024-11-01,0.08718,-0.38936,0.22594,0.16694,0.15200,0.15200,0.26574,0.24346,0.24346
mom-nse-top10-6m-ma200,tax-dated,2019-12-01,2024-12-01,0.07934,-0.38724,0.18937,0.16218,0.14763,0.14763,0.25859,0.23678,0.23678
mom-nse-top10-6m-ma200,tax-dated,2020-01-01,2025-01-01,0.07321,-0.38710,0.16081,0.15598,0.14197,0.14197,0.24390,0.22309,0.22309
mom-nse-top10-6m-ma200,tax-dated,2020-02-01,2025-02-01,0.06268,-0.38726,0.10963,0.16380,0.14912,0.14912,0.21662,0.19777,0.19777
mom-nse-top10-6m-ma200,tax-dated,2020-03-01,2025-03-01,0.09135,-0.39613,0.26405,0.15961,0.14529,0.14529,0.19321,0.17614,0.17614
mom-nse-top10-6m-ma200,tax-dated,2020-04-01,2025-04-01,0.08761,-0.39613,0.24235,0.24335,0.22258,0.22258,0.26293,0.24083,0.24083
mom-nse-top10-6m-ma200,tax-dated,2020-05-01,2025-05-01,0.08781,-0.39613,0.24235,0.21179,0.19329,0.19329,0.23579,0.21554,0.21554
mom-nse-top10-6m-ma200,tax-dated,2020-06-01,2025-06-01,0.08771,-0.39613,0.24152,0.21702,0.19813,0.19813,0.24924,0.22807,0.22807
mom-nse-top10-6m-ma200,tax-dated,2020-07-01,2025-07-01,0.08714,-0.39613,0.23867,0.21071,0.19229,0.19229,0.25087,0.22958,0.22958
mom-nse-top10-6m-ma200,tax-dated,2020-08-01,2025-08-01,0.10220,-0.40050,0.32025,0.18700,0.17042,0.17042,0.21755,0.19862,0.19862
mom-nse-top10-6m-ma200,tax-today,2008-02-01,2013-02-01,0.00798,-0.38845,-0.20927,0.03592,0.03592,0.03438,0.02342,0.02342,0.02342
mom-nse-top10-6m-ma200,tax-today,2008-03-01,2013-03-01,0.07860,-0.16238,0.19401,0.02970,0.02970,0.02895,0.02703,0.02703,0.02662
mom-nse-top10-6m-ma200,tax-today,2008-04-01,2013-04-01,0.07447,-0.16238,0.16587,0.04945,0.04945,0.04626,0.07055,0.07055,0.06492
mom-nse-top10-6m-ma200,tax-today,2008-05-01,2013-05-01,0.03346,-0.28205,-0.09849,0.03953,0.03953,0.03755,0.05392,0.05392,0.05020
mom-nse-top10-6m-ma200,tax-today,2008-06-01,2013-06-01,0.08465,-0.16238,0.23104,0.05429,0.05429,0.05052,0.07512,0.07512,0.06899
mom-nse-top10-6m-ma200,tax-today,2008-07-01,2013-07-01,0.08406,-0.16238,0.22670,0.09942,0.09942,0.09072,0.14111,0.14111,0.12841
mom-nse-top10-6m-ma200,tax-today,2008-08-01,2013-08-01,0.08934,-0.16238,0.25947,0.06611,0.06611,0.06098,0.09740,0.09740,0.08891
mom-nse-top10-6m-ma200,tax-today,2008-09-01,2013-09-01,0.08567,-0.16238,0.23386,0.05936,0.05936,0.05500,0.09064,0.09064,0.08284
mom-nse-top10-6m-ma200,tax-today,2008-10-01,2013-10-01,0.09460,-0.16238,0.28753,0.09178,0.09178,0.08387,0.13588,0.13588,0.12365
mom-nse-top10-6m-ma200,tax-today,2008-11-01,2013-11-01,0.10451,-0.16238,0.34329,0.18313,0.18313,0.16685,0.22532,0.22532,0.20583
mom-nse-top10-6m-ma200,tax-today,2008-12-01,2013-12-01,0.10143,-0.16238,0.32487,0.19549,0.19549,0.17824,0.22922,0.22922,0.20945
mom-nse-top10-6m-ma200,tax-today,2009-01-01,2014-01-01,0.10758,-0.16238,0.35903,0.17089,0.17089,0.15561,0.20948,0.20948,0.19116
mom-nse-top10-6m-ma200,tax-today,2009-02-01,2014-02-01,0.11579,-0.16238,0.40435,0.17517,0.17517,0.15955,0.21381,0.21381,0.19516
mom-nse-top10-6m-ma200,tax-today,2009-03-01,2014-03-01,0.12799,-0.16238,0.47321,0.19168,0.19168,0.17472,0.22937,0.22937,0.20959
mom-nse-top10-6m-ma200,tax-today,2009-04-01,2014-04-01,0.11736,-0.16238,0.41098,0.18381,0.18381,0.16748,0.21371,0.21371,0.19506
mom-nse-top10-6m-ma200,tax-today,2009-05-01,2014-05-01,0.13255,-0.17000,0.45954,0.15333,0.15333,0.13955,0.20257,0.20257,0.18477
mom-nse-top10-6m-ma200,tax-today,2009-06-01,2014-06-01,0.10929,-0.15306,0.35382,0.11085,0.11085,0.10101,0.17730,0.17730,0.16150
mom-nse-top10-6m-ma200,tax-today,2009-07-01,2014-07-01,0.14045,-0.16238,0.53299,0.13287,0.13287,0.12092,0.19900,0.19900,0.18148
mom-nse-top10-6m-ma200,tax-today,2009-08-01,2014-08-01,0.12211,-0.16002,0.43249,0.11721,0.11721,0.10674,0.17436,0.17436,0.15880
mom-nse-top10-6m-ma200,tax-today,2009-09-01,2014-09-01,0.13972,-0.15374,0.54666,0.12994,0.12994,0.11827,0.19506,0.19506,0.17784
mom-nse-top10-6m-ma200,tax-today,2009-10-01,2014-10-01,0.12120,-0.14954,0.44248,0.10646,0.10646,0.09705,0.18264,0.18264,0.16640
mom-nse-top10-6m-ma200,tax-today,2009-11-01,2014-11-01,0.14524,-0.15942,0.58037,0.13380,0.13380,0.12177,0.20627,0.20627,0.18818
mom-nse-top10-6m-ma200,tax-today,2009-12-01,2014-12-01,0.11843,-0.14850,0.43427,0.12120,0.12120,0.11035,0.19070,0.19070,0.17382
mom-nse-top10-6m-ma200,tax-today,2010-01-01,2015-01-01,0.10032,-0.14817,0.32457,0.11054,0.11054,0.10072,0.18516,0.18516,0.16873
mom-nse-top10-6m-ma200,tax-today,2010-02-01,2015-02-01,0.13676,-0.15249,0.55119,0.13777,0.13777,0.12537,0.21229,0.21229,0.19376
mom-nse-top10-6m-ma200,tax-today,2010-03-01,2015-03-01,0.11337,-0.15530,0.40874,0.13907,0.13907,0.12655,0.21651,0.21651,0.19766
mom-nse-top10-6m-ma200,tax-today,2010-04-01,2015-04-01,0.09857,-0.15499,0.31210,0.11502,0.11502,0.10476,0.20785,0.20785,0.18964
mom-nse-top10-6m-ma200,tax-today,2010-05-01,2015-05-01,0.09842,-0.14871,0.31402,0.10475,0.10475,0.09551,0.19134,0.19134,0.17442
mom-nse-top10-6m-ma200,tax-today,2010-06-01,2015-06-01,0.11556,-0.14810,0.42985,0.12480,0.12480,0.11361,0.21869,0.21869,0.19968
mom-nse-top10-6m-ma200,tax-today,2010-07-01,2015-07-01,0.11606,-0.14873,0.42941,0.11287,0.11287,0.10283,0.21196,0.21196,0.19344
mom-nse-top10-6m-ma200,tax-today,2010-08-01,2015-08-01,0.11831,-0.17271,0.43713,0.11037,0.11037,0.10057,0.21020,0.21020,0.19182
mom-nse-top10-6m-ma200,tax-today,2010-09-01,2015-09-01,0.09279,-0.17474,0.27667,0.08597,0.08597,0.07867,0.17846,0.17846,0.16257
mom-nse-top10-6m-ma200,tax-today,2010-10-01,2015-10-01,0.07946,-0.18050,0.19490,0.06548,0.06548,0.06042,0.16966,0.16966,0.15448
mom-nse-top10-6m-ma200,tax-today,2010-11-01,2015-11-01,0.07937,-0.17573,0.19549,0.06942,0.06942,0.06392,0.15728,0.15728,0.14315
mom-nse-top10-6m-ma200,tax-today,2010-12-01,2015-12-01,0.07937,-0.16037,0.19670,0.07206,0.07206,0.06627,0.15550,0.15550,0.14153
mom-nse-top10-6m-ma200,tax-today,2011-01-01,2016-01-01,0.08104,-0.16028,0.20689,0.06603,0.06603,0.06091,0.16809,0.16809,0.15305
mom-nse-top10-6m-ma200,tax-today,2011-02-01,2016-02-01,0.09200,-0.16116,0.28991,0.08148,0.08148,0.07466,0.18223,0.18223,0.16602
mom-nse-top10-6m-ma200,tax-today,2011-03-01,2016-03-01,0.09195,-0.16116,0.28943,0.06761,0.06761,0.06231,0.16191,0.16191,0.14739
mom-nse-top10-6m-ma200,tax-today,2011-04-01,2016-04-01,0.08716,-0.16051,0.25282,0.07054,0.07054,0.06492,0.16433,0.16433,0.14961
mom-nse-top10-6m-ma200,tax-today,2011-05-01,2016-05-01,0.09039,-0.16116,0.27895,0.07708,0.07708,0.07074,0.16911,0.16911,0.15398
mom-nse-top10-6m-ma200,tax-today,2011-06-01,2016-06-01,0.09023,-0.16116,0.27847,0.09211,0.09211,0.08416,0.17998,0.17998,0.16396
mom-nse-top10-6m-ma200,tax-today,2011-07-01,2016-07-01,0.08977,-0.16116,0.27527,0.09468,0.09468,0.08647,0.18497,0.18497,0.16855
mom-nse-top10-6m-ma200,tax-today,2011-08-01,2016-08-01,0.10073,-0.16116,0.34994,0.10716,0.10716,0.09768,0.20794,0.20794,0.18974
mom-nse-top10-6m-ma200,tax-today,2011-09-01,2016-09-01,0.10628,-0.16116,0.38321,0.13264,0.13264,0.12071,0.23121,0.23121,0.21129
mom-nse-top10-6m-ma200,tax-today,2011-10-01,2016-10-01,0.10256,-0.16116,0.35590,0.13102,0.13102,0.11924,0.23364,0.23364,0.21355
mom-nse-top10-6m-ma200,tax-today,2011-11-01,2016-11-01,0.10243,-0.16116,0.35445,0.11765,0.11765,0.10714,0.22844,0.22844,0.20872
mom-nse-top10-6m-ma200,tax-today,2011-12-01,2016-12-01,0.08911,-0.16116,0.26242,0.12024,0.12024,0.10948,0.22328,0.22328,0.20394
mom-nse-top10-6m-ma200,tax-today,2012-01-01,2017-01-01,0.08616,-0.16116,0.24133,0.13479,0.13479,0.12266,0.23011,0.23011,0.21027
mom-nse-top10-6m-ma200,tax-today,2012-02-01,2017-02-01,0.09786,-0.16124,0.30782,0.12078,0.12078,0.10997,0.24977,0.24977,0.22856
mom-nse-top10-6m-ma200,tax-today,2012-03-01,2017-03-01,0.08890,-0.16056,0.25420,0.12244,0.12244,0.11148,0.24492,0.24492,0.22404
mom-nse-top10-6m-ma200,tax-today,2012-04-01,2017-04-01,0.08462,-0.16040,0.22842,0.13020,0.13020,0.11850,0.24610,0.24610,0.22514
mom-nse-top10-6m-ma200,tax-today,2012-05-01,2017-05-01,0.08628,-0.16218,0.23972,0.13543,0.13543,0.12325,0.25848,0.25848,0.23668
mom-nse-top10-6m-ma200,tax-today,2012-06-01,2017-06-01,0.08638,-0.16116,0.24336,0.16115,0.16115,0.14670,0.27090,0.27090,0.24828
mom-nse-top10-6m-ma200,tax-today,2012-07-01,2017-07-01,0.08648,-0.16116,0.24379,0.13879,0.13879,0.12631,0.25219,0.25219,0.23081
mom-nse-top10-6m-ma200,tax-today,2012-08-01,2017-08-01,0.09626,-0.16148,0.30807,0.15452,0.15452,0.14064,0.26897,0.26897,0.24647
mom-nse-top10-6m-ma200,tax-today,2012-09-01,2017-09-01,0.09650,-0.16394,0.30872,0.15048,0.15048,0.13695,0.27439,0.27439,0.25154
mom-nse-top10-6m-ma200,tax-today,2012-10-01,2017-10-01,0.08749,-0.16134,0.25000,0.12709,0.12709,0.11568,0.25032,0.25032,0.22907
mom-nse-top10-6m-ma200,tax-today,2012-11-01,2017-11-01,0.09488,-0.16008,0.29765,0.14469,0.14469,0.13167,0.26899,0.26899,0.24649
mom-nse-top10-6m-ma200,tax-today,2012-12-01,2017-12-01,0.08404,-0.16016,0.22632,0.12840,0.12840,0.11687,0.24480,0.24480,0.22393
mom-nse-top10-6m-ma200,tax-today,2013-01-01,2018-01-01,0.09152,-0.16067,0.27473,0.13251,0.13251,0.12060,0.25838,0.25838,0.23658
mom-nse-top10-6m-ma200,tax-today,2013-02-01,2018-02-01,0.09022,-0.16064,0.26807,0.14308,0.14308,0.13021,0.26468,0.26468,0.24246
mom-nse-top10-6m-ma200,tax-today,2013-03-01,2018-03-01,0.08531,-0.16008,0.23585,0.14232,0.14232,0.12951,0.26089,0.26089,0.23892
mom-nse-top10-6m-ma200,tax-today,2013-04-01,2018-04-01,0.08599,-0.16072,0.24049,0.13557,0.13557,0.12338,0.25600,0.25600,0.23436
mom-nse-top10-6m-ma200,tax-today,2013-05-01,2018-05-01,0.08015,-0.16053,0.20236,0.14039,0.14039,0.12776,0.26045,0.26045,0.23852
mom-nse-top10-6m-ma200,tax-today,2013-06-01,2018-06-01,0.08160,-0.16041,0.21168,0.13701,0.13701,0.12468,0.24607,0.24607,0.22511
mom-nse-top10-6m-ma200,tax-today,2013-07-01,2018-07-01,0.08442,-0.16057,0.23089,0.14080,0.14080,0.12813,0.24990,0.24990,0.22868
mom-nse-top10-6m-ma200,tax-today,2013-08-01,2018-08-01,0.06957,-0.16020,0.13271,0.16077,0.16077,0.14635,0.26292,0.26266,0.24082
mom-nse-top10-6m-ma200,tax-today,2013-09-01,2018-09-01,0.07328,-0.16020,0.15901,0.17846,0.17790,0.16256,0.29019,0.28860,0.26633
mom-nse-top10-6m-ma200,tax-today,2013-10-01,2018-10-01,0.05960,-0.16020,0.06131,0.15170,0.15170,0.13806,0.25045,0.25045,0.22919
mom-nse-top10-6m-ma200,tax-today,2013-11-01,2018-11-01,0.05819,-0.16003,0.05416,0.11865,0.11865,0.10804,0.21992,0.21992,0.20082
mom-nse-top10-6m-ma200,tax-today,2013-12-01,2018-12-01,0.07182,-0.16015,0.14821,0.13388,0.13388,0.12185,0.23611,0.23611,0.21585
mom-nse-top10-6m-ma200,tax-today,2014-01-01,2019-01-01,0.06270,-0.16020,0.08589,0.13007,0.13007,0.11839,0.22665,0.22665,0.20706
mom-nse-top10-6m-ma200,tax-today,2014-02-01,2019-02-01,0.07201,-0.16047,0.14934,0.13747,0.13747,0.12510,0.23796,0.23796,0.21756
mom-nse-top10-6m-ma200,tax-today,2014-03-01,2019-03-01,0.06558,-0.16005,0.10512,0.13018,0.13018,0.11848,0.22764,0.22764,0.20798
mom-nse-top10-6m-ma200,tax-today,2014-04-01,2019-04-01,0.08671,-0.16036,0.25113,0.13094,0.13055,0.11917,0.23479,0.23418,0.21462
mom-nse-top10-6m-ma200,tax-today,2014-05-01,2019-05-01,0.08639,-0.16004,0.24828,0.13329,0.13274,0.12131,0.23461,0.23348,0.21445
mom-nse-top10-6m-ma200,tax-today,2014-06-01,2019-06-01,0.07991,-0.15987,0.20401,0.11935,0.11855,0.10868,0.21977,0.21903,0.20068
mom-nse-top10-6m-ma200,tax-today,2014-07-01,2019-07-01,0.07157,-0.16038,0.14824,0.10598,0.10531,0.09661,0.19548,0.19488,0.17823
mom-nse-top10-6m-ma200,tax-today,2014-08-01,2019-08-01,0.05349,-0.16033,0.02856,0.08985,0.08985,0.08214,0.17443,0.17443,0.15886
mom-nse-top10-6m-ma200,tax-today,2014-09-01,2019-09-01,0.05133,-0.16045,0.01149,0.07909,0.07909,0.07253,0.15466,0.15466,0.14076
mom-nse-top10-6m-ma200,tax-today,2014-10-01,2019-10-01,0.06104,-0.16035,0.07908,0.08775,0.08775,0.08026,0.16178,0.16178,0.14727
mom-nse-top10-6m-ma200,tax-today,2014-11-01,2019-11-01,0.06373,-0.16045,0.09555,0.08786,0.08715,0.08036,0.15625,0.15613,0.14222
mom-nse-top10-6m-ma200,tax-today,2014-12-01,2019-12-01,0.05230,-0.16023,0.01961,0.08482,0.08385,0.07764,0.14858,0.14820,0.13522
mom-nse-top10-6m-ma200,tax-today,2015-01-01,2020-01-01,0.06101,-0.16027,0.07735,0.09410,0.09284,0.08594,0.15458,0.15373,0.14069
mom-nse-top10-6m-ma200,tax-today,2015-02-01,2020-02-01,0.04619,-0.16034,-0.02598,0.07134,0.07114,0.06563,0.13652,0.13564,0.12424
mom-nse-top10-6m-ma200,tax-today,2015-03-01,2020-03-01,0.03794,-0.16041,-0.08229,0.06049,0.06049,0.05601,0.13332,0.13260,0.12133
mom-nse-top10-6m-ma200,tax-today,2015-04-01,2020-04-01,-0.02874,-0.39103,-0.40573,0.00513,0.00513,0.00513,0.07417,0.07417,0.06814
mom-nse-top10-6m-ma200,tax-today,2015-05-01,2020-05-01,0.01570,-0.39094,-0.14078,0.05161,0.05161,0.04817,0.12195,0.12195,0.11103
mom-nse-top10-6m-ma200,tax-today,2015-06-01,2020-06-01,0.00470,-0.39142,-0.19468,0.04456,0.04456,0.04195,0.10890,0.10890,0.09925
mom-nse-top10-6m-ma200,tax-today,2015-07-01,2020-07-01,0.02215,-0.39135,-0.09982,0.05602,0.05602,0.05205,0.11517,0.11517,0.10490
mom-nse-top10-6m-ma200,tax-today,2015-08-01,2020-08-01,0.01572,-0.39110,-0.13708,0.06667,0.06667,0.06148,0.11910,0.11818,0.10845
mom-nse-top10-6m-ma200,tax-today,2015-09-01,2020-09-01,0.02772,-0.39107,-0.08199,0.09415,0.09397,0.08599,0.14390,0.14216,0.13095
mom-nse-top10-6m-ma200,tax-today,2015-10-01,2020-10-01,0.02772,-0.39107,-0.08245,0.08855,0.08850,0.08097,0.13979,0.13762,0.12721
mom-nse-top10-6m-ma200,tax-today,2015-11-01,2020-11-01,0.02777,-0.39107,-0.08245,0.08985,0.08934,0.08213,0.13774,0.13587,0.12535
mom-nse-top10-6m-ma200,tax-today,2015-12-01,2020-12-01,0.02772,-0.39107,-0.08315,0.11915,0.11604,0.10849,0.15807,0.15486,0.14388
mom-nse-top10-6m-ma200,tax-today,2016-01-01,2021-01-01,0.02728,-0.39107,-0.08558,0.13407,0.12958,0.12201,0.17356,0.16874,0.15806
mom-nse-top10-6m-ma200,tax-today,2016-02-01,2021-02-01,0.01907,-0.39107,-0.12645,0.15030,0.14530,0.13678,0.18534,0.18061,0.16889
mom-nse-top10-6m-ma200,tax-today,2016-03-01,2021-03-01,0.02213,-0.39107,-0.10709,0.16879,0.16300,0.15369,0.21366,0.20751,0.19502
mom-nse-top10-6m-ma200,tax-today,2016-04-01,2021-04-01,0.03714,-0.39107,-0.02483,0.15484,0.14905,0.14093,0.21192,0.20483,0.19341
mom-nse-top10-6m-ma200,tax-today,2016-05-01,2021-05-01,0.05502,-0.39107,0.06856,0.14721,0.14177,0.13397,0.22144,0.21306,0.20223
mom-nse-top10-6m-ma200,tax-today,2016-06-01,2021-06-01,0.06675,-0.39115,0.12896,0.15209,0.14550,0.13842,0.22716,0.21791,0.20754
mom-nse-top10-6m-ma200,tax-today,2016-07-01,2021-07-01,0.07232,-0.39107,0.15635,0.14918,0.14247,0.13576,0.22948,0.21958,0.20969
mom-nse-top10-6m-ma200,tax-today,2016-08-01,2021-08-01,0.07388,-0.39105,0.16456,0.14201,0.13527,0.12923,0.21930,0.20877,0.20025
mom-nse-top10-6m-ma200,tax-today,2016-09-01,2021-09-01,0.06643,-0.39077,0.12843,0.15663,0.14844,0.14256,0.22392,0.21280,0.20453
mom-nse-top10-6m-ma200,tax-today,2016-10-01,2021-10-01,0.07098,-0.39097,0.14967,0.16709,0.15837,0.15213,0.22806,0.21664,0.20837
mom-nse-top10-6m-ma200,tax-today,2016-11-01,2021-11-01,0.08442,-0.39072,0.21427,0.17194,0.16281,0.15658,0.23496,0.22274,0.21478
mom-nse-top10-6m-ma200,tax-today,2016-12-01,2021-12-01,0.08670,-0.39122,0.22572,0.17392,0.16541,0.15839,0.24422,0.23222,0.22339
mom-nse-top10-6m-ma200,tax-today,2017-01-01,2022-01-01,0.09550,-0.39120,0.26689,0.17675,0.16803,0.16099,0.25612,0.24359,0.23448
mom-nse-top10-6m-ma200,tax-today,2017-02-01,2022-02-01,0.10469,-0.39073,0.30797,0.16503,0.15626,0.15025,0.21213,0.20066,0.19360
mom-nse-top10-6m-ma200,tax-today,2017-03-01,2022-03-01,0.10555,-0.38986,0.31025,0.14866,0.14075,0.13529,0.19967,0.18888,0.18209
mom-nse-top10-6m-ma200,tax-today,2017-04-01,2022-04-01,0.10461,-0.38993,0.30537,0.15423,0.14549,0.14037,0.20375,0.19213,0.18586
mom-nse-top10-6m-ma200,tax-today,2017-05-01,2022-05-01,0.07306,-0.39040,0.16137,0.14357,0.13545,0.13065,0.17957,0.16895,0.16358
mom-nse-top10-6m-ma200,tax-today,2017-06-01,2022-06-01,0.05525,-0.39040,0.08143,0.12885,0.12137,0.11728,0.16100,0.15184,0.14655
mom-nse-top10-6m-ma200,tax-today,2017-07-01,2022-07-01,0.03731,-0.39120,0.00052,0.11999,0.11334,0.10925,0.14102,0.13353,0.12833
mom-nse-top10-6m-ma200,tax-today,2017-08-01,2022-08-01,0.01732,-0.39163,-0.09314,0.12777,0.11954,0.11630,0.15103,0.14158,0.13745
mom-nse-top10-6m-ma200,tax-today,2017-09-01,2022-09-01,0.02167,-0.39239,-0.07236,0.13377,0.12527,0.12174,0.15532,0.14495,0.14137
mom-nse-top10-6m-ma200,tax-today,2017-10-01,2022-10-01,0.02674,-0.39220,-0.04943,0.13204,0.12394,0.12017,0.15366,0.14353,0.13985
mom-nse-top10-6m-ma200,tax-today,2017-11-01,2022-11-01,0.01376,-0.39211,-0.11147,0.13102,0.12205,0.11924,0.15299,0.14208,0.13924
mom-nse-top10-6m-ma200,tax-today,2017-12-01,2022-12-01,0.01963,-0.39296,-0.08377,0.14628,0.13661,0.13312,0.16101,0.15003,0.14657
mom-nse-top10-6m-ma200,tax-today,2018-01-01,2023-01-01,0.01107,-0.39461,-0.12509,0.13060,0.12168,0.11887,0.13565,0.12560,0.12345
mom-nse-top10-6m-ma200,tax-today,2018-02-01,2023-02-01,0.00263,-0.37977,-0.17448,0.11224,0.10393,0.10225,0.12006,0.11116,0.10932
mom-nse-top10-6m-ma200,tax-today,2018-03-01,2023-03-01,0.01564,-0.39116,-0.11124,0.12158,0.11257,0.11070,0.13079,0.12109,0.11903
mom-nse-top10-6m-ma200,tax-today,2018-04-01,2023-04-01,0.01924,-0.39862,-0.09200,0.12753,0.11807,0.11608,0.13400,0.12407,0.12195
mom-nse-top10-6m-ma200,tax-today,2018-05-01,2023-05-01,0.01867,-0.39900,-0.09248,0.12307,0.11394,0.11204,0.12873,0.11919,0.11717
mom-nse-top10-6m-ma200,tax-today,2018-06-01,2023-06-01,0.02459,-0.39836,-0.06424,0.12930,0.11972,0.11769,0.14893,0.13796,0.13554
mom-nse-top10-6m-ma200,tax-today,2018-07-01,2023-07-01,0.02815,-0.39715,-0.04819,0.13722,0.12706,0.12487,0.15801,0.14641,0.14382
mom-nse-top10-6m-ma200,tax-today,2018-08-01,2023-08-01,0.03081,-0.39811,-0.03500,0.13027,0.12061,0.11856,0.15718,0.14564,0.14306
mom-nse-top10-6m-ma200,tax-today,2018-09-01,2023-09-01,0.02386,-0.39504,-0.06782,0.12049,0.11155,0.10970,0.14800,0.13709,0.13469
mom-nse-top10-6m-ma200,tax-today,2018-10-01,2023-10-01,0.02940,-0.39424,-0.04150,0.13610,0.12603,0.12386,0.17581,0.16305,0.16013
mom-nse-top10-6m-ma200,tax-today,2018-11-01,2023-11-01,0.03806,-0.39786,-0.00511,0.14179,0.13132,0.12904,0.18193,0.16878,0.16575
mom-nse-top10-6m-ma200,tax-today,2018-12-01,2023-12-01,0.05336,-0.39825,0.06909,0.14615,0.13537,0.13300,0.20341,0.18895,0.18555
mom-nse-top10-6m-ma200,tax-today,2019-01-01,2024-01-01,0.07071,-0.39786,0.15068,0.16150,0.14968,0.14702,0.22122,0.20571,0.20202
mom-nse-top10-6m-ma200,tax-today,2019-02-01,2024-02-01,0.06198,-0.38760,0.10951,0.16137,0.14955,0.14690,0.22469,0.20899,0.20524
mom-nse-top10-6m-ma200,tax-today,2019-03-01,2024-03-01,0.07867,-0.39065,0.18754,0.16870,0.15640,0.15361,0.24141,0.22478,0.22078
mom-nse-top10-6m-ma200,tax-today,2019-04-01,2024-04-01,0.07903,-0.39211,0.18949,0.15319,0.14192,0.13942,0.23600,0.21967,0.21574
mom-nse-top10-6m-ma200,tax-today,2019-05-01,2024-05-01,0.07210,-0.38715,0.15675,0.15309,0.14184,0.13934,0.24122,0.22460,0.22060
mom-nse-top10-6m-ma200,tax-today,2019-06-01,2024-06-01,0.06469,-0.38853,0.12205,0.14946,0.13845,0.13601,0.25655,0.23911,0.23488
mom-nse-top10-6m-ma200,tax-today,2019-07-01,2024-07-01,0.07329,-0.38748,0.16308,0.16648,0.15432,0.15157,0.26814,0.25011,0.24570
mom-nse-top10-6m-ma200,tax-today,2019-08-01,2024-08-01,0.09143,-0.38727,0.24865,0.19261,0.17558,0.17558,0.30115,0.27662,0.27662
mom-nse-top10-6m-ma200,tax-today,2019-09-01,2024-09-01,0.09560,-0.38727,0.26692,0.19386,0.17674,0.17674,0.30252,0.27791,0.27791
mom-nse-top10-6m-ma200,tax-today,2019-10-01,2024-10-01,0.10960,-0.38886,0.32981,0.19193,0.17496,0.17496,0.29592,0.27172,0.27172
mom-nse-top10-6m-ma200,tax-today,2019-11-01,2024-11-01,0.08721,-0.38809,0.22608,0.16694,0.15200,0.15200,0.26574,0.24346,0.24346
mom-nse-top10-6m-ma200,tax-today,2019-12-01,2024-12-01,0.07919,-0.38697,0.18869,0.16218,0.14763,0.14763,0.25859,0.23678,0.23678
mom-nse-top10-6m-ma200,tax-today,2020-01-01,2025-01-01,0.07291,-0.38727,0.15939,0.15598,0.14197,0.14197,0.24390,0.22309,0.22309
mom-nse-top10-6m-ma200,tax-today,2020-02-01,2025-02-01,0.06211,-0.38755,0.10697,0.16380,0.14912,0.14912,0.21662,0.19777,0.19777
mom-nse-top10-6m-ma200,tax-today,2020-03-01,2025-03-01,0.09112,-0.39710,0.26259,0.15961,0.14529,0.14529,0.19321,0.17614,0.17614
mom-nse-top10-6m-ma200,tax-today,2020-04-01,2025-04-01,0.08671,-0.39710,0.23680,0.24335,0.22258,0.22258,0.26293,0.24083,0.24083
mom-nse-top10-6m-ma200,tax-today,2020-05-01,2025-05-01,0.08690,-0.39710,0.23680,0.21179,0.19329,0.19329,0.23579,0.21554,0.21554
mom-nse-top10-6m-ma200,tax-today,2020-06-01,2025-06-01,0.08680,-0.39710,0.23598,0.21702,0.19813,0.19813,0.24924,0.22807,0.22807
mom-nse-top10-6m-ma200,tax-today,2020-07-01,2025-07-01,0.08624,-0.39710,0.23313,0.21071,0.19229,0.19229,0.25087,0.22958,0.22958
mom-nse-top10-6m-ma200,tax-today,2020-08-01,2025-08-01,0.09982,-0.40370,0.30635,0.18700,0.17042,0.17042,0.21755,0.19862,0.19862
mom-nse-top20-1m-ma200,cost,2008-02-01,2013-02-01,0.06411,-0.20480,0.10310,0.03592,0.03592,0.03438,0.02342,0.02342,0.02342
mom-nse-top20-1m-ma200,cost,2008-03-01,2013-03-01,0.06769,-0.18671,0.12137,0.02970,0.02970,0.02895,0.02703,0.02703,0.02662
mom-nse-top20-1m-ma200,cost,2008-04-01,2013-04-01,0.06807,-0.18671,0.12396,0.04945,0.04945,0.04626,0.07055,0.07055,0.06492
mom-nse-top20-1m-ma200,cost,2008-05-01,2013-05-01,0.07342,-0.18671,0.15648,0.03953,0.03953,0.03755,0.05392,0.05392,0.05020
mom-nse-top20-1m-ma200,cost,2008-06-01,2013-06-01,0.09631,-0.18646,0.29316,0.05429,0.05429,0.05052,0.07512,0.07512,0.06899
mom-nse-top20-1m-ma200,cost,2008-07-01,2013-07-01,0.09332,-0.18646,0.27467,0.09942,0.09942,0.09072,0.14111,0.14111,0.12841
mom-nse-top20-1m-ma200,cost,2008-08-01,2013-08-01,0.09302,-0.18646,0.27217,0.06611,0.06611,0.06098,0.09740,0.09740,0.08891
mom-nse-top20-1m-ma200,cost,2008-09-01,2013-09-01,0.09313,-0.18646,0.27259,0.05936,0.05936,0.05500,0.09064,0.09064,0.08284
mom-nse-top20-1m-ma200,cost,2008-10-01,2013-10-01,0.09302,-0.18646,0.27259,0.09178,0.09178,0.08387,0.13588,0.13588,0.12365
mom-nse-top20-1m-ma200,cost,2008-11-01,2013-11-01,0.09266,-0.18646,0.26904,0.18313,0.18313,0.16685,0.22532,0.22532,0.20583
mom-nse-top20-1m-ma200,cost,2008-12-01,2013-12-01,0.08569,-0.18646,0.22810,0.19549,0.19549,0.17824,0.22922,0.22922,0.20945
mom-nse-top20-1m-ma200,cost,2009-01-01,2014-01-01,0.09299,-0.18646,0.27021,0.17089,0.17089,0.15561,0.20948,0.20948,0.19116
mom-nse-top20-1m-ma200,cost,2009-02-01,2014-02-01,0.08773,-0.18646,0.23774,0.17517,0.17517,0.15955,0.21381,0.21381,0.19516
mom-nse-top20-1m-ma200,cost,2009-03-01,2014-03-01,0.09333,-0.18646,0.26966,0.19168,0.19168,0.17472,0.22937,0.22937,0.20959
mom-nse-top20-1m-ma200,cost,2009-04-01,2014-04-01,0.10003,-0.18646,0.30773,0.18381,0.18381,0.16748,0.21371,0.21371,0.19506
mom-nse-top20-1m-ma200,cost,2009-05-01,2014-05-01,0.10260,-0.18646,0.32044,0.15333,0.15333,0.13955,0.20257,0.20257,0.18477
mom-nse-top20-1m-ma200,cost,2009-06-01,2014-06-01,0.08484,-0.18658,0.22839,0.11085,0.11085,0.10101,0.17730,0.17730,0.16150
mom-nse-top20-1m-ma200,cost,2009-07-01,2014-07-01,0.10840,-0.18648,0.38585,0.13287,0.13287,0.12092,0.19900,0.19900,0.18148
mom-nse-top20-1m-ma200,cost,2009-08-01,2014-08-01,0.08000,-0.18654,0.20211,0.11721,0.11721,0.10674,0.17436,0.17436,0.15880
mom-nse-top20-1m-ma200,cost,2009-09-01,2014-09-01,0.09461,-0.18653,0.30874,0.12994,0.12994,0.11827,0.19506,0.19506,0.17784
mom-nse-top20-1m-ma200,cost,2009-10-01,2014-10-01,0.06634,-0.18651,0.10669,0.10646,0.10646,0.09705,0.18264,0.18264,0.16640
mom-nse-top20-1m-ma200,cost,2009-11-01,2014-11-01,0.09453,-0.18651,0.31041,0.13380,0.13380,0.12177,0.20627,0.20627,0.18818
mom-nse-top20-1m-ma200,cost,2009-12-01,2014-12-01,0.07428,-0.18673,0.16716,0.12120,0.12120,0.11035,0.19070,0.19070,0.17382
mom-nse-top20-1m-ma200,cost,2010-01-01,2015-01-01,0.05836,-0.18676,0.04531,0.11054,0.11054,0.10072,0.18516,0.18516,0.16873
mom-nse-top20-1m-ma200,cost,2010-02-01,2015-02-01,0.08667,-0.18642,0.25918,0.13777,0.13777,0.12537,0.21229,0.21229,0.19376
mom-nse-top20-1m-ma200,cost,2010-03-01,2015-03-01,0.07730,-0.18655,0.18950,0.13907,0.13907,0.12655,0.21651,0.21651,0.19766
mom-nse-top20-1m-ma200,cost,2010-04-01,2015-04-01,0.06541,-0.18672,0.09954,0.11502,0.11502,0.10476,0.20785,0.20785,0.18964
mom-nse-top20-1m-ma200,cost,2010-05-01,2015-05-01,0.05601,-0.18671,0.02876,0.10475,0.10475,0.09551,0.19134,0.19134,0.17442
mom-nse-top20-1m-ma200,cost,2010-06-01,2015-06-01,0.07934,-0.18650,0.20596,0.12480,0.12480,0.11361,0.21869,0.21869,0.19968
mom-nse-top20-1m-ma200,cost,2010-07-01,2015-07-01,0.08208,-0.18650,0.22527,0.11287,0.11287,0.10283,0.21196,0.21196,0.19344
mom-nse-top20-1m-ma200,cost,2010-08-01,2015-08-01,0.08117,-0.18642,0.21724,0.11037,0.11037,0.10057,0.21020,0.21020,0.19182
mom-nse-top20-1m-ma200,cost,2010-09-01,2015-09-01,0.05407,-0.18625,0.01913,0.08597,0.08597,0.07867,0.17846,0.17846,0.16257
mom-nse-top20-1m-ma200,cost,2010-10-01,2015-10-01,0.03014,-0.18647,-0.16078,0.06548,0.06548,0.06042,0.16966,0.16966,0.15448
mom-nse-top20-1m-ma200,cost,2010-11-01,2015-11-01,0.03043,-0.18695,-0.16270,0.06942,0.06942,0.06392,0.15728,0.15728,0.14315
mom-nse-top20-1m-ma200,cost,2010-12-01,2015-12-01,0.03090,-0.16390,-0.16464,0.07206,0.07206,0.06627,0.15550,0.15550,0.14153
mom-nse-top20-1m-ma200,cost,2011-01-01,2016-01-01,0.02686,-0.16586,-0.19967,0.06603,0.06603,0.06091,0.16809,0.16809,0.15305
mom-nse-top20-1m-ma200,cost,2011-02-01,2016-02-01,0.04756,-0.14007,-0.03983,0.08148,0.08148,0.07466,0.18223,0.18223,0.16602
mom-nse-top20-1m-ma200,cost,2011-03-01,2016-03-01,0.04753,-0.14007,-0.04021,0.06761,0.06761,0.06231,0.16191,0.16191,0.14739
mom-nse-top20-1m-ma200,cost,2011-04-01,2016-04-01,0.04753,-0.14007,-0.03945,0.07054,0.07054,0.06492,0.16433,0.16433,0.14961
mom-nse-top20-1m-ma200,cost,2011-05-01,2016-05-01,0.04713,-0.13996,-0.04551,0.07708,0.07708,0.07074,0.16911,0.16911,0.15398
mom-nse-top20-1m-ma200,cost,2011-06-01,2016-06-01,0.04661,-0.13996,-0.04944,0.09211,0.09211,0.08416,0.17998,0.17998,0.16396
mom-nse-top20-1m-ma200,cost,2011-07-01,2016-07-01,0.05366,-0.13996,0.00836,0.09468,0.09468,0.08647,0.18497,0.18497,0.16855
mom-nse-top20-1m-ma200,cost,2011-08-01,2016-08-01,0.06578,-0.13996,0.10538,0.10716,0.10716,0.09768,0.20794,0.20794,0.18974
mom-nse-top20-1m-ma200,cost,2011-09-01,2016-09-01,0.07359,-0.13996,0.16537,0.13264,0.13264,0.12071,0.23121,0.23121,0.21129
mom-nse-top20-1m-ma200,cost,2011-10-01,2016-10-01,0.06899,-0.13996,0.13004,0.13102,0.13102,0.11924,0.23364,0.23364,0.21355
mom-nse-top20-1m-ma200,cost,2011-11-01,2016-11-01,0.07049,-0.13996,0.14171,0.11765,0.11765,0.10714,0.22844,0.22844,0.20872
mom-nse-top20-1m-ma200,cost,2011-12-01,2016-12-01,0.05704,-0.13996,0.04273,0.12024,0.12024,0.10948,0.22328,0.22328,0.20394
mom-nse-top20-1m-ma200,cost,2012-01-01,2017-01-01,0.05401,-0.14012,0.02104,0.13479,0.13479,0.12266,0.23011,0.23011,0.21027
mom-nse-top20-1m-ma200,cost,2012-02-01,2017-02-01,0.05434,-0.14012,0.02376,0.12078,0.12078,0.10997,0.24977,0.24977,0.22856
mom-nse-top20-1m-ma200,cost,2012-03-01,2017-03-01,0.04532,-0.13992,-0.04313,0.12244,0.12244,0.11148,0.24492,0.24492,0.22404
mom-nse-top20-1m-ma200,cost,2012-04-01,2017-04-01,0.04548,-0.14021,-0.04334,0.13020,0.13020,0.11850,0.24610,0.24610,0.22514
mom-nse-top20-1m-ma200,cost,2012-05-01,2017-05-01,0.05493,-0.14000,0.02598,0.13543,0.13543,0.12325,0.25848,0.25848,0.23668
mom-nse-top20-1m-ma200,cost,2012-06-01,2017-06-01,0.07285,-0.13992,0.15796,0.16115,0.16115,0.14670,0.27090,0.27090,0.24828
mom-nse-top20-1m-ma200,cost,2012-07-01,2017-07-01,0.07035,-0.13992,0.13954,0.13879,0.13879,0.12631,0.25219,0.25219,0.23081
mom-nse-top20-1m-ma200,cost,2012-08-01,2017-08-01,0.08865,-0.14020,0.27258,0.15452,0.15452,0.14064,0.26897,0.26897,0.24647
mom-nse-top20-1m-ma200,cost,2012-09-01,2017-09-01,0.08617,-0.13971,0.25348,0.15048,0.15048,0.13695,0.27439,0.27439,0.25154
mom-nse-top20-1m-ma200,cost,2012-10-01,2017-10-01,0.06700,-0.13993,0.11473,0.12709,0.12709,0.11568,0.25032,0.25032,0.22907
mom-nse-top20-1m-ma200,cost,2012-11-01,2017-11-01,0.08235,-0.13986,0.22560,0.14469,0.14469,0.13167,0.26899,0.26899,0.24649
mom-nse-top20-1m-ma200,cost,2012-12-01,2017-12-01,0.06206,-0.14039,0.07724,0.12840,0.12840,0.11687,0.24480,0.24480,0.22393
mom-nse-top20-1m-ma200,cost,2013-01-01,2018-01-01,0.06998,-0.14008,0.13523,0.13251,0.13251,0.12060,0.25838,0.25838,0.23658
mom-nse-top20-1m-ma200,cost,2013-02-01,2018-02-01,0.07900,-0.14038,0.20045,0.14308,0.14308,0.13021,0.26468,0.26468,0.24246
mom-nse-top20-1m-ma200,cost,2013-03-01,2018-03-01,0.07885,-0.14015,0.19968,0.14232,0.14232,0.12951,0.26089,0.26089,0.23892
mom-nse-top20-1m-ma200,cost,2013-04-01,2018-04-01,0.07313,-0.14018,0.15794,0.13557,0.13557,0.12338,0.25600,0.25600,0.23436
mom-nse-top20-1m-ma200,cost,2013-05-01,2018-05-01,0.08070,-0.14048,0.21276,0.14039,0.14039,0.12776,0.26045,0.26045,0.23852
mom-nse-top20-1m-ma200,cost,2013-06-01,2018-06-01,0.08334,-0.13975,0.23173,0.13701,0.13701,0.12468,0.24607,0.24607,0.22511
mom-nse-top20-1m-ma200,cost,2013-07-01,2018-07-01,0.08406,-0.13978,0.23815,0.14080,0.14080,0.12813,0.24990,0.24990,0.22868
mom-nse-top20-1m-ma200,cost,2013-08-01,2018-08-01,0.10139,-0.13987,0.36544,0.16077,0.16077,0.14635,0.26292,0.26266,0.24082
mom-nse-top20-1m-ma200,cost,2013-09-01,2018-09-01,0.10532,-0.13987,0.39185,0.17846,0.17790,0.16256,0.29019,0.28860,0.26633
mom-nse-top20-1m-ma200,cost,2013-10-01,2018-10-01,0.09278,-0.13987,0.30142,0.15170,0.15170,0.13806,0.25045,0.25045,0.22919
mom-nse-top20-1m-ma200,cost,2013-11-01,2018-11-01,0.08138,-0.14036,0.21694,0.11865,0.11865,0.10804,0.21992,0.21992,0.20082
mom-nse-top20-1m-ma200,cost,2013-12-01,2018-12-01,0.08683,-0.14034,0.25541,0.13388,0.13388,0.12185,0.23611,0.23611,0.21585
mom-nse-top20-1m-ma200,cost,2014-01-01,2019-01-01,0.08136,-0.14402,0.21679,0.13007,0.13007,0.11839,0.22665,0.22665,0.20706
mom-nse-top20-1m-ma200,cost,2014-02-01,2019-02-01,0.09721,-0.14421,0.32682,0.13747,0.13747,0.12510,0.23796,0.23796,0.21756
mom-nse-top20-1m-ma200,cost,2014-03-01,2019-03-01,0.09395,-0.14402,0.30447,0.13018,0.13018,0.11848,0.22764,0.22764,0.20798
mom-nse-top20-1m-ma200,cost,2014-04-01,2019-04-01,0.08856,-0.14416,0.26895,0.13094,0.13055,0.11917,0.23479,0.23418,0.21462
mom-nse-top20-1m-ma200,cost,2014-05-01,2019-05-01,0.09329,-0.14420,0.30262,0.13329,0.13274,0.12131,0.23461,0.23348,0.21445
mom-nse-top20-1m-ma200,cost,2014-06-01,2019-06-01,0.07730,-0.14419,0.18903,0.11935,0.11855,0.10868,0.21977,0.21903,0.20068
mom-nse-top20-1m-ma200,cost,2014-07-01,2019-07-01,0.06673,-0.14428,0.11370,0.10598,0.10531,0.09661,0.19548,0.19488,0.17823
mom-nse-top20-1m-ma200,cost,2014-08-01,2019-08-01,0.05492,-0.14414,0.02623,0.08985,0.08985,0.08214,0.17443,0.17443,0.15886
mom-nse-top20-1m-ma200,cost,2014-09-01,2019-09-01,0.03989,-0.14402,-0.08932,0.07909,0.07909,0.07253,0.15466,0.15466,0.14076
mom-nse-top20-1m-ma200,cost,2014-10-01,2019-10-01,0.04648,-0.14402,-0.04026,0.08775,0.08775,0.08026,0.16178,0.16178,0.14727
mom-nse-top20-1m-ma200,cost,2014-11-01,2019-11-01,0.04179,-0.14419,-0.07942,0.08786,0.08715,0.08036,0.15625,0.15613,0.14222
mom-nse-top20-1m-ma200,cost,2014-12-01,2019-12-01,0.03248,-0.14410,-0.15221,0.08482,0.08385,0.07764,0.14858,0.14820,0.13522
mom-nse-top20-1m-ma200,cost,2015-01-01,2020-01-01,0.03928,-0.14421,-0.09997,0.09410,0.09284,0.08594,0.15458,0.15373,0.14069
mom-nse-top20-1m-ma200,cost,2015-02-01,2020-02-01,0.02826,-0.14414,-0.19045,0.07134,0.07114,0.06563,0.13652,0.13564,0.12424
mom-nse-top20-1m-ma200,cost,2015-03-01,2020-03-01,0.01431,-0.14398,-0.30668,0.06049,0.06049,0.05601,0.13332,0.13260,0.12133
mom-nse-top20-1m-ma200,cost,2015-04-01,2020-04-01,0.02292,-0.14425,-0.24056,0.00513,0.00513,0.00513,0.07417,0.07417,0.06814
mom-nse-top20-1m-ma200,cost,2015-05-01,2020-05-01,0.03180,-0.14412,-0.17250,0.05161,0.05161,0.04817,0.12195,0.12195,0.11103
mom-nse-top20-1m-ma200,cost,2015-06-01,2020-06-01,0.02792,-0.14415,-0.21078,0.04456,0.04456,0.04195,0.10890,0.10890,0.09925
mom-nse-top20-1m-ma200,cost,2015-07-01,2020-07-01,0.02646,-0.14412,-0.22840,0.05602,0.05602,0.05205,0.11517,0.11517,0.10490
mom-nse-top20-1m-ma200,cost,2015-08-01,2020-08-01,0.02138,-0.14407,-0.27972,0.06667,0.06667,0.06148,0.11910,0.11818,0.10845
mom-nse-top20-1m-ma200,cost,2015-09-01,2020-09-01,0.04098,-0.14393,-0.11798,0.09415,0.09397,0.08599,0.14390,0.14216,0.13095
mom-nse-top20-1m-ma200,cost,2015-10-01,2020-10-01,0.04306,-0.14653,-0.09248,0.08855,0.08850,0.08097,0.13979,0.13762,0.12721
mom-nse-top20-1m-ma200,cost,2015-11-01,2020-11-01,0.04175,-0.14653,-0.10137,0.08985,0.08934,0.08213,0.13774,0.13587,0.12535
mom-nse-top20-1m-ma200,cost,2015-12-01,2020-12-01,0.06396,-0.14653,0.08663,0.11915,0.11604,0.10849,0.15807,0.15486,0.14388
mom-nse-top20-1m-ma200,cost,2016-01-01,2021-01-01,0.07848,-0.14653,0.20351,0.13407,0.12958,0.12201,0.17356,0.16874,0.15806
mom-nse-top20-1m-ma200,cost,2016-02-01,2021-02-01,0.08234,-0.14653,0.23093,0.15030,0.14530,0.13678,0.18534,0.18061,0.16889
mom-nse-top20-1m-ma200,cost,2016-03-01,2021-03-01,0.09046,-0.14653,0.28846,0.16879,0.16300,0.15369,0.21366,0.20751,0.19502
mom-nse-top20-1m-ma200,cost,2016-04-01,2021-04-01,0.10106,-0.14653,0.36018,0.15484,0.14905,0.14093,0.21192,0.20483,0.19341
mom-nse-top20-1m-ma200,cost,2016-05-01,2021-05-01,0.10791,-0.14653,0.40002,0.14721,0.14177,0.13397,0.22144,0.21306,0.20223
mom-nse-top20-1m-ma200,cost,2016-06-01,2021-06-01,0.12060,-0.14653,0.48394,0.15209,0.14550,0.13842,0.22716,0.21791,0.20754
mom-nse-top20-1m-ma200,cost,2016-07-01,2021-07-01,0.11702,-0.14611,0.45950,0.14918,0.14247,0.13576,0.22948,0.21958,0.20969
mom-nse-top20-1m-ma200,cost,2016-08-01,2021-08-01,0.11672,-0.14725,0.45557,0.14201,0.13527,0.12923,0.21930,0.20877,0.20025
mom-nse-top20-1m-ma200,cost,2016-09-01,2021-09-01,0.12075,-0.14675,0.48397,0.15663,0.14844,0.14256,0.22392,0.21280,0.20453
mom-nse-top20-1m-ma200,cost,2016-10-01,2021-10-01,0.12093,-0.14699,0.48750,0.16709,0.15837,0.15213,0.22806,0.21664,0.20837
mom-nse-top20-1m-ma200,cost,2016-11-01,2021-11-01,0.13106,-0.14690,0.55126,0.17194,0.16281,0.15658,0.23496,0.22274,0.21478
mom-nse-top20-1m-ma200,cost,2016-12-01,2021-12-01,0.13216,-0.14670,0.56521,0.17392,0.16541,0.15839,0.24422,0.23222,0.22339
mom-nse-top20-1m-ma200,cost,2017-01-01,2022-01-01,0.14322,-0.14605,0.63578,0.17675,0.16803,0.16099,0.25612,0.24359,0.23448
mom-nse-top20-1m-ma200,cost,2017-02-01,2022-02-01,0.14317,-0.14605,0.62804,0.16503,0.15626,0.15025,0.21213,0.20066,0.19360
mom-nse-top20-1m-ma200,cost,2017-03-01,2022-03-01,0.13702,-0.14653,0.57422,0.14866,0.14075,0.13529,0.19967,0.18888,0.18209
mom-nse-top20-1m-ma200,cost,2017-04-01,2022-04-01,0.12925,-0.14709,0.52625,0.15423,0.14549,0.14037,0.20375,0.19213,0.18586
mom-nse-top20-1m-ma200,cost,2017-05-01,2022-05-01,0.11551,-0.14764,0.43484,0.14357,0.13545,0.13065,0.17957,0.16895,0.16358
mom-nse-top20-1m-ma200,cost,2017-06-01,2022-06-01,0.11279,-0.14710,0.41986,0.12885,0.12137,0.11728,0.16100,0.15184,0.14655
mom-nse-top20-1m-ma200,cost,2017-07-01,2022-07-01,0.11249,-0.14681,0.41780,0.11999,0.11334,0.10925,0.14102,0.13353,0.12833
mom-nse-top20-1m-ma200,cost,2017-08-01,2022-08-01,0.09601,-0.14750,0.31017,0.12777,0.11954,0.11630,0.15103,0.14158,0.13745
mom-nse-top20-1m-ma200,cost,2017-09-01,2022-09-01,0.10139,-0.14699,0.34704,0.13377,0.12527,0.12174,0.15532,0.14495,0.14137
mom-nse-top20-1m-ma200,cost,2017-10-01,2022-10-01,0.10424,-0.14723,0.36404,0.13204,0.12394,0.12017,0.15366,0.14353,0.13985
mom-nse-top20-1m-ma200,cost,2017-11-01,2022-11-01,0.08797,-0.15068,0.25694,0.13102,0.12205,0.11924,0.15299,0.14208,0.13924
mom-nse-top20-1m-ma200,cost,2017-12-01,2022-12-01,0.09924,-0.16890,0.33370,0.14628,0.13661,0.13312,0.16101,0.15003,0.14657
mom-nse-top20-1m-ma200,cost,2018-01-01,2023-01-01,0.08517,-0.18603,0.23725,0.13060,0.12168,0.11887,0.13565,0.12560,0.12345
mom-nse-top20-1m-ma200,cost,2018-02-01,2023-02-01,0.06446,-0.21727,0.09615,0.11224,0.10393,0.10225,0.12006,0.11116,0.10932
mom-nse-top20-1m-ma200,cost,2018-03-01,2023-03-01,0.07169,-0.23745,0.14544,0.12158,0.11257,0.11070,0.13079,0.12109,0.11903
mom-nse-top20-1m-ma200,cost,2018-04-01,2023-04-01,0.07206,-0.25420,0.14698,0.12753,0.11807,0.11608,0.13400,0.12407,0.12195
mom-nse-top20-1m-ma200,cost,2018-05-01,2023-05-01,0.06188,-0.25435,0.07749,0.12307,0.11394,0.11204,0.12873,0.11919,0.11717
mom-nse-top20-1m-ma200,cost,2018-06-01,2023-06-01,0.06314,-0.25393,0.08665,0.12930,0.11972,0.11769,0.14893,0.13796,0.13554
mom-nse-top20-1m-ma200,cost,2018-07-01,2023-07-01,0.07352,-0.25428,0.15889,0.13722,0.12706,0.12487,0.15801,0.14641,0.14382
mom-nse-top20-1m-ma200,cost,2018-08-01,2023-08-01,0.06549,-0.25424,0.10342,0.13027,0.12061,0.11856,0.15718,0.14564,0.14306
mom-nse-top20-1m-ma200,cost,2018-09-01,2023-09-01,0.06197,-0.25445,0.07768,0.12049,0.11155,0.10970,0.14800,0.13709,0.13469
mom-nse-top20-1m-ma200,cost,2018-10-01,2023-10-01,0.07693,-0.25387,0.18192,0.13610,0.12603,0.12386,0.17581,0.16305,0.16013
mom-nse-top20-1m-ma200,cost,2018-11-01,2023-11-01,0.08262,-0.25410,0.22364,0.14179,0.13132,0.12904,0.18193,0.16878,0.16575
mom-nse-top20-1m-ma200,cost,2018-12-01,2023-12-01,0.10237,-0.25410,0.36016,0.14615,0.13537,0.13300,0.20341,0.18895,0.18555
mom-nse-top20-1m-ma200,cost,2019-01-01,2024-01-01,0.11830,-0.25465,0.47159,0.16150,0.14968,0.14702,0.22122,0.20571,0.20202
mom-nse-top20-1m-ma200,cost,2019-02-01,2024-02-01,0.12365,-0.25426,0.50691,0.16137,0.14955,0.14690,0.22469,0.20899,0.20524
mom-nse-top20-1m-ma200,cost,2019-03-01,2024-03-01,0.13814,-0.25407,0.60112,0.16870,0.15640,0.15361,0.24141,0.22478,0.22078
mom-nse-top20-1m-ma200,cost,2019-04-01,2024-04-01,0.12861,-0.25443,0.53416,0.15319,0.14192,0.13942,0.23600,0.21967,0.21574
mom-nse-top20-1m-ma200,cost,2019-05-01,2024-05-01,0.12722,-0.25411,0.52325,0.15309,0.14184,0.13934,0.24122,0.22460,0.22060
mom-nse-top20-1m-ma200,cost,2019-06-01,2024-06-01,0.12300,-0.25494,0.49486,0.14946,0.13845,0.13601,0.25655,0.23911,0.23488
mom-nse-top20-1m-ma200,cost,2019-07-01,2024-07-01,0.13636,-0.25414,0.55646,0.16648,0.15432,0.15157,0.26814,0.25011,0.24570
mom-nse-top20-1m-ma200,cost,2019-08-01,2024-08-01,0.16946,-0.25404,0.75882,0.19261,0.17558,0.17558,0.30115,0.27662,0.27662
mom-nse-top20-1m-ma200,cost,2019-09-01,2024-09-01,0.17114,-0.25404,0.75809,0.19386,0.17674,0.17674,0.30252,0.27791,0.27791
mom-nse-top20-1m-ma200,cost,2019-10-01,2024-10-01,0.17902,-0.25404,0.80099,0.19193,0.17496,0.17496,0.29592,0.27172,0.27172
mom-nse-top20-1m-ma200,cost,2019-11-01,2024-11-01,0.15558,-0.25388,0.65938,0.16694,0.15200,0.15200,0.26574,0.24346,0.24346
mom-nse-top20-1m-ma200,cost,2019-12-01,2024-12-01,0.15207,-0.25432,0.63525,0.16218,0.14763,0.14763,0.25859,0.23678,0.23678
mom-nse-top20-1m-ma200,cost,2020-01-01,2025-01-01,0.14784,-0.25454,0.60977,0.15598,0.14197,0.14197,0.24390,0.22309,0.22309
mom-nse-top20-1m-ma200,cost,2020-02-01,2025-02-01,0.14545,-0.25360,0.59718,0.16380,0.14912,0.14912,0.21662,0.19777,0.19777
mom-nse-top20-1m-ma200,cost,2020-03-01,2025-03-01,0.15814,-0.25389,0.67749,0.15961,0.14529,0.14529,0.19321,0.17614,0.17614
mom-nse-top20-1m-ma200,cost,2020-04-01,2025-04-01,0.15795,-0.25389,0.67809,0.24335,0.22258,0.22258,0.26293,0.24083,0.24083
mom-nse-top20-1m-ma200,cost,2020-05-01,2025-05-01,0.15832,-0.25389,0.67809,0.21179,0.19329,0.19329,0.23579,0.21554,0.21554
mom-nse-top20-1m-ma200,cost,2020-06-01,2025-06-01,0.16098,-0.25389,0.68793,0.21702,0.19813,0.19813,0.24924,0.22807,0.22807
mom-nse-top20-1m-ma200,cost,2020-07-01,2025-07-01,0.17007,-0.25389,0.73959,0.21071,0.19229,0.19229,0.25087,0.22958,0.22958
mom-nse-top20-1m-ma200,cost,2020-08-01,2025-08-01,0.15758,-0.25389,0.66417,0.18700,0.17042,0.17042,0.21755,0.19862,0.19862
mom-nse-top20-1m-ma200,tax-dated,2008-02-01,2013-02-01,0.05625,-0.21023,0.05752,0.03592,0.03592,0.03438,0.02342,0.02342,0.02342
mom-nse-top20-1m-ma200,tax-dated,2008-03-01,2013-03-01,0.05967,-0.21379,0.07236,0.02970,0.02970,0.02895,0.02703,0.02703,0.02662
mom-nse-top20-1m-ma200,tax-dated,2008-04-01,2013-04-01,0.06006,-0.21379,0.07526,0.04945,0.04945,0.04626,0.07055,0.07055,0.06492
mom-nse-top20-1m-ma200,tax-dated,2008-05-01,2013-05-01,0.06462,-0.21379,0.10348,0.03953,0.03953,0.03755,0.05392,0.05392,0.05020
mom-nse-top20-1m-ma200,tax-dated,2008-06-01,2013-06-01,0.08451,-0.21400,0.22222,0.05429,0.05429,0.05052,0.07512,0.07512,0.06899
mom-nse-top20-1m-ma200,tax-dated,2008-07-01,2013-07-01,0.08203,-0.21400,0.20749,0.09942,0.09942,0.09072,0.14111,0.14111,0.12841
mom-nse-top20-1m-ma200,tax-dated,2008-08-01,2013-08-01,0.08251,-0.21400,0.21002,0.06611,0.06611,0.06098,0.09740,0.09740,0.08891
mom-nse-top20-1m-ma200,tax-dated,2008-09-01,2013-09-01,0.08261,-0.21400,0.21041,0.05936,0.05936,0.05500,0.09064,0.09064,0.08284
mom-nse-top20-1m-ma200,tax-dated,2008-10-01,2013-10-01,0.08251,-0.21400,0.21041,0.09178,0.09178,0.08387,0.13588,0.13588,0.12365
mom-nse-top20-1m-ma200,tax-dated,2008-11-01,2013-11-01,0.08215,-0.21400,0.20693,0.18313,0.18313,0.16685,0.22532,0.22532,0.20583
mom-nse-top20-1m-ma200,tax-dated,2008-12-01,2013-12-01,0.07524,-0.21400,0.16652,0.19549,0.19549,0.17824,0.22922,0.22922,0.20945
mom-nse-top20-1m-ma200,tax-dated,2009-01-01,2014-01-01,0.08247,-0.21400,0.20864,0.17089,0.17089,0.15561,0.20948,0.20948,0.19116
mom-nse-top20-1m-ma200,tax-dated,2009-02-01,2014-02-01,0.07727,-0.21400,0.17683,0.17517,0.17517,0.15955,0.21381,0.21381,0.19516
mom-nse-top20-1m-ma200,tax-dated,2009-03-01,2014-03-01,0.08281,-0.21400,0.20878,0.19168,0.19168,0.17472,0.22937,0.22937,0.20959
mom-nse-top20-1m-ma200,tax-dated,2009-04-01,2014-04-01,0.08945,-0.21400,0.24682,0.18381,0.18381,0.16748,0.21371,0.21371,0.19506
mom-nse-top20-1m-ma200,tax-dated,2009-05-01,2014-05-01,0.09198,-0.21400,0.25973,0.15333,0.15333,0.13955,0.20257,0.20257,0.18477
mom-nse-top20-1m-ma200,tax-dated,2009-06-01,2014-06-01,0.07655,-0.21551,0.17509,0.11085,0.11085,0.10101,0.17730,0.17730,0.16150
mom-nse-top20-1m-ma200,tax-dated,2009-07-01,2014-07-01,0.09665,-0.21743,0.30808,0.13287,0.13287,0.12092,0.19900,0.19900,0.18148
mom-nse-top20-1m-ma200,tax-dated,2009-08-01,2014-08-01,0.07222,-0.21055,0.14802,0.11721,0.11721,0.10674,0.17436,0.17436,0.15880
mom-nse-top20-1m-ma200,tax-dated,2009-09-01,2014-09-01,0.08458,-0.21085,0.23762,0.12994,0.12994,0.11827,0.19506,0.19506,0.17784
mom-nse-top20-1m-ma200,tax-dated,2009-10-01,2014-10-01,0.06049,-0.20081,0.06453,0.10646,0.10646,0.09705,0.18264,0.18264,0.16640
mom-nse-top20-1m-ma200,tax-dated,2009-11-01,2014-11-01,0.08459,-0.20868,0.23895,0.13380,0.13380,0.12177,0.20627,0.20627,0.18818
mom-nse-top20-1m-ma200,tax-dated,2009-12-01,2014-12-01,0.06706,-0.19623,0.11296,0.12120,0.12120,0.11035,0.19070,0.19070,0.17382
mom-nse-top20-1m-ma200,tax-dated,2010-01-01,2015-01-01,0.05491,-0.19075,0.01899,0.11054,0.11054,0.10072,0.18516,0.18516,0.16873
mom-nse-top20-1m-ma200,tax-dated,2010-02-01,2015-02-01,0.07929,-0.19781,0.20320,0.13777,0.13777,0.12537,0.21229,0.21229,0.19376
mom-nse-top20-1m-ma200,tax-dated,2010-03-01,2015-03-01,0.07263,-0.19464,0.15399,0.13907,0.13907,0.12655,0.21651,0.21651,0.19766
mom-nse-top20-1m-ma200,tax-dated,2010-04-01,2015-04-01,0.06395,-0.18853,0.08846,0.11502,0.11502,0.10476,0.20785,0.20785,0.18964
mom-nse-top20-1m-ma200,tax-dated,2010-05-01,2015-05-01,0.05530,-0.19016,0.02344,0.10475,0.10475,0.09551,0.19134,0.19134,0.17442
mom-nse-top20-1m-ma200,tax-dated,2010-06-01,2015-06-01,0.07591,-0.19818,0.17987,0.12480,0.12480,0.11361,0.21869,0.21869,0.19968
mom-nse-top20-1m-ma200,tax-dated,2010-07-01,2015-07-01,0.07858,-0.19818,0.19912,0.11287,0.11287,0.10283,0.21196,0.21196,0.19344
mom-nse-top20-1m-ma200,tax-dated,2010-08-01,2015-08-01,0.07842,-0.19433,0.19682,0.11037,0.11037,0.10057,0.21020,0.21020,0.19182
mom-nse-top20-1m-ma200,tax-dated,2010-09-01,2015-09-01,0.05290,-0.19033,0.01062,0.08597,0.08597,0.07867,0.17846,0.17846,0.16257
mom-nse-top20-1m-ma200,tax-dated,2010-10-01,2015-10-01,0.03014,-0.18647,-0.16078,0.06548,0.06548,0.06042,0.16966,0.16966,0.15448
mom-nse-top20-1m-ma200,tax-dated,2010-11-01,2015-11-01,0.03043,-0.18695,-0.16270,0.06942,0.06942,0.06392,0.15728,0.15728,0.14315
mom-nse-top20-1m-ma200,tax-dated,2010-12-01,2015-12-01,0.03090,-0.16390,-0.16464,0.07206,0.07206,0.06627,0.15550,0.15550,0.14153
mom-nse-top20-1m-ma200,tax-dated,2011-01-01,2016-01-01,0.02686,-0.16586,-0.19967,0.06603,0.06603,0.06091,0.16809,0.16809,0.15305
mom-nse-top20-1m-ma200,tax-dated,2011-02-01,2016-02-01,0.04748,-0.14040,-0.04050,0.08148,0.08148,0.07466,0.18223,0.18223,0.16602
mom-nse-top20-1m-ma200,tax-dated,2011-03-01,2016-03-01,0.04745,-0.14040,-0.04088,0.06761,0.06761,0.06231,0.16191,0.16191,0.14739
mom-nse-top20-1m-ma200,tax-dated,2011-04-01,2016-04-01,0.04745,-0.14040,-0.04012,0.07054,0.07054,0.06492,0.16433,0.16433,0.14961
mom-nse-top20-1m-ma200,tax-dated,2011-05-01,2016-05-01,0.04713,-0.13996,-0.04551,0.07708,0.07708,0.07074,0.16911,0.16911,0.15398
mom-nse-top20-1m-ma200,tax-dated,2011-06-01,2016-06-01,0.04661,-0.13996,-0.04944,0.09211,0.09211,0.08416,0.17998,0.17998,0.16396
mom-nse-top20-1m-ma200,tax-dated,2011-07-01,2016-07-01,0.05366,-0.13996,0.00836,0.09468,0.09468,0.08647,0.18497,0.18497,0.16855
mom-nse-top20-1m-ma200,tax-dated,2011-08-01,2016-08-01,0.06578,-0.13996,0.10538,0.10716,0.10716,0.09768,0.20794,0.20794,0.18974
mom-nse-top20-1m-ma200,tax-dated,2011-09-01,2016-09-01,0.07246,-0.13996,0.15663,0.13264,0.13264,0.12071,0.23121,0.23121,0.21129
mom-nse-top20-1m-ma200,tax-dated,2011-10-01,2016-10-01,0.06865,-0.13996,0.12741,0.13102,0.13102,0.11924,0.23364,0.23364,0.21355
mom-nse-top20-1m-ma200,tax-dated,2011-11-01,2016-11-01,0.06988,-0.13996,0.13714,0.11765,0.11765,0.10714,0.22844,0.22844,0.20872
mom-nse-top20-1m-ma200,tax-dated,2011-12-01,2016-12-01,0.05704,-0.13996,0.04273,0.12024,0.12024,0.10948,0.22328,0.22328,0.20394
mom-nse-top20-1m-ma200,tax-dated,2012-01-01,2017-01-01,0.05401,-0.14012,0.02104,0.13479,0.13479,0.12266,0.23011,0.23011,0.21027
mom-nse-top20-1m-ma200,tax-dated,2012-02-01,2017-02-01,0.05434,-0.14012,0.02376,0.12078,0.12078,0.10997,0.24977,0.24977,0.22856
mom-nse-top20-1m-ma200,tax-dated,2012-03-01,2017-03-01,0.04532,-0.13992,-0.04313,0.12244,0.12244,0.11148,0.24492,0.24492,0.22404
mom-nse-top20-1m-ma200,tax-dated,2012-04-01,2017-04-01,0.04548,-0.14021,-0.04334,0.13020,0.13020,0.11850,0.24610,0.24610,0.22514
mom-nse-top20-1m-ma200,tax-dated,2012-05-01,2017-05-01,0.05493,-0.14000,0.02598,0.13543,0.13543,0.12325,0.25848,0.25848,0.23668
mom-nse-top20-1m-ma200,tax-dated,2012-06-01,2017-06-01,0.07242,-0.13992,0.15482,0.16115,0.16115,0.14670,0.27090,0.27090,0.24828
mom-nse-top20-1m-ma200,tax-dated,2012-07-01,2017-07-01,0.07035,-0.13992,0.13954,0.13879,0.13879,0.12631,0.25219,0.25219,0.23081
mom-nse-top20-1m-ma200,tax-dated,2012-08-01,2017-08-01,0.08300,-0.13998,0.23199,0.15452,0.15452,0.14064,0.26897,0.26897,0.24647
mom-nse-top20-1m-ma200,tax-dated,2012-09-01,2017-09-01,0.08096,-0.13967,0.21601,0.15048,0.15048,0.13695,0.27439,0.27439,0.25154
mom-nse-top20-1m-ma200,tax-dated,2012-10-01,2017-10-01,0.06405,-0.13996,0.09331,0.12709,0.12709,0.11568,0.25032,0.25032,0.22907
mom-nse-top20-1m-ma200,tax-dated,2012-11-01,2017-11-01,0.07729,-0.13982,0.18923,0.14469,0.14469,0.13167,0.26899,0.26899,0.24649
mom-nse-top20-1m-ma200,tax-dated,2012-12-01,2017-12-01,0.05957,-0.14039,0.05936,0.12840,0.12840,0.11687,0.24480,0.24480,0.22393
mom-nse-top20-1m-ma200,tax-dated,2013-01-01,2018-01-01,0.06628,-0.14008,0.10862,0.13251,0.13251,0.12060,0.25838,0.25838,0.23658
mom-nse-top20-1m-ma200,tax-dated,2013-02-01,2018-02-01,0.07413,-0.14038,0.16547,0.14308,0.14308,0.13021,0.26468,0.26468,0.24246
mom-nse-top20-1m-ma200,tax-dated,2013-03-01,2018-03-01,0.07603,-0.14014,0.17947,0.14232,0.14232,0.12951,0.26089,0.26089,0.23892
mom-nse-top20-1m-ma200,tax-dated,2013-04-01,2018-04-01,0.07230,-0.14012,0.15205,0.13557,0.13557,0.12338,0.25600,0.25600,0.23436
mom-nse-top20-1m-ma200,tax-dated,2013-05-01,2018-05-01,0.07914,-0.14048,0.20160,0.14039,0.14039,0.12776,0.26045,0.26045,0.23852
mom-nse-top20-1m-ma200,tax-dated,2013-06-01,2018-06-01,0.08192,-0.13975,0.22147,0.13701,0.13701,0.12468,0.24607,0.24607,0.22511
mom-nse-top20-1m-ma200,tax-dated,2013-07-01,2018-07-01,0.08332,-0.13978,0.23280,0.14080,0.14080,0.12813,0.24990,0.24990,0.22868
mom-nse-top20-1m-ma200,tax-dated,2013-08-01,2018-08-01,0.09896,-0.13992,0.34778,0.16077,0.16077,0.14635,0.26292,0.26266,0.24082
mom-nse-top20-1m-ma200,tax-dated,2013-09-01,2018-09-01,0.10226,-0.13992,0.36968,0.17846,0.17790,0.16256,0.29019,0.28860,0.26633
mom-nse-top20-1m-ma200,tax-dated,2013-10-01,2018-10-01,0.09074,-0.13992,0.28674,0.15170,0.15170,0.13806,0.25045,0.25045,0.22919
mom-nse-top20-1m-ma200,tax-dated,2013-11-01,2018-11-01,0.08119,-0.14042,0.21563,0.11865,0.11865,0.10804,0.21992,0.21992,0.20082
mom-nse-top20-1m-ma200,tax-dated,2013-12-01,2018-12-01,0.08599,-0.14037,0.24949,0.13388,0.13388,0.12185,0.23611,0.23611,0.21585
mom-nse-top20-1m-ma200,tax-dated,2014-01-01,2019-01-01,0.08084,-0.14413,0.21309,0.13007,0.13007,0.11839,0.22665,0.22665,0.20706
mom-nse-top20-1m-ma200,tax-dated,2014-02-01,2019-02-01,0.09476,-0.14401,0.30981,0.13747,0.13747,0.12510,0.23796,0.23796,0.21756
mom-nse-top20-1m-ma200,tax-dated,2014-03-01,2019-03-01,0.09138,-0.14411,0.28653,0.13018,0.13018,0.11848,0.22764,0.22764,0.20798
mom-nse-top20-1m-ma200,tax-dated,2014-04-01,2019-04-01,0.08519,-0.14415,0.24513,0.13094,0.13055,0.11917,0.23479,0.23418,0.21462
mom-nse-top20-1m-ma200,tax-dated,2014-05-01,2019-05-01,0.08924,-0.14418,0.27388,0.13329,0.13274,0.12131,0.23461,0.23348,0.21445
mom-nse-top20-1m-ma200,tax-dated,2014-06-01,2019-06-01,0.07347,-0.14419,0.16146,0.11935,0.11855,0.10868,0.21977,0.21903,0.20068
mom-nse-top20-1m-ma200,tax-dated,2014-07-01,2019-07-01,0.06393,-0.14428,0.09316,0.10598,0.10531,0.09661,0.19548,0.19488,0.17823
mom-nse-top20-1m-ma200,tax-dated,2014-08-01,2019-08-01,0.05492,-0.14414,0.02623,0.08985,0.08985,0.08214,0.17443,0.17443,0.15886
mom-nse-top20-1m-ma200,tax-dated,2014-09-01,2019-09-01,0.03989,-0.14402,-0.08932,0.07909,0.07909,0.07253,0.15466,0.15466,0.14076
mom-nse-top20-1m-ma200,tax-dated,2014-10-01,2019-10-01,0.04568,-0.14402,-0.04642,0.08775,0.08775,0.08026,0.16178,0.16178,0.14727
mom-nse-top20-1m-ma200,tax-dated,2014-11-01,2019-11-01,0.04113,-0.14419,-0.08448,0.08786,0.08715,0.08036,0.15625,0.15613,0.14222
mom-nse-top20-1m-ma200,tax-dated,2014-12-01,2019-12-01,0.03194,-0.14410,-0.15631,0.08482,0.08385,0.07764,0.14858,0.14820,0.13522
mom-nse-top20-1m-ma200,tax-dated,2015-01-01,2020-01-01,0.03790,-0.14421,-0.11068,0.09410,0.09284,0.08594,0.15458,0.15373,0.14069
mom-nse-top20-1m-ma200,tax-dated,2015-02-01,2020-02-01,0.02780,-0.14414,-0.19398,0.07134,0.07114,0.06563,0.13652,0.13564,0.12424
mom-nse-top20-1m-ma200,tax-dated,2015-03-01,2020-03-01,0.01431,-0.14398,-0.30668,0.06049,0.06049,0.05601,0.13332,0.13260,0.12133
mom-nse-top20-1m-ma200,tax-dated,2015-04-01,2020-04-01,0.02292,-0.14425,-0.24056,0.00513,0.00513,0.00513,0.07417,0.07417,0.06814
mom-nse-top20-1m-ma200,tax-dated,2015-05-01,2020-05-01,0.03102,-0.14412,-0.17889,0.05161,0.05161,0.04817,0.12195,0.12195,0.11103
mom-nse-top20-1m-ma200,tax-dated,2015-06-01,2020-06-01,0.02760,-0.14415,-0.21351,0.04456,0.04456,0.04195,0.10890,0.10890,0.09925
mom-nse-top20-1m-ma200,tax-dated,2015-07-01,2020-07-01,0.02632,-0.14412,-0.22963,0.05602,0.05602,0.05205,0.11517,0.11517,0.10490
mom-nse-top20-1m-ma200,tax-dated,2015-08-01,2020-08-01,0.02138,-0.14407,-0.27972,0.06667,0.06667,0.06148,0.11910,0.11818,0.10845
mom-nse-top20-1m-ma200,tax-dated,2015-09-01,2020-09-01,0.03926,-0.14396,-0.13355,0.09415,0.09397,0.08599,0.14390,0.14216,0.13095
mom-nse-top20-1m-ma200,tax-dated,2015-10-01,2020-10-01,0.04097,-0.15090,-0.11064,0.08855,0.08850,0.08097,0.13979,0.13762,0.12721
mom-nse-top20-1m-ma200,tax-dated,2015-11-01,2020-11-01,0.04003,-0.15090,-0.11609,0.08985,0.08934,0.08213,0.13774,0.13587,0.12535
mom-nse-top20-1m-ma200,tax-dated,2015-12-01,2020-12-01,0.05882,-0.15090,0.04437,0.11915,0.11604,0.10849,0.15807,0.15486,0.14388
mom-nse-top20-1m-ma200,tax-dated,2016-01-01,2021-01-01,0.07129,-0.15090,0.14604,0.13407,0.12958,0.12201,0.17356,0.16874,0.15806
mom-nse-top20-1m-ma200,tax-dated,2016-02-01,2021-02-01,0.07509,-0.15090,0.17523,0.15030,0.14530,0.13678,0.18534,0.18061,0.16889
mom-nse-top20-1m-ma200,tax-dated,2016-03-01,2021-03-01,0.08196,-0.15090,0.22531,0.16879,0.16300,0.15369,0.21366,0.20751,0.19502
mom-nse-top20-1m-ma200,tax-dated,2016-04-01,2021-04-01,0.09082,-0.15090,0.28674,0.15484,0.14905,0.14093,0.21192,0.20483,0.19341
mom-nse-top20-1m-ma200,tax-dated,2016-05-01,2021-05-01,0.09687,-0.15090,0.32114,0.14721,0.14177,0.13397,0.22144,0.21306,0.20223
mom-nse-top20-1m-ma200,tax-dated,2016-06-01,2021-06-01,0.10881,-0.15090,0.40159,0.15209,0.14550,0.13842,0.22716,0.21791,0.20754
mom-nse-top20-1m-ma200,tax-dated,2016-07-01,2021-07-01,0.10564,-0.15020,0.37968,0.14918,0.14247,0.13576,0.22948,0.21958,0.20969
mom-nse-top20-1m-ma200,tax-dated,2016-08-01,2021-08-01,0.10540,-0.14725,0.37560,0.14201,0.13527,0.12923,0.21930,0.20877,0.20025
mom-nse-top20-1m-ma200,tax-dated,2016-09-01,2021-09-01,0.11169,-0.14675,0.41993,0.15663,0.14844,0.14256,0.22392,0.21280,0.20453
mom-nse-top20-1m-ma200,tax-dated,2016-10-01,2021-10-01,0.11307,-0.14699,0.43172,0.16709,0.15837,0.15213,0.22806,0.21664,0.20837
mom-nse-top20-1m-ma200,tax-dated,2016-11-01,2021-11-01,0.12360,-0.14690,0.50223,0.17194,0.16281,0.15658,0.23496,0.22274,0.21478
mom-nse-top20-1m-ma200,tax-dated,2016-12-01,2021-12-01,0.12682,-0.15036,0.52884,0.17392,0.16541,0.15839,0.24422,0.23222,0.22339
mom-nse-top20-1m-ma200,tax-dated,2017-01-01,2022-01-01,0.13670,-0.15005,0.59261,0.17675,0.16803,0.16099,0.25612,0.24359,0.23448
mom-nse-top20-1m-ma200,tax-dated,2017-02-01,2022-02-01,0.13744,-0.15005,0.59095,0.16503,0.15626,0.15025,0.21213,0.20066,0.19360
mom-nse-top20-1m-ma200,tax-dated,2017-03-01,2022-03-01,0.13250,-0.14987,0.54627,0.14866,0.14075,0.13529,0.19967,0.18888,0.18209
mom-nse-top20-1m-ma200,tax-dated,2017-04-01,2022-04-01,0.11732,-0.15070,0.44571,0.15423,0.14549,0.14037,0.20375,0.19213,0.18586
mom-nse-top20-1m-ma200,tax-dated,2017-05-01,2022-05-01,0.10381,-0.17789,0.35637,0.14357,0.13545,0.13065,0.17957,0.16895,0.16358
mom-nse-top20-1m-ma200,tax-dated,2017-06-01,2022-06-01,0.10131,-0.17985,0.34228,0.12885,0.12137,0.11728,0.16100,0.15184,0.14655
mom-nse-top20-1m-ma200,tax-dated,2017-07-01,2022-07-01,0.10110,-0.17993,0.34046,0.11999,0.11334,0.10925,0.14102,0.13353,0.12833
mom-nse-top20-1m-ma200,tax-dated,2017-08-01,2022-08-01,0.08566,-0.18135,0.23955,0.12777,0.11954,0.11630,0.15103,0.14158,0.13745
mom-nse-top20-1m-ma200,tax-dated,2017-09-01,2022-09-01,0.09109,-0.18376,0.27648,0.13377,0.12527,0.12174,0.15532,0.14495,0.14137
mom-nse-top20-1m-ma200,tax-dated,2017-10-01,2022-10-01,0.09283,-0.18359,0.28654,0.13204,0.12394,0.12017,0.15366,0.14353,0.13985
mom-nse-top20-1m-ma200,tax-dated,2017-11-01,2022-11-01,0.07756,-0.18752,0.18565,0.13102,0.12205,0.11924,0.15299,0.14208,0.13924
mom-nse-top20-1m-ma200,tax-dated,2017-12-01,2022-12-01,0.08727,-0.20471,0.25174,0.14628,0.13661,0.13312,0.16101,0.15003,0.14657
mom-nse-top20-1m-ma200,tax-dated,2018-01-01,2023-01-01,0.07464,-0.22100,0.16523,0.13060,0.12168,0.11887,0.13565,0.12560,0.12345
mom-nse-top20-1m-ma200,tax-dated,2018-02-01,2023-02-01,0.05509,-0.24982,0.03245,0.11224,0.10393,0.10225,0.12006,0.11116,0.10932
mom-nse-top20-1m-ma200,tax-dated,2018-03-01,2023-03-01,0.06051,-0.27047,0.06875,0.12158,0.11257,0.11070,0.13079,0.12109,0.11903
mom-nse-top20-1m-ma200,tax-dated,2018-04-01,2023-04-01,0.06072,-0.28605,0.06932,0.12753,0.11807,0.11608,0.13400,0.12407,0.12195
mom-nse-top20-1m-ma200,tax-dated,2018-05-01,2023-05-01,0.05155,-0.28572,0.00652,0.12307,0.11394,0.11204,0.12873,0.11919,0.11717
mom-nse-top20-1m-ma200,tax-dated,2018-06-01,2023-06-01,0.05304,-0.28530,0.01673,0.12930,0.11972,0.11769,0.14893,0.13796,0.13554
mom-nse-top20-1m-ma200,tax-dated,2018-07-01,2023-07-01,0.06321,-0.28572,0.08749,0.13722,0.12706,0.12487,0.15801,0.14641,0.14382
mom-nse-top20-1m-ma200,tax-dated,2018-08-01,2023-08-01,0.05675,-0.28078,0.04255,0.13027,0.12061,0.11856,0.15718,0.14564,0.14306
mom-nse-top20-1m-ma200,tax-dated,2018-09-01,2023-09-01,0.05342,-0.28008,0.01815,0.12049,0.11155,0.10970,0.14800,0.13709,0.13469
mom-nse-top20-1m-ma200,tax-dated,2018-10-01,2023-10-01,0.06687,-0.28418,0.11191,0.13610,0.12603,0.12386,0.17581,0.16305,0.16013
mom-nse-top20-1m-ma200,tax-dated,2018-11-01,2023-11-01,0.07132,-0.28585,0.14351,0.14179,0.13132,0.12904,0.18193,0.16878,0.16575
mom-nse-top20-1m-ma200,tax-dated,2018-12-01,2023-12-01,0.09076,-0.28585,0.27817,0.14615,0.13537,0.13300,0.20341,0.18895,0.18555
mom-nse-top20-1m-ma200,tax-dated,2019-01-01,2024-01-01,0.10432,-0.28567,0.37258,0.16150,0.14968,0.14702,0.22122,0.20571,0.20202
mom-nse-top20-1m-ma200,tax-dated,2019-02-01,2024-02-01,0.10875,-0.28524,0.40172,0.16137,0.14955,0.14690,0.22469,0.20899,0.20524
mom-nse-top20-1m-ma200,tax-dated,2019-03-01,2024-03-01,0.12103,-0.28578,0.48335,0.16870,0.15640,0.15361,0.24141,0.22478,0.22078
mom-nse-top20-1m-ma200,tax-dated,2019-04-01,2024-04-01,0.11216,-0.28170,0.42038,0.15319,0.14192,0.13942,0.23600,0.21967,0.21574
mom-nse-top20-1m-ma200,tax-dated,2019-05-01,2024-05-01,0.11087,-0.27933,0.41116,0.15309,0.14184,0.13934,0.24122,0.22460,0.22060
mom-nse-top20-1m-ma200,tax-dated,2019-06-01,2024-06-01,0.10892,-0.27708,0.39889,0.14946,0.13845,0.13601,0.25655,0.23911,0.23488
mom-nse-top20-1m-ma200,tax-dated,2019-07-01,2024-07-01,0.12108,-0.27872,0.45884,0.16648,0.15432,0.15157,0.26814,0.25011,0.24570
mom-nse-top20-1m-ma200,tax-dated,2019-08-01,2024-08-01,0.14774,-0.28562,0.62019,0.19261,0.17558,0.17558,0.30115,0.27662,0.27662
mom-nse-top20-1m-ma200,tax-dated,2019-09-01,2024-09-01,0.15034,-0.28562,0.62841,0.19386,0.17674,0.17674,0.30252,0.27791,0.27791
mom-nse-top20-1m-ma200,tax-dated,2019-10-01,2024-10-01,0.15789,-0.28562,0.66895,0.19193,0.17496,0.17496,0.29592,0.27172,0.27172
mom-nse-top20-1m-ma200,tax-dated,2019-11-01,2024-11-01,0.14019,-0.28426,0.56437,0.16694,0.15200,0.15200,0.26574,0.24346,0.24346
mom-nse-top20-1m-ma200,tax-dated,2019-12-01,2024-12-01,0.13746,-0.28452,0.54565,0.16218,0.14763,0.14763,0.25859,0.23678,0.23678
mom-nse-top20-1m-ma200,tax-dated,2020-01-01,2025-01-01,0.13592,-0.28409,0.53609,0.15598,0.14197,0.14197,0.24390,0.22309,0.22309
mom-nse-top20-1m-ma200,tax-dated,2020-02-01,2025-02-01,0.13372,-0.28348,0.52421,0.16380,0.14912,0.14912,0.21662,0.19777,0.19777
mom-nse-top20-1m-ma200,tax-dated,2020-03-01,2025-03-01,0.14508,-0.28556,0.59547,0.15961,0.14529,0.14529,0.19321,0.17614,0.17614
mom-nse-top20-1m-ma200,tax-dated,2020-04-01,2025-04-01,0.13951,-0.28556,0.56273,0.24335,0.22258,0.22258,0.26293,0.24083,0.24083
mom-nse-top20-1m-ma200,tax-dated,2020-05-01,2025-05-01,0.13984,-0.28556,0.56273,0.21179,0.19329,0.19329,0.23579,0.21554,0.21554
mom-nse-top20-1m-ma200,tax-dated,2020-06-01,2025-06-01,0.14184,-0.28556,0.57001,0.21702,0.19813,0.19813,0.24924,0.22807,0.22807
mom-nse-top20-1m-ma200,tax-dated,2020-07-01,2025-07-01,0.14896,-0.28556,0.61078,0.21071,0.19229,0.19229,0.25087,0.22958,0.22958
mom-nse-top20-1m-ma200,tax-dated,2020-08-01,2025-08-01,0.13901,-0.28556,0.55048,0.18700,0.17042,0.17042,0.21755,0.19862,0.19862
mom-nse-top20-1m-ma200,tax-today,2008-02-01,2013-02-01,0.05186,-0.22155,0.03234,0.03592,0.03592,0.03438,0.02342,0.02342,0.02342
mom-nse-top20-1m-ma200,tax-today,2008-03-01,2013-03-01,0.05516,-0.22681,0.04524,0.02970,0.02970,0.02895,0.02703,0.02703,0.02662
mom-nse-top20-1m-ma200,tax-today,2008-04-01,2013-04-01,0.05498,-0.22681,0.04471,0.04945,0.04945,0.04626,0.07055,0.07055,0.06492
mom-nse-top20-1m-ma200,tax-today,2008-05-01,2013-05-01,0.05926,-0.22681,0.07147,0.03953,0.03953,0.03755,0.05392,0.05392,0.05020
mom-nse-top20-1m-ma200,tax-today,2008-06-01,2013-06-01,0.07812,-0.22723,0.18383,0.05429,0.05429,0.05052,0.07512,0.07512,0.06899
mom-nse-top20-1m-ma200,tax-today,2008-07-01,2013-07-01,0.07580,-0.22723,0.17042,0.09942,0.09942,0.09072,0.14111,0.14111,0.12841
mom-nse-top20-1m-ma200,tax-today,2008-08-01,2013-08-01,0.07652,-0.22723,0.17459,0.06611,0.06611,0.06098,0.09740,0.09740,0.08891
mom-nse-top20-1m-ma200,tax-today,2008-09-01,2013-09-01,0.07661,-0.22723,0.17497,0.05936,0.05936,0.05500,0.09064,0.09064,0.08284
mom-nse-top20-1m-ma200,tax-today,2008-10-01,2013-10-01,0.07652,-0.22723,0.17497,0.09178,0.09178,0.08387,0.13588,0.13588,0.12365
mom-nse-top20-1m-ma200,tax-today,2008-11-01,2013-11-01,0.07615,-0.22723,0.17154,0.18313,0.18313,0.16685,0.22532,0.22532,0.20583
mom-nse-top20-1m-ma200,tax-today,2008-12-01,2013-12-01,0.06928,-0.22723,0.13160,0.19549,0.19549,0.17824,0.22922,0.22922,0.20945
mom-nse-top20-1m-ma200,tax-today,2009-01-01,2014-01-01,0.07593,-0.22723,0.17042,0.17089,0.17089,0.15561,0.20948,0.20948,0.19116
mom-nse-top20-1m-ma200,tax-today,2009-02-01,2014-02-01,0.07130,-0.22723,0.14225,0.17517,0.17517,0.15955,0.21381,0.21381,0.19516
mom-nse-top20-1m-ma200,tax-today,2009-03-01,2014-03-01,0.07604,-0.22723,0.16969,0.19168,0.19168,0.17472,0.22937,0.22937,0.20959
mom-nse-top20-1m-ma200,tax-today,2009-04-01,2014-04-01,0.08047,-0.22723,0.19515,0.18381,0.18381,0.16748,0.21371,0.21371,0.19506
mom-nse-top20-1m-ma200,tax-today,2009-05-01,2014-05-01,0.08251,-0.22723,0.20561,0.15333,0.15333,0.13955,0.20257,0.20257,0.18477
mom-nse-top20-1m-ma200,tax-today,2009-06-01,2014-06-01,0.06592,-0.22899,0.10719,0.11085,0.11085,0.10101,0.17730,0.17730,0.16150
mom-nse-top20-1m-ma200,tax-today,2009-07-01,2014-07-01,0.08518,-0.23158,0.23231,0.13287,0.13287,0.12092,0.19900,0.19900,0.18148
mom-nse-top20-1m-ma200,tax-today,2009-08-01,2014-08-01,0.06279,-0.22243,0.08319,0.11721,0.11721,0.10674,0.17436,0.17436,0.15880
mom-nse-top20-1m-ma200,tax-today,2009-09-01,2014-09-01,0.07524,-0.22281,0.17113,0.12994,0.12994,0.11827,0.19506,0.19506,0.17784
mom-nse-top20-1m-ma200,tax-today,2009-10-01,2014-10-01,0.05224,-0.20915,0.00575,0.10646,0.10646,0.09705,0.18264,0.18264,0.16640
mom-nse-top20-1m-ma200,tax-today,2009-11-01,2014-11-01,0.07502,-0.21970,0.16974,0.13380,0.13380,0.12177,0.20627,0.20627,0.18818
mom-nse-top20-1m-ma200,tax-today,2009-12-01,2014-12-01,0.06009,-0.20306,0.06104,0.12120,0.12120,0.11035,0.19070,0.19070,0.17382
mom-nse-top20-1m-ma200,tax-today,2010-01-01,2015-01-01,0.04899,-0.19563,-0.02589,0.11054,0.11054,0.10072,0.18516,0.18516,0.16873
mom-nse-top20-1m-ma200,tax-today,2010-02-01,2015-02-01,0.07187,-0.20529,0.14746,0.13777,0.13777,0.12537,0.21229,0.21229,0.19376
mom-nse-top20-1m-ma200,tax-today,2010-03-01,2015-03-01,0.06552,-0.20084,0.09947,0.13907,0.13907,0.12655,0.21651,0.21651,0.19766
mom-nse-top20-1m-ma200,tax-today,2010-04-01,2015-04-01,0.05570,-0.19270,0.02616,0.11502,0.11502,0.10476,0.20785,0.20785,0.18964
mom-nse-top20-1m-ma200,tax-today,2010-05-01,2015-05-01,0.04860,-0.19416,-0.02728,0.10475,0.10475,0.09551,0.19134,0.19134,0.17442
mom-nse-top20-1m-ma200,tax-today,2010-06-01,2015-06-01,0.06641,-0.20514,0.10780,0.12480,0.12480,0.11361,0.21869,0.21869,0.19968
mom-nse-top20-1m-ma200,tax-today,2010-07-01,2015-07-01,0.06870,-0.20514,0.12517,0.11287,0.11287,0.10283,0.21196,0.21196,0.19344
mom-nse-top20-1m-ma200,tax-today,2010-08-01,2015-08-01,0.06894,-0.19949,0.12645,0.11037,0.11037,0.10057,0.21020,0.21020,0.19182
mom-nse-top20-1m-ma200,tax-today,2010-09-01,2015-09-01,0.04947,-0.19333,-0.01445,0.08597,0.08597,0.07867,0.17846,0.17846,0.16257
mom-nse-top20-1m-ma200,tax-today,2010-10-01,2015-10-01,0.02719,-0.18750,-0.18350,0.06548,0.06548,0.06042,0.16966,0.16966,0.15448
mom-nse-top20-1m-ma200,tax-today,2010-11-01,2015-11-01,0.02748,-0.18774,-0.18575,0.06942,0.06942,0.06392,0.15728,0.15728,0.14315
mom-nse-top20-1m-ma200,tax-today,2010-12-01,2015-12-01,0.02867,-0.16483,-0.18212,0.07206,0.07206,0.06627,0.15550,0.15550,0.14153
mom-nse-top20-1m-ma200,tax-today,2011-01-01,2016-01-01,0.02481,-0.16662,-0.21617,0.06603,0.06603,0.06091,0.16809,0.16809,0.15305
mom-nse-top20-1m-ma200,tax-today,2011-02-01,2016-02-01,0.04443,-0.14103,-0.06482,0.08148,0.08148,0.07466,0.18223,0.18223,0.16602
mom-nse-top20-1m-ma200,tax-today,2011-03-01,2016-03-01,0.04441,-0.14103,-0.06519,0.06761,0.06761,0.06231,0.16191,0.16191,0.14739
mom-nse-top20-1m-ma200,tax-today,2011-04-01,2016-04-01,0.04220,-0.14103,-0.08202,0.07054,0.07054,0.06492,0.16433,0.16433,0.14961
mom-nse-top20-1m-ma200,tax-today,2011-05-01,2016-05-01,0.04212,-0.14044,-0.08596,0.07708,0.07708,0.07074,0.16911,0.16911,0.15398
mom-nse-top20-1m-ma200,tax-today,2011-06-01,2016-06-01,0.04162,-0.14044,-0.08985,0.09211,0.09211,0.08416,0.17998,0.17998,0.16396
mom-nse-top20-1m-ma200,tax-today,2011-07-01,2016-07-01,0.04730,-0.14044,-0.04248,0.09468,0.09468,0.08647,0.18497,0.18497,0.16855
mom-nse-top20-1m-ma200,tax-today,2011-08-01,2016-08-01,0.05702,-0.14044,0.03616,0.10716,0.10716,0.09768,0.20794,0.20794,0.18974
mom-nse-top20-1m-ma200,tax-today,2011-09-01,2016-09-01,0.06330,-0.14044,0.08583,0.13264,0.13264,0.12071,0.23121,0.23121,0.21129
mom-nse-top20-1m-ma200,tax-today,2011-10-01,2016-10-01,0.05975,-0.14044,0.05972,0.13102,0.13102,0.11924,0.23364,0.23364,0.21355
mom-nse-top20-1m-ma200,tax-today,2011-11-01,2016-11-01,0.06092,-0.14044,0.06959,0.11765,0.11765,0.10714,0.22844,0.22844,0.20872
mom-nse-top20-1m-ma200,tax-today,2011-12-01,2016-12-01,0.05022,-0.14044,-0.00729,0.12024,0.12024,0.10948,0.22328,0.22328,0.20394
mom-nse-top20-1m-ma200,tax-today,2012-01-01,2017-01-01,0.04784,-0.14044,-0.02382,0.13479,0.13479,0.12266,0.23011,0.23011,0.21027
mom-nse-top20-1m-ma200,tax-today,2012-02-01,2017-02-01,0.04932,-0.14044,-0.01274,0.12078,0.12078,0.10997,0.24977,0.24977,0.22856
mom-nse-top20-1m-ma200,tax-today,2012-03-01,2017-03-01,0.04116,-0.14022,-0.07383,0.12244,0.12244,0.11148,0.24492,0.24492,0.22404
mom-nse-top20-1m-ma200,tax-today,2012-04-01,2017-04-01,0.04132,-0.14043,-0.07426,0.13020,0.13020,0.11850,0.24610,0.24610,0.22514
mom-nse-top20-1m-ma200,tax-today,2012-05-01,2017-05-01,0.04733,-0.14031,-0.03015,0.13543,0.13543,0.12325,0.25848,0.25848,0.23668
mom-nse-top20-1m-ma200,tax-today,2012-06-01,2017-06-01,0.06212,-0.14020,0.07944,0.16115,0.16115,0.14670,0.27090,0.27090,0.24828
mom-nse-top20-1m-ma200,tax-today,2012-07-01,2017-07-01,0.06020,-0.14020,0.06533,0.13879,0.13879,0.12631,0.25219,0.25219,0.23081
mom-nse-top20-1m-ma200,tax-today,2012-08-01,2017-08-01,0.07497,-0.14012,0.17364,0.15452,0.15452,0.14064,0.26897,0.26897,0.24647
mom-nse-top20-1m-ma200,tax-today,2012-09-01,2017-09-01,0.07336,-0.14007,0.16120,0.15048,0.15048,0.13695,0.27439,0.27439,0.25154
mom-nse-top20-1m-ma200,tax-today,2012-10-01,2017-10-01,0.05752,-0.14022,0.04572,0.12709,0.12709,0.11568,0.25032,0.25032,0.22907
mom-nse-top20-1m-ma200,tax-today,2012-11-01,2017-11-01,0.07008,-0.13982,0.13722,0.14469,0.14469,0.13167,0.26899,0.26899,0.24649
mom-nse-top20-1m-ma200,tax-today,2012-12-01,2017-12-01,0.05280,-0.13984,0.01025,0.12840,0.12840,0.11687,0.24480,0.24480,0.22393
mom-nse-top20-1m-ma200,tax-today,2013-01-01,2018-01-01,0.05943,-0.13991,0.05941,0.13251,0.13251,0.12060,0.25838,0.25838,0.23658
mom-nse-top20-1m-ma200,tax-today,2013-02-01,2018-02-01,0.06657,-0.13983,0.11117,0.14308,0.14308,0.13021,0.26468,0.26468,0.24246
mom-nse-top20-1m-ma200,tax-today,2013-03-01,2018-03-01,0.06961,-0.13997,0.13340,0.14232,0.14232,0.12951,0.26089,0.26089,0.23892
mom-nse-top20-1m-ma200,tax-today,2013-04-01,2018-04-01,0.06676,-0.13998,0.11222,0.13557,0.13557,0.12338,0.25600,0.25600,0.23436
mom-nse-top20-1m-ma200,tax-today,2013-05-01,2018-05-01,0.07216,-0.14038,0.15132,0.14039,0.14039,0.12776,0.26045,0.26045,0.23852
mom-nse-top20-1m-ma200,tax-today,2013-06-01,2018-06-01,0.07443,-0.14035,0.16736,0.13701,0.13701,0.12468,0.24607,0.24607,0.22511
mom-nse-top20-1m-ma200,tax-today,2013-07-01,2018-07-01,0.07542,-0.14034,0.17515,0.14080,0.14080,0.12813,0.24990,0.24990,0.22868
mom-nse-top20-1m-ma200,tax-today,2013-08-01,2018-08-01,0.09004,-0.14043,0.28265,0.16077,0.16077,0.14635,0.26292,0.26266,0.24082
mom-nse-top20-1m-ma200,tax-today,2013-09-01,2018-09-01,0.09320,-0.14043,0.30399,0.17846,0.17790,0.16256,0.29019,0.28860,0.26633
mom-nse-top20-1m-ma200,tax-today,2013-10-01,2018-10-01,0.08253,-0.14043,0.22734,0.15170,0.15170,0.13806,0.25045,0.25045,0.22919
mom-nse-top20-1m-ma200,tax-today,2013-11-01,2018-11-01,0.07521,-0.14043,0.17328,0.11865,0.11865,0.10804,0.21992,0.21992,0.20082
mom-nse-top20-1m-ma200,tax-today,2013-12-01,2018-12-01,0.08017,-0.14033,0.20820,0.13388,0.13388,0.12185,0.23611,0.23611,0.21585
mom-nse-top20-1m-ma200,tax-today,2014-01-01,2019-01-01,0.07528,-0.14404,0.17374,0.13007,0.13007,0.11839,0.22665,0.22665,0.20706
mom-nse-top20-1m-ma200,tax-today,2014-02-01,2019-02-01,0.08822,-0.14406,0.26408,0.13747,0.13747,0.12510,0.23796,0.23796,0.21756
mom-nse-top20-1m-ma200,tax-today,2014-03-01,2019-03-01,0.08515,-0.14404,0.24281,0.13018,0.13018,0.11848,0.22764,0.22764,0.20798
mom-nse-top20-1m-ma200,tax-today,2014-04-01,2019-04-01,0.07869,-0.14424,0.19899,0.13094,0.13055,0.11917,0.23479,0.23418,0.21462
mom-nse-top20-1m-ma200,tax-today,2014-05-01,2019-05-01,0.08229,-0.14412,0.22468,0.13329,0.13274,0.12131,0.23461,0.23348,0.21445
mom-nse-top20-1m-ma200,tax-today,2014-06-01,2019-06-01,0.06709,-0.14442,0.11552,0.11935,0.11855,0.10868,0.21977,0.21903,0.20068
mom-nse-top20-1m-ma200,tax-today,2014-07-01,2019-07-01,0.05671,-0.14404,0.04030,0.10598,0.10531,0.09661,0.19548,0.19488,0.17823
mom-nse-top20-1m-ma200,tax-today,2014-08-01,2019-08-01,0.05087,-0.14430,-0.00393,0.08985,0.08985,0.08214,0.17443,0.17443,0.15886
mom-nse-top20-1m-ma200,tax-today,2014-09-01,2019-09-01,0.03707,-0.14419,-0.11110,0.07909,0.07909,0.07253,0.15466,0.15466,0.14076
mom-nse-top20-1m-ma200,tax-today,2014-10-01,2019-10-01,0.04261,-0.14393,-0.07007,0.08775,0.08775,0.08026,0.16178,0.16178,0.14727
mom-nse-top20-1m-ma200,tax-today,2014-11-01,2019-11-01,0.03833,-0.14418,-0.10648,0.08786,0.08715,0.08036,0.15625,0.15613,0.14222
mom-nse-top20-1m-ma200,tax-today,2014-12-01,2019-12-01,0.02909,-0.14414,-0.17892,0.08482,0.08385,0.07764,0.14858,0.14820,0.13522
mom-nse-top20-1m-ma200,tax-today,2015-01-01,2020-01-01,0.03483,-0.14444,-0.13482,0.09410,0.09284,0.08594,0.15458,0.15373,0.14069
mom-nse-top20-1m-ma200,tax-today,2015-02-01,2020-02-01,0.02336,-0.14412,-0.22909,0.07134,0.07114,0.06563,0.13652,0.13564,0.12424
mom-nse-top20-1m-ma200,tax-today,2015-03-01,2020-03-01,0.01096,-0.14405,-0.33328,0.06049,0.06049,0.05601,0.13332,0.13260,0.12133
mom-nse-top20-1m-ma200,tax-today,2015-04-01,2020-04-01,0.01883,-0.14414,-0.27431,0.00513,0.00513,0.00513,0.07417,0.07417,0.06814
mom-nse-top20-1m-ma200,tax-today,2015-05-01,2020-05-01,0.02772,-0.14440,-0.20632,0.05161,0.05161,0.04817,0.12195,0.12195,0.11103
mom-nse-top20-1m-ma200,tax-today,2015-06-01,2020-06-01,0.02387,-0.14416,-0.24521,0.04456,0.04456,0.04195,0.10890,0.10890,0.09925
mom-nse-top20-1m-ma200,tax-today,2015-07-01,2020-07-01,0.02232,-0.14410,-0.26424,0.05602,0.05602,0.05205,0.11517,0.11517,0.10490
mom-nse-top20-1m-ma200,tax-today,2015-08-01,2020-08-01,0.01741,-0.14422,-0.31496,0.06667,0.06667,0.06148,0.11910,0.11818,0.10845
mom-nse-top20-1m-ma200,tax-today,2015-09-01,2020-09-01,0.03596,-0.14399,-0.16344,0.09415,0.09397,0.08599,0.14390,0.14216,0.13095
mom-nse-top20-1m-ma200,tax-today,2015-10-01,2020-10-01,0.03756,-0.15369,-0.14027,0.08855,0.08850,0.08097,0.13979,0.13762,0.12721
mom-nse-top20-1m-ma200,tax-today,2015-11-01,2020-11-01,0.03666,-0.15369,-0.14498,0.08985,0.08934,0.08213,0.13774,0.13587,0.12535
mom-nse-top20-1m-ma200,tax-today,2015-12-01,2020-12-01,0.05432,-0.15369,0.00715,0.11915,0.11604,0.10849,0.15807,0.15486,0.14388
mom-nse-top20-1m-ma200,tax-today,2016-01-01,2021-01-01,0.06604,-0.15369,0.10417,0.13407,0.12958,0.12201,0.17356,0.16874,0.15806
mom-nse-top20-1m-ma200,tax-today,2016-02-01,2021-02-01,0.06984,-0.15369,0.13420,0.15030,0.14530,0.13678,0.18534,0.18061,0.16889
mom-nse-top20-1m-ma200,tax-today,2016-03-01,2021-03-01,0.07640,-0.15369,0.18340,0.16879,0.16300,0.15369,0.21366,0.20751,0.19502
mom-nse-top20-1m-ma200,tax-today,2016-04-01,2021-04-01,0.08465,-0.15369,0.24159,0.15484,0.14905,0.14093,0.21192,0.20483,0.19341
mom-nse-top20-1m-ma200,tax-today,2016-05-01,2021-05-01,0.09039,-0.15369,0.27536,0.14721,0.14177,0.13397,0.22144,0.21306,0.20223
mom-nse-top20-1m-ma200,tax-today,2016-06-01,2021-06-01,0.10204,-0.15369,0.35407,0.15209,0.14550,0.13842,0.22716,0.21791,0.20754
mom-nse-top20-1m-ma200,tax-today,2016-07-01,2021-07-01,0.09932,-0.15386,0.33529,0.14918,0.14247,0.13576,0.22948,0.21958,0.20969
mom-nse-top20-1m-ma200,tax-today,2016-08-01,2021-08-01,0.09731,-0.15411,0.31955,0.14201,0.13527,0.12923,0.21930,0.20877,0.20025
mom-nse-top20-1m-ma200,tax-today,2016-09-01,2021-09-01,0.10468,-0.15444,0.37145,0.15663,0.14844,0.14256,0.22392,0.21280,0.20453
mom-nse-top20-1m-ma200,tax-today,2016-10-01,2021-10-01,0.10701,-0.15472,0.38972,0.16709,0.15837,0.15213,0.22806,0.21664,0.20837
mom-nse-top20-1m-ma200,tax-today,2016-11-01,2021-11-01,0.11755,-0.15355,0.46127,0.17194,0.16281,0.15658,0.23496,0.22274,0.21478
mom-nse-top20-1m-ma200,tax-today,2016-12-01,2021-12-01,0.12326,-0.15312,0.50465,0.17392,0.16541,0.15839,0.24422,0.23222,0.22339
mom-nse-top20-1m-ma200,tax-today,2017-01-01,2022-01-01,0.13303,-0.15383,0.56764,0.17675,0.16803,0.16099,0.25612,0.24359,0.23448
mom-nse-top20-1m-ma200,tax-today,2017-02-01,2022-02-01,0.13398,-0.15383,0.56795,0.16503,0.15626,0.15025,0.21213,0.20066,0.19360
mom-nse-top20-1m-ma200,tax-today,2017-03-01,2022-03-01,0.12915,-0.15309,0.52515,0.14866,0.14075,0.13529,0.19967,0.18888,0.18209
mom-nse-top20-1m-ma200,tax-today,2017-04-01,2022-04-01,0.11300,-0.15530,0.41668,0.15423,0.14549,0.14037,0.20375,0.19213,0.18586
mom-nse-top20-1m-ma200,tax-today,2017-05-01,2022-05-01,0.09968,-0.18573,0.32873,0.14357,0.13545,0.13065,0.17957,0.16895,0.16358
mom-nse-top20-1m-ma200,tax-today,2017-06-01,2022-06-01,0.09706,-0.18791,0.31361,0.12885,0.12137,0.11728,0.16100,0.15184,0.14655
mom-nse-top20-1m-ma200,tax-today,2017-07-01,2022-07-01,0.09675,-0.18795,0.31112,0.11999,0.11334,0.10925,0.14102,0.13353,0.12833
mom-nse-top20-1m-ma200,tax-today,2017-08-01,2022-08-01,0.08075,-0.18886,0.20630,0.12777,0.11954,0.11630,0.15103,0.14158,0.13745
mom-nse-top20-1m-ma200,tax-today,2017-09-01,2022-09-01,0.08605,-0.19139,0.24233,0.13377,0.12527,0.12174,0.15532,0.14495,0.14137
mom-nse-top20-1m-ma200,tax-today,2017-10-01,2022-10-01,0.08905,-0.19144,0.26090,0.13204,0.12394,0.12017,0.15366,0.14353,0.13985
mom-nse-top20-1m-ma200,tax-today,2017-11-01,2022-11-01,0.07418,-0.19474,0.16269,0.13102,0.12205,0.11924,0.15299,0.14208,0.13924
mom-nse-top20-1m-ma200,tax-today,2017-12-01,2022-12-01,0.08326,-0.21215,0.22432,0.14628,0.13661,0.13312,0.16101,0.15003,0.14657
mom-nse-top20-1m-ma200,tax-today,2018-01-01,2023-01-01,0.07116,-0.22780,0.14169,0.13060,0.12168,0.11887,0.13565,0.12560,0.12345
mom-nse-top20-1m-ma200,tax-today,2018-02-01,2023-02-01,0.05205,-0.25684,0.01203,0.11224,0.10393,0.10225,0.12006,0.11116,0.10932
mom-nse-top20-1m-ma200,tax-today,2018-03-01,2023-03-01,0.05685,-0.27751,0.04398,0.12158,0.11257,0.11070,0.13079,0.12109,0.11903
mom-nse-top20-1m-ma200,tax-today,2018-04-01,2023-04-01,0.05723,-0.29257,0.04579,0.12753,0.11807,0.11608,0.13400,0.12407,0.12195
mom-nse-top20-1m-ma200,tax-today,2018-05-01,2023-05-01,0.04854,-0.29276,-0.01375,0.12307,0.11394,0.11204,0.12873,0.11919,0.11717
mom-nse-top20-1m-ma200,tax-today,2018-06-01,2023-06-01,0.05012,-0.29235,-0.00312,0.12930,0.11972,0.11769,0.14893,0.13796,0.13554
mom-nse-top20-1m-ma200,tax-today,2018-07-01,2023-07-01,0.06033,-0.29277,0.06782,0.13722,0.12706,0.12487,0.15801,0.14641,0.14382
mom-nse-top20-1m-ma200,tax-today,2018-08-01,2023-08-01,0.05472,-0.28532,0.02860,0.13027,0.12061,0.11856,0.15718,0.14564,0.14306
mom-nse-top20-1m-ma200,tax-today,2018-09-01,2023-09-01,0.05153,-0.28484,0.00525,0.12049,0.11155,0.10970,0.14800,0.13709,0.13469
mom-nse-top20-1m-ma200,tax-today,2018-10-01,2023-10-01,0.06457,-0.28970,0.09611,0.13610,0.12603,0.12386,0.17581,0.16305,0.16013
mom-nse-top20-1m-ma200,tax-today,2018-11-01,2023-11-01,0.06866,-0.29204,0.12478,0.14179,0.13132,0.12904,0.18193,0.16878,0.16575
mom-nse-top20-1m-ma200,tax-today,2018-12-01,2023-12-01,0.08802,-0.29204,0.25866,0.14615,0.13537,0.13300,0.20341,0.18895,0.18555
mom-nse-top20-1m-ma200,tax-today,2019-01-01,2024-01-01,0.10074,-0.29215,0.34699,0.16150,0.14968,0.14702,0.22122,0.20571,0.20202
mom-nse-top20-1m-ma200,tax-today,2019-02-01,2024-02-01,0.10469,-0.29231,0.37273,0.16137,0.14955,0.14690,0.22469,0.20899,0.20524
mom-nse-top20-1m-ma200,tax-today,2019-03-01,2024-03-01,0.11637,-0.29193,0.45031,0.16870,0.15640,0.15361,0.24141,0.22478,0.22078
mom-nse-top20-1m-ma200,tax-today,2019-04-01,2024-04-01,0.10820,-0.28618,0.39246,0.15319,0.14192,0.13942,0.23600,0.21967,0.21574
mom-nse-top20-1m-ma200,tax-today,2019-05-01,2024-05-01,0.10686,-0.28356,0.38306,0.15309,0.14184,0.13934,0.24122,0.22460,0.22060
mom-nse-top20-1m-ma200,tax-today,2019-06-01,2024-06-01,0.10641,-0.28016,0.38149,0.14946,0.13845,0.13601,0.25655,0.23911,0.23488
mom-nse-top20-1m-ma200,tax-today,2019-07-01,2024-07-01,0.11785,-0.28193,0.43754,0.16648,0.15432,0.15157,0.26814,0.25011,0.24570
mom-nse-top20-1m-ma200,tax-today,2019-08-01,2024-08-01,0.14552,-0.29210,0.60517,0.19261,0.17558,0.17558,0.30115,0.27662,0.27662
mom-nse-top20-1m-ma200,tax-today,2019-09-01,2024-09-01,0.14812,-0.29210,0.61352,0.19386,0.17674,0.17674,0.30252,0.27791,0.27791
mom-nse-top20-1m-ma200,tax-today,2019-10-01,2024-10-01,0.15562,-0.29210,0.65390,0.19193,0.17496,0.17496,0.29592,0.27172,0.27172
mom-nse-top20-1m-ma200,tax-today,2019-11-01,2024-11-01,0.13861,-0.28997,0.55360,0.16694,0.15200,0.15200,0.26574,0.24346,0.24346
mom-nse-top20-1m-ma200,tax-today,2019-12-01,2024-12-01,0.13546,-0.29017,0.53268,0.16218,0.14763,0.14763,0.25859,0.23678,0.23678
mom-nse-top20-1m-ma200,tax-today,2020-01-01,2025-01-01,0.13435,-0.28937,0.52560,0.15598,0.14197,0.14197,0.24390,0.22309,0.22309
mom-nse-top20-1m-ma200,tax-today,2020-02-01,2025-02-01,0.13276,-0.28786,0.51781,0.16380,0.14912,0.14912,0.21662,0.19777,0.19777
mom-nse-top20-1m-ma200,tax-today,2020-03-01,2025-03-01,0.14252,-0.29233,0.57851,0.15961,0.14529,0.14529,0.19321,0.17614,0.17614
mom-nse-top20-1m-ma200,tax-today,2020-04-01,2025-04-01,0.13685,-0.29233,0.54522,0.24335,0.22258,0.22258,0.26293,0.24083,0.24083
mom-nse-top20-1m-ma200,tax-today,2020-05-01,2025-05-01,0.13717,-0.29233,0.54522,0.21179,0.19329,0.19329,0.23579,0.21554,0.21554
mom-nse-top20-1m-ma200,tax-today,2020-06-01,2025-06-01,0.13919,-0.29233,0.55278,0.21702,0.19813,0.19813,0.24924,0.22807,0.22807
mom-nse-top20-1m-ma200,tax-today,2020-07-01,2025-07-01,0.14631,-0.29233,0.59357,0.21071,0.19229,0.19229,0.25087,0.22958,0.22958
mom-nse-top20-1m-ma200,tax-today,2020-08-01,2025-08-01,0.13641,-0.29233,0.53373,0.18700,0.17042,0.17042,0.21755,0.19862,0.19862
mom-nse-top20-6m,cost,2008-02-01,2013-02-01,0.02324,-0.55831,-0.03306,0.03592,0.03592,0.03438,0.02342,0.02342,0.02342
mom-nse-top20-6m,cost,2008-03-01,2013-03-01,0.02994,-0.51775,-0.01171,0.02970,0.02970,0.02895,0.02703,0.02703,0.02662
mom-nse-top20-6m,cost,2008-04-01,2013-04-01,0.04772,-0.50740,0.05937,0.04945,0.04945,0.04626,0.07055,0.07055,0.06492
mom-nse-top20-6m,cost,2008-05-01,2013-05-01,0.05264,-0.50650,0.07923,0.03953,0.03953,0.03755,0.05392,0.05392,0.05020
mom-nse-top20-6m,cost,2008-06-01,2013-06-01,0.07873,-0.45066,0.18906,0.05429,0.05429,0.05052,0.07512,0.07512,0.06899
mom-nse-top20-6m,cost,2008-07-01,2013-07-01,0.12236,-0.39560,0.36856,0.09942,0.09942,0.09072,0.14111,0.14111,0.12841
mom-nse-top20-6m,cost,2008-08-01,2013-08-01,0.12240,-0.35626,0.37543,0.06611,0.06611,0.06098,0.09740,0.09740,0.08891
mom-nse-top20-6m,cost,2008-09-01,2013-09-01,0.11302,-0.35919,0.33347,0.05936,0.05936,0.05500,0.09064,0.09064,0.08284
mom-nse-top20-6m,cost,2008-10-01,2013-10-01,0.14729,-0.28560,0.47991,0.09178,0.09178,0.08387,0.13588,0.13588,0.12365
mom-nse-top20-6m,cost,2008-11-01,2013-11-01,0.20282,-0.16909,0.73679,0.18313,0.18313,0.16685,0.22532,0.22532,0.20583
mom-nse-top20-6m,cost,2008-12-01,2013-12-01,0.22192,-0.16515,0.81994,0.19549,0.19549,0.17824,0.22922,0.22922,0.20945
mom-nse-top20-6m,cost,2009-01-01,2014-01-01,0.19941,-0.16618,0.74062,0.17089,0.17089,0.15561,0.20948,0.20948,0.19116
mom-nse-top20-6m,cost,2009-02-01,2014-02-01,0.20274,-0.16770,0.77465,0.17517,0.17517,0.15955,0.21381,0.21381,0.19516
mom-nse-top20-6m,cost,2009-03-01,2014-03-01,0.21422,-0.16297,0.82402,0.19168,0.19168,0.17472,0.22937,0.22937,0.20959
mom-nse-top20-6m,cost,2009-04-01,2014-04-01,0.19708,-0.16920,0.75664,0.18381,0.18381,0.16748,0.21371,0.21371,0.19506
mom-nse-top20-6m,cost,2009-05-01,2014-05-01,0.16718,-0.16780,0.62133,0.15333,0.15333,0.13955,0.20257,0.20257,0.18477
mom-nse-top20-6m,cost,2009-06-01,2014-06-01,0.14159,-0.16713,0.52237,0.11085,0.11085,0.10101,0.17730,0.17730,0.16150
mom-nse-top20-6m,cost,2009-07-01,2014-07-01,0.16836,-0.16673,0.67787,0.13287,0.13287,0.12092,0.19900,0.19900,0.18148
mom-nse-top20-6m,cost,2009-08-01,2014-08-01,0.15007,-0.16675,0.58864,0.11721,0.11721,0.10674,0.17436,0.17436,0.15880
mom-nse-top20-6m,cost,2009-09-01,2014-09-01,0.16711,-0.16553,0.69038,0.12994,0.12994,0.11827,0.19506,0.19506,0.17784
mom-nse-top20-6m,cost,2009-10-01,2014-10-01,0.13878,-0.16554,0.53340,0.10646,0.10646,0.09705,0.18264,0.18264,0.16640
mom-nse-top20-6m,cost,2009-11-01,2014-11-01,0.16752,-0.16453,0.69407,0.13380,0.13380,0.12177,0.20627,0.20627,0.18818
mom-nse-top20-6m,cost,2009-12-01,2014-12-01,0.13961,-0.16253,0.54910,0.12120,0.12120,0.11035,0.19070,0.19070,0.17382
mom-nse-top20-6m,cost,2010-01-01,2015-01-01,0.12138,-0.16180,0.44340,0.11054,0.11054,0.10072,0.18516,0.18516,0.16873
mom-nse-top20-6m,cost,2010-02-01,2015-02-01,0.15417,-0.16805,0.63209,0.13777,0.13777,0.12537,0.21229,0.21229,0.19376
mom-nse-top20-6m,cost,2010-03-01,2015-03-01,0.14146,-0.16611,0.55792,0.13907,0.13907,0.12655,0.21651,0.21651,0.19766
mom-nse-top20-6m,cost,2010-04-01,2015-04-01,0.13095,-0.16823,0.49461,0.11502,0.11502,0.10476,0.20785,0.20785,0.18964
mom-nse-top20-6m,cost,2010-05-01,2015-05-01,0.11786,-0.16560,0.41774,0.10475,0.10475,0.09551,0.19134,0.19134,0.17442
mom-nse-top20-6m,cost,2010-06-01,2015-06-01,0.14271,-0.16577,0.56697,0.12480,0.12480,0.11361,0.21869,0.21869,0.19968
mom-nse-top20-6m,cost,2010-07-01,2015-07-01,0.13503,-0.16526,0.52273,0.11287,0.11287,0.10283,0.21196,0.21196,0.19344
mom-nse-top20-6m,cost,2010-08-01,2015-08-01,0.13681,-0.17272,0.52860,0.11037,0.11037,0.10057,0.21020,0.21020,0.19182
mom-nse-top20-6m,cost,2010-09-01,2015-09-01,0.11034,-0.18873,0.37151,0.08597,0.08597,0.07867,0.17846,0.17846,0.16257
mom-nse-top20-6m,cost,2010-10-01,2015-10-01,0.08962,-0.17932,0.25259,0.06548,0.06548,0.06042,0.16966,0.16966,0.15448
mom-nse-top20-6m,cost,2010-11-01,2015-11-01,0.08419,-0.19845,0.22158,0.06942,0.06942,0.06392,0.15728,0.15728,0.14315
mom-nse-top20-6m,cost,2010-12-01,2015-12-01,0.08118,-0.16723,0.20514,0.07206,0.07206,0.06627,0.15550,0.15550,0.14153
mom-nse-top20-6m,cost,2011-01-01,2016-01-01,0.07849,-0.16783,0.18855,0.06603,0.06603,0.06091,0.16809,0.16809,0.15305
mom-nse-top20-6m,cost,2011-02-01,2016-02-01,0.09326,-0.17124,0.27804,0.08148,0.08148,0.07466,0.18223,0.18223,0.16602
mom-nse-top20-6m,cost,2011-03-01,2016-03-01,0.07818,-0.20421,0.18751,0.06761,0.06761,0.06231,0.16191,0.16191,0.14739
mom-nse-top20-6m,cost,2011-04-01,2016-04-01,0.07831,-0.20453,0.18926,0.07054,0.07054,0.06492,0.16433,0.16433,0.14961
mom-nse-top20-6m,cost,2011-05-01,2016-05-01,0.08486,-0.20419,0.22889,0.07708,0.07708,0.07074,0.16911,0.16911,0.15398
mom-nse-top20-6m,cost,2011-06-01,2016-06-01,0.09582,-0.20470,0.29649,0.09211,0.09211,0.08416,0.17998,0.17998,0.16396
mom-nse-top20-6m,cost,2011-07-01,2016-07-01,0.10331,-0.20417,0.34242,0.09468,0.09468,0.08647,0.18497,0.18497,0.16855
mom-nse-top20-6m,cost,2011-08-01,2016-08-01,0.12407,-0.20415,0.47107,0.10716,0.10716,0.09768,0.20794,0.20794,0.18974
mom-nse-top20-6m,cost,2011-09-01,2016-09-01,0.13824,-0.20514,0.55735,0.13264,0.13264,0.12071,0.23121,0.23121,0.21129
mom-nse-top20-6m,cost,2011-10-01,2016-10-01,0.13913,-0.20470,0.56461,0.13102,0.13102,0.11924,0.23364,0.23364,0.21355
mom-nse-top20-6m,cost,2011-11-01,2016-11-01,0.12235,-0.20315,0.46516,0.11765,0.11765,0.10714,0.22844,0.22844,0.20872
mom-nse-top20-6m,cost,2011-12-01,2016-12-01,0.12022,-0.20400,0.44806,0.12024,0.12024,0.10948,0.22328,0.22328,0.20394
mom-nse-top20-6m,cost,2012-01-01,2017-01-01,0.12537,-0.20419,0.47819,0.13479,0.13479,0.12266,0.23011,0.23011,0.21027
mom-nse-top20-6m,cost,2012-02-01,2017-02-01,0.13213,-0.20264,0.51840,0.12078,0.12078,0.10997,0.24977,0.24977,0.22856
mom-nse-top20-6m,cost,2012-03-01,2017-03-01,0.12757,-0.20281,0.49232,0.12244,0.12244,0.11148,0.24492,0.24492,0.22404
mom-nse-top20-6m,cost,2012-04-01,2017-04-01,0.13213,-0.20272,0.51999,0.13020,0.13020,0.11850,0.24610,0.24610,0.22514
mom-nse-top20-6m,cost,2012-05-01,2017-05-01,0.13904,-0.20284,0.56346,0.13543,0.13543,0.12325,0.25848,0.25848,0.23668
mom-nse-top20-6m,cost,2012-06-01,2017-06-01,0.16082,-0.20272,0.69247,0.16115,0.16115,0.14670,0.27090,0.27090,0.24828
mom-nse-top20-6m,cost,2012-07-01,2017-07-01,0.13812,-0.20111,0.56334,0.13879,0.13879,0.12631,0.25219,0.25219,0.23081
mom-nse-top20-6m,cost,2012-08-01,2017-08-01,0.15238,-0.20329,0.65128,0.15452,0.15452,0.14064,0.26897,0.26897,0.24647
mom-nse-top20-6m,cost,2012-09-01,2017-09-01,0.15577,-0.20339,0.66649,0.15048,0.15048,0.13695,0.27439,0.27439,0.25154
mom-nse-top20-6m,cost,2012-10-01,2017-10-01,0.13720,-0.20333,0.55341,0.12709,0.12709,0.11568,0.25032,0.25032,0.22907
mom-nse-top20-6m,cost,2012-11-01,2017-11-01,0.14858,-0.20310,0.62244,0.14469,0.14469,0.13167,0.26899,0.26899,0.24649
mom-nse-top20-6m,cost,2012-12-01,2017-12-01,0.13050,-0.20340,0.51090,0.12840,0.12840,0.11687,0.24480,0.24480,0.22393
mom-nse-top20-6m,cost,2013-01-01,2018-01-01,0.13668,-0.20315,0.54902,0.13251,0.13251,0.12060,0.25838,0.25838,0.23658
mom-nse-top20-6m,cost,2013-02-01,2018-02-01,0.13748,-0.20396,0.55050,0.14308,0.14308,0.13021,0.26468,0.26468,0.24246
mom-nse-top20-6m,cost,2013-03-01,2018-03-01,0.13643,-0.20316,0.54554,0.14232,0.14232,0.12951,0.26089,0.26089,0.23892
mom-nse-top20-6m,cost,2013-04-01,2018-04-01,0.12485,-0.20498,0.47480,0.13557,0.13557,0.12338,0.25600,0.25600,0.23436
mom-nse-top20-6m,cost,2013-05-01,2018-05-01,0.13193,-0.20342,0.51827,0.14039,0.14039,0.12776,0.26045,0.26045,0.23852
mom-nse-top20-6m,cost,2013-06-01,2018-06-01,0.13225,-0.20290,0.52014,0.13701,0.13701,0.12468,0.24607,0.24607,0.22511
mom-nse-top20-6m,cost,2013-07-01,2018-07-01,0.13001,-0.20268,0.50930,0.14080,0.14080,0.12813,0.24990,0.24990,0.22868
mom-nse-top20-6m,cost,2013-08-01,2018-08-01,0.14828,-0.20108,0.62235,0.16077,0.16077,0.14635,0.26292,0.26266,0.24082
mom-nse-top20-6m,cost,2013-09-01,2018-09-01,0.15598,-0.20203,0.67646,0.17846,0.17790,0.16256,0.29019,0.28860,0.26633
mom-nse-top20-6m,cost,2013-10-01,2018-10-01,0.12779,-0.20243,0.51072,0.15170,0.15170,0.13806,0.25045,0.25045,0.22919
mom-nse-top20-6m,cost,2013-11-01,2018-11-01,0.09728,-0.20436,0.31381,0.11865,0.11865,0.10804,0.21992,0.21992,0.20082
mom-nse-top20-6m,cost,2013-12-01,2018-12-01,0.11515,-0.20458,0.42746,0.13388,0.13388,0.12185,0.23611,0.23611,0.21585
mom-nse-top20-6m,cost,2014-01-01,2019-01-01,0.10988,-0.20478,0.39342,0.13007,0.13007,0.11839,0.22665,0.22665,0.20706
mom-nse-top20-6m,cost,2014-02-01,2019-02-01,0.13487,-0.19767,0.54446,0.13747,0.13747,0.12510,0.23796,0.23796,0.21756
mom-nse-top20-6m,cost,2014-03-01,2019-03-01,0.12741,-0.20307,0.49955,0.13018,0.13018,0.11848,0.22764,0.22764,0.20798
mom-nse-top20-6m,cost,2014-04-01,2019-04-01,0.12794,-0.20916,0.50474,0.13094,0.13055,0.11917,0.23479,0.23418,0.21462
mom-nse-top20-6m,cost,2014-05-01,2019-05-01,0.13002,-0.20780,0.51952,0.13329,0.13274,0.12131,0.23461,0.23348,0.21445
mom-nse-top20-6m,cost,2014-06-01,2019-06-01,0.11038,-0.20900,0.39594,0.11935,0.11855,0.10868,0.21977,0.21903,0.20068
mom-nse-top20-6m,cost,2014-07-01,2019-07-01,0.10128,-0.20724,0.34172,0.10598,0.10531,0.09661,0.19548,0.19488,0.17823
mom-nse-top20-6m,cost,2014-08-01,2019-08-01,0.09713,-0.20751,0.31370,0.08985,0.08985,0.08214,0.17443,0.17443,0.15886
mom-nse-top20-6m,cost,2014-09-01,2019-09-01,0.08798,-0.20502,0.25387,0.07909,0.07909,0.07253,0.15466,0.15466,0.14076
mom-nse-top20-6m,cost,2014-10-01,2019-10-01,0.09924,-0.20445,0.32814,0.08775,0.08775,0.08026,0.16178,0.16178,0.14727
mom-nse-top20-6m,cost,2014-11-01,2019-11-01,0.10021,-0.20037,0.33348,0.08786,0.08715,0.08036,0.15625,0.15613,0.14222
mom-nse-top20-6m,cost,2014-12-01,2019-12-01,0.09298,-0.20230,0.28642,0.08482,0.08385,0.07764,0.14858,0.14820,0.13522
mom-nse-top20-6m,cost,2015-01-01,2020-01-01,0.10201,-0.20074,0.34671,0.09410,0.09284,0.08594,0.15458,0.15373,0.14069
mom-nse-top20-6m,cost,2015-02-01,2020-02-01,0.08867,-0.21343,0.25889,0.07134,0.07114,0.06563,0.13652,0.13564,0.12424
mom-nse-top20-6m,cost,2015-03-01,2020-03-01,0.07169,-0.21952,0.14708,0.06049,0.06049,0.05601,0.13332,0.13260,0.12133
mom-nse-top20-6m,cost,2015-04-01,2020-04-01,0.02023,-0.35932,-0.13887,0.00513,0.00513,0.00513,0.07417,0.07417,0.06814
mom-nse-top20-6m,cost,2015-05-01,2020-05-01,0.06701,-0.35815,0.12608,0.05161,0.05161,0.04817,0.12195,0.12195,0.11103
mom-nse-top20-6m,cost,2015-06-01,2020-06-01,0.06185,-0.35833,0.10029,0.04456,0.04456,0.04195,0.10890,0.10890,0.09925
mom-nse-top20-6m,cost,2015-07-01,2020-07-01,0.07458,-0.35845,0.16732,0.05602,0.05602,0.05205,0.11517,0.11517,0.10490
mom-nse-top20-6m,cost,2015-08-01,2020-08-01,0.09212,-0.35882,0.25768,0.06667,0.06667,0.06148,0.11910,0.11818,0.10845
mom-nse-top20-6m,cost,2015-09-01,2020-09-01,0.10873,-0.35950,0.34489,0.09415,0.09397,0.08599,0.14390,0.14216,0.13095
mom-nse-top20-6m,cost,2015-10-01,2020-10-01,0.11124,-0.35814,0.35646,0.08855,0.08850,0.08097,0.13979,0.13762,0.12721
mom-nse-top20-6m,cost,2015-11-01,2020-11-01,0.10976,-0.35964,0.34737,0.08985,0.08934,0.08213,0.13774,0.13587,0.12535
mom-nse-top20-6m,cost,2015-12-01,2020-12-01,0.12392,-0.35949,0.41810,0.11915,0.11604,0.10849,0.15807,0.15486,0.14388
mom-nse-top20-6m,cost,2016-01-01,2021-01-01,0.13987,-0.35997,0.49702,0.13407,0.12958,0.12201,0.17356,0.16874,0.15806
mom-nse-top20-6m,cost,2016-02-01,2021-02-01,0.14781,-0.36063,0.53241,0.15030,0.14530,0.13678,0.18534,0.18061,0.16889
mom-nse-top20-6m,cost,2016-03-01,2021-03-01,0.17945,-0.36042,0.68195,0.16879,0.16300,0.15369,0.21366,0.20751,0.19502
mom-nse-top20-6m,cost,2016-04-01,2021-04-01,0.17980,-0.35969,0.68024,0.15484,0.14905,0.14093,0.21192,0.20483,0.19341
mom-nse-top20-6m,cost,2016-05-01,2021-05-01,0.17670,-0.36049,0.66307,0.14721,0.14177,0.13397,0.22144,0.21306,0.20223
mom-nse-top20-6m,cost,2016-06-01,2021-06-01,0.17979,-0.35911,0.67906,0.15209,0.14550,0.13842,0.22716,0.21791,0.20754
mom-nse-top20-6m,cost,2016-07-01,2021-07-01,0.17813,-0.35925,0.67234,0.14918,0.14247,0.13576,0.22948,0.21958,0.20969
mom-nse-top20-6m,cost,2016-08-01,2021-08-01,0.18186,-0.35897,0.68536,0.14201,0.13527,0.12923,0.21930,0.20877,0.20025
mom-nse-top20-6m,cost,2016-09-01,2021-09-01,0.18182,-0.35790,0.68876,0.15663,0.14844,0.14256,0.22392,0.21280,0.20453
mom-nse-top20-6m,cost,2016-10-01,2021-10-01,0.18371,-0.35852,0.69813,0.16709,0.15837,0.15213,0.22806,0.21664,0.20837
mom-nse-top20-6m,cost,2016-11-01,2021-11-01,0.20104,-0.35876,0.77368,0.17194,0.16281,0.15658,0.23496,0.22274,0.21478
mom-nse-top20-6m,cost,2016-12-01,2021-12-01,0.20684,-0.35984,0.80417,0.17392,0.16541,0.15839,0.24422,0.23222,0.22339
mom-nse-top20-6m,cost,2017-01-01,2022-01-01,0.21638,-0.35926,0.84468,0.17675,0.16803,0.16099,0.25612,0.24359,0.23448
mom-nse-top20-6m,cost,2017-02-01,2022-02-01,0.18620,-0.35876,0.70706,0.16503,0.15626,0.15025,0.21213,0.20066,0.19360
mom-nse-top20-6m,cost,2017-03-01,2022-03-01,0.17965,-0.35996,0.66616,0.14866,0.14075,0.13529,0.19967,0.18888,0.18209
mom-nse-top20-6m,cost,2017-04-01,2022-04-01,0.18195,-0.35916,0.67589,0.15423,0.14549,0.14037,0.20375,0.19213,0.18586
mom-nse-top20-6m,cost,2017-05-01,2022-05-01,0.15852,-0.35966,0.56588,0.14357,0.13545,0.13065,0.17957,0.16895,0.16358
mom-nse-top20-6m,cost,2017-06-01,2022-06-01,0.14589,-0.36050,0.50470,0.12885,0.12137,0.11728,0.16100,0.15184,0.14655
mom-nse-top20-6m,cost,2017-07-01,2022-07-01,0.12952,-0.36047,0.42594,0.11999,0.11334,0.10925,0.14102,0.13353,0.12833
mom-nse-top20-6m,cost,2017-08-01,2022-08-01,0.13759,-0.35896,0.46388,0.12777,0.11954,0.11630,0.15103,0.14158,0.13745
mom-nse-top20-6m,cost,2017-09-01,2022-09-01,0.13809,-0.35897,0.46681,0.13377,0.12527,0.12174,0.15532,0.14495,0.14137
mom-nse-top20-6m,cost,2017-10-01,2022-10-01,0.13737,-0.35902,0.46213,0.13204,0.12394,0.12017,0.15366,0.14353,0.13985
mom-nse-top20-6m,cost,2017-11-01,2022-11-01,0.13774,-0.35881,0.46489,0.13102,0.12205,0.11924,0.15299,0.14208,0.13924
mom-nse-top20-6m,cost,2017-12-01,2022-12-01,0.15027,-0.35862,0.52302,0.14628,0.13661,0.13312,0.16101,0.15003,0.14657
mom-nse-top20-6m,cost,2018-01-01,2023-01-01,0.13241,-0.35974,0.43949,0.13060,0.12168,0.11887,0.13565,0.12560,0.12345
mom-nse-top20-6m,cost,2018-02-01,2023-02-01,0.12189,-0.35835,0.39298,0.11224,0.10393,0.10225,0.12006,0.11116,0.10932
mom-nse-top20-6m,cost,2018-03-01,2023-03-01,0.12703,-0.35836,0.41719,0.12158,0.11257,0.11070,0.13079,0.12109,0.11903
mom-nse-top20-6m,cost,2018-04-01,2023-04-01,0.13071,-0.35532,0.43435,0.12753,0.11807,0.11608,0.13400,0.12407,0.12195
mom-nse-top20-6m,cost,2018-05-01,2023-05-01,0.13142,-0.35862,0.43767,0.12307,0.11394,0.11204,0.12873,0.11919,0.11717
mom-nse-top20-6m,cost,2018-06-01,2023-06-01,0.13269,-0.35689,0.44545,0.12930,0.11972,0.11769,0.14893,0.13796,0.13554
mom-nse-top20-6m,cost,2018-07-01,2023-07-01,0.14442,-0.35481,0.50101,0.13722,0.12706,0.12487,0.15801,0.14641,0.14382
mom-nse-top20-6m,cost,2018-08-01,2023-08-01,0.13272,-0.35310,0.44855,0.13027,0.12061,0.11856,0.15718,0.14564,0.14306
mom-nse-top20-6m,cost,2018-09-01,2023-09-01,0.13839,-0.35068,0.47569,0.12049,0.11155,0.10970,0.14800,0.13709,0.13469
mom-nse-top20-6m,cost,2018-10-01,2023-10-01,0.15646,-0.35691,0.55625,0.13610,0.12603,0.12386,0.17581,0.16305,0.16013
mom-nse-top20-6m,cost,2018-11-01,2023-11-01,0.16309,-0.35483,0.59326,0.14179,0.13132,0.12904,0.18193,0.16878,0.16575
mom-nse-top20-6m,cost,2018-12-01,2023-12-01,0.17619,-0.35490,0.65244,0.14615,0.13537,0.13300,0.20341,0.18895,0.18555
mom-nse-top20-6m,cost,2019-01-01,2024-01-01,0.19219,-0.35243,0.72948,0.16150,0.14968,0.14702,0.22122,0.20571,0.20202
mom-nse-top20-6m,cost,2019-02-01,2024-02-01,0.19491,-0.35316,0.74185,0.16137,0.14955,0.14690,0.22469,0.20899,0.20524
mom-nse-top20-6m,cost,2019-03-01,2024-03-01,0.20291,-0.35393,0.77518,0.16870,0.15640,0.15361,0.24141,0.22478,0.22078
mom-nse-top20-6m,cost,2019-04-01,2024-04-01,0.19893,-0.34990,0.75791,0.15319,0.14192,0.13942,0.23600,0.21967,0.21574
mom-nse-top20-6m,cost,2019-05-01,2024-05-01,0.19291,-0.35029,0.72909,0.15309,0.14184,0.13934,0.24122,0.22460,0.22060
mom-nse-top20-6m,cost,2019-06-01,2024-06-01,0.18442,-0.34753,0.69275,0.14946,0.13845,0.13601,0.25655,0.23911,0.23488
mom-nse-top20-6m,cost,2019-07-01,2024-07-01,0.20259,-0.34635,0.76670,0.16648,0.15432,0.15157,0.26814,0.25011,0.24570
mom-nse-top20-6m,cost,2019-08-01,2024-08-01,0.23298,-0.34481,0.89974,0.19261,0.17558,0.17558,0.30115,0.27662,0.27662
mom-nse-top20-6m,cost,2019-09-01,2024-09-01,0.24403,-0.35025,0.94095,0.19386,0.17674,0.17674,0.30252,0.27791,0.27791
mom-nse-top20-6m,cost,2019-10-01,2024-10-01,0.22510,-0.34393,0.87012,0.19193,0.17496,0.17496,0.29592,0.27172,0.27172
mom-nse-top20-6m,cost,2019-11-01,2024-11-01,0.19986,-0.34846,0.75225,0.16694,0.15200,0.15200,0.26574,0.24346,0.24346
mom-nse-top20-6m,cost,2019-12-01,2024-12-01,0.19205,-0.34696,0.71547,0.16218,0.14763,0.14763,0.25859,0.23678,0.23678
mom-nse-top20-6m,cost,2020-01-01,2025-01-01,0.18300,-0.33920,0.67958,0.15598,0.14197,0.14197,0.24390,0.22309,0.22309
mom-nse-top20-6m,cost,2020-02-01,2025-02-01,0.16940,-0.33735,0.61217,0.16380,0.14912,0.14912,0.21662,0.19777,0.19777
mom-nse-top20-6m,cost,2020-03-01,2025-03-01,0.14973,-0.32020,0.51785,0.15961,0.14529,0.14529,0.19321,0.17614,0.17614
mom-nse-top20-6m,cost,2020-04-01,2025-04-01,0.23970,-0.25544,1.04643,0.24335,0.22258,0.22258,0.26293,0.24083,0.24083
mom-nse-top20-6m,cost,2020-05-01,2025-05-01,0.21998,-0.25502,0.97356,0.21179,0.19329,0.19329,0.23579,0.21554,0.21554
mom-nse-top20-6m,cost,2020-06-01,2025-06-01,0.20690,-0.25563,0.90617,0.21702,0.19813,0.19813,0.24924,0.22807,0.22807
mom-nse-top20-6m,cost,2020-07-01,2025-07-01,0.21044,-0.25454,0.93051,0.21071,0.19229,0.19229,0.25087,0.22958,0.22958
mom-nse-top20-6m,cost,2020-08-01,2025-08-01,0.17824,-0.25538,0.75765,0.18700,0.17042,0.17042,0.21755,0.19862,0.19862
mom-nse-top20-6m,tax-dated,2008-02-01,2013-02-01,0.02324,-0.55831,-0.03306,0.03592,0.03592,0.03438,0.02342,0.02342,0.02342
mom-nse-top20-6m,tax-dated,2008-03-01,2013-03-01,0.02994,-0.51775,-0.01171,0.02970,0.02970,0.02895,0.02703,0.02703,0.02662
mom-nse-top20-6m,tax-dated,2008-04-01,2013-04-01,0.04772,-0.50740,0.05937,0.04945,0.04945,0.04626,0.07055,0.07055,0.06492
mom-nse-top20-6m,tax-dated,2008-05-01,2013-05-01,0.05264,-0.50650,0.07923,0.03953,0.03953,0.03755,0.05392,0.05392,0.05020
mom-nse-top20-6m,tax-dated,2008-06-01,2013-06-01,0.07873,-0.45066,0.18906,0.05429,0.05429,0.05052,0.07512,0.07512,0.06899
mom-nse-top20-6m,tax-dated,2008-07-01,2013-07-01,0.12236,-0.39560,0.36856,0.09942,0.09942,0.09072,0.14111,0.14111,0.12841
mom-nse-top20-6m,tax-dated,2008-08-01,2013-08-01,0.12240,-0.35626,0.37543,0.06611,0.06611,0.06098,0.09740,0.09740,0.08891
mom-nse-top20-6m,tax-dated,2008-09-01,2013-09-01,0.11302,-0.35919,0.33347,0.05936,0.05936,0.05500,0.09064,0.09064,0.08284
mom-nse-top20-6m,tax-dated,2008-10-01,2013-10-01,0.14726,-0.28560,0.47976,0.09178,0.09178,0.08387,0.13588,0.13588,0.12365
mom-nse-top20-6m,tax-dated,2008-11-01,2013-11-01,0.19984,-0.16988,0.72393,0.18313,0.18313,0.16685,0.22532,0.22532,0.20583
mom-nse-top20-6m,tax-dated,2008-12-01,2013-12-01,0.21806,-0.16555,0.80311,0.19549,0.19549,0.17824,0.22922,0.22922,0.20945
mom-nse-top20-6m,tax-dated,2009-01-01,2014-01-01,0.19643,-0.16692,0.72719,0.17089,0.17089,0.15561,0.20948,0.20948,0.19116
mom-nse-top20-6m,tax-dated,2009-02-01,2014-02-01,0.19756,-0.16776,0.74955,0.17517,0.17517,0.15955,0.21381,0.21381,0.19516
mom-nse-top20-6m,tax-dated,2009-03-01,2014-03-01,0.20749,-0.16324,0.79069,0.19168,0.19168,0.17472,0.22937,0.22937,0.20959
mom-nse-top20-6m,tax-dated,2009-04-01,2014-04-01,0.19300,-0.16839,0.73670,0.18381,0.18381,0.16748,0.21371,0.21371,0.19506
mom-nse-top20-6m,tax-dated,2009-05-01,2014-05-01,0.16408,-0.16939,0.60615,0.15333,0.15333,0.13955,0.20257,0.20257,0.18477
mom-nse-top20-6m,tax-dated,2009-06-01,2014-06-01,0.14106,-0.16797,0.51950,0.11085,0.11085,0.10101,0.17730,0.17730,0.16150
mom-nse-top20-6m,tax-dated,2009-07-01,2014-07-01,0.16583,-0.16994,0.66425,0.13287,0.13287,0.12092,0.19900,0.19900,0.18148
mom-nse-top20-6m,tax-dated,2009-08-01,2014-08-01,0.14936,-0.16668,0.58465,0.11721,0.11721,0.10674,0.17436,0.17436,0.15880
mom-nse-top20-6m,tax-dated,2009-09-01,2014-09-01,0.16659,-0.16551,0.68752,0.12994,0.12994,0.11827,0.19506,0.19506,0.17784
mom-nse-top20-6m,tax-dated,2009-10-01,2014-10-01,0.13877,-0.16556,0.53335,0.10646,0.10646,0.09705,0.18264,0.18264,0.16640
mom-nse-top20-6m,tax-dated,2009-11-01,2014-11-01,0.16600,-0.16528,0.68572,0.13380,0.13380,0.12177,0.20627,0.20627,0.18818
mom-nse-top20-6m,tax-dated,2009-12-01,2014-12-01,0.13961,-0.16253,0.54910,0.12120,0.12120,0.11035,0.19070,0.19070,0.17382
mom-nse-top20-6m,tax-dated,2010-01-01,2015-01-01,0.12138,-0.16180,0.44340,0.11054,0.11054,0.10072,0.18516,0.18516,0.16873
mom-nse-top20-6m,tax-dated,2010-02-01,2015-02-01,0.15268,-0.16915,0.62308,0.13777,0.13777,0.12537,0.21229,0.21229,0.19376
mom-nse-top20-6m,tax-dated,2010-03-01,2015-03-01,0.14125,-0.16611,0.55683,0.13907,0.13907,0.12655,0.21651,0.21651,0.19766
mom-nse-top20-6m,tax-dated,2010-04-01,2015-04-01,0.13078,-0.16823,0.49364,0.11502,0.11502,0.10476,0.20785,0.20785,0.18964
mom-nse-top20-6m,tax-dated,2010-05-01,2015-05-01,0.11786,-0.16560,0.41774,0.10475,0.10475,0.09551,0.19134,0.19134,0.17442
mom-nse-top20-6m,tax-dated,2010-06-01,2015-06-01,0.14234,-0.16784,0.56476,0.12480,0.12480,0.11361,0.21869,0.21869,0.19968
mom-nse-top20-6m,tax-dated,2010-07-01,2015-07-01,0.13460,-0.16654,0.52017,0.11287,0.11287,0.10283,0.21196,0.21196,0.19344
mom-nse-top20-6m,tax-dated,2010-08-01,2015-08-01,0.13618,-0.17397,0.52484,0.11037,0.11037,0.10057,0.21020,0.21020,0.19182
mom-nse-top20-6m,tax-dated,2010-09-01,2015-09-01,0.11034,-0.18874,0.37151,0.08597,0.08597,0.07867,0.17846,0.17846,0.16257
mom-nse-top20-6m,tax-dated,2010-10-01,2015-10-01,0.08962,-0.17932,0.25259,0.06548,0.06548,0.06042,0.16966,0.16966,0.15448
mom-nse-top20-6m,tax-dated,2010-11-01,2015-11-01,0.08419,-0.19845,0.22158,0.06942,0.06942,0.06392,0.15728,0.15728,0.14315
mom-nse-top20-6m,tax-dated,2010-12-01,2015-12-01,0.08118,-0.16726,0.20515,0.07206,0.07206,0.06627,0.15550,0.15550,0.14153
mom-nse-top20-6m,tax-dated,2011-01-01,2016-01-01,0.07849,-0.16783,0.18855,0.06603,0.06603,0.06091,0.16809,0.16809,0.15305
mom-nse-top20-6m,tax-dated,2011-02-01,2016-02-01,0.09326,-0.17124,0.27804,0.08148,0.08148,0.07466,0.18223,0.18223,0.16602
mom-nse-top20-6m,tax-dated,2011-03-01,2016-03-01,0.07818,-0.20421,0.18751,0.06761,0.06761,0.06231,0.16191,0.16191,0.14739
mom-nse-top20-6m,tax-dated,2011-04-01,2016-04-01,0.07831,-0.20453,0.18926,0.07054,0.07054,0.06492,0.16433,0.16433,0.14961
mom-nse-top20-6m,tax-dated,2011-05-01,2016-05-01,0.08486,-0.20419,0.22889,0.07708,0.07708,0.07074,0.16911,0.16911,0.15398
mom-nse-top20-6m,tax-dated,2011-06-01,2016-06-01,0.09582,-0.20470,0.29649,0.09211,0.09211,0.08416,0.17998,0.17998,0.16396
mom-nse-top20-6m,tax-dated,2011-07-01,2016-07-01,0.10331,-0.20417,0.34242,0.09468,0.09468,0.08647,0.18497,0.18497,0.16855
mom-nse-top20-6m,tax-dated,2011-08-01,2016-08-01,0.12407,-0.20415,0.47107,0.10716,0.10716,0.09768,0.20794,0.20794,0.18974
mom-nse-top20-6m,tax-dated,2011-09-01,2016-09-01,0.13824,-0.20514,0.55735,0.13264,0.13264,0.12071,0.23121,0.23121,0.21129
mom-nse-top20-6m,tax-dated,2011-10-01,2016-10-01,0.13913,-0.20470,0.56461,0.13102,0.13102,0.11924,0.23364,0.23364,0.21355
mom-nse-top20-6m,tax-dated,2011-11-01,2016-11-01,0.12235,-0.20315,0.46516,0.11765,0.11765,0.10714,0.22844,0.22844,0.20872
mom-nse-top20-6m,tax-dated,2011-12-01,2016-12-01,0.12022,-0.20400,0.44806,0.12024,0.12024,0.10948,0.22328,0.22328,0.20394
mom-nse-top20-6m,tax-dated,2012-01-01,2017-01-01,0.12447,-0.20408,0.47276,0.13479,0.13479,0.12266,0.23011,0.23011,0.21027
mom-nse-top20-6m,tax-dated,2012-02-01,2017-02-01,0.13212,-0.20259,0.51834,0.12078,0.12078,0.10997,0.24977,0.24977,0.22856
mom-nse-top20-6m,tax-dated,2012-03-01,2017-03-01,0.12757,-0.20281,0.49232,0.12244,0.12244,0.11148,0.24492,0.24492,0.22404
mom-nse-top20-6m,tax-dated,2012-04-01,2017-04-01,0.13201,-0.20272,0.51929,0.13020,0.13020,0.11850,0.24610,0.24610,0.22514
mom-nse-top20-6m,tax-dated,2012-05-01,2017-05-01,0.13823,-0.20281,0.55855,0.13543,0.13543,0.12325,0.25848,0.25848,0.23668
mom-nse-top20-6m,tax-dated,2012-06-01,2017-06-01,0.15879,-0.20269,0.68003,0.16115,0.16115,0.14670,0.27090,0.27090,0.24828
mom-nse-top20-6m,tax-dated,2012-07-01,2017-07-01,0.13743,-0.20115,0.55909,0.13879,0.13879,0.12631,0.25219,0.25219,0.23081
mom-nse-top20-6m,tax-dated,2012-08-01,2017-08-01,0.15224,-0.20355,0.65049,0.15452,0.15452,0.14064,0.26897,0.26897,0.24647
mom-nse-top20-6m,tax-dated,2012-09-01,2017-09-01,0.15557,-0.20338,0.66520,0.15048,0.15048,0.13695,0.27439,0.27439,0.25154
mom-nse-top20-6m,tax-dated,2012-10-01,2017-10-01,0.13720,-0.20333,0.55341,0.12709,0.12709,0.11568,0.25032,0.25032,0.22907
mom-nse-top20-6m,tax-dated,2012-11-01,2017-11-01,0.14847,-0.20310,0.62175,0.14469,0.14469,0.13167,0.26899,0.26899,0.24649
mom-nse-top20-6m,tax-dated,2012-12-01,2017-12-01,0.13050,-0.20340,0.51090,0.12840,0.12840,0.11687,0.24480,0.24480,0.22393
mom-nse-top20-6m,tax-dated,2013-01-01,2018-01-01,0.13668,-0.20315,0.54902,0.13251,0.13251,0.12060,0.25838,0.25838,0.23658
mom-nse-top20-6m,tax-dated,2013-02-01,2018-02-01,0.13748,-0.20396,0.55050,0.14308,0.14308,0.13021,0.26468,0.26468,0.24246
mom-nse-top20-6m,tax-dated,2013-03-01,2018-03-01,0.13643,-0.20316,0.54554,0.14232,0.14232,0.12951,0.26089,0.26089,0.23892
mom-nse-top20-6m,tax-dated,2013-04-01,2018-04-01,0.12482,-0.20511,0.47467,0.13557,0.13557,0.12338,0.25600,0.25600,0.23436
mom-nse-top20-6m,tax-dated,2013-05-01,2018-05-01,0.13193,-0.20342,0.51827,0.14039,0.14039,0.12776,0.26045,0.26045,0.23852
mom-nse-top20-6m,tax-dated,2013-06-01,2018-06-01,0.13225,-0.20290,0.52014,0.13701,0.13701,0.12468,0.24607,0.24607,0.22511
mom-nse-top20-6m,tax-dated,2013-07-01,2018-07-01,0.12840,-0.20867,0.49956,0.14080,0.14080,0.12813,0.24990,0.24990,0.22868
mom-nse-top20-6m,tax-dated,2013-08-01,2018-08-01,0.14647,-0.20783,0.61143,0.16077,0.16077,0.14635,0.26292,0.26266,0.24082
mom-nse-top20-6m,tax-dated,2013-09-01,2018-09-01,0.15353,-0.20962,0.66135,0.17846,0.17790,0.16256,0.29019,0.28860,0.26633
mom-nse-top20-6m,tax-dated,2013-10-01,2018-10-01,0.12623,-0.20809,0.50077,0.15170,0.15170,0.13806,0.25045,0.25045,0.22919
mom-nse-top20-6m,tax-dated,2013-11-01,2018-11-01,0.09674,-0.20668,0.31039,0.11865,0.11865,0.10804,0.21992,0.21992,0.20082
mom-nse-top20-6m,tax-dated,2013-12-01,2018-12-01,0.11436,-0.20724,0.42243,0.13388,0.13388,0.12185,0.23611,0.23611,0.21585
mom-nse-top20-6m,tax-dated,2014-01-01,2019-01-01,0.10753,-0.21380,0.37842,0.13007,0.13007,0.11839,0.22665,0.22665,0.20706
mom-nse-top20-6m,tax-dated,2014-02-01,2019-02-01,0.13196,-0.20818,0.52676,0.13747,0.13747,0.12510,0.23796,0.23796,0.21756
mom-nse-top20-6m,tax-dated,2014-03-01,2019-03-01,0.12610,-0.20586,0.49141,0.13018,0.13018,0.11848,0.22764,0.22764,0.20798
mom-nse-top20-6m,tax-dated,2014-04-01,2019-04-01,0.12703,-0.21253,0.49911,0.13094,0.13055,0.11917,0.23479,0.23418,0.21462
mom-nse-top20-6m,tax-dated,2014-05-01,2019-05-01,0.12933,-0.21031,0.51516,0.13329,0.13274,0.12131,0.23461,0.23348,0.21445
mom-nse-top20-6m,tax-dated,2014-06-01,2019-06-01,0.11038,-0.20900,0.39594,0.11935,0.11855,0.10868,0.21977,0.21903,0.20068
mom-nse-top20-6m,tax-dated,2014-07-01,2019-07-01,0.10128,-0.20724,0.34172,0.10598,0.10531,0.09661,0.19548,0.19488,0.17823
mom-nse-top20-6m,tax-dated,2014-08-01,2019-08-01,0.09713,-0.20751,0.31370,0.08985,0.08985,0.08214,0.17443,0.17443,0.15886
mom-nse-top20-6m,tax-dated,2014-09-01,2019-09-01,0.08798,-0.20502,0.25387,0.07909,0.07909,0.07253,0.15466,0.15466,0.14076
mom-nse-top20-6m,tax-dated,2014-10-01,2019-10-01,0.09924,-0.20445,0.32814,0.08775,0.08775,0.08026,0.16178,0.16178,0.14727
mom-nse-top20-6m,tax-dated,2014-11-01,2019-11-01,0.10021,-0.20037,0.33348,0.08786,0.08715,0.08036,0.15625,0.15613,0.14222
mom-nse-top20-6m,tax-dated,2014-12-01,2019-12-01,0.09298,-0.20230,0.28642,0.08482,0.08385,0.07764,0.14858,0.14820,0.13522
mom-nse-top20-6m,tax-dated,2015-01-01,2020-01-01,0.10186,-0.20074,0.34575,0.09410,0.09284,0.08594,0.15458,0.15373,0.14069
mom-nse-top20-6m,tax-dated,2015-02-01,2020-02-01,0.08867,-0.21343,0.25889,0.07134,0.07114,0.06563,0.13652,0.13564,0.12424
mom-nse-top20-6m,tax-dated,2015-03-01,2020-03-01,0.07169,-0.21952,0.14708,0.06049,0.06049,0.05601,0.13332,0.13260,0.12133
mom-nse-top20-6m,tax-dated,2015-04-01,2020-04-01,0.02023,-0.35932,-0.13887,0.00513,0.00513,0.00513,0.07417,0.07417,0.06814
mom-nse-top20-6m,tax-dated,2015-05-01,2020-05-01,0.06701,-0.35815,0.12608,0.05161,0.05161,0.04817,0.12195,0.12195,0.11103
mom-nse-top20-6m,tax-dated,2015-06-01,2020-06-01,0.06185,-0.35833,0.10029,0.04456,0.04456,0.04195,0.10890,0.10890,0.09925
mom-nse-top20-6m,tax-dated,2015-07-01,2020-07-01,0.07458,-0.35845,0.16732,0.05602,0.05602,0.05205,0.11517,0.11517,0.10490
mom-nse-top20-6m,tax-dated,2015-08-01,2020-08-01,0.09169,-0.35882,0.25545,0.06667,0.06667,0.06148,0.11910,0.11818,0.10845
mom-nse-top20-6m,tax-dated,2015-09-01,2020-09-01,0.10747,-0.35950,0.33845,0.09415,0.09397,0.08599,0.14390,0.14216,0.13095
mom-nse-top20-6m,tax-dated,2015-10-01,2020-10-01,0.10935,-0.35814,0.34686,0.08855,0.08850,0.08097,0.13979,0.13762,0.12721
mom-nse-top20-6m,tax-dated,2015-11-01,2020-11-01,0.10810,-0.35964,0.33886,0.08985,0.08934,0.08213,0.13774,0.13587,0.12535
mom-nse-top20-6m,tax-dated,2015-12-01,2020-12-01,0.12038,-0.35949,0.40047,0.11915,0.11604,0.10849,0.15807,0.15486,0.14388
mom-nse-top20-6m,tax-dated,2016-01-01,2021-01-01,0.13609,-0.35997,0.47823,0.13407,0.12958,0.12201,0.17356,0.16874,0.15806
mom-nse-top20-6m,tax-dated,2016-02-01,2021-02-01,0.14344,-0.36063,0.51200,0.15030,0.14530,0.13678,0.18534,0.18061,0.16889
mom-nse-top20-6m,tax-dated,2016-03-01,2021-03-01,0.17323,-0.36045,0.65321,0.16879,0.16300,0.15369,0.21366,0.20751,0.19502
mom-nse-top20-6m,tax-dated,2016-04-01,2021-04-01,0.17083,-0.35969,0.63827,0.15484,0.14905,0.14093,0.21192,0.20483,0.19341
mom-nse-top20-6m,tax-dated,2016-05-01,2021-05-01,0.16709,-0.36049,0.61608,0.14721,0.14177,0.13397,0.22144,0.21306,0.20223
mom-nse-top20-6m,tax-dated,2016-06-01,2021-06-01,0.16934,-0.35911,0.62792,0.15209,0.14550,0.13842,0.22716,0.21791,0.20754
mom-nse-top20-6m,tax-dated,2016-07-01,2021-07-01,0.16986,-0.35925,0.63219,0.14918,0.14247,0.13576,0.22948,0.21958,0.20969
mom-nse-top20-6m,tax-dated,2016-08-01,2021-08-01,0.17271,-0.35897,0.64109,0.14201,0.13527,0.12923,0.21930,0.20877,0.20025
mom-nse-top20-6m,tax-dated,2016-09-01,2021-09-01,0.17203,-0.35790,0.64063,0.15663,0.14844,0.14256,0.22392,0.21280,0.20453
mom-nse-top20-6m,tax-dated,2016-10-01,2021-10-01,0.17358,-0.35852,0.64831,0.16709,0.15837,0.15213,0.22806,0.21664,0.20837
mom-nse-top20-6m,tax-dated,2016-11-01,2021-11-01,0.18887,-0.35876,0.71698,0.17194,0.16281,0.15658,0.23496,0.22274,0.21478
mom-nse-top20-6m,tax-dated,2016-12-01,2021-12-01,0.19494,-0.35993,0.74853,0.17392,0.16541,0.15839,0.24422,0.23222,0.22339
mom-nse-top20-6m,tax-dated,2017-01-01,2022-01-01,0.20265,-0.35937,0.78130,0.17675,0.16803,0.16099,0.25612,0.24359,0.23448
mom-nse-top20-6m,tax-dated,2017-02-01,2022-02-01,0.17900,-0.35876,0.67379,0.16503,0.15626,0.15025,0.21213,0.20066,0.19360
mom-nse-top20-6m,tax-dated,2017-03-01,2022-03-01,0.17347,-0.35996,0.63831,0.14866,0.14075,0.13529,0.19967,0.18888,0.18209
mom-nse-top20-6m,tax-dated,2017-04-01,2022-04-01,0.17080,-0.35916,0.62376,0.15423,0.14549,0.14037,0.20375,0.19213,0.18586
mom-nse-top20-6m,tax-dated,2017-05-01,2022-05-01,0.14921,-0.35966,0.52209,0.14357,0.13545,0.13065,0.17957,0.16895,0.16358
mom-nse-top20-6m,tax-dated,2017-06-01,2022-06-01,0.13806,-0.36050,0.46812,0.12885,0.12137,0.11728,0.16100,0.15184,0.14655
mom-nse-top20-6m,tax-dated,2017-07-01,2022-07-01,0.12382,-0.36047,0.39936,0.11999,0.11334,0.10925,0.14102,0.13353,0.12833
mom-nse-top20-6m,tax-dated,2017-08-01,2022-08-01,0.13039,-0.35896,0.43060,0.12777,0.11954,0.11630,0.15103,0.14158,0.13745
mom-nse-top20-6m,tax-dated,2017-09-01,2022-09-01,0.13030,-0.35897,0.43033,0.13377,0.12527,0.12174,0.15532,0.14495,0.14137
mom-nse-top20-6m,tax-dated,2017-10-01,2022-10-01,0.13013,-0.35902,0.42856,0.13204,0.12394,0.12017,0.15366,0.14353,0.13985
mom-nse-top20-6m,tax-dated,2017-11-01,2022-11-01,0.12908,-0.35881,0.42463,0.13102,0.12205,0.11924,0.15299,0.14208,0.13924
mom-nse-top20-6m,tax-dated,2017-12-01,2022-12-01,0.14127,-0.35866,0.48114,0.14628,0.13661,0.13312,0.16101,0.15003,0.14657
mom-nse-top20-6m,tax-dated,2018-01-01,2023-01-01,0.12469,-0.35974,0.40346,0.13060,0.12168,0.11887,0.13565,0.12560,0.12345
mom-nse-top20-6m,tax-dated,2018-02-01,2023-02-01,0.11713,-0.35835,0.37037,0.11224,0.10393,0.10225,0.12006,0.11116,0.10932
mom-nse-top20-6m,tax-dated,2018-03-01,2023-03-01,0.12237,-0.35836,0.39503,0.12158,0.11257,0.11070,0.13079,0.12109,0.11903
mom-nse-top20-6m,tax-dated,2018-04-01,2023-04-01,0.12578,-0.35532,0.41095,0.12753,0.11807,0.11608,0.13400,0.12407,0.12195
mom-nse-top20-6m,tax-dated,2018-05-01,2023-05-01,0.12286,-0.35862,0.39730,0.12307,0.11394,0.11204,0.12873,0.11919,0.11717
mom-nse-top20-6m,tax-dated,2018-06-01,2023-06-01,0.12399,-0.35689,0.40424,0.12930,0.11972,0.11769,0.14893,0.13796,0.13554
mom-nse-top20-6m,tax-dated,2018-07-01,2023-07-01,0.13429,-0.35481,0.45345,0.13722,0.12706,0.12487,0.15801,0.14641,0.14382
mom-nse-top20-6m,tax-dated,2018-08-01,2023-08-01,0.12329,-0.35310,0.40337,0.13027,0.12061,0.11856,0.15718,0.14564,0.14306
mom-nse-top20-6m,tax-dated,2018-09-01,2023-09-01,0.12882,-0.35068,0.42986,0.12049,0.11155,0.10970,0.14800,0.13709,0.13469
mom-nse-top20-6m,tax-dated,2018-10-01,2023-10-01,0.14557,-0.35691,0.50536,0.13610,0.12603,0.12386,0.17581,0.16305,0.16013
mom-nse-top20-6m,tax-dated,2018-11-01,2023-11-01,0.15228,-0.35483,0.54180,0.14179,0.13132,0.12904,0.18193,0.16878,0.16575
mom-nse-top20-6m,tax-dated,2018-12-01,2023-12-01,0.16283,-0.35490,0.59003,0.14615,0.13537,0.13300,0.20341,0.18895,0.18555
mom-nse-top20-6m,tax-dated,2019-01-01,2024-01-01,0.17867,-0.35243,0.66578,0.16150,0.14968,0.14702,0.22122,0.20571,0.20202
mom-nse-top20-6m,tax-dated,2019-02-01,2024-02-01,0.18158,-0.35316,0.67905,0.16137,0.14955,0.14690,0.22469,0.20899,0.20524
mom-nse-top20-6m,tax-dated,2019-03-01,2024-03-01,0.18785,-0.35393,0.70603,0.16870,0.15640,0.15361,0.24141,0.22478,0.22078
mom-nse-top20-6m,tax-dated,2019-04-01,2024-04-01,0.18159,-0.34990,0.67641,0.15319,0.14192,0.13942,0.23600,0.21967,0.21574
mom-nse-top20-6m,tax-dated,2019-05-01,2024-05-01,0.17597,-0.35029,0.64972,0.15309,0.14184,0.13934,0.24122,0.22460,0.22060
mom-nse-top20-6m,tax-dated,2019-06-01,2024-06-01,0.16831,-0.34753,0.61674,0.14946,0.13845,0.13601,0.25655,0.23911,0.23488
mom-nse-top20-6m,tax-dated,2019-07-01,2024-07-01,0.18665,-0.34635,0.69327,0.16648,0.15432,0.15157,0.26814,0.25011,0.24570
mom-nse-top20-6m,tax-dated,2019-08-01,2024-08-01,0.21328,-0.34481,0.81001,0.19261,0.17558,0.17558,0.30115,0.27662,0.27662
mom-nse-top20-6m,tax-dated,2019-09-01,2024-09-01,0.22390,-0.35025,0.85067,0.19386,0.17674,0.17674,0.30252,0.27791,0.27791
mom-nse-top20-6m,tax-dated,2019-10-01,2024-10-01,0.20606,-0.34393,0.78138,0.19193,0.17496,0.17496,0.29592,0.27172,0.27172
mom-nse-top20-6m,tax-dated,2019-11-01,2024-11-01,0.18410,-0.34846,0.68030,0.16694,0.15200,0.15200,0.26574,0.24346,0.24346
mom-nse-top20-6m,tax-dated,2019-12-01,2024-12-01,0.17792,-0.34696,0.65135,0.16218,0.14763,0.14763,0.25859,0.23678,0.23678
mom-nse-top20-6m,tax-dated,2020-01-01,2025-01-01,0.17208,-0.33920,0.62907,0.15598,0.14197,0.14197,0.24390,0.22309,0.22309
mom-nse-top20-6m,tax-dated,2020-02-01,2025-02-01,0.16116,-0.33735,0.57426,0.16380,0.14912,0.14912,0.21662,0.19777,0.19777
mom-nse-top20-6m,tax-dated,2020-03-01,2025-03-01,0.14192,-0.32020,0.48194,0.15961,0.14529,0.14529,0.19321,0.17614,0.17614
mom-nse-top20-6m,tax-dated,2020-04-01,2025-04-01,0.21882,-0.26338,0.93386,0.24335,0.22258,0.22258,0.26293,0.24083,0.24083
mom-nse-top20-6m,tax-dated,2020-05-01,2025-05-01,0.20153,-0.26353,0.87041,0.21179,0.19329,0.19329,0.23579,0.21554,0.21554
mom-nse-top20-6m,tax-dated,2020-06-01,2025-06-01,0.18965,-0.26246,0.80933,0.21702,0.19813,0.19813,0.24924,0.22807,0.22807
mom-nse-top20-6m,tax-dated,2020-07-01,2025-07-01,0.19208,-0.26257,0.82599,0.21071,0.19229,0.19229,0.25087,0.22958,0.22958
mom-nse-top20-6m,tax-dated,2020-08-01,2025-08-01,0.16518,-0.26251,0.68234,0.18700,0.17042,0.17042,0.21755,0.19862,0.19862
mom-nse-top20-6m,tax-today,2008-02-01,2013-02-01,0.01911,-0.55858,-0.04986,0.03592,0.03592,0.03438,0.02342,0.02342,0.02342
mom-nse-top20-6m,tax-today,2008-03-01,2013-03-01,0.02576,-0.51792,-0.02914,0.02970,0.02970,0.02895,0.02703,0.02703,0.02662
mom-nse-top20-6m,tax-today,2008-04-01,2013-04-01,0.04146,-0.50740,0.03277,0.04945,0.04945,0.04626,0.07055,0.07055,0.06492
mom-nse-top20-6m,tax-today,2008-05-01,2013-05-01,0.04565,-0.50650,0.04941,0.03953,0.03953,0.03755,0.05392,0.05392,0.05020
mom-nse-top20-6m,tax-today,2008-06-01,2013-06-01,0.06873,-0.45066,0.14740,0.05429,0.05429,0.05052,0.07512,0.07512,0.06899
mom-nse-top20-6m,tax-today,2008-07-01,2013-07-01,0.11105,-0.39560,0.32256,0.09942,0.09942,0.09072,0.14111,0.14111,0.12841
mom-nse-top20-6m,tax-today,2008-08-01,2013-08-01,0.11193,-0.35626,0.33079,0.06611,0.06611,0.06098,0.09740,0.09740,0.08891
mom-nse-top20-6m,tax-today,2008-09-01,2013-09-01,0.10437,-0.35919,0.29726,0.05936,0.05936,0.05500,0.09064,0.09064,0.08284
mom-nse-top20-6m,tax-today,2008-10-01,2013-10-01,0.13602,-0.28560,0.43259,0.09178,0.09178,0.08387,0.13588,0.13588,0.12365
mom-nse-top20-6m,tax-today,2008-11-01,2013-11-01,0.18480,-0.18109,0.65707,0.18313,0.18313,0.16685,0.22532,0.22532,0.20583
mom-nse-top20-6m,tax-today,2008-12-01,2013-12-01,0.20174,-0.17724,0.73081,0.19549,0.19549,0.17824,0.22922,0.22922,0.20945
mom-nse-top20-6m,tax-today,2009-01-01,2014-01-01,0.18245,-0.17729,0.66284,0.17089,0.17089,0.15561,0.20948,0.20948,0.19116
mom-nse-top20-6m,tax-today,2009-02-01,2014-02-01,0.18294,-0.17926,0.67861,0.17517,0.17517,0.15955,0.21381,0.21381,0.19516
mom-nse-top20-6m,tax-today,2009-03-01,2014-03-01,0.19260,-0.17404,0.71816,0.19168,0.19168,0.17472,0.22937,0.22937,0.20959
mom-nse-top20-6m,tax-today,2009-04-01,2014-04-01,0.17704,-0.17743,0.65860,0.18381,0.18381,0.16748,0.21371,0.21371,0.19506
mom-nse-top20-6m,tax-today,2009-05-01,2014-05-01,0.15063,-0.17403,0.53927,0.15333,0.15333,0.13955,0.20257,0.20257,0.18477
mom-nse-top20-6m,tax-today,2009-06-01,2014-06-01,0.12670,-0.17256,0.44268,0.11085,0.11085,0.10101,0.17730,0.17730,0.16150
mom-nse-top20-6m,tax-today,2009-07-01,2014-07-01,0.15450,-0.17520,0.60238,0.13287,0.13287,0.12092,0.19900,0.19900,0.18148
mom-nse-top20-6m,tax-today,2009-08-01,2014-08-01,0.14055,-0.17097,0.53474,0.11721,0.11721,0.10674,0.17436,0.17436,0.15880
mom-nse-top20-6m,tax-today,2009-09-01,2014-09-01,0.15533,-0.16972,0.62553,0.12994,0.12994,0.11827,0.19506,0.19506,0.17784
mom-nse-top20-6m,tax-today,2009-10-01,2014-10-01,0.12955,-0.16973,0.48021,0.10646,0.10646,0.09705,0.18264,0.18264,0.16640
mom-nse-top20-6m,tax-today,2009-11-01,2014-11-01,0.15458,-0.16966,0.62248,0.13380,0.13380,0.12177,0.20627,0.20627,0.18818
mom-nse-top20-6m,tax-today,2009-12-01,2014-12-01,0.12845,-0.16679,0.48253,0.12120,0.12120,0.11035,0.19070,0.19070,0.17382
mom-nse-top20-6m,tax-today,2010-01-01,2015-01-01,0.11435,-0.16614,0.40144,0.11054,0.11054,0.10072,0.18516,0.18516,0.16873
mom-nse-top20-6m,tax-today,2010-02-01,2015-02-01,0.14490,-0.17302,0.57626,0.13777,0.13777,0.12537,0.21229,0.21229,0.19376
mom-nse-top20-6m,tax-today,2010-03-01,2015-03-01,0.13353,-0.17017,0.51257,0.13907,0.13907,0.12655,0.21651,0.21651,0.19766
mom-nse-top20-6m,tax-today,2010-04-01,2015-04-01,0.11539,-0.17225,0.40342,0.11502,0.11502,0.10476,0.20785,0.20785,0.18964
mom-nse-top20-6m,tax-today,2010-05-01,2015-05-01,0.10490,-0.16919,0.34208,0.10475,0.10475,0.09551,0.19134,0.19134,0.17442
mom-nse-top20-6m,tax-today,2010-06-01,2015-06-01,0.12722,-0.17224,0.47587,0.12480,0.12480,0.11361,0.21869,0.21869,0.19968
mom-nse-top20-6m,tax-today,2010-07-01,2015-07-01,0.12029,-0.16979,0.43601,0.11287,0.11287,0.10283,0.21196,0.21196,0.19344
mom-nse-top20-6m,tax-today,2010-08-01,2015-08-01,0.12224,-0.17685,0.44376,0.11037,0.11037,0.10057,0.21020,0.21020,0.19182
mom-nse-top20-6m,tax-today,2010-09-01,2015-09-01,0.09972,-0.19050,0.30988,0.08597,0.08597,0.07867,0.17846,0.17846,0.16257
mom-nse-top20-6m,tax-today,2010-10-01,2015-10-01,0.08180,-0.18075,0.20672,0.06548,0.06548,0.06042,0.16966,0.16966,0.15448
mom-nse-top20-6m,tax-today,2010-11-01,2015-11-01,0.07704,-0.19944,0.17922,0.06942,0.06942,0.06392,0.15728,0.15728,0.14315
mom-nse-top20-6m,tax-today,2010-12-01,2015-12-01,0.07410,-0.16803,0.16267,0.07206,0.07206,0.06627,0.15550,0.15550,0.14153
mom-nse-top20-6m,tax-today,2011-01-01,2016-01-01,0.07194,-0.16850,0.14919,0.06603,0.06603,0.06091,0.16809,0.16809,0.15305
mom-nse-top20-6m,tax-today,2011-02-01,2016-02-01,0.08407,-0.19354,0.22277,0.08148,0.08148,0.07466,0.18223,0.18223,0.16602
mom-nse-top20-6m,tax-today,2011-03-01,2016-03-01,0.06982,-0.22496,0.13656,0.06761,0.06761,0.06231,0.16191,0.16191,0.14739
mom-nse-top20-6m,tax-today,2011-04-01,2016-04-01,0.07007,-0.22165,0.13868,0.07054,0.07054,0.06492,0.16433,0.16433,0.14961
mom-nse-top20-6m,tax-today,2011-05-01,2016-05-01,0.07644,-0.22074,0.17738,0.07708,0.07708,0.07074,0.16911,0.16911,0.15398
mom-nse-top20-6m,tax-today,2011-06-01,2016-06-01,0.08694,-0.22249,0.24207,0.09211,0.09211,0.08416,0.17998,0.17998,0.16396
mom-nse-top20-6m,tax-today,2011-07-01,2016-07-01,0.09287,-0.22188,0.27856,0.09468,0.09468,0.08647,0.18497,0.18497,0.16855
mom-nse-top20-6m,tax-today,2011-08-01,2016-08-01,0.11004,-0.22624,0.38502,0.10716,0.10716,0.09768,0.20794,0.20794,0.18974
mom-nse-top20-6m,tax-today,2011-09-01,2016-09-01,0.12357,-0.22653,0.46697,0.13264,0.13264,0.12071,0.23121,0.23121,0.21129
mom-nse-top20-6m,tax-today,2011-10-01,2016-10-01,0.12531,-0.22966,0.47866,0.13102,0.13102,0.11924,0.23364,0.23364,0.21355
mom-nse-top20-6m,tax-today,2011-11-01,2016-11-01,0.10971,-0.22462,0.38630,0.11765,0.11765,0.10714,0.22844,0.22844,0.20872
mom-nse-top20-6m,tax-today,2011-12-01,2016-12-01,0.10972,-0.22520,0.38327,0.12024,0.12024,0.10948,0.22328,0.22328,0.20394
mom-nse-top20-6m,tax-today,2012-01-01,2017-01-01,0.11364,-0.22881,0.40560,0.13479,0.13479,0.12266,0.23011,0.23011,0.21027
mom-nse-top20-6m,tax-today,2012-02-01,2017-02-01,0.11742,-0.22445,0.42931,0.12078,0.12078,0.10997,0.24977,0.24977,0.22856
mom-nse-top20-6m,tax-today,2012-03-01,2017-03-01,0.11391,-0.22276,0.40805,0.12244,0.12244,0.11148,0.24492,0.24492,0.22404
mom-nse-top20-6m,tax-today,2012-04-01,2017-04-01,0.11753,-0.22103,0.43009,0.13020,0.13020,0.11850,0.24610,0.24610,0.22514
mom-nse-top20-6m,tax-today,2012-05-01,2017-05-01,0.12233,-0.22016,0.45999,0.13543,0.13543,0.12325,0.25848,0.25848,0.23668
mom-nse-top20-6m,tax-today,2012-06-01,2017-06-01,0.14190,-0.22207,0.57581,0.16115,0.16115,0.14670,0.27090,0.27090,0.24828
mom-nse-top20-6m,tax-today,2012-07-01,2017-07-01,0.12215,-0.21839,0.46326,0.13879,0.13879,0.12631,0.25219,0.25219,0.23081
mom-nse-top20-6m,tax-today,2012-08-01,2017-08-01,0.13683,-0.22231,0.55517,0.15452,0.15452,0.14064,0.26897,0.26897,0.24647
mom-nse-top20-6m,tax-today,2012-09-01,2017-09-01,0.13980,-0.21996,0.56870,0.15048,0.15048,0.13695,0.27439,0.27439,0.25154
mom-nse-top20-6m,tax-today,2012-10-01,2017-10-01,0.12473,-0.21483,0.47638,0.12709,0.12709,0.11568,0.25032,0.25032,0.22907
mom-nse-top20-6m,tax-today,2012-11-01,2017-11-01,0.13420,-0.21428,0.53409,0.14469,0.14469,0.13167,0.26899,0.26899,0.24649
mom-nse-top20-6m,tax-today,2012-12-01,2017-12-01,0.11851,-0.21174,0.43590,0.12840,0.12840,0.11687,0.24480,0.24480,0.22393
mom-nse-top20-6m,tax-today,2013-01-01,2018-01-01,0.12439,-0.21068,0.47196,0.13251,0.13251,0.12060,0.25838,0.25838,0.23658
mom-nse-top20-6m,tax-today,2013-02-01,2018-02-01,0.12585,-0.20901,0.47962,0.14308,0.14308,0.13021,0.26468,0.26468,0.24246
mom-nse-top20-6m,tax-today,2013-03-01,2018-03-01,0.12532,-0.21142,0.47767,0.14232,0.14232,0.12951,0.26089,0.26089,0.23892
mom-nse-top20-6m,tax-today,2013-04-01,2018-04-01,0.11546,-0.21335,0.41688,0.13557,0.13557,0.12338,0.25600,0.25600,0.23436
mom-nse-top20-6m,tax-today,2013-05-01,2018-05-01,0.12044,-0.20873,0.44868,0.14039,0.14039,0.12776,0.26045,0.26045,0.23852
mom-nse-top20-6m,tax-today,2013-06-01,2018-06-01,0.12087,-0.20830,0.44994,0.13701,0.13701,0.12468,0.24607,0.24607,0.22511
mom-nse-top20-6m,tax-today,2013-07-01,2018-07-01,0.11761,-0.21525,0.43407,0.14080,0.14080,0.12813,0.24990,0.24990,0.22868
mom-nse-top20-6m,tax-today,2013-08-01,2018-08-01,0.13439,-0.21441,0.53637,0.16077,0.16077,0.14635,0.26292,0.26266,0.24082
mom-nse-top20-6m,tax-today,2013-09-01,2018-09-01,0.14061,-0.21609,0.57949,0.17846,0.17790,0.16256,0.29019,0.28860,0.26633
mom-nse-top20-6m,tax-today,2013-10-01,2018-10-01,0.11695,-0.21388,0.44105,0.15170,0.15170,0.13806,0.25045,0.25045,0.22919
mom-nse-top20-6m,tax-today,2013-11-01,2018-11-01,0.09082,-0.21054,0.27207,0.11865,0.11865,0.10804,0.21992,0.21992,0.20082
mom-nse-top20-6m,tax-today,2013-12-01,2018-12-01,0.10656,-0.21111,0.37267,0.13388,0.13388,0.12185,0.23611,0.23611,0.21585
mom-nse-top20-6m,tax-today,2014-01-01,2019-01-01,0.09892,-0.22120,0.32292,0.13007,0.13007,0.11839,0.22665,0.22665,0.20706
mom-nse-top20-6m,tax-today,2014-02-01,2019-02-01,0.12114,-0.21618,0.45894,0.13747,0.13747,0.12510,0.23796,0.23796,0.21756
mom-nse-top20-6m,tax-today,2014-03-01,2019-03-01,0.11576,-0.21198,0.42661,0.13018,0.13018,0.11848,0.22764,0.22764,0.20798
mom-nse-top20-6m,tax-today,2014-04-01,2019-04-01,0.11501,-0.21699,0.42352,0.13094,0.13055,0.11917,0.23479,0.23418,0.21462
mom-nse-top20-6m,tax-today,2014-05-01,2019-05-01,0.11692,-0.21407,0.43659,0.13329,0.13274,0.12131,0.23461,0.23348,0.21445
mom-nse-top20-6m,tax-today,2014-06-01,2019-06-01,0.09882,-0.21152,0.32174,0.11935,0.11855,0.10868,0.21977,0.21903,0.20068
mom-nse-top20-6m,tax-today,2014-07-01,2019-07-01,0.09077,-0.20974,0.27338,0.10598,0.10531,0.09661,0.19548,0.19488,0.17823
mom-nse-top20-6m,tax-today,2014-08-01,2019-08-01,0.09058,-0.20853,0.27117,0.08985,0.08985,0.08214,0.17443,0.17443,0.15886
mom-nse-top20-6m,tax-today,2014-09-01,2019-09-01,0.08191,-0.20558,0.21445,0.07909,0.07909,0.07253,0.15466,0.15466,0.14076
mom-nse-top20-6m,tax-today,2014-10-01,2019-10-01,0.09171,-0.20459,0.27901,0.08775,0.08775,0.08026,0.16178,0.16178,0.14727
mom-nse-top20-6m,tax-today,2014-11-01,2019-11-01,0.09169,-0.20037,0.27816,0.08786,0.08715,0.08036,0.15625,0.15613,0.14222
mom-nse-top20-6m,tax-today,2014-12-01,2019-12-01,0.08421,-0.20230,0.22899,0.08482,0.08385,0.07764,0.14858,0.14820,0.13522
mom-nse-top20-6m,tax-today,2015-01-01,2020-01-01,0.09306,-0.20074,0.28812,0.09410,0.09284,0.08594,0.15458,0.15373,0.14069
mom-nse-top20-6m,tax-today,2015-02-01,2020-02-01,0.08048,-0.21366,0.20487,0.07134,0.07114,0.06563,0.13652,0.13564,0.12424
mom-nse-top20-6m,tax-today,2015-03-01,2020-03-01,0.06490,-0.21968,0.10159,0.06049,0.06049,0.05601,0.13332,0.13260,0.12133
mom-nse-top20-6m,tax-today,2015-04-01,2020-04-01,0.01629,-0.35955,-0.16156,0.00513,0.00513,0.00513,0.07417,0.07417,0.06814
mom-nse-top20-6m,tax-today,2015-05-01,2020-05-01,0.06189,-0.35846,0.09895,0.05161,0.05161,0.04817,0.12195,0.12195,0.11103
mom-nse-top20-6m,tax-today,2015-06-01,2020-06-01,0.05672,-0.35960,0.07354,0.04456,0.04456,0.04195,0.10890,0.10890,0.09925
mom-nse-top20-6m,tax-today,2015-07-01,2020-07-01,0.06880,-0.35909,0.13720,0.05602,0.05602,0.05205,0.11517,0.11517,0.10490
mom-nse-top20-6m,tax-today,2015-08-01,2020-08-01,0.08447,-0.35968,0.21813,0.06667,0.06667,0.06148,0.11910,0.11818,0.10845
mom-nse-top20-6m,tax-today,2015-09-01,2020-09-01,0.10101,-0.35944,0.30482,0.09415,0.09397,0.08599,0.14390,0.14216,0.13095
mom-nse-top20-6m,tax-today,2015-10-01,2020-10-01,0.10299,-0.35889,0.31373,0.08855,0.08850,0.08097,0.13979,0.13762,0.12721
mom-nse-top20-6m,tax-today,2015-11-01,2020-11-01,0.10188,-0.35878,0.30693,0.08985,0.08934,0.08213,0.13774,0.13587,0.12535
mom-nse-top20-6m,tax-today,2015-12-01,2020-12-01,0.11345,-0.35846,0.36524,0.11915,0.11604,0.10849,0.15807,0.15486,0.14388
mom-nse-top20-6m,tax-today,2016-01-01,2021-01-01,0.13184,-0.35849,0.45707,0.13407,0.12958,0.12201,0.17356,0.16874,0.15806
mom-nse-top20-6m,tax-today,2016-02-01,2021-02-01,0.13844,-0.36112,0.48653,0.15030,0.14530,0.13678,0.18534,0.18061,0.16889
mom-nse-top20-6m,tax-today,2016-03-01,2021-03-01,0.16751,-0.35931,0.62569,0.16879,0.16300,0.15369,0.21366,0.20751,0.19502
mom-nse-top20-6m,tax-today,2016-04-01,2021-04-01,0.16325,-0.35972,0.60024,0.15484,0.14905,0.14093,0.21192,0.20483,0.19341
mom-nse-top20-6m,tax-today,2016-05-01,2021-05-01,0.15923,-0.35891,0.57841,0.14721,0.14177,0.13397,0.22144,0.21306,0.20223
mom-nse-top20-6m,tax-today,2016-06-01,2021-06-01,0.16061,-0.35935,0.58487,0.15209,0.14550,0.13842,0.22716,0.21791,0.20754
mom-nse-top20-6m,tax-today,2016-07-01,2021-07-01,0.16212,-0.35982,0.59365,0.14918,0.14247,0.13576,0.22948,0.21958,0.20969
mom-nse-top20-6m,tax-today,2016-08-01,2021-08-01,0.16530,-0.35869,0.60498,0.14201,0.13527,0.12923,0.21930,0.20877,0.20025
mom-nse-top20-6m,tax-today,2016-09-01,2021-09-01,0.16423,-0.35781,0.60236,0.15663,0.14844,0.14256,0.22392,0.21280,0.20453
mom-nse-top20-6m,tax-today,2016-10-01,2021-10-01,0.16593,-0.35866,0.61038,0.16709,0.15837,0.15213,0.22806,0.21664,0.20837
mom-nse-top20-6m,tax-today,2016-11-01,2021-11-01,0.18082,-0.35920,0.67714,0.17194,0.16281,0.15658,0.23496,0.22274,0.21478
mom-nse-top20-6m,tax-today,2016-12-01,2021-12-01,0.18725,-0.36022,0.71004,0.17392,0.16541,0.15839,0.24422,0.23222,0.22339
mom-nse-top20-6m,tax-today,2017-01-01,2022-01-01,0.19443,-0.36023,0.73971,0.17675,0.16803,0.16099,0.25612,0.24359,0.23448
mom-nse-top20-6m,tax-today,2017-02-01,2022-02-01,0.17355,-0.35947,0.64698,0.16503,0.15626,0.15025,0.21213,0.20066,0.19360
mom-nse-top20-6m,tax-today,2017-03-01,2022-03-01,0.16855,-0.35962,0.61521,0.14866,0.14075,0.13529,0.19967,0.18888,0.18209
mom-nse-top20-6m,tax-today,2017-04-01,2022-04-01,0.16488,-0.35889,0.59549,0.15423,0.14549,0.14037,0.20375,0.19213,0.18586
mom-nse-top20-6m,tax-today,2017-05-01,2022-05-01,0.14419,-0.36046,0.49778,0.14357,0.13545,0.13065,0.17957,0.16895,0.16358
mom-nse-top20-6m,tax-today,2017-06-01,2022-06-01,0.13368,-0.36083,0.44723,0.12885,0.12137,0.11728,0.16100,0.15184,0.14655
mom-nse-top20-6m,tax-today,2017-07-01,2022-07-01,0.12025,-0.36080,0.38244,0.11999,0.11334,0.10925,0.14102,0.13353,0.12833
mom-nse-top20-6m,tax-today,2017-08-01,2022-08-01,0.12734,-0.35899,0.41621,0.12777,0.11954,0.11630,0.15103,0.14158,0.13745
mom-nse-top20-6m,tax-today,2017-09-01,2022-09-01,0.12705,-0.35892,0.41498,0.13377,0.12527,0.12174,0.15532,0.14495,0.14137
mom-nse-top20-6m,tax-today,2017-10-01,2022-10-01,0.12670,-0.35923,0.41238,0.13204,0.12394,0.12017,0.15366,0.14353,0.13985
mom-nse-top20-6m,tax-today,2017-11-01,2022-11-01,0.12546,-0.35933,0.40731,0.13102,0.12205,0.11924,0.15299,0.14208,0.13924
mom-nse-top20-6m,tax-today,2017-12-01,2022-12-01,0.13786,-0.35871,0.46492,0.14628,0.13661,0.13312,0.16101,0.15003,0.14657
mom-nse-top20-6m,tax-today,2018-01-01,2023-01-01,0.12144,-0.36053,0.38766,0.13060,0.12168,0.11887,0.13565,0.12560,0.12345
mom-nse-top20-6m,tax-today,2018-02-01,2023-02-01,0.11506,-0.35905,0.36018,0.11224,0.10393,0.10225,0.12006,0.11116,0.10932
mom-nse-top20-6m,tax-today,2018-03-01,2023-03-01,0.12033,-0.35881,0.38505,0.12158,0.11257,0.11070,0.13079,0.12109,0.11903
mom-nse-top20-6m,tax-today,2018-04-01,2023-04-01,0.12397,-0.35574,0.40195,0.12753,0.11807,0.11608,0.13400,0.12407,0.12195
mom-nse-top20-6m,tax-today,2018-05-01,2023-05-01,0.12079,-0.35874,0.38721,0.12307,0.11394,0.11204,0.12873,0.11919,0.11717
mom-nse-top20-6m,tax-today,2018-06-01,2023-06-01,0.12150,-0.35669,0.39222,0.12930,0.11972,0.11769,0.14893,0.13796,0.13554
mom-nse-top20-6m,tax-today,2018-07-01,2023-07-01,0.13158,-0.35500,0.44010,0.13722,0.12706,0.12487,0.15801,0.14641,0.14382
mom-nse-top20-6m,tax-today,2018-08-01,2023-08-01,0.12152,-0.35325,0.39441,0.13027,0.12061,0.11856,0.15718,0.14564,0.14306
mom-nse-top20-6m,tax-today,2018-09-01,2023-09-01,0.12718,-0.35080,0.42156,0.12049,0.11155,0.10970,0.14800,0.13709,0.13469
mom-nse-top20-6m,tax-today,2018-10-01,2023-10-01,0.14348,-0.35715,0.49488,0.13610,0.12603,0.12386,0.17581,0.16305,0.16013
mom-nse-top20-6m,tax-today,2018-11-01,2023-11-01,0.14993,-0.35483,0.53002,0.14179,0.13132,0.12904,0.18193,0.16878,0.16575
mom-nse-top20-6m,tax-today,2018-12-01,2023-12-01,0.15982,-0.35488,0.57507,0.14615,0.13537,0.13300,0.20341,0.18895,0.18555
mom-nse-top20-6m,tax-today,2019-01-01,2024-01-01,0.17566,-0.35232,0.65071,0.16150,0.14968,0.14702,0.22122,0.20571,0.20202
mom-nse-top20-6m,tax-today,2019-02-01,2024-02-01,0.17850,-0.35323,0.66325,0.16137,0.14955,0.14690,0.22469,0.20899,0.20524
mom-nse-top20-6m,tax-today,2019-03-01,2024-03-01,0.18439,-0.35393,0.68877,0.16870,0.15640,0.15361,0.24141,0.22478,0.22078
mom-nse-top20-6m,tax-today,2019-04-01,2024-04-01,0.17818,-0.34990,0.65897,0.15319,0.14192,0.13942,0.23600,0.21967,0.21574
mom-nse-top20-6m,tax-today,2019-05-01,2024-05-01,0.17306,-0.35029,0.63493,0.15309,0.14184,0.13934,0.24122,0.22460,0.22060
mom-nse-top20-6m,tax-today,2019-06-01,2024-06-01,0.16556,-0.34753,0.60284,0.14946,0.13845,0.13601,0.25655,0.23911,0.23488
mom-nse-top20-6m,tax-today,2019-07-01,2024-07-01,0.18396,-0.34635,0.67996,0.16648,0.15432,0.15157,0.26814,0.25011,0.24570
mom-nse-top20-6m,tax-today,2019-08-01,2024-08-01,0.21251,-0.34481,0.80603,0.19261,0.17558,0.17558,0.30115,0.27662,0.27662
mom-nse-top20-6m,tax-today,2019-09-01,2024-09-01,0.22301,-0.35025,0.84602,0.19386,0.17674,0.17674,0.30252,0.27791,0.27791
mom-nse-top20-6m,tax-today,2019-10-01,2024-10-01,0.20540,-0.34393,0.77817,0.19193,0.17496,0.17496,0.29592,0.27172,0.27172
mom-nse-top20-6m,tax-today,2019-11-01,2024-11-01,0.18380,-0.34846,0.67868,0.16694,0.15200,0.15200,0.26574,0.24346,0.24346
mom-nse-top20-6m,tax-today,2019-12-01,2024-12-01,0.17773,-0.34696,0.65016,0.16218,0.14763,0.14763,0.25859,0.23678,0.23678
mom-nse-top20-6m,tax-today,2020-01-01,2025-01-01,0.17186,-0.33920,0.62777,0.15598,0.14197,0.14197,0.24390,0.22309,0.22309
mom-nse-top20-6m,tax-today,2020-02-01,2025-02-01,0.16110,-0.33735,0.57379,0.16380,0.14912,0.14912,0.21662,0.19777,0.19777
mom-nse-top20-6m,tax-today,2020-03-01,2025-03-01,0.14199,-0.32020,0.48220,0.15961,0.14529,0.14529,0.19321,0.17614,0.17614
mom-nse-top20-6m,tax-today,2020-04-01,2025-04-01,0.21629,-0.26714,0.91795,0.24335,0.22258,0.22258,0.26293,0.24083,0.24083
mom-nse-top20-6m,tax-today,2020-05-01,2025-05-01,0.19943,-0.26442,0.85818,0.21179,0.19329,0.19329,0.23579,0.21554,0.21554
mom-nse-top20-6m,tax-today,2020-06-01,2025-06-01,0.18841,-0.26378,0.80203,0.21702,0.19813,0.19813,0.24924,0.22807,0.22807
mom-nse-top20-6m,tax-today,2020-07-01,2025-07-01,0.19120,-0.26309,0.82079,0.21071,0.19229,0.19229,0.25087,0.22958,0.22958
mom-nse-top20-6m,tax-today,2020-08-01,2025-08-01,0.16457,-0.26370,0.67875,0.18700,0.17042,0.17042,0.21755,0.19862,0.19862
mom-plain-top10-1m-ma200,cost,2008-02-01,2013-02-01,0.06861,-0.21603,0.13551,0.03592,0.03592,0.03438,0.02342,0.02342,0.02342
mom-plain-top10-1m-ma200,cost,2008-03-01,2013-03-01,0.07220,-0.21605,0.15148,0.02970,0.02970,0.02895,0.02703,0.02703,0.02662
mom-plain-top10-1m-ma200,cost,2008-04-01,2013-04-01,0.07383,-0.21605,0.16037,0.04945,0.04945,0.04626,0.07055,0.07055,0.06492
mom-plain-top10-1m-ma200,cost,2008-05-01,2013-05-01,0.07910,-0.21605,0.18812,0.03953,0.03953,0.03755,0.05392,0.05392,0.05020
mom-plain-top10-1m-ma200,cost,2008-06-01,2013-06-01,0.10124,-0.21596,0.30326,0.05429,0.05429,0.05052,0.07512,0.07512,0.06899
mom-plain-top10-1m-ma200,cost,2008-07-01,2013-07-01,0.09270,-0.21596,0.25877,0.09942,0.09942,0.09072,0.14111,0.14111,0.12841
mom-plain-top10-1m-ma200,cost,2008-08-01,2013-08-01,0.09594,-0.21596,0.27506,0.06611,0.06611,0.06098,0.09740,0.09740,0.08891
mom-plain-top10-1m-ma200,cost,2008-09-01,2013-09-01,0.09605,-0.21596,0.27544,0.05936,0.05936,0.05500,0.09064,0.09064,0.08284
mom-plain-top10-1m-ma200,cost,2008-10-01,2013-10-01,0.09594,-0.21596,0.27544,0.09178,0.09178,0.08387,0.13588,0.13588,0.12365
mom-plain-top10-1m-ma200,cost,2008-11-01,2013-11-01,0.09558,-0.21596,0.27228,0.18313,0.18313,0.16685,0.22532,0.22532,0.20583
mom-plain-top10-1m-ma200,cost,2008-12-01,2013-12-01,0.08939,-0.21596,0.24059,0.19549,0.19549,0.17824,0.22922,0.22922,0.20945
mom-plain-top10-1m-ma200,cost,2009-01-01,2014-01-01,0.10050,-0.21596,0.29697,0.17089,0.17089,0.15561,0.20948,0.20948,0.19116
mom-plain-top10-1m-ma200,cost,2009-02-01,2014-02-01,0.10231,-0.21596,0.30413,0.17517,0.17517,0.15955,0.21381,0.21381,0.19516
mom-plain-top10-1m-ma200,cost,2009-03-01,2014-03-01,0.11027,-0.21596,0.34353,0.19168,0.19168,0.17472,0.22937,0.22937,0.20959
mom-plain-top10-1m-ma200,cost,2009-04-01,2014-04-01,0.09966,-0.21596,0.29012,0.18381,0.18381,0.16748,0.21371,0.21371,0.19506
mom-plain-top10-1m-ma200,cost,2009-05-01,2014-05-01,0.10185,-0.21596,0.29955,0.15333,0.15333,0.13955,0.20257,0.20257,0.18477
mom-plain-top10-1m-ma200,cost,2009-06-01,2014-06-01,0.07977,-0.21595,0.19059,0.11085,0.11085,0.10101,0.17730,0.17730,0.16150
mom-plain-top10-1m-ma200,cost,2009-07-01,2014-07-01,0.10419,-0.21592,0.33008,0.13287,0.13287,0.12092,0.19900,0.19900,0.18148
mom-plain-top10-1m-ma200,cost,2009-08-01,2014-08-01,0.07469,-0.21605,0.16269,0.11721,0.11721,0.10674,0.17436,0.17436,0.15880
mom-plain-top10-1m-ma200,cost,2009-09-01,2014-09-01,0.08189,-0.21600,0.20840,0.12994,0.12994,0.11827,0.19506,0.19506,0.17784
mom-plain-top10-1m-ma200,cost,2009-10-01,2014-10-01,0.04570,-0.21601,-0.01762,0.10646,0.10646,0.09705,0.18264,0.18264,0.16640
mom-plain-top10-1m-ma200,cost,2009-11-01,2014-11-01,0.07282,-0.21605,0.15231,0.13380,0.13380,0.12177,0.20627,0.20627,0.18818
mom-plain-top10-1m-ma200,cost,2009-12-01,2014-12-01,0.04726,-0.21598,-0.01265,0.12120,0.12120,0.11035,0.19070,0.19070,0.17382
mom-plain-top10-1m-ma200,cost,2010-01-01,2015-01-01,0.02753,-0.21617,-0.14740,0.11054,0.11054,0.10072,0.18516,0.18516,0.16873
mom-plain-top10-1m-ma200,cost,2010-02-01,2015-02-01,0.05598,-0.21593,0.04105,0.13777,0.13777,0.12537,0.21229,0.21229,0.19376
mom-plain-top10-1m-ma200,cost,2010-03-01,2015-03-01,0.04417,-0.21641,-0.04122,0.13907,0.13907,0.12655,0.21651,0.21651,0.19766
mom-plain-top10-1m-ma200,cost,2010-04-01,2015-04-01,0.04313,-0.21618,-0.04394,0.11502,0.11502,0.10476,0.20785,0.20785,0.18964
mom-plain-top10-1m-ma200,cost,2010-05-01,2015-05-01,0.03362,-0.21628,-0.10686,0.10475,0.10475,0.09551,0.19134,0.19134,0.17442
mom-plain-top10-1m-ma200,cost,2010-06-01,2015-06-01,0.06597,-0.21615,0.10776,0.12480,0.12480,0.11361,0.21869,0.21869,0.19968
mom-plain-top10-1m-ma200,cost,2010-07-01,2015-07-01,0.06780,-0.21615,0.12041,0.11287,0.11287,0.10283,0.21196,0.21196,0.19344
mom-plain-top10-1m-ma200,cost,2010-08-01,2015-08-01,0.06600,-0.21681,0.10810,0.11037,0.11037,0.10057,0.21020,0.21020,0.19182
mom-plain-top10-1m-ma200,cost,2010-09-01,2015-09-01,0.04456,-0.21660,-0.02988,0.08597,0.08597,0.07867,0.17846,0.17846,0.16257
mom-plain-top10-1m-ma200,cost,2010-10-01,2015-10-01,0.02099,-0.21807,-0.18965,0.06548,0.06548,0.06042,0.16966,0.16966,0.15448
mom-plain-top10-1m-ma200,cost,2010-11-01,2015-11-01,0.01806,-0.22091,-0.21408,0.06942,0.06942,0.06392,0.15728,0.15728,0.14315
mom-plain-top10-1m-ma200,cost,2010-12-01,2015-12-01,0.01661,-0.20401,-0.22974,0.07206,0.07206,0.06627,0.15550,0.15550,0.14153
mom-plain-top10-1m-ma200,cost,2011-01-01,2016-01-01,0.01461,-0.20377,-0.24791,0.06603,0.06603,0.06091,0.16809,0.16809,0.15305
mom-plain-top10-1m-ma200,cost,2011-02-01,2016-02-01,0.04097,-0.18605,-0.06800,0.08148,0.08148,0.07466,0.18223,0.18223,0.16602
mom-plain-top10-1m-ma200,cost,2011-03-01,2016-03-01,0.04095,-0.18605,-0.06832,0.06761,0.06761,0.06231,0.16191,0.16191,0.14739
mom-plain-top10-1m-ma200,cost,2011-04-01,2016-04-01,0.04095,-0.18605,-0.06767,0.07054,0.07054,0.06492,0.16433,0.16433,0.14961
mom-plain-top10-1m-ma200,cost,2011-05-01,2016-05-01,0.03630,-0.18609,-0.10512,0.07708,0.07708,0.07074,0.16911,0.16911,0.15398
mom-plain-top10-1m-ma200,cost,2011-06-01,2016-06-01,0.03580,-0.18609,-0.10865,0.09211,0.09211,0.08416,0.17998,0.17998,0.16396
mom-plain-top10-1m-ma200,cost,2011-07-01,2016-07-01,0.04125,-0.18609,-0.06744,0.09468,0.09468,0.08647,0.18497,0.18497,0.16855
mom-plain-top10-1m-ma200,cost,2011-08-01,2016-08-01,0.05643,-0.18609,0.04221,0.10716,0.10716,0.09768,0.20794,0.20794,0.18974
mom-plain-top10-1m-ma200,cost,2011-09-01,2016-09-01,0.06413,-0.18609,0.09646,0.13264,0.13264,0.12071,0.23121,0.23121,0.21129
mom-plain-top10-1m-ma200,cost,2011-10-01,2016-10-01,0.06049,-0.18609,0.07306,0.13102,0.13102,0.11924,0.23364,0.23364,0.21355
mom-plain-top10-1m-ma200,cost,2011-11-01,2016-11-01,0.06384,-0.18609,0.09658,0.11765,0.11765,0.10714,0.22844,0.22844,0.20872
mom-plain-top10-1m-ma200,cost,2011-12-01,2016-12-01,0.05322,-0.18609,0.02901,0.12024,0.12024,0.10948,0.22328,0.22328,0.20394
mom-plain-top10-1m-ma200,cost,2012-01-01,2017-01-01,0.04892,-0.18609,0.00215,0.13479,0.13479,0.12266,0.23011,0.23011,0.21027
mom-plain-top10-1m-ma200,cost,2012-02-01,2017-02-01,0.05083,-0.18609,0.01476,0.12078,0.12078,0.10997,0.24977,0.24977,0.22856
mom-plain-top10-1m-ma200,cost,2012-03-01,2017-03-01,0.03884,-0.18428,-0.06416,0.12244,0.12244,0.11148,0.24492,0.24492,0.22404
mom-plain-top10-1m-ma200,cost,2012-04-01,2017-04-01,0.04113,-0.17541,-0.05199,0.13020,0.13020,0.11850,0.24610,0.24610,0.22514
mom-plain-top10-1m-ma200,cost,2012-05-01,2017-05-01,0.04994,-0.14432,0.00555,0.13543,0.13543,0.12325,0.25848,0.25848,0.23668
mom-plain-top10-1m-ma200,cost,2012-06-01,2017-06-01,0.06665,-0.12614,0.11558,0.16115,0.16115,0.14670,0.27090,0.27090,0.24828
mom-plain-top10-1m-ma200,cost,2012-07-01,2017-07-01,0.06597,-0.12614,0.11117,0.13879,0.13879,0.12631,0.25219,0.25219,0.23081
mom-plain-top10-1m-ma200,cost,2012-08-01,2017-08-01,0.08539,-0.12650,0.23694,0.15452,0.15452,0.14064,0.26897,0.26897,0.24647
mom-plain-top10-1m-ma200,cost,2012-09-01,2017-09-01,0.08939,-0.12611,0.26057,0.15048,0.15048,0.13695,0.27439,0.27439,0.25154
mom-plain-top10-1m-ma200,cost,2012-10-01,2017-10-01,0.07301,-0.12610,0.15626,0.12709,0.12709,0.11568,0.25032,0.25032,0.22907
mom-plain-top10-1m-ma200,cost,2012-11-01,2017-11-01,0.08869,-0.12615,0.25523,0.14469,0.14469,0.13167,0.26899,0.26899,0.24649
mom-plain-top10-1m-ma200,cost,2012-12-01,2017-12-01,0.06161,-0.12626,0.08233,0.12840,0.12840,0.11687,0.24480,0.24480,0.22393
mom-plain-top10-1m-ma200,cost,2013-01-01,2018-01-01,0.07558,-0.12638,0.17132,0.13251,0.13251,0.12060,0.25838,0.25838,0.23658
mom-plain-top10-1m-ma200,cost,2013-02-01,2018-02-01,0.07677,-0.12628,0.17910,0.14308,0.14308,0.13021,0.26468,0.26468,0.24246
mom-plain-top10-1m-ma200,cost,2013-03-01,2018-03-01,0.07641,-0.12609,0.17723,0.14232,0.14232,0.12951,0.26089,0.26089,0.23892
mom-plain-top10-1m-ma200,cost,2013-04-01,2018-04-01,0.06930,-0.12613,0.13204,0.13557,0.13557,0.12338,0.25600,0.25600,0.23436
mom-plain-top10-1m-ma200,cost,2013-05-01,2018-05-01,0.07873,-0.12621,0.19125,0.14039,0.14039,0.12776,0.26045,0.26045,0.23852
mom-plain-top10-1m-ma200,cost,2013-06-01,2018-06-01,0.08134,-0.12616,0.20735,0.13701,0.13701,0.12468,0.24607,0.24607,0.22511
mom-plain-top10-1m-ma200,cost,2013-07-01,2018-07-01,0.09139,-0.12628,0.27060,0.14080,0.14080,0.12813,0.24990,0.24990,0.22868
mom-plain-top10-1m-ma200,cost,2013-08-01,2018-08-01,0.10701,-0.12619,0.36889,0.16077,0.16077,0.14635,0.26292,0.26266,0.24082
mom-plain-top10-1m-ma200,cost,2013-09-01,2018-09-01,0.11360,-0.12619,0.40797,0.17846,0.17790,0.16256,0.29019,0.28860,0.26633
mom-plain-top10-1m-ma200,cost,2013-10-01,2018-10-01,0.09892,-0.12619,0.31702,0.15170,0.15170,0.13806,0.25045,0.25045,0.22919
mom-plain-top10-1m-ma200,cost,2013-11-01,2018-11-01,0.08327,-0.18013,0.21840,0.11865,0.11865,0.10804,0.21992,0.21992,0.20082
mom-plain-top10-1m-ma200,cost,2013-12-01,2018-12-01,0.08669,-0.18023,0.23901,0.13388,0.13388,0.12185,0.23611,0.23611,0.21585
mom-plain-top10-1m-ma200,cost,2014-01-01,2019-01-01,0.07515,-0.18019,0.16902,0.13007,0.13007,0.11839,0.22665,0.22665,0.20706
mom-plain-top10-1m-ma200,cost,2014-02-01,2019-02-01,0.08664,-0.18026,0.23860,0.13747,0.13747,0.12510,0.23796,0.23796,0.21756
mom-plain-top10-1m-ma200,cost,2014-03-01,2019-03-01,0.08082,-0.18023,0.20322,0.13018,0.13018,0.11848,0.22764,0.22764,0.20798
mom-plain-top10-1m-ma200,cost,2014-04-01,2019-04-01,0.09252,-0.18021,0.27582,0.13094,0.13055,0.11917,0.23479,0.23418,0.21462
mom-plain-top10-1m-ma200,cost,2014-05-01,2019-05-01,0.09573,-0.18029,0.29527,0.13329,0.13274,0.12131,0.23461,0.23348,0.21445
mom-plain-top10-1m-ma200,cost,2014-06-01,2019-06-01,0.09298,-0.18007,0.27792,0.11935,0.11855,0.10868,0.21977,0.21903,0.20068
mom-plain-top10-1m-ma200,cost,2014-07-01,2019-07-01,0.08105,-0.18023,0.20680,0.10598,0.10531,0.09661,0.19548,0.19488,0.17823
mom-plain-top10-1m-ma200,cost,2014-08-01,2019-08-01,0.05970,-0.18011,0.07344,0.08985,0.08985,0.08214,0.17443,0.17443,0.15886
mom-plain-top10-1m-ma200,cost,2014-09-01,2019-09-01,0.04809,-0.18041,-0.00314,0.07909,0.07909,0.07253,0.15466,0.15466,0.14076
mom-plain-top10-1m-ma200,cost,2014-10-01,2019-10-01,0.06452,-0.18037,0.10262,0.08775,0.08775,0.08026,0.16178,0.16178,0.14727
mom-plain-top10-1m-ma200,cost,2014-11-01,2019-11-01,0.05984,-0.18003,0.07058,0.08786,0.08715,0.08036,0.15625,0.15613,0.14222
mom-plain-top10-1m-ma200,cost,2014-12-01,2019-12-01,0.05275,-0.18013,0.02356,0.08482,0.08385,0.07764,0.14858,0.14820,0.13522
mom-plain-top10-1m-ma200,cost,2015-01-01,2020-01-01,0.06026,-0.18014,0.07294,0.09410,0.09284,0.08594,0.15458,0.15373,0.14069
mom-plain-top10-1m-ma200,cost,2015-02-01,2020-02-01,0.04997,-0.18024,0.00305,0.07134,0.07114,0.06563,0.13652,0.13564,0.12424
mom-plain-top10-1m-ma200,cost,2015-03-01,2020-03-01,0.03506,-0.18018,-0.10149,0.06049,0.06049,0.05601,0.13332,0.13260,0.12133
mom-plain-top10-1m-ma200,cost,2015-04-01,2020-04-01,0.03862,-0.18028,-0.07885,0.00513,0.00513,0.00513,0.07417,0.07417,0.06814
mom-plain-top10-1m-ma200,cost,2015-05-01,2020-05-01,0.04822,-0.18024,-0.01544,0.05161,0.05161,0.04817,0.12195,0.12195,0.11103
mom-plain-top10-1m-ma200,cost,2015-06-01,2020-06-01,0.04269,-0.18032,-0.05759,0.04456,0.04456,0.04195,0.10890,0.10890,0.09925
mom-plain-top10-1m-ma200,cost,2015-07-01,2020-07-01,0.04077,-0.18039,-0.07461,0.05602,0.05602,0.05205,0.11517,0.11517,0.10490
mom-plain-top10-1m-ma200,cost,2015-08-01,2020-08-01,0.03444,-0.18024,-0.12526,0.06667,0.06667,0.06148,0.11910,0.11818,0.10845
mom-plain-top10-1m-ma200,cost,2015-09-01,2020-09-01,0.04631,-0.18027,-0.04257,0.09415,0.09397,0.08599,0.14390,0.14216,0.13095
mom-plain-top10-1m-ma200,cost,2015-10-01,2020-10-01,0.05228,-0.18027,0.00597,0.08855,0.08850,0.08097,0.13979,0.13762,0.12721
mom-plain-top10-1m-ma200,cost,2015-11-01,2020-11-01,0.05114,-0.18027,-0.00146,0.08985,0.08934,0.08213,0.13774,0.13587,0.12535
mom-plain-top10-1m-ma200,cost,2015-12-01,2020-12-01,0.06484,-0.18027,0.09834,0.11915,0.11604,0.10849,0.15807,0.15486,0.14388
mom-plain-top10-1m-ma200,cost,2016-01-01,2021-01-01,0.08112,-0.18027,0.21132,0.13407,0.12958,0.12201,0.17356,0.16874,0.15806
mom-plain-top10-1m-ma200,cost,2016-02-01,2021-02-01,0.07219,-0.18027,0.14972,0.15030,0.14530,0.13678,0.18534,0.18061,0.16889
mom-plain-top10-1m-ma200,cost,2016-03-01,2021-03-01,0.08752,-0.18027,0.24991,0.16879,0.16300,0.15369,0.21366,0.20751,0.19502
mom-plain-top10-1m-ma200,cost,2016-04-01,2021-04-01,0.10428,-0.18027,0.35153,0.15484,0.14905,0.14093,0.21192,0.20483,0.19341
mom-plain-top10-1m-ma200,cost,2016-05-01,2021-05-01,0.11749,-0.18027,0.42124,0.14721,0.14177,0.13397,0.22144,0.21306,0.20223
mom-plain-top10-1m-ma200,cost,2016-06-01,2021-06-01,0.13138,-0.18027,0.49812,0.15209,0.14550,0.13842,0.22716,0.21791,0.20754
mom-plain-top10-1m-ma200,cost,2016-07-01,2021-07-01,0.12654,-0.18028,0.46870,0.14918,0.14247,0.13576,0.22948,0.21958,0.20969
mom-plain-top10-1m-ma200,cost,2016-08-01,2021-08-01,0.12335,-0.18029,0.44723,0.14201,0.13527,0.12923,0.21930,0.20877,0.20025
mom-plain-top10-1m-ma200,cost,2016-09-01,2021-09-01,0.11959,-0.18042,0.42572,0.15663,0.14844,0.14256,0.22392,0.21280,0.20453
mom-plain-top10-1m-ma200,cost,2016-10-01,2021-10-01,0.11725,-0.18024,0.41256,0.16709,0.15837,0.15213,0.22806,0.21664,0.20837
mom-plain-top10-1m-ma200,cost,2016-11-01,2021-11-01,0.13465,-0.18024,0.50650,0.17194,0.16281,0.15658,0.23496,0.22274,0.21478
mom-plain-top10-1m-ma200,cost,2016-12-01,2021-12-01,0.13243,-0.18032,0.49822,0.17392,0.16541,0.15839,0.24422,0.23222,0.22339
mom-plain-top10-1m-ma200,cost,2017-01-01,2022-01-01,0.14140,-0.18027,0.54552,0.17675,0.16803,0.16099,0.25612,0.24359,0.23448
mom-plain-top10-1m-ma200,cost,2017-02-01,2022-02-01,0.13853,-0.18027,0.52339,0.16503,0.15626,0.15025,0.21213,0.20066,0.19360
mom-plain-top10-1m-ma200,cost,2017-03-01,2022-03-01,0.13699,-0.18079,0.50643,0.14866,0.14075,0.13529,0.19967,0.18888,0.18209
mom-plain-top10-1m-ma200,cost,2017-04-01,2022-04-01,0.13154,-0.18083,0.47831,0.15423,0.14549,0.14037,0.20375,0.19213,0.18586
mom-plain-top10-1m-ma200,cost,2017-05-01,2022-05-01,0.11463,-0.18124,0.38519,0.14357,0.13545,0.13065,0.17957,0.16895,0.16358
mom-plain-top10-1m-ma200,cost,2017-06-01,2022-06-01,0.11471,-0.18119,0.38801,0.12885,0.12137,0.11728,0.16100,0.15184,0.14655
mom-plain-top10-1m-ma200,cost,2017-07-01,2022-07-01,0.11306,-0.18062,0.37864,0.11999,0.11334,0.10925,0.14102,0.13353,0.12833
mom-plain-top10-1m-ma200,cost,2017-08-01,2022-08-01,0.09767,-0.17992,0.29439,0.12777,0.11954,0.11630,0.15103,0.14158,0.13745
mom-plain-top10-1m-ma200,cost,2017-09-01,2022-09-01,0.10220,-0.17959,0.32105,0.13377,0.12527,0.12174,0.15532,0.14495,0.14137
mom-plain-top10-1m-ma200,cost,2017-10-01,2022-10-01,0.09964,-0.17947,0.30551,0.13204,0.12394,0.12017,0.15366,0.14353,0.13985
mom-plain-top10-1m-ma200,cost,2017-11-01,2022-11-01,0.08187,-0.17837,0.20562,0.13102,0.12205,0.11924,0.15299,0.14208,0.13924
mom-plain-top10-1m-ma200,cost,2017-12-01,2022-12-01,0.09632,-0.19843,0.28933,0.14628,0.13661,0.13312,0.16101,0.15003,0.14657
mom-plain-top10-1m-ma200,cost,2018-01-01,2023-01-01,0.08216,-0.22330,0.20682,0.13060,0.12168,0.11887,0.13565,0.12560,0.12345
mom-plain-top10-1m-ma200,cost,2018-02-01,2023-02-01,0.06406,-0.26444,0.10266,0.11224,0.10393,0.10225,0.12006,0.11116,0.10932
mom-plain-top10-1m-ma200,cost,2018-03-01,2023-03-01,0.07142,-0.27566,0.14486,0.12158,0.11257,0.11070,0.13079,0.12109,0.11903
mom-plain-top10-1m-ma200,cost,2018-04-01,2023-04-01,0.07177,-0.28660,0.14594,0.12753,0.11807,0.11608,0.13400,0.12407,0.12195
mom-plain-top10-1m-ma200,cost,2018-05-01,2023-05-01,0.05807,-0.28625,0.06625,0.12307,0.11394,0.11204,0.12873,0.11919,0.11717
mom-plain-top10-1m-ma200,cost,2018-06-01,2023-06-01,0.05237,-0.28607,0.03232,0.12930,0.11972,0.11769,0.14893,0.13796,0.13554
mom-plain-top10-1m-ma200,cost,2018-07-01,2023-07-01,0.05942,-0.28610,0.07435,0.13722,0.12706,0.12487,0.15801,0.14641,0.14382
mom-plain-top10-1m-ma200,cost,2018-08-01,2023-08-01,0.05268,-0.28641,0.03424,0.13027,0.12061,0.11856,0.15718,0.14564,0.14306
mom-plain-top10-1m-ma200,cost,2018-09-01,2023-09-01,0.05030,-0.28644,0.01946,0.12049,0.11155,0.10970,0.14800,0.13709,0.13469
mom-plain-top10-1m-ma200,cost,2018-10-01,2023-10-01,0.06718,-0.28614,0.11935,0.13610,0.12603,0.12386,0.17581,0.16305,0.16013
mom-plain-top10-1m-ma200,cost,2018-11-01,2023-11-01,0.07676,-0.28612,0.17668,0.14179,0.13132,0.12904,0.18193,0.16878,0.16575
mom-plain-top10-1m-ma200,cost,2018-12-01,2023-12-01,0.10080,-0.28612,0.31748,0.14615,0.13537,0.13300,0.20341,0.18895,0.18555
mom-plain-top10-1m-ma200,cost,2019-01-01,2024-01-01,0.12160,-0.28639,0.43818,0.16150,0.14968,0.14702,0.22122,0.20571,0.20202
mom-plain-top10-1m-ma200,cost,2019-02-01,2024-02-01,0.12497,-0.28676,0.45733,0.16137,0.14955,0.14690,0.22469,0.20899,0.20524
mom-plain-top10-1m-ma200,cost,2019-03-01,2024-03-01,0.14642,-0.28620,0.57299,0.16870,0.15640,0.15361,0.24141,0.22478,0.22078
mom-plain-top10-1m-ma200,cost,2019-04-01,2024-04-01,0.14037,-0.28668,0.53334,0.15319,0.14192,0.13942,0.23600,0.21967,0.21574
mom-plain-top10-1m-ma200,cost,2019-05-01,2024-05-01,0.14033,-0.28630,0.53212,0.15309,0.14184,0.13934,0.24122,0.22460,0.22060
mom-plain-top10-1m-ma200,cost,2019-06-01,2024-06-01,0.13862,-0.28622,0.52198,0.14946,0.13845,0.13601,0.25655,0.23911,0.23488
mom-plain-top10-1m-ma200,cost,2019-07-01,2024-07-01,0.14669,-0.28631,0.54418,0.16648,0.15432,0.15157,0.26814,0.25011,0.24570
mom-plain-top10-1m-ma200,cost,2019-08-01,2024-08-01,0.19061,-0.28620,0.76628,0.19261,0.17558,0.17558,0.30115,0.27662,0.27662
mom-plain-top10-1m-ma200,cost,2019-09-01,2024-09-01,0.19152,-0.28620,0.76100,0.19386,0.17674,0.17674,0.30252,0.27791,0.27791
mom-plain-top10-1m-ma200,cost,2019-10-01,2024-10-01,0.19896,-0.28620,0.79279,0.19193,0.17496,0.17496,0.29592,0.27172,0.27172
mom-plain-top10-1m-ma200,cost,2019-11-01,2024-11-01,0.16763,-0.28664,0.63656,0.16694,0.15200,0.15200,0.26574,0.24346,0.24346
mom-plain-top10-1m-ma200,cost,2019-12-01,2024-12-01,0.15296,-0.28653,0.56137,0.16218,0.14763,0.14763,0.25859,0.23678,0.23678
mom-plain-top10-1m-ma200,cost,2020-01-01,2025-01-01,0.15093,-0.28637,0.55157,0.15598,0.14197,0.14197,0.24390,0.22309,0.22309
mom-plain-top10-1m-ma200,cost,2020-02-01,2025-02-01,0.14891,-0.28621,0.54263,0.16380,0.14912,0.14912,0.21662,0.19777,0.19777
mom-plain-top10-1m-ma200,cost,2020-03-01,2025-03-01,0.15861,-0.28659,0.59300,0.15961,0.14529,0.14529,0.19321,0.17614,0.17614
mom-plain-top10-1m-ma200,cost,2020-04-01,2025-04-01,0.15843,-0.28659,0.59351,0.24335,0.22258,0.22258,0.26293,0.24083,0.24083
mom-plain-top10-1m-ma200,cost,2020-05-01,2025-05-01,0.15880,-0.28659,0.59351,0.21179,0.19329,0.19329,0.23579,0.21554,0.21554
mom-plain-top10-1m-ma200,cost,2020-06-01,2025-06-01,0.16519,-0.28659,0.62181,0.21702,0.19813,0.19813,0.24924,0.22807,0.22807
mom-plain-top10-1m-ma200,cost,2020-07-01,2025-07-01,0.17719,-0.28659,0.67876,0.21071,0.19229,0.19229,0.25087,0.22958,0.22958
mom-plain-top10-1m-ma200,cost,2020-08-01,2025-08-01,0.16063,-0.28659,0.59614,0.18700,0.17042,0.17042,0.21755,0.19862,0.19862
mom-plain-top10-1m-ma200,tax-dated,2008-02-01,2013-02-01,0.05889,-0.25053,0.08653,0.03592,0.03592,0.03438,0.02342,0.02342,0.02342
mom-plain-top10-1m-ma200,tax-dated,2008-03-01,2013-03-01,0.06089,-0.25070,0.09133,0.02970,0.02970,0.02895,0.02703,0.02703,0.02662
mom-plain-top10-1m-ma200,tax-dated,2008-04-01,2013-04-01,0.06250,-0.25070,0.10037,0.04945,0.04945,0.04626,0.07055,0.07055,0.06492
mom-plain-top10-1m-ma200,tax-dated,2008-05-01,2013-05-01,0.06769,-0.25070,0.12825,0.03953,0.03953,0.03755,0.05392,0.05392,0.05020
mom-plain-top10-1m-ma200,tax-dated,2008-06-01,2013-06-01,0.08724,-0.25062,0.23001,0.05429,0.05429,0.05052,0.07512,0.07512,0.06899
mom-plain-top10-1m-ma200,tax-dated,2008-07-01,2013-07-01,0.07938,-0.25062,0.18933,0.09942,0.09942,0.09072,0.14111,0.14111,0.12841
mom-plain-top10-1m-ma200,tax-dated,2008-08-01,2013-08-01,0.08261,-0.25062,0.20602,0.06611,0.06611,0.06098,0.09740,0.09740,0.08891
mom-plain-top10-1m-ma200,tax-dated,2008-09-01,2013-09-01,0.08271,-0.25062,0.20637,0.05936,0.05936,0.05500,0.09064,0.09064,0.08284
mom-plain-top10-1m-ma200,tax-dated,2008-10-01,2013-10-01,0.08261,-0.25062,0.20637,0.09178,0.09178,0.08387,0.13588,0.13588,0.12365
mom-plain-top10-1m-ma200,tax-dated,2008-11-01,2013-11-01,0.08225,-0.25062,0.20329,0.18313,0.18313,0.16685,0.22532,0.22532,0.20583
mom-plain-top10-1m-ma200,tax-dated,2008-12-01,2013-12-01,0.07613,-0.25062,0.17198,0.19549,0.19549,0.17824,0.22922,0.22922,0.20945
mom-plain-top10-1m-ma200,tax-dated,2009-01-01,2014-01-01,0.08670,-0.25062,0.22618,0.17089,0.17089,0.15561,0.20948,0.20948,0.19116
mom-plain-top10-1m-ma200,tax-dated,2009-02-01,2014-02-01,0.08826,-0.25062,0.23262,0.17517,0.17517,0.15955,0.21381,0.21381,0.19516
mom-plain-top10-1m-ma200,tax-dated,2009-03-01,2014-03-01,0.09509,-0.25062,0.26688,0.19168,0.19168,0.17472,0.22937,0.22937,0.20959
mom-plain-top10-1m-ma200,tax-dated,2009-04-01,2014-04-01,0.08613,-0.25062,0.22168,0.18381,0.18381,0.16748,0.21371,0.21371,0.19506
mom-plain-top10-1m-ma200,tax-dated,2009-05-01,2014-05-01,0.08799,-0.25062,0.22987,0.15333,0.15333,0.13955,0.20257,0.20257,0.18477
mom-plain-top10-1m-ma200,tax-dated,2009-06-01,2014-06-01,0.06849,-0.24877,0.12871,0.11085,0.11085,0.10101,0.17730,0.17730,0.16150
mom-plain-top10-1m-ma200,tax-dated,2009-07-01,2014-07-01,0.08936,-0.24926,0.24606,0.13287,0.13287,0.12092,0.19900,0.19900,0.18148
mom-plain-top10-1m-ma200,tax-dated,2009-08-01,2014-08-01,0.06399,-0.24556,0.09943,0.11721,0.11721,0.10674,0.17436,0.17436,0.15880
mom-plain-top10-1m-ma200,tax-dated,2009-09-01,2014-09-01,0.07018,-0.24376,0.13639,0.12994,0.12994,0.11827,0.19506,0.19506,0.17784
mom-plain-top10-1m-ma200,tax-dated,2009-10-01,2014-10-01,0.03957,-0.23554,-0.05597,0.10646,0.10646,0.09705,0.18264,0.18264,0.16640
mom-plain-top10-1m-ma200,tax-dated,2009-11-01,2014-11-01,0.06279,-0.24174,0.08965,0.13380,0.13380,0.12177,0.20627,0.20627,0.18818
mom-plain-top10-1m-ma200,tax-dated,2009-12-01,2014-12-01,0.04108,-0.22554,-0.05318,0.12120,0.12120,0.11035,0.19070,0.19070,0.17382
mom-plain-top10-1m-ma200,tax-dated,2010-01-01,2015-01-01,0.02394,-0.21722,-0.17153,0.11054,0.11054,0.10072,0.18516,0.18516,0.16873
mom-plain-top10-1m-ma200,tax-dated,2010-02-01,2015-02-01,0.04810,-0.22632,-0.01048,0.13777,0.13777,0.12537,0.21229,0.21229,0.19376
mom-plain-top10-1m-ma200,tax-dated,2010-03-01,2015-03-01,0.03812,-0.22128,-0.08344,0.13907,0.13907,0.12655,0.21651,0.21651,0.19766
mom-plain-top10-1m-ma200,tax-dated,2010-04-01,2015-04-01,0.03719,-0.21703,-0.08385,0.11502,0.11502,0.10476,0.20785,0.20785,0.18964
mom-plain-top10-1m-ma200,tax-dated,2010-05-01,2015-05-01,0.02888,-0.21876,-0.13878,0.10475,0.10475,0.09551,0.19134,0.19134,0.17442
mom-plain-top10-1m-ma200,tax-dated,2010-06-01,2015-06-01,0.05640,-0.23072,0.04316,0.12480,0.12480,0.11361,0.21869,0.21869,0.19968
mom-plain-top10-1m-ma200,tax-dated,2010-07-01,2015-07-01,0.06140,-0.23072,0.07769,0.11287,0.11287,0.10283,0.21196,0.21196,0.19344
mom-plain-top10-1m-ma200,tax-dated,2010-08-01,2015-08-01,0.06067,-0.22690,0.07277,0.11037,0.11037,0.10057,0.21020,0.21020,0.19182
mom-plain-top10-1m-ma200,tax-dated,2010-09-01,2015-09-01,0.04343,-0.22263,-0.03742,0.08597,0.08597,0.07867,0.17846,0.17846,0.16257
mom-plain-top10-1m-ma200,tax-dated,2010-10-01,2015-10-01,0.02099,-0.21807,-0.18965,0.06548,0.06548,0.06042,0.16966,0.16966,0.15448
mom-plain-top10-1m-ma200,tax-dated,2010-11-01,2015-11-01,0.01806,-0.22091,-0.21408,0.06942,0.06942,0.06392,0.15728,0.15728,0.14315
mom-plain-top10-1m-ma200,tax-dated,2010-12-01,2015-12-01,0.01661,-0.20401,-0.22974,0.07206,0.07206,0.06627,0.15550,0.15550,0.14153
mom-plain-top10-1m-ma200,tax-dated,2011-01-01,2016-01-01,0.01461,-0.20377,-0.24791,0.06603,0.06603,0.06091,0.16809,0.16809,0.15305
mom-plain-top10-1m-ma200,tax-dated,2011-02-01,2016-02-01,0.04040,-0.18952,-0.07221,0.08148,0.08148,0.07466,0.18223,0.18223,0.16602
mom-plain-top10-1m-ma200,tax-dated,2011-03-01,2016-03-01,0.04038,-0.18952,-0.07253,0.06761,0.06761,0.06231,0.16191,0.16191,0.14739
mom-plain-top10-1m-ma200,tax-dated,2011-04-01,2016-04-01,0.04038,-0.18952,-0.07188,0.07054,0.07054,0.06492,0.16433,0.16433,0.14961
mom-plain-top10-1m-ma200,tax-dated,2011-05-01,2016-05-01,0.03625,-0.18653,-0.10545,0.07708,0.07708,0.07074,0.16911,0.16911,0.15398
mom-plain-top10-1m-ma200,tax-dated,2011-06-01,2016-06-01,0.03575,-0.18653,-0.10897,0.09211,0.09211,0.08416,0.17998,0.17998,0.16396
mom-plain-top10-1m-ma200,tax-dated,2011-07-01,2016-07-01,0.04081,-0.18653,-0.07065,0.09468,0.09468,0.08647,0.18497,0.18497,0.16855
mom-plain-top10-1m-ma200,tax-dated,2011-08-01,2016-08-01,0.05379,-0.18653,0.02343,0.10716,0.10716,0.09768,0.20794,0.20794,0.18974
mom-plain-top10-1m-ma200,tax-dated,2011-09-01,2016-09-01,0.06053,-0.18653,0.07162,0.13264,0.13264,0.12071,0.23121,0.23121,0.21129
mom-plain-top10-1m-ma200,tax-dated,2011-10-01,2016-10-01,0.05749,-0.18653,0.05267,0.13102,0.13102,0.11924,0.23364,0.23364,0.21355
mom-plain-top10-1m-ma200,tax-dated,2011-11-01,2016-11-01,0.06057,-0.18653,0.07455,0.11765,0.11765,0.10714,0.22844,0.22844,0.20872
mom-plain-top10-1m-ma200,tax-dated,2011-12-01,2016-12-01,0.05109,-0.18653,0.01528,0.12024,0.12024,0.10948,0.22328,0.22328,0.20394
mom-plain-top10-1m-ma200,tax-dated,2012-01-01,2017-01-01,0.04744,-0.18653,-0.00746,0.13479,0.13479,0.12266,0.23011,0.23011,0.21027
mom-plain-top10-1m-ma200,tax-dated,2012-02-01,2017-02-01,0.05078,-0.18653,0.01448,0.12078,0.12078,0.10997,0.24977,0.24977,0.22856
mom-plain-top10-1m-ma200,tax-dated,2012-03-01,2017-03-01,0.03884,-0.18428,-0.06416,0.12244,0.12244,0.11148,0.24492,0.24492,0.22404
mom-plain-top10-1m-ma200,tax-dated,2012-04-01,2017-04-01,0.04073,-0.17541,-0.05469,0.13020,0.13020,0.11850,0.24610,0.24610,0.22514
mom-plain-top10-1m-ma200,tax-dated,2012-05-01,2017-05-01,0.04826,-0.14432,-0.00556,0.13543,0.13543,0.12325,0.25848,0.25848,0.23668
mom-plain-top10-1m-ma200,tax-dated,2012-06-01,2017-06-01,0.06376,-0.12633,0.09669,0.16115,0.16115,0.14670,0.27090,0.27090,0.24828
mom-plain-top10-1m-ma200,tax-dated,2012-07-01,2017-07-01,0.06318,-0.12633,0.09299,0.13879,0.13879,0.12631,0.25219,0.25219,0.23081
mom-plain-top10-1m-ma200,tax-dated,2012-08-01,2017-08-01,0.07895,-0.12617,0.19566,0.15452,0.15452,0.14064,0.26897,0.26897,0.24647
mom-plain-top10-1m-ma200,tax-dated,2012-09-01,2017-09-01,0.08294,-0.12620,0.21995,0.15048,0.15048,0.13695,0.27439,0.27439,0.25154
mom-plain-top10-1m-ma200,tax-dated,2012-10-01,2017-10-01,0.06823,-0.12614,0.12572,0.12709,0.12709,0.11568,0.25032,0.25032,0.22907
mom-plain-top10-1m-ma200,tax-dated,2012-11-01,2017-11-01,0.08209,-0.12618,0.21379,0.14469,0.14469,0.13167,0.26899,0.26899,0.24649
mom-plain-top10-1m-ma200,tax-dated,2012-12-01,2017-12-01,0.05887,-0.12626,0.06507,0.12840,0.12840,0.11687,0.24480,0.24480,0.22393
mom-plain-top10-1m-ma200,tax-dated,2013-01-01,2018-01-01,0.07080,-0.12638,0.14125,0.13251,0.13251,0.12060,0.25838,0.25838,0.23658
mom-plain-top10-1m-ma200,tax-dated,2013-02-01,2018-02-01,0.07211,-0.12628,0.14992,0.14308,0.14308,0.13021,0.26468,0.26468,0.24246
mom-plain-top10-1m-ma200,tax-dated,2013-03-01,2018-03-01,0.07148,-0.12604,0.14632,0.14232,0.14232,0.12951,0.26089,0.26089,0.23892
mom-plain-top10-1m-ma200,tax-dated,2013-04-01,2018-04-01,0.06545,-0.12626,0.10787,0.13557,0.13557,0.12338,0.25600,0.25600,0.23436
mom-plain-top10-1m-ma200,tax-dated,2013-05-01,2018-05-01,0.07482,-0.12621,0.16675,0.14039,0.14039,0.12776,0.26045,0.26045,0.23852
mom-plain-top10-1m-ma200,tax-dated,2013-06-01,2018-06-01,0.07682,-0.12616,0.17894,0.13701,0.13701,0.12468,0.24607,0.24607,0.22511
mom-plain-top10-1m-ma200,tax-dated,2013-07-01,2018-07-01,0.08566,-0.12628,0.23472,0.14080,0.14080,0.12813,0.24990,0.24990,0.22868
mom-plain-top10-1m-ma200,tax-dated,2013-08-01,2018-08-01,0.09947,-0.12619,0.32171,0.16077,0.16077,0.14635,0.26292,0.26266,0.24082
mom-plain-top10-1m-ma200,tax-dated,2013-09-01,2018-09-01,0.10518,-0.12619,0.35528,0.17846,0.17790,0.16256,0.29019,0.28860,0.26633
mom-plain-top10-1m-ma200,tax-dated,2013-10-01,2018-10-01,0.09188,-0.12619,0.27346,0.15170,0.15170,0.13806,0.25045,0.25045,0.22919
mom-plain-top10-1m-ma200,tax-dated,2013-11-01,2018-11-01,0.08149,-0.18013,0.20764,0.11865,0.11865,0.10804,0.21992,0.21992,0.20082
mom-plain-top10-1m-ma200,tax-dated,2013-12-01,2018-12-01,0.08439,-0.17997,0.22501,0.13388,0.13388,0.12185,0.23611,0.23611,0.21585
mom-plain-top10-1m-ma200,tax-dated,2014-01-01,2019-01-01,0.07398,-0.18008,0.16183,0.13007,0.13007,0.11839,0.22665,0.22665,0.20706
mom-plain-top10-1m-ma200,tax-dated,2014-02-01,2019-02-01,0.08350,-0.17999,0.21950,0.13747,0.13747,0.12510,0.23796,0.23796,0.21756
mom-plain-top10-1m-ma200,tax-dated,2014-03-01,2019-03-01,0.07811,-0.18007,0.18663,0.13018,0.13018,0.11848,0.22764,0.22764,0.20798
mom-plain-top10-1m-ma200,tax-dated,2014-04-01,2019-04-01,0.08702,-0.17997,0.24236,0.13094,0.13055,0.11917,0.23479,0.23418,0.21462
mom-plain-top10-1m-ma200,tax-dated,2014-05-01,2019-05-01,0.08987,-0.18001,0.25968,0.13329,0.13274,0.12131,0.23461,0.23348,0.21445
mom-plain-top10-1m-ma200,tax-dated,2014-06-01,2019-06-01,0.08760,-0.18001,0.24527,0.11935,0.11855,0.10868,0.21977,0.21903,0.20068
mom-plain-top10-1m-ma200,tax-dated,2014-07-01,2019-07-01,0.07618,-0.18023,0.17671,0.10598,0.10531,0.09661,0.19548,0.19488,0.17823
mom-plain-top10-1m-ma200,tax-dated,2014-08-01,2019-08-01,0.05839,-0.18011,0.06522,0.08985,0.08985,0.08214,0.17443,0.17443,0.15886
mom-plain-top10-1m-ma200,tax-dated,2014-09-01,2019-09-01,0.04395,-0.18006,-0.03001,0.07909,0.07909,0.07253,0.15466,0.15466,0.14076
mom-plain-top10-1m-ma200,tax-dated,2014-10-01,2019-10-01,0.05768,-0.18009,0.05801,0.08775,0.08775,0.08026,0.16178,0.16178,0.14727
mom-plain-top10-1m-ma200,tax-dated,2014-11-01,2019-11-01,0.05437,-0.18019,0.03475,0.08786,0.08715,0.08036,0.15625,0.15613,0.14222
mom-plain-top10-1m-ma200,tax-dated,2014-12-01,2019-12-01,0.04792,-0.18003,-0.00828,0.08482,0.08385,0.07764,0.14858,0.14820,0.13522
mom-plain-top10-1m-ma200,tax-dated,2015-01-01,2020-01-01,0.05402,-0.18009,0.03170,0.09410,0.09284,0.08594,0.15458,0.15373,0.14069
mom-plain-top10-1m-ma200,tax-dated,2015-02-01,2020-02-01,0.04538,-0.18011,-0.02755,0.07134,0.07114,0.06563,0.13652,0.13564,0.12424
mom-plain-top10-1m-ma200,tax-dated,2015-03-01,2020-03-01,0.03271,-0.18018,-0.11698,0.06049,0.06049,0.05601,0.13332,0.13260,0.12133
mom-plain-top10-1m-ma200,tax-dated,2015-04-01,2020-04-01,0.03556,-0.18020,-0.10015,0.00513,0.00513,0.00513,0.07417,0.07417,0.06814
mom-plain-top10-1m-ma200,tax-dated,2015-05-01,2020-05-01,0.04392,-0.17994,-0.04567,0.05161,0.05161,0.04817,0.12195,0.12195,0.11103
mom-plain-top10-1m-ma200,tax-dated,2015-06-01,2020-06-01,0.03913,-0.18028,-0.08325,0.04456,0.04456,0.04195,0.10890,0.10890,0.09925
mom-plain-top10-1m-ma200,tax-dated,2015-07-01,2020-07-01,0.03762,-0.18022,-0.09777,0.05602,0.05602,0.05205,0.11517,0.11517,0.10490
mom-plain-top10-1m-ma200,tax-dated,2015-08-01,2020-08-01,0.03201,-0.18024,-0.14338,0.06667,0.06667,0.06148,0.11910,0.11818,0.10845
mom-plain-top10-1m-ma200,tax-dated,2015-09-01,2020-09-01,0.04193,-0.17988,-0.07620,0.09415,0.09397,0.08599,0.14390,0.14216,0.13095
mom-plain-top10-1m-ma200,tax-dated,2015-10-01,2020-10-01,0.04727,-0.17988,-0.03115,0.08855,0.08850,0.08097,0.13979,0.13762,0.12721
mom-plain-top10-1m-ma200,tax-dated,2015-11-01,2020-11-01,0.04635,-0.17988,-0.03647,0.08985,0.08934,0.08213,0.13774,0.13587,0.12535
mom-plain-top10-1m-ma200,tax-dated,2015-12-01,2020-12-01,0.05791,-0.17988,0.04901,0.11915,0.11604,0.10849,0.15807,0.15486,0.14388
mom-plain-top10-1m-ma200,tax-dated,2016-01-01,2021-01-01,0.07208,-0.17988,0.14916,0.13407,0.12958,0.12201,0.17356,0.16874,0.15806
mom-plain-top10-1m-ma200,tax-dated,2016-02-01,2021-02-01,0.06480,-0.17988,0.09973,0.15030,0.14530,0.13678,0.18534,0.18061,0.16889
mom-plain-top10-1m-ma200,tax-dated,2016-03-01,2021-03-01,0.07807,-0.17988,0.18837,0.16879,0.16300,0.15369,0.21366,0.20751,0.19502
mom-plain-top10-1m-ma200,tax-dated,2016-04-01,2021-04-01,0.09328,-0.17988,0.28356,0.15484,0.14905,0.14093,0.21192,0.20483,0.19341
mom-plain-top10-1m-ma200,tax-dated,2016-05-01,2021-05-01,0.10477,-0.17988,0.34475,0.14721,0.14177,0.13397,0.22144,0.21306,0.20223
mom-plain-top10-1m-ma200,tax-dated,2016-06-01,2021-06-01,0.11625,-0.17988,0.40927,0.15209,0.14550,0.13842,0.22716,0.21791,0.20754
mom-plain-top10-1m-ma200,tax-dated,2016-07-01,2021-07-01,0.11243,-0.18010,0.38606,0.14918,0.14247,0.13576,0.22948,0.21958,0.20969
mom-plain-top10-1m-ma200,tax-dated,2016-08-01,2021-08-01,0.11000,-0.18029,0.36873,0.14201,0.13527,0.12923,0.21930,0.20877,0.20025
mom-plain-top10-1m-ma200,tax-dated,2016-09-01,2021-09-01,0.10736,-0.18042,0.35374,0.15663,0.14844,0.14256,0.22392,0.21280,0.20453
mom-plain-top10-1m-ma200,tax-dated,2016-10-01,2021-10-01,0.10790,-0.18024,0.35803,0.16709,0.15837,0.15213,0.22806,0.21664,0.20837
mom-plain-top10-1m-ma200,tax-dated,2016-11-01,2021-11-01,0.12464,-0.18024,0.45096,0.17194,0.16281,0.15658,0.23496,0.22274,0.21478
mom-plain-top10-1m-ma200,tax-dated,2016-12-01,2021-12-01,0.12493,-0.18032,0.45626,0.17392,0.16541,0.15839,0.24422,0.23222,0.22339
mom-plain-top10-1m-ma200,tax-dated,2017-01-01,2022-01-01,0.13314,-0.18027,0.49991,0.17675,0.16803,0.16099,0.25612,0.24359,0.23448
mom-plain-top10-1m-ma200,tax-dated,2017-02-01,2022-02-01,0.13025,-0.18027,0.47840,0.16503,0.15626,0.15025,0.21213,0.20066,0.19360
mom-plain-top10-1m-ma200,tax-dated,2017-03-01,2022-03-01,0.12990,-0.18082,0.46918,0.14866,0.14075,0.13529,0.19967,0.18888,0.18209
mom-plain-top10-1m-ma200,tax-dated,2017-04-01,2022-04-01,0.11761,-0.18083,0.40102,0.15423,0.14549,0.14037,0.20375,0.19213,0.18586
mom-plain-top10-1m-ma200,tax-dated,2017-05-01,2022-05-01,0.10142,-0.19360,0.31176,0.14357,0.13545,0.13065,0.17957,0.16895,0.16358
mom-plain-top10-1m-ma200,tax-dated,2017-06-01,2022-06-01,0.10026,-0.20334,0.30710,0.12885,0.12137,0.11728,0.16100,0.15184,0.14655
mom-plain-top10-1m-ma200,tax-dated,2017-07-01,2022-07-01,0.09859,-0.20334,0.29738,0.11999,0.11334,0.10925,0.14102,0.13353,0.12833
mom-plain-top10-1m-ma200,tax-dated,2017-08-01,2022-08-01,0.08562,-0.20479,0.22587,0.12777,0.11954,0.11630,0.15103,0.14158,0.13745
mom-plain-top10-1m-ma200,tax-dated,2017-09-01,2022-09-01,0.09028,-0.20659,0.25295,0.13377,0.12527,0.12174,0.15532,0.14495,0.14137
mom-plain-top10-1m-ma200,tax-dated,2017-10-01,2022-10-01,0.08773,-0.20672,0.23757,0.13204,0.12394,0.12017,0.15366,0.14353,0.13985
mom-plain-top10-1m-ma200,tax-dated,2017-11-01,2022-11-01,0.07141,-0.20654,0.14527,0.13102,0.12205,0.11924,0.15299,0.14208,0.13924
mom-plain-top10-1m-ma200,tax-dated,2017-12-01,2022-12-01,0.08286,-0.23333,0.21165,0.14628,0.13661,0.13312,0.16101,0.15003,0.14657
mom-plain-top10-1m-ma200,tax-dated,2018-01-01,2023-01-01,0.07039,-0.25725,0.13888,0.13060,0.12168,0.11887,0.13565,0.12560,0.12345
mom-plain-top10-1m-ma200,tax-dated,2018-02-01,2023-02-01,0.05239,-0.29564,0.03538,0.11224,0.10393,0.10225,0.12006,0.11116,0.10932
mom-plain-top10-1m-ma200,tax-dated,2018-03-01,2023-03-01,0.05826,-0.30733,0.06860,0.12158,0.11257,0.11070,0.13079,0.12109,0.11903
mom-plain-top10-1m-ma200,tax-dated,2018-04-01,2023-04-01,0.05884,-0.31727,0.07096,0.12753,0.11807,0.11608,0.13400,0.12407,0.12195
mom-plain-top10-1m-ma200,tax-dated,2018-05-01,2023-05-01,0.04565,-0.31725,-0.00653,0.12307,0.11394,0.11204,0.12873,0.11919,0.11717
mom-plain-top10-1m-ma200,tax-dated,2018-06-01,2023-06-01,0.04082,-0.31710,-0.03575,0.12930,0.11972,0.11769,0.14893,0.13796,0.13554
mom-plain-top10-1m-ma200,tax-dated,2018-07-01,2023-07-01,0.04836,-0.31729,0.00952,0.13722,0.12706,0.12487,0.15801,0.14641,0.14382
mom-plain-top10-1m-ma200,tax-dated,2018-08-01,2023-08-01,0.04319,-0.31245,-0.02184,0.13027,0.12061,0.11856,0.15718,0.14564,0.14306
mom-plain-top10-1m-ma200,tax-dated,2018-09-01,2023-09-01,0.04143,-0.31069,-0.03301,0.12049,0.11155,0.10970,0.14800,0.13709,0.13469
mom-plain-top10-1m-ma200,tax-dated,2018-10-01,2023-10-01,0.05669,-0.31541,0.05768,0.13610,0.12603,0.12386,0.17581,0.16305,0.16013
mom-plain-top10-1m-ma200,tax-dated,2018-11-01,2023-11-01,0.06423,-0.31709,0.10177,0.14179,0.13132,0.12904,0.18193,0.16878,0.16575
mom-plain-top10-1m-ma200,tax-dated,2018-12-01,2023-12-01,0.08807,-0.31709,0.24243,0.14615,0.13537,0.13300,0.20341,0.18895,0.18555
mom-plain-top10-1m-ma200,tax-dated,2019-01-01,2024-01-01,0.10643,-0.31668,0.34939,0.16150,0.14968,0.14702,0.22122,0.20571,0.20202
mom-plain-top10-1m-ma200,tax-dated,2019-02-01,2024-02-01,0.10925,-0.31718,0.36545,0.16137,0.14955,0.14690,0.22469,0.20899,0.20524
mom-plain-top10-1m-ma200,tax-dated,2019-03-01,2024-03-01,0.12769,-0.31684,0.46718,0.16870,0.15640,0.15361,0.24141,0.22478,0.22078
mom-plain-top10-1m-ma200,tax-dated,2019-04-01,2024-04-01,0.12068,-0.31551,0.42232,0.15319,0.14192,0.13942,0.23600,0.21967,0.21574
mom-plain-top10-1m-ma200,tax-dated,2019-05-01,2024-05-01,0.12035,-0.31529,0.41996,0.15309,0.14184,0.13934,0.24122,0.22460,0.22060
mom-plain-top10-1m-ma200,tax-dated,2019-06-01,2024-06-01,0.12063,-0.31249,0.42170,0.14946,0.13845,0.13601,0.25655,0.23911,0.23488
mom-plain-top10-1m-ma200,tax-dated,2019-07-01,2024-07-01,0.12596,-0.31272,0.43478,0.16648,0.15432,0.15157,0.26814,0.25011,0.24570
mom-plain-top10-1m-ma200,tax-dated,2019-08-01,2024-08-01,0.16437,-0.31746,0.63076,0.19261,0.17558,0.17558,0.30115,0.27662,0.27662
mom-plain-top10-1m-ma200,tax-dated,2019-09-01,2024-09-01,0.16535,-0.31746,0.62762,0.19386,0.17674,0.17674,0.30252,0.27791,0.27791
mom-plain-top10-1m-ma200,tax-dated,2019-10-01,2024-10-01,0.17493,-0.31746,0.67107,0.19193,0.17496,0.17496,0.29592,0.27172,0.27172
mom-plain-top10-1m-ma200,tax-dated,2019-11-01,2024-11-01,0.15014,-0.31726,0.54824,0.16694,0.15200,0.15200,0.26574,0.24346,0.24346
mom-plain-top10-1m-ma200,tax-dated,2019-12-01,2024-12-01,0.13795,-0.31728,0.48557,0.16218,0.14763,0.14763,0.25859,0.23678,0.23678
mom-plain-top10-1m-ma200,tax-dated,2020-01-01,2025-01-01,0.13759,-0.31688,0.48364,0.15598,0.14197,0.14197,0.24390,0.22309,0.22309
mom-plain-top10-1m-ma200,tax-dated,2020-02-01,2025-02-01,0.13551,-0.31567,0.47414,0.16380,0.14912,0.14912,0.21662,0.19777,0.19777
mom-plain-top10-1m-ma200,tax-dated,2020-03-01,2025-03-01,0.14418,-0.31723,0.51930,0.15961,0.14529,0.14529,0.19321,0.17614,0.17614
mom-plain-top10-1m-ma200,tax-dated,2020-04-01,2025-04-01,0.13860,-0.31723,0.49226,0.24335,0.22258,0.22258,0.26293,0.24083,0.24083
mom-plain-top10-1m-ma200,tax-dated,2020-05-01,2025-05-01,0.13893,-0.31723,0.49226,0.21179,0.19329,0.19329,0.23579,0.21554,0.21554
mom-plain-top10-1m-ma200,tax-dated,2020-06-01,2025-06-01,0.14388,-0.31723,0.51445,0.21702,0.19813,0.19813,0.24924,0.22807,0.22807
mom-plain-top10-1m-ma200,tax-dated,2020-07-01,2025-07-01,0.15341,-0.31723,0.56022,0.21071,0.19229,0.19229,0.25087,0.22958,0.22958
mom-plain-top10-1m-ma200,tax-dated,2020-08-01,2025-08-01,0.14047,-0.31723,0.49511,0.18700,0.17042,0.17042,0.21755,0.19862,0.19862
mom-plain-top10-1m-ma200,tax-today,2008-02-01,2013-02-01,0.05410,-0.26500,0.06272,0.03592,0.03592,0.03438,0.02342,0.02342,0.02342
mom-plain-top10-1m-ma200,tax-today,2008-03-01,2013-03-01,0.05552,-0.26525,0.06316,0.02970,0.02970,0.02895,0.02703,0.02703,0.02662
mom-plain-top10-1m-ma200,tax-today,2008-04-01,2013-04-01,0.05649,-0.26525,0.06890,0.04945,0.04945,0.04626,0.07055,0.07055,0.06492
mom-plain-top10-1m-ma200,tax-today,2008-05-01,2013-05-01,0.06164,-0.26525,0.09680,0.03953,0.03953,0.03755,0.05392,0.05392,0.05020
mom-plain-top10-1m-ma200,tax-today,2008-06-01,2013-06-01,0.08030,-0.26563,0.19371,0.05429,0.05429,0.05052,0.07512,0.07512,0.06899
mom-plain-top10-1m-ma200,tax-today,2008-07-01,2013-07-01,0.07267,-0.26563,0.15449,0.09942,0.09942,0.09072,0.14111,0.14111,0.12841
mom-plain-top10-1m-ma200,tax-today,2008-08-01,2013-08-01,0.07589,-0.26563,0.17129,0.06611,0.06611,0.06098,0.09740,0.09740,0.08891
mom-plain-top10-1m-ma200,tax-today,2008-09-01,2013-09-01,0.07598,-0.26563,0.17163,0.05936,0.05936,0.05500,0.09064,0.09064,0.08284
mom-plain-top10-1m-ma200,tax-today,2008-10-01,2013-10-01,0.07589,-0.26563,0.17163,0.09178,0.09178,0.08387,0.13588,0.13588,0.12365
mom-plain-top10-1m-ma200,tax-today,2008-11-01,2013-11-01,0.07552,-0.26563,0.16860,0.18313,0.18313,0.16685,0.22532,0.22532,0.20583
mom-plain-top10-1m-ma200,tax-today,2008-12-01,2013-12-01,0.06945,-0.26563,0.13760,0.19549,0.19549,0.17824,0.22922,0.22922,0.20945
mom-plain-top10-1m-ma200,tax-today,2009-01-01,2014-01-01,0.07982,-0.26563,0.19096,0.17089,0.17089,0.15561,0.20948,0.20948,0.19116
mom-plain-top10-1m-ma200,tax-today,2009-02-01,2014-02-01,0.08129,-0.26563,0.19711,0.17517,0.17517,0.15955,0.21381,0.21381,0.19516
mom-plain-top10-1m-ma200,tax-today,2009-03-01,2014-03-01,0.08770,-0.26563,0.22942,0.19168,0.19168,0.17472,0.22937,0.22937,0.20959
mom-plain-top10-1m-ma200,tax-today,2009-04-01,2014-04-01,0.07848,-0.26563,0.18301,0.18381,0.18381,0.16748,0.21371,0.21371,0.19506
mom-plain-top10-1m-ma200,tax-today,2009-05-01,2014-05-01,0.08021,-0.26563,0.19082,0.15333,0.15333,0.13955,0.20257,0.20257,0.18477
mom-plain-top10-1m-ma200,tax-today,2009-06-01,2014-06-01,0.06195,-0.26266,0.09300,0.11085,0.11085,0.10101,0.17730,0.17730,0.16150
mom-plain-top10-1m-ma200,tax-today,2009-07-01,2014-07-01,0.08156,-0.26317,0.20176,0.13287,0.13287,0.12092,0.19900,0.19900,0.18148
mom-plain-top10-1m-ma200,tax-today,2009-08-01,2014-08-01,0.05790,-0.25816,0.06364,0.11721,0.11721,0.10674,0.17436,0.17436,0.15880
mom-plain-top10-1m-ma200,tax-today,2009-09-01,2014-09-01,0.06377,-0.25613,0.09695,0.12994,0.12994,0.11827,0.19506,0.19506,0.17784
mom-plain-top10-1m-ma200,tax-today,2009-10-01,2014-10-01,0.03512,-0.24527,-0.08376,0.10646,0.10646,0.09705,0.18264,0.18264,0.16640
mom-plain-top10-1m-ma200,tax-today,2009-11-01,2014-11-01,0.05679,-0.25322,0.05234,0.13380,0.13380,0.12177,0.20627,0.20627,0.18818
mom-plain-top10-1m-ma200,tax-today,2009-12-01,2014-12-01,0.03661,-0.23175,-0.08246,0.12120,0.12120,0.11035,0.19070,0.19070,0.17382
mom-plain-top10-1m-ma200,tax-today,2010-01-01,2015-01-01,0.02057,-0.21991,-0.19422,0.11054,0.11054,0.10072,0.18516,0.18516,0.16873
mom-plain-top10-1m-ma200,tax-today,2010-02-01,2015-02-01,0.04315,-0.23262,-0.04275,0.13777,0.13777,0.12537,0.21229,0.21229,0.19376
mom-plain-top10-1m-ma200,tax-today,2010-03-01,2015-03-01,0.03391,-0.22569,-0.11256,0.13907,0.13907,0.12655,0.21651,0.21651,0.19766
mom-plain-top10-1m-ma200,tax-today,2010-04-01,2015-04-01,0.03238,-0.21992,-0.11572,0.11502,0.11502,0.10476,0.20785,0.20785,0.18964
mom-plain-top10-1m-ma200,tax-today,2010-05-01,2015-05-01,0.02469,-0.22189,-0.16712,0.10475,0.10475,0.09551,0.19134,0.19134,0.17442
mom-plain-top10-1m-ma200,tax-today,2010-06-01,2015-06-01,0.05052,-0.23816,0.00364,0.12480,0.12480,0.11361,0.21869,0.21869,0.19968
mom-plain-top10-1m-ma200,tax-today,2010-07-01,2015-07-01,0.05639,-0.23816,0.04423,0.11287,0.11287,0.10283,0.21196,0.21196,0.19344
mom-plain-top10-1m-ma200,tax-today,2010-08-01,2015-08-01,0.05578,-0.23220,0.04017,0.11037,0.11037,0.10057,0.21020,0.21020,0.19182
mom-plain-top10-1m-ma200,tax-today,2010-09-01,2015-09-01,0.04067,-0.22582,-0.05573,0.08597,0.08597,0.07867,0.17846,0.17846,0.16257
mom-plain-top10-1m-ma200,tax-today,2010-10-01,2015-10-01,0.01897,-0.21887,-0.20357,0.06548,0.06548,0.06042,0.16966,0.16966,0.15448
mom-plain-top10-1m-ma200,tax-today,2010-11-01,2015-11-01,0.01619,-0.22173,-0.22733,0.06942,0.06942,0.06392,0.15728,0.15728,0.14315
mom-plain-top10-1m-ma200,tax-today,2010-12-01,2015-12-01,0.01447,-0.20476,-0.24505,0.07206,0.07206,0.06627,0.15550,0.15550,0.14153
mom-plain-top10-1m-ma200,tax-today,2011-01-01,2016-01-01,0.01209,-0.20457,-0.26585,0.06603,0.06603,0.06091,0.16809,0.16809,0.15305
mom-plain-top10-1m-ma200,tax-today,2011-02-01,2016-02-01,0.03761,-0.19158,-0.09218,0.08148,0.08148,0.07466,0.18223,0.18223,0.16602
mom-plain-top10-1m-ma200,tax-today,2011-03-01,2016-03-01,0.03759,-0.19158,-0.09249,0.06761,0.06761,0.06231,0.16191,0.16191,0.14739
mom-plain-top10-1m-ma200,tax-today,2011-04-01,2016-04-01,0.03598,-0.19158,-0.10339,0.07054,0.07054,0.06492,0.16433,0.16433,0.14961
mom-plain-top10-1m-ma200,tax-today,2011-05-01,2016-05-01,0.03221,-0.18735,-0.13497,0.07708,0.07708,0.07074,0.16911,0.16911,0.15398
mom-plain-top10-1m-ma200,tax-today,2011-06-01,2016-06-01,0.03172,-0.18735,-0.13847,0.09211,0.09211,0.08416,0.17998,0.17998,0.16396
mom-plain-top10-1m-ma200,tax-today,2011-07-01,2016-07-01,0.03623,-0.18735,-0.10373,0.09468,0.09468,0.08647,0.18497,0.18497,0.16855
mom-plain-top10-1m-ma200,tax-today,2011-08-01,2016-08-01,0.04844,-0.18735,-0.01456,0.10716,0.10716,0.09768,0.20794,0.20794,0.18974
mom-plain-top10-1m-ma200,tax-today,2011-09-01,2016-09-01,0.05518,-0.18735,0.03468,0.13264,0.13264,0.12071,0.23121,0.23121,0.21129
mom-plain-top10-1m-ma200,tax-today,2011-10-01,2016-10-01,0.05235,-0.18735,0.01771,0.13102,0.13102,0.11924,0.23364,0.23364,0.21355
mom-plain-top10-1m-ma200,tax-today,2011-11-01,2016-11-01,0.05531,-0.18735,0.03913,0.11765,0.11765,0.10714,0.22844,0.22844,0.20872
mom-plain-top10-1m-ma200,tax-today,2011-12-01,2016-12-01,0.04591,-0.18735,-0.01845,0.12024,0.12024,0.10948,0.22328,0.22328,0.20394
mom-plain-top10-1m-ma200,tax-today,2012-01-01,2017-01-01,0.04247,-0.18735,-0.03967,0.13479,0.13479,0.12266,0.23011,0.23011,0.21027
mom-plain-top10-1m-ma200,tax-today,2012-02-01,2017-02-01,0.04667,-0.18735,-0.01211,0.12078,0.12078,0.10997,0.24977,0.24977,0.22856
mom-plain-top10-1m-ma200,tax-today,2012-03-01,2017-03-01,0.03628,-0.18465,-0.08116,0.12244,0.12244,0.11148,0.24492,0.24492,0.22404
mom-plain-top10-1m-ma200,tax-today,2012-04-01,2017-04-01,0.03766,-0.17541,-0.07510,0.13020,0.13020,0.11850,0.24610,0.24610,0.22514
mom-plain-top10-1m-ma200,tax-today,2012-05-01,2017-05-01,0.04228,-0.14432,-0.04501,0.13543,0.13543,0.12325,0.25848,0.25848,0.23668
mom-plain-top10-1m-ma200,tax-today,2012-06-01,2017-06-01,0.05731,-0.12606,0.05460,0.16115,0.16115,0.14670,0.27090,0.27090,0.24828
mom-plain-top10-1m-ma200,tax-today,2012-07-01,2017-07-01,0.05680,-0.12606,0.05150,0.13879,0.13879,0.12631,0.25219,0.25219,0.23081
mom-plain-top10-1m-ma200,tax-today,2012-08-01,2017-08-01,0.07226,-0.12624,0.15243,0.15452,0.15452,0.14064,0.26897,0.26897,0.24647
mom-plain-top10-1m-ma200,tax-today,2012-09-01,2017-09-01,0.07526,-0.12642,0.17100,0.15048,0.15048,0.13695,0.27439,0.27439,0.25154
mom-plain-top10-1m-ma200,tax-today,2012-10-01,2017-10-01,0.06203,-0.12622,0.08602,0.12709,0.12709,0.11568,0.25032,0.25032,0.22907
mom-plain-top10-1m-ma200,tax-today,2012-11-01,2017-11-01,0.07540,-0.12620,0.17145,0.14469,0.14469,0.13167,0.26899,0.26899,0.24649
mom-plain-top10-1m-ma200,tax-today,2012-12-01,2017-12-01,0.05303,-0.12613,0.02803,0.12840,0.12840,0.11687,0.24480,0.24480,0.22393
mom-plain-top10-1m-ma200,tax-today,2013-01-01,2018-01-01,0.06463,-0.12629,0.10248,0.13251,0.13251,0.12060,0.25838,0.25838,0.23658
mom-plain-top10-1m-ma200,tax-today,2013-02-01,2018-02-01,0.06618,-0.12622,0.11262,0.14308,0.14308,0.13021,0.26468,0.26468,0.24246
mom-plain-top10-1m-ma200,tax-today,2013-03-01,2018-03-01,0.06518,-0.12605,0.10675,0.14232,0.14232,0.12951,0.26089,0.26089,0.23892
mom-plain-top10-1m-ma200,tax-today,2013-04-01,2018-04-01,0.05959,-0.12609,0.07101,0.13557,0.13557,0.12338,0.25600,0.25600,0.23436
mom-plain-top10-1m-ma200,tax-today,2013-05-01,2018-05-01,0.06842,-0.12617,0.12654,0.14039,0.14039,0.12776,0.26045,0.26045,0.23852
mom-plain-top10-1m-ma200,tax-today,2013-06-01,2018-06-01,0.06985,-0.12639,0.13521,0.13701,0.13701,0.12468,0.24607,0.24607,0.22511
mom-plain-top10-1m-ma200,tax-today,2013-07-01,2018-07-01,0.07873,-0.12619,0.19118,0.14080,0.14080,0.12813,0.24990,0.24990,0.22868
mom-plain-top10-1m-ma200,tax-today,2013-08-01,2018-08-01,0.09203,-0.12616,0.27510,0.16077,0.16077,0.14635,0.26292,0.26266,0.24082
mom-plain-top10-1m-ma200,tax-today,2013-09-01,2018-09-01,0.09742,-0.12616,0.30695,0.17846,0.17790,0.16256,0.29019,0.28860,0.26633
mom-plain-top10-1m-ma200,tax-today,2013-10-01,2018-10-01,0.08470,-0.12616,0.22884,0.15170,0.15170,0.13806,0.25045,0.25045,0.22919
mom-plain-top10-1m-ma200,tax-today,2013-11-01,2018-11-01,0.07612,-0.17987,0.17490,0.11865,0.11865,0.10804,0.21992,0.21992,0.20082
mom-plain-top10-1m-ma200,tax-today,2013-12-01,2018-12-01,0.07840,-0.17984,0.18840,0.13388,0.13388,0.12185,0.23611,0.23611,0.21585
mom-plain-top10-1m-ma200,tax-today,2014-01-01,2019-01-01,0.06836,-0.17986,0.12730,0.13007,0.13007,0.11839,0.22665,0.22665,0.20706
mom-plain-top10-1m-ma200,tax-today,2014-02-01,2019-02-01,0.07769,-0.17997,0.18404,0.13747,0.13747,0.12510,0.23796,0.23796,0.21756
mom-plain-top10-1m-ma200,tax-today,2014-03-01,2019-03-01,0.07327,-0.18010,0.15696,0.13018,0.13018,0.11848,0.22764,0.22764,0.20798
mom-plain-top10-1m-ma200,tax-today,2014-04-01,2019-04-01,0.07984,-0.17992,0.19849,0.13094,0.13055,0.11917,0.23479,0.23418,0.21462
mom-plain-top10-1m-ma200,tax-today,2014-05-01,2019-05-01,0.08251,-0.17988,0.21475,0.13329,0.13274,0.12131,0.23461,0.23348,0.21445
mom-plain-top10-1m-ma200,tax-today,2014-06-01,2019-06-01,0.08021,-0.18001,0.20015,0.11935,0.11855,0.10868,0.21977,0.21903,0.20068
mom-plain-top10-1m-ma200,tax-today,2014-07-01,2019-07-01,0.06772,-0.18009,0.12421,0.10598,0.10531,0.09661,0.19548,0.19488,0.17823
mom-plain-top10-1m-ma200,tax-today,2014-08-01,2019-08-01,0.05182,-0.17988,0.02386,0.08985,0.08985,0.08214,0.17443,0.17443,0.15886
mom-plain-top10-1m-ma200,tax-today,2014-09-01,2019-09-01,0.03936,-0.17995,-0.05965,0.07909,0.07909,0.07253,0.15466,0.15466,0.14076
mom-plain-top10-1m-ma200,tax-today,2014-10-01,2019-10-01,0.05217,-0.17989,0.02217,0.08775,0.08775,0.08026,0.16178,0.16178,0.14727
mom-plain-top10-1m-ma200,tax-today,2014-11-01,2019-11-01,0.04910,-0.18474,0.00019,0.08786,0.08715,0.08036,0.15625,0.15613,0.14222
mom-plain-top10-1m-ma200,tax-today,2014-12-01,2019-12-01,0.04319,-0.18452,-0.03938,0.08482,0.08385,0.07764,0.14858,0.14820,0.13522
mom-plain-top10-1m-ma200,tax-today,2015-01-01,2020-01-01,0.04896,-0.18470,-0.00171,0.09410,0.09284,0.08594,0.15458,0.15373,0.14069
mom-plain-top10-1m-ma200,tax-today,2015-02-01,2020-02-01,0.04051,-0.18486,-0.06010,0.07134,0.07114,0.06563,0.13652,0.13564,0.12424
mom-plain-top10-1m-ma200,tax-today,2015-03-01,2020-03-01,0.02846,-0.18168,-0.14603,0.06049,0.06049,0.05601,0.13332,0.13260,0.12133
mom-plain-top10-1m-ma200,tax-today,2015-04-01,2020-04-01,0.03119,-0.18431,-0.13051,0.00513,0.00513,0.00513,0.07417,0.07417,0.06814
mom-plain-top10-1m-ma200,tax-today,2015-05-01,2020-05-01,0.03907,-0.18467,-0.07955,0.05161,0.05161,0.04817,0.12195,0.12195,0.11103
mom-plain-top10-1m-ma200,tax-today,2015-06-01,2020-06-01,0.03467,-0.18479,-0.11541,0.04456,0.04456,0.04195,0.10890,0.10890,0.09925
mom-plain-top10-1m-ma200,tax-today,2015-07-01,2020-07-01,0.03301,-0.18489,-0.13155,0.05602,0.05602,0.05205,0.11517,0.11517,0.10490
mom-plain-top10-1m-ma200,tax-today,2015-08-01,2020-08-01,0.02794,-0.18342,-0.17384,0.06667,0.06667,0.06148,0.11910,0.11818,0.10845
mom-plain-top10-1m-ma200,tax-today,2015-09-01,2020-09-01,0.03758,-0.18436,-0.10933,0.09415,0.09397,0.08599,0.14390,0.14216,0.13095
mom-plain-top10-1m-ma200,tax-today,2015-10-01,2020-10-01,0.04272,-0.18436,-0.06470,0.08855,0.08850,0.08097,0.13979,0.13762,0.12721
mom-plain-top10-1m-ma200,tax-today,2015-11-01,2020-11-01,0.04182,-0.18436,-0.06946,0.08985,0.08934,0.08213,0.13774,0.13587,0.12535
mom-plain-top10-1m-ma200,tax-today,2015-12-01,2020-12-01,0.05263,-0.18436,0.01145,0.11915,0.11604,0.10849,0.15807,0.15486,0.14388
mom-plain-top10-1m-ma200,tax-today,2016-01-01,2021-01-01,0.06605,-0.18436,0.10765,0.13407,0.12958,0.12201,0.17356,0.16874,0.15806
mom-plain-top10-1m-ma200,tax-today,2016-02-01,2021-02-01,0.05940,-0.18436,0.06312,0.15030,0.14530,0.13678,0.18534,0.18061,0.16889
mom-plain-top10-1m-ma200,tax-today,2016-03-01,2021-03-01,0.07191,-0.18436,0.14789,0.16879,0.16300,0.15369,0.21366,0.20751,0.19502
mom-plain-top10-1m-ma200,tax-today,2016-04-01,2021-04-01,0.08668,-0.18436,0.24169,0.15484,0.14905,0.14093,0.21192,0.20483,0.19341
mom-plain-top10-1m-ma200,tax-today,2016-05-01,2021-05-01,0.09756,-0.18436,0.30117,0.14721,0.14177,0.13397,0.22144,0.21306,0.20223
mom-plain-top10-1m-ma200,tax-today,2016-06-01,2021-06-01,0.10823,-0.18436,0.36152,0.15209,0.14550,0.13842,0.22716,0.21791,0.20754
mom-plain-top10-1m-ma200,tax-today,2016-07-01,2021-07-01,0.10476,-0.18479,0.34080,0.14918,0.14247,0.13576,0.22948,0.21958,0.20969
mom-plain-top10-1m-ma200,tax-today,2016-08-01,2021-08-01,0.10299,-0.18003,0.32758,0.14201,0.13527,0.12923,0.21930,0.20877,0.20025
mom-plain-top10-1m-ma200,tax-today,2016-09-01,2021-09-01,0.10071,-0.18024,0.31486,0.15663,0.14844,0.14256,0.22392,0.21280,0.20453
mom-plain-top10-1m-ma200,tax-today,2016-10-01,2021-10-01,0.10318,-0.18028,0.33054,0.16709,0.15837,0.15213,0.22806,0.21664,0.20837
mom-plain-top10-1m-ma200,tax-today,2016-11-01,2021-11-01,0.11911,-0.17988,0.41948,0.17194,0.16281,0.15658,0.23496,0.22274,0.21478
mom-plain-top10-1m-ma200,tax-today,2016-12-01,2021-12-01,0.12021,-0.18253,0.42934,0.17392,0.16541,0.15839,0.24422,0.23222,0.22339
mom-plain-top10-1m-ma200,tax-today,2017-01-01,2022-01-01,0.12767,-0.18383,0.46898,0.17675,0.16803,0.16099,0.25612,0.24359,0.23448
mom-plain-top10-1m-ma200,tax-today,2017-02-01,2022-02-01,0.12479,-0.18383,0.44806,0.16503,0.15626,0.15025,0.21213,0.20066,0.19360
mom-plain-top10-1m-ma200,tax-today,2017-03-01,2022-03-01,0.12548,-0.18474,0.44515,0.14866,0.14075,0.13529,0.19967,0.18888,0.18209
mom-plain-top10-1m-ma200,tax-today,2017-04-01,2022-04-01,0.11195,-0.18484,0.36946,0.15423,0.14549,0.14037,0.20375,0.19213,0.18586
mom-plain-top10-1m-ma200,tax-today,2017-05-01,2022-05-01,0.09651,-0.20182,0.28443,0.14357,0.13545,0.13065,0.17957,0.16895,0.16358
mom-plain-top10-1m-ma200,tax-today,2017-06-01,2022-06-01,0.09473,-0.21168,0.27604,0.12885,0.12137,0.11728,0.16100,0.15184,0.14655
mom-plain-top10-1m-ma200,tax-today,2017-07-01,2022-07-01,0.09327,-0.21135,0.26745,0.11999,0.11334,0.10925,0.14102,0.13353,0.12833
mom-plain-top10-1m-ma200,tax-today,2017-08-01,2022-08-01,0.08129,-0.21261,0.20129,0.12777,0.11954,0.11630,0.15103,0.14158,0.13745
mom-plain-top10-1m-ma200,tax-today,2017-09-01,2022-09-01,0.08580,-0.21479,0.22736,0.13377,0.12527,0.12174,0.15532,0.14495,0.14137
mom-plain-top10-1m-ma200,tax-today,2017-10-01,2022-10-01,0.08376,-0.21462,0.21500,0.13204,0.12394,0.12017,0.15366,0.14353,0.13985
mom-plain-top10-1m-ma200,tax-today,2017-11-01,2022-11-01,0.06775,-0.21433,0.12425,0.13102,0.12205,0.11924,0.15299,0.14208,0.13924
mom-plain-top10-1m-ma200,tax-today,2017-12-01,2022-12-01,0.07812,-0.24127,0.18431,0.14628,0.13661,0.13312,0.16101,0.15003,0.14657
mom-plain-top10-1m-ma200,tax-today,2018-01-01,2023-01-01,0.06665,-0.26422,0.11740,0.13060,0.12168,0.11887,0.13565,0.12560,0.12345
mom-plain-top10-1m-ma200,tax-today,2018-02-01,2023-02-01,0.04878,-0.30253,0.01482,0.11224,0.10393,0.10225,0.12006,0.11116,0.10932
mom-plain-top10-1m-ma200,tax-today,2018-03-01,2023-03-01,0.05384,-0.31469,0.04329,0.12158,0.11257,0.11070,0.13079,0.12109,0.11903
mom-plain-top10-1m-ma200,tax-today,2018-04-01,2023-04-01,0.05400,-0.32481,0.04305,0.12753,0.11807,0.11608,0.13400,0.12407,0.12195
mom-plain-top10-1m-ma200,tax-today,2018-05-01,2023-05-01,0.04208,-0.32385,-0.02705,0.12307,0.11394,0.11204,0.12873,0.11919,0.11717
mom-plain-top10-1m-ma200,tax-today,2018-06-01,2023-06-01,0.03757,-0.32404,-0.05452,0.12930,0.11972,0.11769,0.14893,0.13796,0.13554
mom-plain-top10-1m-ma200,tax-today,2018-07-01,2023-07-01,0.04558,-0.32337,-0.00649,0.13722,0.12706,0.12487,0.15801,0.14641,0.14382
mom-plain-top10-1m-ma200,tax-today,2018-08-01,2023-08-01,0.04145,-0.31703,-0.03187,0.13027,0.12061,0.11856,0.15718,0.14564,0.14306
mom-plain-top10-1m-ma200,tax-today,2018-09-01,2023-09-01,0.03954,-0.31575,-0.04396,0.12049,0.11155,0.10970,0.14800,0.13709,0.13469
mom-plain-top10-1m-ma200,tax-today,2018-10-01,2023-10-01,0.05460,-0.32075,0.04556,0.13610,0.12603,0.12386,0.17581,0.16305,0.16013
mom-plain-top10-1m-ma200,tax-today,2018-11-01,2023-11-01,0.06127,-0.32421,0.08433,0.14179,0.13132,0.12904,0.18193,0.16878,0.16575
mom-plain-top10-1m-ma200,tax-today,2018-12-01,2023-12-01,0.08504,-0.32421,0.22451,0.14615,0.13537,0.13300,0.20341,0.18895,0.18555
mom-plain-top10-1m-ma200,tax-today,2019-01-01,2024-01-01,0.10223,-0.32403,0.32457,0.16150,0.14968,0.14702,0.22122,0.20571,0.20202
mom-plain-top10-1m-ma200,tax-today,2019-02-01,2024-02-01,0.10535,-0.32398,0.34222,0.16137,0.14955,0.14690,0.22469,0.20899,0.20524
mom-plain-top10-1m-ma200,tax-today,2019-03-01,2024-03-01,0.12271,-0.32378,0.43806,0.16870,0.15640,0.15361,0.24141,0.22478,0.22078
mom-plain-top10-1m-ma200,tax-today,2019-04-01,2024-04-01,0.11587,-0.32220,0.39463,0.15319,0.14192,0.13942,0.23600,0.21967,0.21574
mom-plain-top10-1m-ma200,tax-today,2019-05-01,2024-05-01,0.11597,-0.32042,0.39478,0.15309,0.14184,0.13934,0.24122,0.22460,0.22060
mom-plain-top10-1m-ma200,tax-today,2019-06-01,2024-06-01,0.11701,-0.31720,0.40104,0.14946,0.13845,0.13601,0.25655,0.23911,0.23488
mom-plain-top10-1m-ma200,tax-today,2019-07-01,2024-07-01,0.12076,-0.31814,0.40646,0.16648,0.15432,0.15157,0.26814,0.25011,0.24570
mom-plain-top10-1m-ma200,tax-today,2019-08-01,2024-08-01,0.16164,-0.32409,0.61579,0.19261,0.17558,0.17558,0.30115,0.27662,0.27662
mom-plain-top10-1m-ma200,tax-today,2019-09-01,2024-09-01,0.16266,-0.32409,0.61309,0.19386,0.17674,0.17674,0.30252,0.27791,0.27791
mom-plain-top10-1m-ma200,tax-today,2019-10-01,2024-10-01,0.17222,-0.32409,0.65657,0.19193,0.17496,0.17496,0.29592,0.27172,0.27172
mom-plain-top10-1m-ma200,tax-today,2019-11-01,2024-11-01,0.14770,-0.32372,0.53523,0.16694,0.15200,0.15200,0.26574,0.24346,0.24346
mom-plain-top10-1m-ma200,tax-today,2019-12-01,2024-12-01,0.13569,-0.32374,0.47343,0.16218,0.14763,0.14763,0.25859,0.23678,0.23678
mom-plain-top10-1m-ma200,tax-today,2020-01-01,2025-01-01,0.13516,-0.32323,0.47089,0.15598,0.14197,0.14197,0.24390,0.22309,0.22309
mom-plain-top10-1m-ma200,tax-today,2020-02-01,2025-02-01,0.13340,-0.32229,0.46281,0.16380,0.14912,0.14912,0.21662,0.19777,0.19777
mom-plain-top10-1m-ma200,tax-today,2020-03-01,2025-03-01,0.14182,-0.32388,0.50666,0.15961,0.14529,0.14529,0.19321,0.17614,0.17614
mom-plain-top10-1m-ma200,tax-today,2020-04-01,2025-04-01,0.13560,-0.32388,0.47636,0.24335,0.22258,0.22258,0.26293,0.24083,0.24083
mom-plain-top10-1m-ma200,tax-today,2020-05-01,2025-05-01,0.13592,-0.32388,0.47636,0.21179,0.19329,0.19329,0.23579,0.21554,0.21554
mom-plain-top10-1m-ma200,tax-today,2020-06-01,2025-06-01,0.14086,-0.32388,0.49858,0.21702,0.19813,0.19813,0.24924,0.22807,0.22807
mom-plain-top10-1m-ma200,tax-today,2020-07-01,2025-07-01,0.15035,-0.32388,0.54420,0.21071,0.19229,0.19229,0.25087,0.22958,0.22958
mom-plain-top10-1m-ma200,tax-today,2020-08-01,2025-08-01,0.13746,-0.32388,0.47948,0.18700,0.17042,0.17042,0.21755,0.19862,0.19862
mom-plain-top10-6m,cost,2008-02-01,2013-02-01,-0.00125,-0.59849,-0.11689,0.03592,0.03592,0.03438,0.02342,0.02342,0.02342
mom-plain-top10-6m,cost,2008-03-01,2013-03-01,-0.00182,-0.56460,-0.13285,0.02970,0.02970,0.02895,0.02703,0.02703,0.02662
mom-plain-top10-6m,cost,2008-04-01,2013-04-01,0.02956,-0.52970,-0.01214,0.04945,0.04945,0.04626,0.07055,0.07055,0.06492
mom-plain-top10-6m,cost,2008-05-01,2013-05-01,0.03849,-0.49417,0.02213,0.03953,0.03953,0.03755,0.05392,0.05392,0.05020
mom-plain-top10-6m,cost,2008-06-01,2013-06-01,0.05967,-0.43920,0.10919,0.05429,0.05429,0.05052,0.07512,0.07512,0.06899
mom-plain-top10-6m,cost,2008-07-01,2013-07-01,0.10771,-0.35728,0.31021,0.09942,0.09942,0.09072,0.14111,0.14111,0.12841
mom-plain-top10-6m,cost,2008-08-01,2013-08-01,0.08510,-0.37984,0.21637,0.06611,0.06611,0.06098,0.09740,0.09740,0.08891
mom-plain-top10-6m,cost,2008-09-01,2013-09-01,0.08839,-0.32901,0.22993,0.05936,0.05936,0.05500,0.09064,0.09064,0.08284
mom-plain-top10-6m,cost,2008-10-01,2013-10-01,0.10912,-0.29481,0.31682,0.09178,0.09178,0.08387,0.13588,0.13588,0.12365
mom-plain-top10-6m,cost,2008-11-01,2013-11-01,0.18346,-0.18478,0.63710,0.18313,0.18313,0.16685,0.22532,0.22532,0.20583
mom-plain-top10-6m,cost,2008-12-01,2013-12-01,0.18320,-0.18455,0.64124,0.19549,0.19549,0.17824,0.22922,0.22922,0.20945
mom-plain-top10-6m,cost,2009-01-01,2014-01-01,0.17495,-0.18446,0.61087,0.17089,0.17089,0.15561,0.20948,0.20948,0.19116
mom-plain-top10-6m,cost,2009-02-01,2014-02-01,0.18232,-0.18265,0.64826,0.17517,0.17517,0.15955,0.21381,0.21381,0.19516
mom-plain-top10-6m,cost,2009-03-01,2014-03-01,0.19907,-0.18338,0.72280,0.19168,0.19168,0.17472,0.22937,0.22937,0.20959
mom-plain-top10-6m,cost,2009-04-01,2014-04-01,0.16702,-0.18371,0.58802,0.18381,0.18381,0.16748,0.21371,0.21371,0.19506
mom-plain-top10-6m,cost,2009-05-01,2014-05-01,0.15868,-0.18392,0.54412,0.15333,0.15333,0.13955,0.20257,0.20257,0.18477
mom-plain-top10-6m,cost,2009-06-01,2014-06-01,0.12817,-0.18394,0.41974,0.11085,0.11085,0.10101,0.17730,0.17730,0.16150
mom-plain-top10-6m,cost,2009-07-01,2014-07-01,0.15671,-0.18407,0.56572,0.13287,0.13287,0.12092,0.19900,0.19900,0.18148
mom-plain-top10-6m,cost,2009-08-01,2014-08-01,0.13165,-0.19587,0.43771,0.11721,0.11721,0.10674,0.17436,0.17436,0.15880
mom-plain-top10-6m,cost,2009-09-01,2014-09-01,0.14253,-0.19226,0.50265,0.12994,0.12994,0.11827,0.19506,0.19506,0.17784
mom-plain-top10-6m,cost,2009-10-01,2014-10-01,0.12855,-0.19038,0.43878,0.10646,0.10646,0.09705,0.18264,0.18264,0.16640
mom-plain-top10-6m,cost,2009-11-01,2014-11-01,0.16210,-0.18837,0.60135,0.13380,0.13380,0.12177,0.20627,0.20627,0.18818
mom-plain-top10-6m,cost,2009-12-01,2014-12-01,0.12276,-0.18687,0.41497,0.12120,0.12120,0.11035,0.19070,0.19070,0.17382
mom-plain-top10-6m,cost,2010-01-01,2015-01-01,0.09711,-0.18520,0.28262,0.11054,0.11054,0.10072,0.18516,0.18516,0.16873
mom-plain-top10-6m,cost,2010-02-01,2015-02-01,0.12687,-0.18628,0.43759,0.13777,0.13777,0.12537,0.21229,0.21229,0.19376
mom-plain-top10-6m,cost,2010-03-01,2015-03-01,0.11708,-0.18534,0.39078,0.13907,0.13907,0.12655,0.21651,0.21651,0.19766
mom-plain-top10-6m,cost,2010-04-01,2015-04-01,0.10506,-0.18680,0.32519,0.11502,0.11502,0.10476,0.20785,0.20785,0.18964
mom-plain-top10-6m,cost,2010-05-01,2015-05-01,0.09996,-0.18424,0.29909,0.10475,0.10475,0.09551,0.19134,0.19134,0.17442
mom-plain-top10-6m,cost,2010-06-01,2015-06-01,0.13507,-0.18462,0.48897,0.12480,0.12480,0.11361,0.21869,0.21869,0.19968
mom-plain-top10-6m,cost,2010-07-01,2015-07-01,0.12859,-0.18392,0.45607,0.11287,0.11287,0.10283,0.21196,0.21196,0.19344
mom-plain-top10-6m,cost,2010-08-01,2015-08-01,0.12945,-0.19138,0.45404,0.11037,0.11037,0.10057,0.21020,0.21020,0.19182
mom-plain-top10-6m,cost,2010-09-01,2015-09-01,0.09060,-0.21521,0.24907,0.08597,0.08597,0.07867,0.17846,0.17846,0.16257
mom-plain-top10-6m,cost,2010-10-01,2015-10-01,0.07607,-0.21603,0.17284,0.06548,0.06548,0.06042,0.16966,0.16966,0.15448
mom-plain-top10-6m,cost,2010-11-01,2015-11-01,0.07652,-0.20502,0.17544,0.06942,0.06942,0.06392,0.15728,0.15728,0.14315
mom-plain-top10-6m,cost,2010-12-01,2015-12-01,0.07059,-0.18634,0.14394,0.07206,0.07206,0.06627,0.15550,0.15550,0.14153
mom-plain-top10-6m,cost,2011-01-01,2016-01-01,0.06892,-0.18442,0.13431,0.06603,0.06603,0.06091,0.16809,0.16809,0.15305
mom-plain-top10-6m,cost,2011-02-01,2016-02-01,0.07679,-0.15578,0.17782,0.08148,0.08148,0.07466,0.18223,0.18223,0.16602
mom-plain-top10-6m,cost,2011-03-01,2016-03-01,0.07117,-0.18928,0.14630,0.06761,0.06761,0.06231,0.16191,0.16191,0.14739
mom-plain-top10-6m,cost,2011-04-01,2016-04-01,0.07184,-0.18976,0.15071,0.07054,0.07054,0.06492,0.16433,0.16433,0.14961
mom-plain-top10-6m,cost,2011-05-01,2016-05-01,0.07795,-0.19014,0.18470,0.07708,0.07708,0.07074,0.16911,0.16911,0.15398
mom-plain-top10-6m,cost,2011-06-01,2016-06-01,0.09441,-0.18972,0.27764,0.09211,0.09211,0.08416,0.17998,0.17998,0.16396
mom-plain-top10-6m,cost,2011-07-01,2016-07-01,0.09895,-0.18977,0.30301,0.09468,0.09468,0.08647,0.18497,0.18497,0.16855
mom-plain-top10-6m,cost,2011-08-01,2016-08-01,0.12949,-0.18889,0.47545,0.10716,0.10716,0.09768,0.20794,0.20794,0.18974
mom-plain-top10-6m,cost,2011-09-01,2016-09-01,0.13757,-0.18910,0.52034,0.13264,0.13264,0.12071,0.23121,0.23121,0.21129
mom-plain-top10-6m,cost,2011-10-01,2016-10-01,0.14048,-0.18869,0.53557,0.13102,0.13102,0.11924,0.23364,0.23364,0.21355
mom-plain-top10-6m,cost,2011-11-01,2016-11-01,0.13110,-0.18955,0.48660,0.11765,0.11765,0.10714,0.22844,0.22844,0.20872
mom-plain-top10-6m,cost,2011-12-01,2016-12-01,0.12668,-0.18908,0.45617,0.12024,0.12024,0.10948,0.22328,0.22328,0.20394
mom-plain-top10-6m,cost,2012-01-01,2017-01-01,0.13208,-0.18869,0.48528,0.13479,0.13479,0.12266,0.23011,0.23011,0.21027
mom-plain-top10-6m,cost,2012-02-01,2017-02-01,0.15022,-0.18919,0.57372,0.12078,0.12078,0.10997,0.24977,0.24977,0.22856
mom-plain-top10-6m,cost,2012-03-01,2017-03-01,0.13021,-0.19015,0.46580,0.12244,0.12244,0.11148,0.24492,0.24492,0.22404
mom-plain-top10-6m,cost,2012-04-01,2017-04-01,0.13656,-0.18995,0.50083,0.13020,0.13020,0.11850,0.24610,0.24610,0.22514
mom-plain-top10-6m,cost,2012-05-01,2017-05-01,0.14217,-0.19028,0.53480,0.13543,0.13543,0.12325,0.25848,0.25848,0.23668
mom-plain-top10-6m,cost,2012-06-01,2017-06-01,0.16376,-0.18935,0.65076,0.16115,0.16115,0.14670,0.27090,0.27090,0.24828
mom-plain-top10-6m,cost,2012-07-01,2017-07-01,0.14004,-0.19020,0.52703,0.13879,0.13879,0.12631,0.25219,0.25219,0.23081
mom-plain-top10-6m,cost,2012-08-01,2017-08-01,0.15778,-0.19025,0.62530,0.15452,0.15452,0.14064,0.26897,0.26897,0.24647
mom-plain-top10-6m,cost,2012-09-01,2017-09-01,0.16772,-0.19029,0.67270,0.15048,0.15048,0.13695,0.27439,0.27439,0.25154
mom-plain-top10-6m,cost,2012-10-01,2017-10-01,0.14956,-0.18827,0.57606,0.12709,0.12709,0.11568,0.25032,0.25032,0.22907
mom-plain-top10-6m,cost,2012-11-01,2017-11-01,0.16361,-0.18854,0.64911,0.14469,0.14469,0.13167,0.26899,0.26899,0.24649
mom-plain-top10-6m,cost,2012-12-01,2017-12-01,0.13885,-0.18899,0.51520,0.12840,0.12840,0.11687,0.24480,0.24480,0.22393
mom-plain-top10-6m,cost,2013-01-01,2018-01-01,0.15628,-0.18871,0.60748,0.13251,0.13251,0.12060,0.25838,0.25838,0.23658
mom-plain-top10-6m,cost,2013-02-01,2018-02-01,0.15313,-0.18909,0.59228,0.14308,0.14308,0.13021,0.26468,0.26468,0.24246
mom-plain-top10-6m,cost,2013-03-01,2018-03-01,0.15037,-0.18888,0.57630,0.14232,0.14232,0.12951,0.26089,0.26089,0.23892
mom-plain-top10-6m,cost,2013-04-01,2018-04-01,0.13685,-0.18916,0.50382,0.13557,0.13557,0.12338,0.25600,0.25600,0.23436
mom-plain-top10-6m,cost,2013-05-01,2018-05-01,0.14309,-0.18925,0.53725,0.14039,0.14039,0.12776,0.26045,0.26045,0.23852
mom-plain-top10-6m,cost,2013-06-01,2018-06-01,0.13307,-0.18956,0.48294,0.13701,0.13701,0.12468,0.24607,0.24607,0.22511
mom-plain-top10-6m,cost,2013-07-01,2018-07-01,0.13909,-0.18923,0.51551,0.14080,0.14080,0.12813,0.24990,0.24990,0.22868
mom-plain-top10-6m,cost,2013-08-01,2018-08-01,0.15361,-0.18950,0.59581,0.16077,0.16077,0.14635,0.26292,0.26266,0.24082
mom-plain-top10-6m,cost,2013-09-01,2018-09-01,0.15623,-0.18976,0.61614,0.17846,0.17790,0.16256,0.29019,0.28860,0.26633
mom-plain-top10-6m,cost,2013-10-01,2018-10-01,0.12577,-0.19010,0.45322,0.15170,0.15170,0.13806,0.25045,0.25045,0.22919
mom-plain-top10-6m,cost,2013-11-01,2018-11-01,0.10981,-0.19051,0.36174,0.11865,0.11865,0.10804,0.21992,0.21992,0.20082
mom-plain-top10-6m,cost,2013-12-01,2018-12-01,0.12419,-0.19026,0.43925,0.13388,0.13388,0.12185,0.23611,0.23611,0.21585
mom-plain-top10-6m,cost,2014-01-01,2019-01-01,0.11906,-0.19069,0.41100,0.13007,0.13007,0.11839,0.22665,0.22665,0.20706
mom-plain-top10-6m,cost,2014-02-01,2019-02-01,0.12890,-0.19057,0.46241,0.13747,0.13747,0.12510,0.23796,0.23796,0.21756
mom-plain-top10-6m,cost,2014-03-01,2019-03-01,0.12321,-0.18799,0.43492,0.13018,0.13018,0.11848,0.22764,0.22764,0.20798
mom-plain-top10-6m,cost,2014-04-01,2019-04-01,0.15864,-0.19124,0.62105,0.13094,0.13055,0.11917,0.23479,0.23418,0.21462
mom-plain-top10-6m,cost,2014-05-01,2019-05-01,0.14743,-0.19062,0.56503,0.13329,0.13274,0.12131,0.23461,0.23348,0.21445
mom-plain-top10-6m,cost,2014-06-01,2019-06-01,0.13904,-0.18874,0.51871,0.11935,0.11855,0.10868,0.21977,0.21903,0.20068
mom-plain-top10-6m,cost,2014-07-01,2019-07-01,0.12521,-0.18926,0.44788,0.10598,0.10531,0.09661,0.19548,0.19488,0.17823
mom-plain-top10-6m,cost,2014-08-01,2019-08-01,0.11225,-0.19352,0.37171,0.08985,0.08985,0.08214,0.17443,0.17443,0.15886
mom-plain-top10-6m,cost,2014-09-01,2019-09-01,0.10504,-0.19181,0.33225,0.07909,0.07909,0.07253,0.15466,0.15466,0.14076
mom-plain-top10-6m,cost,2014-10-01,2019-10-01,0.12333,-0.19207,0.43229,0.08775,0.08775,0.08026,0.16178,0.16178,0.14727
mom-plain-top10-6m,cost,2014-11-01,2019-11-01,0.12822,-0.18821,0.45753,0.08786,0.08715,0.08036,0.15625,0.15613,0.14222
mom-plain-top10-6m,cost,2014-12-01,2019-12-01,0.11894,-0.18854,0.40786,0.08482,0.08385,0.07764,0.14858,0.14820,0.13522
mom-plain-top10-6m,cost,2015-01-01,2020-01-01,0.12966,-0.18768,0.46741,0.09410,0.09284,0.08594,0.15458,0.15373,0.14069
mom-plain-top10-6m,cost,2015-02-01,2020-02-01,0.12518,-0.19009,0.44351,0.07134,0.07114,0.06563,0.13652,0.13564,0.12424
mom-plain-top10-6m,cost,2015-03-01,2020-03-01,0.10845,-0.19309,0.35427,0.06049,0.06049,0.05601,0.13332,0.13260,0.12133
mom-plain-top10-6m,cost,2015-04-01,2020-04-01,0.03508,-0.39369,-0.02114,0.00513,0.00513,0.00513,0.07417,0.07417,0.06814
mom-plain-top10-6m,cost,2015-05-01,2020-05-01,0.08255,-0.39404,0.20690,0.05161,0.05161,0.04817,0.12195,0.12195,0.11103
mom-plain-top10-6m,cost,2015-06-01,2020-06-01,0.06961,-0.39359,0.14872,0.04456,0.04456,0.04195,0.10890,0.10890,0.09925
mom-plain-top10-6m,cost,2015-07-01,2020-07-01,0.08844,-0.39376,0.23425,0.05602,0.05602,0.05205,0.11517,0.11517,0.10490
mom-plain-top10-6m,cost,2015-08-01,2020-08-01,0.10161,-0.39406,0.29284,0.06667,0.06667,0.06148,0.11910,0.11818,0.10845
mom-plain-top10-6m,cost,2015-09-01,2020-09-01,0.11594,-0.39387,0.35821,0.09415,0.09397,0.08599,0.14390,0.14216,0.13095
mom-plain-top10-6m,cost,2015-10-01,2020-10-01,0.11300,-0.39366,0.34369,0.08855,0.08850,0.08097,0.13979,0.13762,0.12721
mom-plain-top10-6m,cost,2015-11-01,2020-11-01,0.10752,-0.39370,0.31856,0.08985,0.08934,0.08213,0.13774,0.13587,0.12535
mom-plain-top10-6m,cost,2015-12-01,2020-12-01,0.12001,-0.39367,0.37325,0.11915,0.11604,0.10849,0.15807,0.15486,0.14388
mom-plain-top10-6m,cost,2016-01-01,2021-01-01,0.13383,-0.39381,0.43340,0.13407,0.12958,0.12201,0.17356,0.16874,0.15806
mom-plain-top10-6m,cost,2016-02-01,2021-02-01,0.12784,-0.39364,0.40656,0.15030,0.14530,0.13678,0.18534,0.18061,0.16889
mom-plain-top10-6m,cost,2016-03-01,2021-03-01,0.14901,-0.39360,0.49804,0.16879,0.16300,0.15369,0.21366,0.20751,0.19502
mom-plain-top10-6m,cost,2016-04-01,2021-04-01,0.15520,-0.39385,0.52069,0.15484,0.14905,0.14093,0.21192,0.20483,0.19341
mom-plain-top10-6m,cost,2016-05-01,2021-05-01,0.16860,-0.39378,0.57535,0.14721,0.14177,0.13397,0.22144,0.21306,0.20223
mom-plain-top10-6m,cost,2016-06-01,2021-06-01,0.17236,-0.39350,0.59184,0.15209,0.14550,0.13842,0.22716,0.21791,0.20754
mom-plain-top10-6m,cost,2016-07-01,2021-07-01,0.17518,-0.39347,0.60355,0.14918,0.14247,0.13576,0.22948,0.21958,0.20969
mom-plain-top10-6m,cost,2016-08-01,2021-08-01,0.16832,-0.39369,0.57018,0.14201,0.13527,0.12923,0.21930,0.20877,0.20025
mom-plain-top10-6m,cost,2016-09-01,2021-09-01,0.16405,-0.39391,0.55522,0.15663,0.14844,0.14256,0.22392,0.21280,0.20453
mom-plain-top10-6m,cost,2016-10-01,2021-10-01,0.16626,-0.39332,0.56388,0.16709,0.15837,0.15213,0.22806,0.21664,0.20837
mom-plain-top10-6m,cost,2016-11-01,2021-11-01,0.18506,-0.39417,0.63721,0.17194,0.16281,0.15658,0.23496,0.22274,0.21478
mom-plain-top10-6m,cost,2016-12-01,2021-12-01,0.17938,-0.39477,0.61772,0.17392,0.16541,0.15839,0.24422,0.23222,0.22339
mom-plain-top10-6m,cost,2017-01-01,2022-01-01,0.19178,-0.39442,0.66572,0.17675,0.16803,0.16099,0.25612,0.24359,0.23448
mom-plain-top10-6m,cost,2017-02-01,2022-02-01,0.15407,-0.39470,0.51063,0.16503,0.15626,0.15025,0.21213,0.20066,0.19360
mom-plain-top10-6m,cost,2017-03-01,2022-03-01,0.14675,-0.39401,0.47604,0.14866,0.14075,0.13529,0.19967,0.18888,0.18209
mom-plain-top10-6m,cost,2017-04-01,2022-04-01,0.15463,-0.39409,0.50672,0.15423,0.14549,0.14037,0.20375,0.19213,0.18586
mom-plain-top10-6m,cost,2017-05-01,2022-05-01,0.12627,-0.39410,0.38955,0.14357,0.13545,0.13065,0.17957,0.16895,0.16358
mom-plain-top10-6m,cost,2017-06-01,2022-06-01,0.11198,-0.39476,0.32904,0.12885,0.12137,0.11728,0.16100,0.15184,0.14655
mom-plain-top10-6m,cost,2017-07-01,2022-07-01,0.08848,-0.39509,0.23051,0.11999,0.11334,0.10925,0.14102,0.13353,0.12833
mom-plain-top10-6m,cost,2017-08-01,2022-08-01,0.09090,-0.39605,0.24098,0.12777,0.11954,0.11630,0.15103,0.14158,0.13745
mom-plain-top10-6m,cost,2017-09-01,2022-09-01,0.08947,-0.39647,0.23542,0.13377,0.12527,0.12174,0.15532,0.14495,0.14137
mom-plain-top10-6m,cost,2017-10-01,2022-10-01,0.09888,-0.39637,0.27372,0.13204,0.12394,0.12017,0.15366,0.14353,0.13985
mom-plain-top10-6m,cost,2017-11-01,2022-11-01,0.09378,-0.39653,0.25327,0.13102,0.12205,0.11924,0.15299,0.14208,0.13924
mom-plain-top10-6m,cost,2017-12-01,2022-12-01,0.10825,-0.39672,0.31344,0.14628,0.13661,0.13312,0.16101,0.15003,0.14657
mom-plain-top10-6m,cost,2018-01-01,2023-01-01,0.09094,-0.39837,0.24110,0.13060,0.12168,0.11887,0.13565,0.12560,0.12345
mom-plain-top10-6m,cost,2018-02-01,2023-02-01,0.07949,-0.38373,0.19271,0.11224,0.10393,0.10225,0.12006,0.11116,0.10932
mom-plain-top10-6m,cost,2018-03-01,2023-03-01,0.09999,-0.39325,0.27945,0.12158,0.11257,0.11070,0.13079,0.12109,0.11903
mom-plain-top10-6m,cost,2018-04-01,2023-04-01,0.10596,-0.39021,0.30383,0.12753,0.11807,0.11608,0.13400,0.12407,0.12195
mom-plain-top10-6m,cost,2018-05-01,2023-05-01,0.10566,-0.39397,0.30304,0.12307,0.11394,0.11204,0.12873,0.11919,0.11717
mom-plain-top10-6m,cost,2018-06-01,2023-06-01,0.10940,-0.39090,0.31972,0.12930,0.11972,0.11769,0.14893,0.13796,0.13554
mom-plain-top10-6m,cost,2018-07-01,2023-07-01,0.11256,-0.39035,0.33283,0.13722,0.12706,0.12487,0.15801,0.14641,0.14382
mom-plain-top10-6m,cost,2018-08-01,2023-08-01,0.11094,-0.38449,0.32727,0.13027,0.12061,0.11856,0.15718,0.14564,0.14306
mom-plain-top10-6m,cost,2018-09-01,2023-09-01,0.09902,-0.38739,0.27611,0.12049,0.11155,0.10970,0.14800,0.13709,0.13469
mom-plain-top10-6m,cost,2018-10-01,2023-10-01,0.10927,-0.39139,0.31868,0.13610,0.12603,0.12386,0.17581,0.16305,0.16013
mom-plain-top10-6m,cost,2018-11-01,2023-11-01,0.12572,-0.38756,0.39003,0.14179,0.13132,0.12904,0.18193,0.16878,0.16575
mom-plain-top10-6m,cost,2018-12-01,2023-12-01,0.14167,-0.38803,0.45571,0.14615,0.13537,0.13300,0.20341,0.18895,0.18555
mom-plain-top10-6m,cost,2019-01-01,2024-01-01,0.16300,-0.38573,0.54501,0.16150,0.14968,0.14702,0.22122,0.20571,0.20202
mom-plain-top10-6m,cost,2019-02-01,2024-02-01,0.15322,-0.38275,0.50734,0.16137,0.14955,0.14690,0.22469,0.20899,0.20524
mom-plain-top10-6m,cost,2019-03-01,2024-03-01,0.17736,-0.37893,0.60554,0.16870,0.15640,0.15361,0.24141,0.22478,0.22078
mom-plain-top10-6m,cost,2019-04-01,2024-04-01,0.17908,-0.38143,0.60627,0.15319,0.14192,0.13942,0.23600,0.21967,0.21574
mom-plain-top10-6m,cost,2019-05-01,2024-05-01,0.17006,-0.38367,0.57038,0.15309,0.14184,0.13934,0.24122,0.22460,0.22060
mom-plain-top10-6m,cost,2019-06-01,2024-06-01,0.17144,-0.37920,0.57727,0.14946,0.13845,0.13601,0.25655,0.23911,0.23488
mom-plain-top10-6m,cost,2019-07-01,2024-07-01,0.18371,-0.37682,0.61725,0.16648,0.15432,0.15157,0.26814,0.25011,0.24570
mom-plain-top10-6m,cost,2019-08-01,2024-08-01,0.21140,-0.37377,0.72761,0.19261,0.17558,0.17558,0.30115,0.27662,0.27662
mom-plain-top10-6m,cost,2019-09-01,2024-09-01,0.23870,-0.37099,0.82863,0.19386,0.17674,0.17674,0.30252,0.27791,0.27791
mom-plain-top10-6m,cost,2019-10-01,2024-10-01,0.21928,-0.37076,0.76119,0.19193,0.17496,0.17496,0.29592,0.27172,0.27172
mom-plain-top10-6m,cost,2019-11-01,2024-11-01,0.19175,-0.36800,0.65132,0.16694,0.15200,0.15200,0.26574,0.24346,0.24346
mom-plain-top10-6m,cost,2019-12-01,2024-12-01,0.17694,-0.36875,0.59180,0.16218,0.14763,0.14763,0.25859,0.23678,0.23678
mom-plain-top10-6m,cost,2020-01-01,2025-01-01,0.16469,-0.36464,0.54482,0.15598,0.14197,0.14197,0.24390,0.22309,0.22309
mom-plain-top10-6m,cost,2020-02-01,2025-02-01,0.14251,-0.34885,0.45561,0.16380,0.14912,0.14912,0.21662,0.19777,0.19777
mom-plain-top10-6m,cost,2020-03-01,2025-03-01,0.12573,-0.31693,0.38601,0.15961,0.14529,0.14529,0.19321,0.17614,0.17614
mom-plain-top10-6m,cost,2020-04-01,2025-04-01,0.22231,-0.31088,0.85246,0.24335,0.22258,0.22258,0.26293,0.24083,0.24083
mom-plain-top10-6m,cost,2020-05-01,2025-05-01,0.18859,-0.31157,0.71460,0.21179,0.19329,0.19329,0.23579,0.21554,0.21554
mom-plain-top10-6m,cost,2020-06-01,2025-06-01,0.18787,-0.31099,0.71010,0.21702,0.19813,0.19813,0.24924,0.22807,0.22807
mom-plain-top10-6m,cost,2020-07-01,2025-07-01,0.20104,-0.31064,0.77135,0.21071,0.19229,0.19229,0.25087,0.22958,0.22958
mom-plain-top10-6m,cost,2020-08-01,2025-08-01,0.17143,-0.31082,0.63576,0.18700,0.17042,0.17042,0.21755,0.19862,0.19862
mom-plain-top10-6m,tax-dated,2008-02-01,2013-02-01,-0.00125,-0.59849,-0.11689,0.03592,0.03592,0.03438,0.02342,0.02342,0.02342
mom-plain-top10-6m,tax-dated,2008-03-01,2013-03-01,-0.00182,-0.56460,-0.13285,0.02970,0.02970,0.02895,0.02703,0.02703,0.02662
mom-plain-top10-6m,tax-dated,2008-04-01,2013-04-01,0.02956,-0.52970,-0.01214,0.04945,0.04945,0.04626,0.07055,0.07055,0.06492
mom-plain-top10-6m,tax-dated,2008-05-01,2013-05-01,0.03849,-0.49417,0.02213,0.03953,0.03953,0.03755,0.05392,0.05392,0.05020
mom-plain-top10-6m,tax-dated,2008-06-01,2013-06-01,0.05967,-0.43920,0.10919,0.05429,0.05429,0.05052,0.07512,0.07512,0.06899
mom-plain-top10-6m,tax-dated,2008-07-01,2013-07-01,0.10771,-0.35728,0.31021,0.09942,0.09942,0.09072,0.14111,0.14111,0.12841
mom-plain-top10-6m,tax-dated,2008-08-01,2013-08-01,0.08510,-0.37984,0.21637,0.06611,0.06611,0.06098,0.09740,0.09740,0.08891
mom-plain-top10-6m,tax-dated,2008-09-01,2013-09-01,0.08839,-0.32901,0.22993,0.05936,0.05936,0.05500,0.09064,0.09064,0.08284
mom-plain-top10-6m,tax-dated,2008-10-01,2013-10-01,0.10912,-0.29481,0.31682,0.09178,0.09178,0.08387,0.13588,0.13588,0.12365
mom-plain-top10-6m,tax-dated,2008-11-01,2013-11-01,0.17710,-0.19073,0.61011,0.18313,0.18313,0.16685,0.22532,0.22532,0.20583
mom-plain-top10-6m,tax-dated,2008-12-01,2013-12-01,0.17650,-0.19086,0.61230,0.19549,0.19549,0.17824,0.22922,0.22922,0.20945
mom-plain-top10-6m,tax-dated,2009-01-01,2014-01-01,0.16786,-0.19086,0.57987,0.17089,0.17089,0.15561,0.20948,0.20948,0.19116
mom-plain-top10-6m,tax-dated,2009-02-01,2014-02-01,0.17451,-0.19210,0.61127,0.17517,0.17517,0.15955,0.21381,0.21381,0.19516
mom-plain-top10-6m,tax-dated,2009-03-01,2014-03-01,0.18980,-0.19422,0.67843,0.19168,0.19168,0.17472,0.22937,0.22937,0.20959
mom-plain-top10-6m,tax-dated,2009-04-01,2014-04-01,0.15962,-0.18936,0.55277,0.18381,0.18381,0.16748,0.21371,0.21371,0.19506
mom-plain-top10-6m,tax-dated,2009-05-01,2014-05-01,0.15351,-0.18807,0.52052,0.15333,0.15333,0.13955,0.20257,0.20257,0.18477
mom-plain-top10-6m,tax-dated,2009-06-01,2014-06-01,0.12471,-0.18798,0.40339,0.11085,0.11085,0.10101,0.17730,0.17730,0.16150
mom-plain-top10-6m,tax-dated,2009-07-01,2014-07-01,0.14982,-0.19108,0.53213,0.13287,0.13287,0.12092,0.19900,0.19900,0.18148
mom-plain-top10-6m,tax-dated,2009-08-01,2014-08-01,0.12976,-0.19857,0.42877,0.11721,0.11721,0.10674,0.17436,0.17436,0.15880
mom-plain-top10-6m,tax-dated,2009-09-01,2014-09-01,0.14011,-0.19226,0.49122,0.12994,0.12994,0.11827,0.19506,0.19506,0.17784
mom-plain-top10-6m,tax-dated,2009-10-01,2014-10-01,0.12764,-0.19038,0.43422,0.10646,0.10646,0.09705,0.18264,0.18264,0.16640
mom-plain-top10-6m,tax-dated,2009-11-01,2014-11-01,0.15755,-0.19473,0.57961,0.13380,0.13380,0.12177,0.20627,0.20627,0.18818
mom-plain-top10-6m,tax-dated,2009-12-01,2014-12-01,0.12070,-0.18687,0.40431,0.12120,0.12120,0.11035,0.19070,0.19070,0.17382
mom-plain-top10-6m,tax-dated,2010-01-01,2015-01-01,0.09583,-0.18520,0.27593,0.11054,0.11054,0.10072,0.18516,0.18516,0.16873
mom-plain-top10-6m,tax-dated,2010-02-01,2015-02-01,0.12259,-0.19074,0.41501,0.13777,0.13777,0.12537,0.21229,0.21229,0.19376
mom-plain-top10-6m,tax-dated,2010-03-01,2015-03-01,0.11374,-0.18873,0.37340,0.13907,0.13907,0.12655,0.21651,0.21651,0.19766
mom-plain-top10-6m,tax-dated,2010-04-01,2015-04-01,0.10180,-0.18680,0.30825,0.11502,0.11502,0.10476,0.20785,0.20785,0.18964
mom-plain-top10-6m,tax-dated,2010-05-01,2015-05-01,0.09763,-0.18424,0.28679,0.10475,0.10475,0.09551,0.19134,0.19134,0.17442
mom-plain-top10-6m,tax-dated,2010-06-01,2015-06-01,0.12898,-0.19427,0.45650,0.12480,0.12480,0.11361,0.21869,0.21869,0.19968
mom-plain-top10-6m,tax-dated,2010-07-01,2015-07-01,0.12238,-0.19220,0.42312,0.11287,0.11287,0.10283,0.21196,0.21196,0.19344
mom-plain-top10-6m,tax-dated,2010-08-01,2015-08-01,0.12590,-0.19527,0.43562,0.11037,0.11037,0.10057,0.21020,0.21020,0.19182
mom-plain-top10-6m,tax-dated,2010-09-01,2015-09-01,0.08921,-0.21521,0.24180,0.08597,0.08597,0.07867,0.17846,0.17846,0.16257
mom-plain-top10-6m,tax-dated,2010-10-01,2015-10-01,0.07607,-0.21603,0.17284,0.06548,0.06548,0.06042,0.16966,0.16966,0.15448
mom-plain-top10-6m,tax-dated,2010-11-01,2015-11-01,0.07638,-0.20502,0.17468,0.06942,0.06942,0.06392,0.15728,0.15728,0.14315
mom-plain-top10-6m,tax-dated,2010-12-01,2015-12-01,0.07055,-0.18634,0.14376,0.07206,0.07206,0.06627,0.15550,0.15550,0.14153
mom-plain-top10-6m,tax-dated,2011-01-01,2016-01-01,0.06892,-0.18442,0.13431,0.06603,0.06603,0.06091,0.16809,0.16809,0.15305
mom-plain-top10-6m,tax-dated,2011-02-01,2016-02-01,0.07588,-0.15578,0.17273,0.08148,0.08148,0.07466,0.18223,0.18223,0.16602
mom-plain-top10-6m,tax-dated,2011-03-01,2016-03-01,0.07003,-0.18942,0.13987,0.06761,0.06761,0.06231,0.16191,0.16191,0.14739
mom-plain-top10-6m,tax-dated,2011-04-01,2016-04-01,0.07131,-0.18988,0.14768,0.07054,0.07054,0.06492,0.16433,0.16433,0.14961
mom-plain-top10-6m,tax-dated,2011-05-01,2016-05-01,0.07785,-0.19020,0.18413,0.07708,0.07708,0.07074,0.16911,0.16911,0.15398
mom-plain-top10-6m,tax-dated,2011-06-01,2016-06-01,0.09362,-0.18978,0.27326,0.09211,0.09211,0.08416,0.17998,0.17998,0.16396
mom-plain-top10-6m,tax-dated,2011-07-01,2016-07-01,0.09760,-0.18982,0.29552,0.09468,0.09468,0.08647,0.18497,0.18497,0.16855
mom-plain-top10-6m,tax-dated,2011-08-01,2016-08-01,0.12608,-0.18935,0.45651,0.10716,0.10716,0.09768,0.20794,0.20794,0.18974
mom-plain-top10-6m,tax-dated,2011-09-01,2016-09-01,0.13387,-0.18944,0.49987,0.13264,0.13264,0.12071,0.23121,0.23121,0.21129
mom-plain-top10-6m,tax-dated,2011-10-01,2016-10-01,0.13776,-0.18909,0.52054,0.13102,0.13102,0.11924,0.23364,0.23364,0.21355
mom-plain-top10-6m,tax-dated,2011-11-01,2016-11-01,0.12834,-0.18993,0.47125,0.11765,0.11765,0.10714,0.22844,0.22844,0.20872
mom-plain-top10-6m,tax-dated,2011-12-01,2016-12-01,0.12407,-0.18946,0.44180,0.12024,0.12024,0.10948,0.22328,0.22328,0.20394
mom-plain-top10-6m,tax-dated,2012-01-01,2017-01-01,0.12457,-0.18905,0.44279,0.13479,0.13479,0.12266,0.23011,0.23011,0.21027
mom-plain-top10-6m,tax-dated,2012-02-01,2017-02-01,0.14309,-0.18945,0.53568,0.12078,0.12078,0.10997,0.24977,0.24977,0.22856
mom-plain-top10-6m,tax-dated,2012-03-01,2017-03-01,0.12446,-0.19045,0.43507,0.12244,0.12244,0.11148,0.24492,0.24492,0.22404
mom-plain-top10-6m,tax-dated,2012-04-01,2017-04-01,0.12998,-0.19040,0.46562,0.13020,0.13020,0.11850,0.24610,0.24610,0.22514
mom-plain-top10-6m,tax-dated,2012-05-01,2017-05-01,0.13619,-0.19036,0.50283,0.13543,0.13543,0.12325,0.25848,0.25848,0.23668
mom-plain-top10-6m,tax-dated,2012-06-01,2017-06-01,0.15622,-0.18957,0.60977,0.16115,0.16115,0.14670,0.27090,0.27090,0.24828
mom-plain-top10-6m,tax-dated,2012-07-01,2017-07-01,0.13259,-0.19057,0.48656,0.13879,0.13879,0.12631,0.25219,0.25219,0.23081
mom-plain-top10-6m,tax-dated,2012-08-01,2017-08-01,0.15259,-0.19059,0.59700,0.15452,0.15452,0.14064,0.26897,0.26897,0.24647
mom-plain-top10-6m,tax-dated,2012-09-01,2017-09-01,0.16294,-0.18803,0.64815,0.15048,0.15048,0.13695,0.27439,0.27439,0.25154
mom-plain-top10-6m,tax-dated,2012-10-01,2017-10-01,0.14646,-0.18840,0.55940,0.12709,0.12709,0.11568,0.25032,0.25032,0.22907
mom-plain-top10-6m,tax-dated,2012-11-01,2017-11-01,0.15910,-0.18865,0.62558,0.14469,0.14469,0.13167,0.26899,0.26899,0.24649
mom-plain-top10-6m,tax-dated,2012-12-01,2017-12-01,0.13709,-0.18901,0.50559,0.12840,0.12840,0.11687,0.24480,0.24480,0.22393
mom-plain-top10-6m,tax-dated,2013-01-01,2018-01-01,0.15265,-0.18883,0.58797,0.13251,0.13251,0.12060,0.25838,0.25838,0.23658
mom-plain-top10-6m,tax-dated,2013-02-01,2018-02-01,0.15083,-0.18926,0.58011,0.14308,0.14308,0.13021,0.26468,0.26468,0.24246
mom-plain-top10-6m,tax-dated,2013-03-01,2018-03-01,0.14960,-0.18889,0.57223,0.14232,0.14232,0.12951,0.26089,0.26089,0.23892
mom-plain-top10-6m,tax-dated,2013-04-01,2018-04-01,0.13685,-0.18916,0.50382,0.13557,0.13557,0.12338,0.25600,0.25600,0.23436
mom-plain-top10-6m,tax-dated,2013-05-01,2018-05-01,0.14298,-0.18925,0.53669,0.14039,0.14039,0.12776,0.26045,0.26045,0.23852
mom-plain-top10-6m,tax-dated,2013-06-01,2018-06-01,0.13307,-0.18956,0.48294,0.13701,0.13701,0.12468,0.24607,0.24607,0.22511
mom-plain-top10-6m,tax-dated,2013-07-01,2018-07-01,0.13714,-0.18929,0.50530,0.14080,0.14080,0.12813,0.24990,0.24990,0.22868
mom-plain-top10-6m,tax-dated,2013-08-01,2018-08-01,0.14837,-0.19021,0.56776,0.16077,0.16077,0.14635,0.26292,0.26266,0.24082
mom-plain-top10-6m,tax-dated,2013-09-01,2018-09-01,0.14981,-0.19042,0.58090,0.17846,0.17790,0.16256,0.29019,0.28860,0.26633
mom-plain-top10-6m,tax-dated,2013-10-01,2018-10-01,0.12339,-0.19038,0.44007,0.15170,0.15170,0.13806,0.25045,0.25045,0.22919
mom-plain-top10-6m,tax-dated,2013-11-01,2018-11-01,0.10864,-0.19053,0.35532,0.11865,0.11865,0.10804,0.21992,0.21992,0.20082
mom-plain-top10-6m,tax-dated,2013-12-01,2018-12-01,0.12218,-0.19043,0.42831,0.13388,0.13388,0.12185,0.23611,0.23611,0.21585
mom-plain-top10-6m,tax-dated,2014-01-01,2019-01-01,0.11663,-0.18764,0.39803,0.13007,0.13007,0.11839,0.22665,0.22665,0.20706
mom-plain-top10-6m,tax-dated,2014-02-01,2019-02-01,0.12748,-0.18738,0.45528,0.13747,0.13747,0.12510,0.23796,0.23796,0.21756
mom-plain-top10-6m,tax-dated,2014-03-01,2019-03-01,0.12212,-0.18798,0.42902,0.13018,0.13018,0.11848,0.22764,0.22764,0.20798
mom-plain-top10-6m,tax-dated,2014-04-01,2019-04-01,0.15384,-0.19127,0.59588,0.13094,0.13055,0.11917,0.23479,0.23418,0.21462
mom-plain-top10-6m,tax-dated,2014-05-01,2019-05-01,0.14317,-0.18742,0.54283,0.13329,0.13274,0.12131,0.23461,0.23348,0.21445
mom-plain-top10-6m,tax-dated,2014-06-01,2019-06-01,0.13570,-0.18874,0.50084,0.11935,0.11855,0.10868,0.21977,0.21903,0.20068
mom-plain-top10-6m,tax-dated,2014-07-01,2019-07-01,0.12317,-0.18926,0.43666,0.10598,0.10531,0.09661,0.19548,0.19488,0.17823
mom-plain-top10-6m,tax-dated,2014-08-01,2019-08-01,0.11225,-0.19352,0.37171,0.08985,0.08985,0.08214,0.17443,0.17443,0.15886
mom-plain-top10-6m,tax-dated,2014-09-01,2019-09-01,0.10504,-0.19181,0.33225,0.07909,0.07909,0.07253,0.15466,0.15466,0.14076
mom-plain-top10-6m,tax-dated,2014-10-01,2019-10-01,0.12191,-0.19207,0.42449,0.08775,0.08775,0.08026,0.16178,0.16178,0.14727
mom-plain-top10-6m,tax-dated,2014-11-01,2019-11-01,0.12570,-0.18821,0.44399,0.08786,0.08715,0.08036,0.15625,0.15613,0.14222
mom-plain-top10-6m,tax-dated,2014-12-01,2019-12-01,0.11666,-0.18854,0.39534,0.08482,0.08385,0.07764,0.14858,0.14820,0.13522
mom-plain-top10-6m,tax-dated,2015-01-01,2020-01-01,0.12662,-0.18768,0.45081,0.09410,0.09284,0.08594,0.15458,0.15373,0.14069
mom-plain-top10-6m,tax-dated,2015-02-01,2020-02-01,0.12186,-0.19009,0.42524,0.07134,0.07114,0.06563,0.13652,0.13564,0.12424
mom-plain-top10-6m,tax-dated,2015-03-01,2020-03-01,0.10603,-0.19309,0.34031,0.06049,0.06049,0.05601,0.13332,0.13260,0.12133
mom-plain-top10-6m,tax-dated,2015-04-01,2020-04-01,0.03508,-0.39369,-0.02114,0.00513,0.00513,0.00513,0.07417,0.07417,0.06814
mom-plain-top10-6m,tax-dated,2015-05-01,2020-05-01,0.08255,-0.39404,0.20690,0.05161,0.05161,0.04817,0.12195,0.12195,0.11103
mom-plain-top10-6m,tax-dated,2015-06-01,2020-06-01,0.06961,-0.39359,0.14872,0.04456,0.04456,0.04195,0.10890,0.10890,0.09925
mom-plain-top10-6m,tax-dated,2015-07-01,2020-07-01,0.08748,-0.39376,0.22997,0.05602,0.05602,0.05205,0.11517,0.11517,0.10490
mom-plain-top10-6m,tax-dated,2015-08-01,2020-08-01,0.09912,-0.39406,0.28179,0.06667,0.06667,0.06148,0.11910,0.11818,0.10845
mom-plain-top10-6m,tax-dated,2015-09-01,2020-09-01,0.11247,-0.39389,0.34286,0.09415,0.09397,0.08599,0.14390,0.14216,0.13095
mom-plain-top10-6m,tax-dated,2015-10-01,2020-10-01,0.10957,-0.39390,0.32842,0.08855,0.08850,0.08097,0.13979,0.13762,0.12721
mom-plain-top10-6m,tax-dated,2015-11-01,2020-11-01,0.10487,-0.39373,0.30671,0.08985,0.08934,0.08213,0.13774,0.13587,0.12535
mom-plain-top10-6m,tax-dated,2015-12-01,2020-12-01,0.11536,-0.39389,0.35276,0.11915,0.11604,0.10849,0.15807,0.15486,0.14388
mom-plain-top10-6m,tax-dated,2016-01-01,2021-01-01,0.12929,-0.39377,0.41359,0.13407,0.12958,0.12201,0.17356,0.16874,0.15806
mom-plain-top10-6m,tax-dated,2016-02-01,2021-02-01,0.12486,-0.39377,0.39356,0.15030,0.14530,0.13678,0.18534,0.18061,0.16889
mom-plain-top10-6m,tax-dated,2016-03-01,2021-03-01,0.14373,-0.39373,0.47529,0.16879,0.16300,0.15369,0.21366,0.20751,0.19502
mom-plain-top10-6m,tax-dated,2016-04-01,2021-04-01,0.14674,-0.39388,0.48528,0.15484,0.14905,0.14093,0.21192,0.20483,0.19341
mom-plain-top10-6m,tax-dated,2016-05-01,2021-05-01,0.15744,-0.39399,0.52829,0.14721,0.14177,0.13397,0.22144,0.21306,0.20223
mom-plain-top10-6m,tax-dated,2016-06-01,2021-06-01,0.16110,-0.39364,0.54405,0.15209,0.14550,0.13842,0.22716,0.21791,0.20754
mom-plain-top10-6m,tax-dated,2016-07-01,2021-07-01,0.16628,-0.39349,0.56626,0.14918,0.14247,0.13576,0.22948,0.21958,0.20969
mom-plain-top10-6m,tax-dated,2016-08-01,2021-08-01,0.15844,-0.39381,0.52854,0.14201,0.13527,0.12923,0.21930,0.20877,0.20025
mom-plain-top10-6m,tax-dated,2016-09-01,2021-09-01,0.15415,-0.39397,0.51323,0.15663,0.14844,0.14256,0.22392,0.21280,0.20453
mom-plain-top10-6m,tax-dated,2016-10-01,2021-10-01,0.15597,-0.39323,0.52065,0.16709,0.15837,0.15213,0.22806,0.21664,0.20837
mom-plain-top10-6m,tax-dated,2016-11-01,2021-11-01,0.17173,-0.39456,0.58311,0.17194,0.16281,0.15658,0.23496,0.22274,0.21478
mom-plain-top10-6m,tax-dated,2016-12-01,2021-12-01,0.16806,-0.39490,0.57158,0.17392,0.16541,0.15839,0.24422,0.23222,0.22339
mom-plain-top10-6m,tax-dated,2017-01-01,2022-01-01,0.17779,-0.39479,0.60860,0.17675,0.16803,0.16099,0.25612,0.24359,0.23448
mom-plain-top10-6m,tax-dated,2017-02-01,2022-02-01,0.14885,-0.39470,0.48942,0.16503,0.15626,0.15025,0.21213,0.20066,0.19360
mom-plain-top10-6m,tax-dated,2017-03-01,2022-03-01,0.14256,-0.39401,0.45921,0.14866,0.14075,0.13529,0.19967,0.18888,0.18209
mom-plain-top10-6m,tax-dated,2017-04-01,2022-04-01,0.14505,-0.39409,0.46739,0.15423,0.14549,0.14037,0.20375,0.19213,0.18586
mom-plain-top10-6m,tax-dated,2017-05-01,2022-05-01,0.11928,-0.39410,0.36045,0.14357,0.13545,0.13065,0.17957,0.16895,0.16358
mom-plain-top10-6m,tax-dated,2017-06-01,2022-06-01,0.10522,-0.39476,0.30105,0.12885,0.12137,0.11728,0.16100,0.15184,0.14655
mom-plain-top10-6m,tax-dated,2017-07-01,2022-07-01,0.08030,-0.39509,0.19644,0.11999,0.11334,0.10925,0.14102,0.13353,0.12833
mom-plain-top10-6m,tax-dated,2017-08-01,2022-08-01,0.08429,-0.39605,0.21354,0.12777,0.11954,0.11630,0.15103,0.14158,0.13745
mom-plain-top10-6m,tax-dated,2017-09-01,2022-09-01,0.08354,-0.39647,0.21067,0.13377,0.12527,0.12174,0.15532,0.14495,0.14137
mom-plain-top10-6m,tax-dated,2017-10-01,2022-10-01,0.09209,-0.39637,0.24562,0.13204,0.12394,0.12017,0.15366,0.14353,0.13985
mom-plain-top10-6m,tax-dated,2017-11-01,2022-11-01,0.08592,-0.39653,0.22065,0.13102,0.12205,0.11924,0.15299,0.14208,0.13924
mom-plain-top10-6m,tax-dated,2017-12-01,2022-12-01,0.10080,-0.39672,0.28264,0.14628,0.13661,0.13312,0.16101,0.15003,0.14657
mom-plain-top10-6m,tax-dated,2018-01-01,2023-01-01,0.08487,-0.39837,0.21590,0.13060,0.12168,0.11887,0.13565,0.12560,0.12345
mom-plain-top10-6m,tax-dated,2018-02-01,2023-02-01,0.07395,-0.38373,0.16881,0.11224,0.10393,0.10225,0.12006,0.11116,0.10932
mom-plain-top10-6m,tax-dated,2018-03-01,2023-03-01,0.09261,-0.39325,0.24841,0.12158,0.11257,0.11070,0.13079,0.12109,0.11903
mom-plain-top10-6m,tax-dated,2018-04-01,2023-04-01,0.09894,-0.39021,0.27434,0.12753,0.11807,0.11608,0.13400,0.12407,0.12195
mom-plain-top10-6m,tax-dated,2018-05-01,2023-05-01,0.09627,-0.39397,0.26379,0.12307,0.11394,0.11204,0.12873,0.11919,0.11717
mom-plain-top10-6m,tax-dated,2018-06-01,2023-06-01,0.10009,-0.39090,0.28063,0.12930,0.11972,0.11769,0.14893,0.13796,0.13554
mom-plain-top10-6m,tax-dated,2018-07-01,2023-07-01,0.10216,-0.39035,0.28921,0.13722,0.12706,0.12487,0.15801,0.14641,0.14382
mom-plain-top10-6m,tax-dated,2018-08-01,2023-08-01,0.10143,-0.38449,0.28702,0.13027,0.12061,0.11856,0.15718,0.14564,0.14306
mom-plain-top10-6m,tax-dated,2018-09-01,2023-09-01,0.09020,-0.38739,0.23858,0.12049,0.11155,0.10970,0.14800,0.13709,0.13469
mom-plain-top10-6m,tax-dated,2018-10-01,2023-10-01,0.09902,-0.39139,0.27551,0.13610,0.12603,0.12386,0.17581,0.16305,0.16013
mom-plain-top10-6m,tax-dated,2018-11-01,2023-11-01,0.11463,-0.38756,0.34304,0.14179,0.13132,0.12904,0.18193,0.16878,0.16575
mom-plain-top10-6m,tax-dated,2018-12-01,2023-12-01,0.12823,-0.38803,0.39948,0.14615,0.13537,0.13300,0.20341,0.18895,0.18555
mom-plain-top10-6m,tax-dated,2019-01-01,2024-01-01,0.14990,-0.38573,0.49042,0.16150,0.14968,0.14702,0.22122,0.20571,0.20202
mom-plain-top10-6m,tax-dated,2019-02-01,2024-02-01,0.13924,-0.38275,0.44827,0.16137,0.14955,0.14690,0.22469,0.20899,0.20524
mom-plain-top10-6m,tax-dated,2019-03-01,2024-03-01,0.16150,-0.37893,0.54044,0.16870,0.15640,0.15361,0.24141,0.22478,0.22078
mom-plain-top10-6m,tax-dated,2019-04-01,2024-04-01,0.15977,-0.38143,0.52734,0.15319,0.14192,0.13942,0.23600,0.21967,0.21574
mom-plain-top10-6m,tax-dated,2019-05-01,2024-05-01,0.15187,-0.38367,0.49574,0.15309,0.14184,0.13934,0.24122,0.22460,0.22060
mom-plain-top10-6m,tax-dated,2019-06-01,2024-06-01,0.15324,-0.37920,0.50241,0.14946,0.13845,0.13601,0.25655,0.23911,0.23488
mom-plain-top10-6m,tax-dated,2019-07-01,2024-07-01,0.16783,-0.37682,0.55379,0.16648,0.15432,0.15157,0.26814,0.25011,0.24570
mom-plain-top10-6m,tax-dated,2019-08-01,2024-08-01,0.19057,-0.37377,0.64526,0.19261,0.17558,0.17558,0.30115,0.27662,0.27662
mom-plain-top10-6m,tax-dated,2019-09-01,2024-09-01,0.21713,-0.37099,0.74450,0.19386,0.17674,0.17674,0.30252,0.27791,0.27791
mom-plain-top10-6m,tax-dated,2019-10-01,2024-10-01,0.19754,-0.37076,0.67362,0.19193,0.17496,0.17496,0.29592,0.27172,0.27172
mom-plain-top10-6m,tax-dated,2019-11-01,2024-11-01,0.17464,-0.36800,0.58290,0.16694,0.15200,0.15200,0.26574,0.24346,0.24346
mom-plain-top10-6m,tax-dated,2019-12-01,2024-12-01,0.16204,-0.36875,0.53189,0.16218,0.14763,0.14763,0.25859,0.23678,0.23678
mom-plain-top10-6m,tax-dated,2020-01-01,2025-01-01,0.15505,-0.36464,0.50556,0.15598,0.14197,0.14197,0.24390,0.22309,0.22309
mom-plain-top10-6m,tax-dated,2020-02-01,2025-02-01,0.13541,-0.34885,0.42634,0.16380,0.14912,0.14912,0.21662,0.19777,0.19777
mom-plain-top10-6m,tax-dated,2020-03-01,2025-03-01,0.11778,-0.32166,0.35300,0.15961,0.14529,0.14529,0.19321,0.17614,0.17614
mom-plain-top10-6m,tax-dated,2020-04-01,2025-04-01,0.19508,-0.33478,0.72372,0.24335,0.22258,0.22258,0.26293,0.24083,0.24083
mom-plain-top10-6m,tax-dated,2020-05-01,2025-05-01,0.16542,-0.33669,0.60151,0.21179,0.19329,0.19329,0.23579,0.21554,0.21554
mom-plain-top10-6m,tax-dated,2020-06-01,2025-06-01,0.16638,-0.33634,0.60521,0.21702,0.19813,0.19813,0.24924,0.22807,0.22807
mom-plain-top10-6m,tax-dated,2020-07-01,2025-07-01,0.17594,-0.33543,0.64902,0.21071,0.19229,0.19229,0.25087,0.22958,0.22958
mom-plain-top10-6m,tax-dated,2020-08-01,2025-08-01,0.15132,-0.33598,0.53575,0.18700,0.17042,0.17042,0.21755,0.19862,0.19862
mom-plain-top10-6m,tax-today,2008-02-01,2013-02-01,-0.00475,-0.59880,-0.13060,0.03592,0.03592,0.03438,0.02342,0.02342,0.02342
mom-plain-top10-6m,tax-today,2008-03-01,2013-03-01,-0.00512,-0.56460,-0.14640,0.02970,0.02970,0.02895,0.02703,0.02703,0.02662
mom-plain-top10-6m,tax-today,2008-04-01,2013-04-01,0.02512,-0.52970,-0.03057,0.04945,0.04945,0.04626,0.07055,0.07055,0.06492
mom-plain-top10-6m,tax-today,2008-05-01,2013-05-01,0.03130,-0.49417,-0.00825,0.03953,0.03953,0.03755,0.05392,0.05392,0.05020
mom-plain-top10-6m,tax-today,2008-06-01,2013-06-01,0.05120,-0.43920,0.07354,0.05429,0.05429,0.05052,0.07512,0.07512,0.06899
mom-plain-top10-6m,tax-today,2008-07-01,2013-07-01,0.09653,-0.35728,0.26385,0.09942,0.09942,0.09072,0.14111,0.14111,0.12841
mom-plain-top10-6m,tax-today,2008-08-01,2013-08-01,0.07475,-0.37984,0.17319,0.06611,0.06611,0.06098,0.09740,0.09740,0.08891
mom-plain-top10-6m,tax-today,2008-09-01,2013-09-01,0.07981,-0.32901,0.19359,0.05936,0.05936,0.05500,0.09064,0.09064,0.08284
mom-plain-top10-6m,tax-today,2008-10-01,2013-10-01,0.09801,-0.29481,0.27053,0.09178,0.09178,0.08387,0.13588,0.13588,0.12365
mom-plain-top10-6m,tax-today,2008-11-01,2013-11-01,0.16199,-0.19967,0.54235,0.18313,0.18313,0.16685,0.22532,0.22532,0.20583
mom-plain-top10-6m,tax-today,2008-12-01,2013-12-01,0.16167,-0.20013,0.54477,0.19549,0.19549,0.17824,0.22922,0.22922,0.20945
mom-plain-top10-6m,tax-today,2009-01-01,2014-01-01,0.15354,-0.19917,0.51455,0.17089,0.17089,0.15561,0.20948,0.20948,0.19116
mom-plain-top10-6m,tax-today,2009-02-01,2014-02-01,0.16278,-0.20503,0.55623,0.17517,0.17517,0.15955,0.21381,0.21381,0.19516
mom-plain-top10-6m,tax-today,2009-03-01,2014-03-01,0.17594,-0.20850,0.61346,0.19168,0.19168,0.17472,0.22937,0.22937,0.20959
mom-plain-top10-6m,tax-today,2009-04-01,2014-04-01,0.14649,-0.20110,0.49155,0.18381,0.18381,0.16748,0.21371,0.21371,0.19506
mom-plain-top10-6m,tax-today,2009-05-01,2014-05-01,0.13960,-0.19414,0.45725,0.15333,0.15333,0.13955,0.20257,0.20257,0.18477
mom-plain-top10-6m,tax-today,2009-06-01,2014-06-01,0.11317,-0.19231,0.34882,0.11085,0.11085,0.10101,0.17730,0.17730,0.16150
mom-plain-top10-6m,tax-today,2009-07-01,2014-07-01,0.13909,-0.19769,0.47884,0.13287,0.13287,0.12092,0.19900,0.19900,0.18148
mom-plain-top10-6m,tax-today,2009-08-01,2014-08-01,0.11970,-0.20255,0.38038,0.11721,0.11721,0.10674,0.17436,0.17436,0.15880
mom-plain-top10-6m,tax-today,2009-09-01,2014-09-01,0.13022,-0.19532,0.44211,0.12994,0.12994,0.11827,0.19506,0.19506,0.17784
mom-plain-top10-6m,tax-today,2009-10-01,2014-10-01,0.11824,-0.19351,0.38626,0.10646,0.10646,0.09705,0.18264,0.18264,0.16640
mom-plain-top10-6m,tax-today,2009-11-01,2014-11-01,0.14686,-0.20031,0.52622,0.13380,0.13380,0.12177,0.20627,0.20627,0.18818
mom-plain-top10-6m,tax-today,2009-12-01,2014-12-01,0.11277,-0.18990,0.36320,0.12120,0.12120,0.11035,0.19070,0.19070,0.17382
mom-plain-top10-6m,tax-today,2010-01-01,2015-01-01,0.09117,-0.18821,0.25139,0.11054,0.11054,0.10072,0.18516,0.18516,0.16873
mom-plain-top10-6m,tax-today,2010-02-01,2015-02-01,0.11584,-0.19529,0.37963,0.13777,0.13777,0.12537,0.21229,0.21229,0.19376
mom-plain-top10-6m,tax-today,2010-03-01,2015-03-01,0.10777,-0.19308,0.34167,0.13907,0.13907,0.12655,0.21651,0.21651,0.19766
mom-plain-top10-6m,tax-today,2010-04-01,2015-04-01,0.09214,-0.18995,0.25710,0.11502,0.11502,0.10476,0.20785,0.20785,0.18964
mom-plain-top10-6m,tax-today,2010-05-01,2015-05-01,0.08824,-0.18710,0.23684,0.10475,0.10475,0.09551,0.19134,0.19134,0.17442
mom-plain-top10-6m,tax-today,2010-06-01,2015-06-01,0.11683,-0.20094,0.39146,0.12480,0.12480,0.11361,0.21869,0.21869,0.19968
mom-plain-top10-6m,tax-today,2010-07-01,2015-07-01,0.11170,-0.19774,0.36548,0.11287,0.11287,0.10283,0.21196,0.21196,0.19344
mom-plain-top10-6m,tax-today,2010-08-01,2015-08-01,0.11670,-0.19788,0.38731,0.11037,0.11037,0.10057,0.21020,0.21020,0.19182
mom-plain-top10-6m,tax-today,2010-09-01,2015-09-01,0.08257,-0.21602,0.20684,0.08597,0.08597,0.07867,0.17846,0.17846,0.16257
mom-plain-top10-6m,tax-today,2010-10-01,2015-10-01,0.06870,-0.21637,0.13370,0.06548,0.06548,0.06042,0.16966,0.16966,0.15448
mom-plain-top10-6m,tax-today,2010-11-01,2015-11-01,0.06932,-0.20529,0.13656,0.06942,0.06942,0.06392,0.15728,0.15728,0.14315
mom-plain-top10-6m,tax-today,2010-12-01,2015-12-01,0.06318,-0.18664,0.10352,0.07206,0.07206,0.06627,0.15550,0.15550,0.14153
mom-plain-top10-6m,tax-today,2011-01-01,2016-01-01,0.06216,-0.18475,0.09733,0.06603,0.06603,0.06091,0.16809,0.16809,0.15305
mom-plain-top10-6m,tax-today,2011-02-01,2016-02-01,0.06909,-0.15578,0.13501,0.08148,0.08148,0.07466,0.18223,0.18223,0.16602
mom-plain-top10-6m,tax-today,2011-03-01,2016-03-01,0.06335,-0.19935,0.10245,0.06761,0.06761,0.06231,0.16191,0.16191,0.14739
mom-plain-top10-6m,tax-today,2011-04-01,2016-04-01,0.06303,-0.19942,0.10113,0.07054,0.07054,0.06492,0.16433,0.16433,0.14961
mom-plain-top10-6m,tax-today,2011-05-01,2016-05-01,0.06940,-0.19947,0.13656,0.07708,0.07708,0.07074,0.16911,0.16911,0.15398
mom-plain-top10-6m,tax-today,2011-06-01,2016-06-01,0.08562,-0.19933,0.22823,0.09211,0.09211,0.08416,0.17998,0.17998,0.16396
mom-plain-top10-6m,tax-today,2011-07-01,2016-07-01,0.08992,-0.19934,0.25229,0.09468,0.09468,0.08647,0.18497,0.18497,0.16855
mom-plain-top10-6m,tax-today,2011-08-01,2016-08-01,0.11612,-0.19920,0.40069,0.10716,0.10716,0.09768,0.20794,0.20794,0.18974
mom-plain-top10-6m,tax-today,2011-09-01,2016-09-01,0.12286,-0.19931,0.43749,0.13264,0.13264,0.12071,0.23121,0.23121,0.21129
mom-plain-top10-6m,tax-today,2011-10-01,2016-10-01,0.12588,-0.19937,0.45409,0.13102,0.13102,0.11924,0.23364,0.23364,0.21355
mom-plain-top10-6m,tax-today,2011-11-01,2016-11-01,0.11742,-0.19925,0.40960,0.11765,0.11765,0.10714,0.22844,0.22844,0.20872
mom-plain-top10-6m,tax-today,2011-12-01,2016-12-01,0.11446,-0.19917,0.38807,0.12024,0.12024,0.10948,0.22328,0.22328,0.20394
mom-plain-top10-6m,tax-today,2012-01-01,2017-01-01,0.11521,-0.19933,0.38968,0.13479,0.13479,0.12266,0.23011,0.23011,0.21027
mom-plain-top10-6m,tax-today,2012-02-01,2017-02-01,0.13007,-0.19927,0.46555,0.12078,0.12078,0.10997,0.24977,0.24977,0.22856
mom-plain-top10-6m,tax-today,2012-03-01,2017-03-01,0.11344,-0.19939,0.37525,0.12244,0.12244,0.11148,0.24492,0.24492,0.22404
mom-plain-top10-6m,tax-today,2012-04-01,2017-04-01,0.11843,-0.19953,0.40269,0.13020,0.13020,0.11850,0.24610,0.24610,0.22514
mom-plain-top10-6m,tax-today,2012-05-01,2017-05-01,0.12278,-0.19715,0.42922,0.13543,0.13543,0.12325,0.25848,0.25848,0.23668
mom-plain-top10-6m,tax-today,2012-06-01,2017-06-01,0.14108,-0.19890,0.52563,0.16115,0.16115,0.14670,0.27090,0.27090,0.24828
mom-plain-top10-6m,tax-today,2012-07-01,2017-07-01,0.12044,-0.19717,0.41931,0.13879,0.13879,0.12631,0.25219,0.25219,0.23081
mom-plain-top10-6m,tax-today,2012-08-01,2017-08-01,0.14157,-0.19671,0.53701,0.15452,0.15452,0.14064,0.26897,0.26897,0.24647
mom-plain-top10-6m,tax-today,2012-09-01,2017-09-01,0.15027,-0.19860,0.57909,0.15048,0.15048,0.13695,0.27439,0.27439,0.25154
mom-plain-top10-6m,tax-today,2012-10-01,2017-10-01,0.13541,-0.19602,0.49906,0.12709,0.12709,0.11568,0.25032,0.25032,0.22907
mom-plain-top10-6m,tax-today,2012-11-01,2017-11-01,0.14752,-0.19327,0.56273,0.14469,0.14469,0.13167,0.26899,0.26899,0.24649
mom-plain-top10-6m,tax-today,2012-12-01,2017-12-01,0.12699,-0.18968,0.44988,0.12840,0.12840,0.11687,0.24480,0.24480,0.22393
mom-plain-top10-6m,tax-today,2013-01-01,2018-01-01,0.14217,-0.19173,0.53064,0.13251,0.13251,0.12060,0.25838,0.25838,0.23658
mom-plain-top10-6m,tax-today,2013-02-01,2018-02-01,0.14026,-0.19002,0.52253,0.14308,0.14308,0.13021,0.26468,0.26468,0.24246
mom-plain-top10-6m,tax-today,2013-03-01,2018-03-01,0.13863,-0.19062,0.51293,0.14232,0.14232,0.12951,0.26089,0.26089,0.23892
mom-plain-top10-6m,tax-today,2013-04-01,2018-04-01,0.12784,-0.18980,0.45500,0.13557,0.13557,0.12338,0.25600,0.25600,0.23436
mom-plain-top10-6m,tax-today,2013-05-01,2018-05-01,0.12864,-0.18956,0.45957,0.14039,0.14039,0.12776,0.26045,0.26045,0.23852
mom-plain-top10-6m,tax-today,2013-06-01,2018-06-01,0.12022,-0.18959,0.41366,0.13701,0.13701,0.12468,0.24607,0.24607,0.22511
mom-plain-top10-6m,tax-today,2013-07-01,2018-07-01,0.12417,-0.19084,0.43591,0.14080,0.14080,0.12813,0.24990,0.24990,0.22868
mom-plain-top10-6m,tax-today,2013-08-01,2018-08-01,0.13675,-0.19581,0.50425,0.16077,0.16077,0.14635,0.26292,0.26266,0.24082
mom-plain-top10-6m,tax-today,2013-09-01,2018-09-01,0.13790,-0.19583,0.51500,0.17846,0.17790,0.16256,0.29019,0.28860,0.26633
mom-plain-top10-6m,tax-today,2013-10-01,2018-10-01,0.11350,-0.19107,0.38462,0.15170,0.15170,0.13806,0.25045,0.25045,0.22919
mom-plain-top10-6m,tax-today,2013-11-01,2018-11-01,0.10132,-0.19083,0.31460,0.11865,0.11865,0.10804,0.21992,0.21992,0.20082
mom-plain-top10-6m,tax-today,2013-12-01,2018-12-01,0.11244,-0.19119,0.37462,0.13388,0.13388,0.12185,0.23611,0.23611,0.21585
mom-plain-top10-6m,tax-today,2014-01-01,2019-01-01,0.10539,-0.18919,0.33578,0.13007,0.13007,0.11839,0.22665,0.22665,0.20706
mom-plain-top10-6m,tax-today,2014-02-01,2019-02-01,0.11652,-0.19083,0.39561,0.13747,0.13747,0.12510,0.23796,0.23796,0.21756
mom-plain-top10-6m,tax-today,2014-03-01,2019-03-01,0.11189,-0.18837,0.37241,0.13018,0.13018,0.11848,0.22764,0.22764,0.20798
mom-plain-top10-6m,tax-today,2014-04-01,2019-04-01,0.14151,-0.19195,0.52912,0.13094,0.13055,0.11917,0.23479,0.23418,0.21462
mom-plain-top10-6m,tax-today,2014-05-01,2019-05-01,0.13029,-0.19006,0.47224,0.13329,0.13274,0.12131,0.23461,0.23348,0.21445
mom-plain-top10-6m,tax-today,2014-06-01,2019-06-01,0.12428,-0.18875,0.43845,0.11935,0.11855,0.10868,0.21977,0.21903,0.20068
mom-plain-top10-6m,tax-today,2014-07-01,2019-07-01,0.11403,-0.18923,0.38612,0.10598,0.10531,0.09661,0.19548,0.19488,0.17823
mom-plain-top10-6m,tax-today,2014-08-01,2019-08-01,0.10472,-0.19348,0.33087,0.08985,0.08985,0.08214,0.17443,0.17443,0.15886
mom-plain-top10-6m,tax-today,2014-09-01,2019-09-01,0.09850,-0.19188,0.29671,0.07909,0.07909,0.07253,0.15466,0.15466,0.14076
mom-plain-top10-6m,tax-today,2014-10-01,2019-10-01,0.11511,-0.19207,0.38762,0.08775,0.08775,0.08026,0.16178,0.16178,0.14727
mom-plain-top10-6m,tax-today,2014-11-01,2019-11-01,0.11809,-0.18821,0.40280,0.08786,0.08715,0.08036,0.15625,0.15613,0.14222
mom-plain-top10-6m,tax-today,2014-12-01,2019-12-01,0.10971,-0.18854,0.35738,0.08482,0.08385,0.07764,0.14858,0.14820,0.13522
mom-plain-top10-6m,tax-today,2015-01-01,2020-01-01,0.11869,-0.18768,0.40759,0.09410,0.09284,0.08594,0.15458,0.15373,0.14069
mom-plain-top10-6m,tax-today,2015-02-01,2020-02-01,0.11576,-0.19009,0.39172,0.07134,0.07114,0.06563,0.13652,0.13564,0.12424
mom-plain-top10-6m,tax-today,2015-03-01,2020-03-01,0.10105,-0.19309,0.31255,0.06049,0.06049,0.05601,0.13332,0.13260,0.12133
mom-plain-top10-6m,tax-today,2015-04-01,2020-04-01,0.03031,-0.39437,-0.04415,0.00513,0.00513,0.00513,0.07417,0.07417,0.06814
mom-plain-top10-6m,tax-today,2015-05-01,2020-05-01,0.07597,-0.39462,0.17677,0.05161,0.05161,0.04817,0.12195,0.12195,0.11103
mom-plain-top10-6m,tax-today,2015-06-01,2020-06-01,0.06352,-0.39450,0.12095,0.04456,0.04456,0.04195,0.10890,0.10890,0.09925
mom-plain-top10-6m,tax-today,2015-07-01,2020-07-01,0.08168,-0.39445,0.20387,0.05602,0.05602,0.05205,0.11517,0.11517,0.10490
mom-plain-top10-6m,tax-today,2015-08-01,2020-08-01,0.09323,-0.39449,0.25539,0.06667,0.06667,0.06148,0.11910,0.11818,0.10845
mom-plain-top10-6m,tax-today,2015-09-01,2020-09-01,0.10623,-0.39464,0.31466,0.09415,0.09397,0.08599,0.14390,0.14216,0.13095
mom-plain-top10-6m,tax-today,2015-10-01,2020-10-01,0.10352,-0.39452,0.30122,0.08855,0.08850,0.08097,0.13979,0.13762,0.12721
mom-plain-top10-6m,tax-today,2015-11-01,2020-11-01,0.09860,-0.39461,0.27852,0.08985,0.08934,0.08213,0.13774,0.13587,0.12535
mom-plain-top10-6m,tax-today,2015-12-01,2020-12-01,0.10908,-0.39463,0.32460,0.11915,0.11604,0.10849,0.15807,0.15486,0.14388
mom-plain-top10-6m,tax-today,2016-01-01,2021-01-01,0.12289,-0.39454,0.38505,0.13407,0.12958,0.12201,0.17356,0.16874,0.15806
mom-plain-top10-6m,tax-today,2016-02-01,2021-02-01,0.11927,-0.39454,0.36865,0.15030,0.14530,0.13678,0.18534,0.18061,0.16889
mom-plain-top10-6m,tax-today,2016-03-01,2021-03-01,0.13690,-0.39432,0.44527,0.16879,0.16300,0.15369,0.21366,0.20751,0.19502
mom-plain-top10-6m,tax-today,2016-04-01,2021-04-01,0.13992,-0.39454,0.45550,0.15484,0.14905,0.14093,0.21192,0.20483,0.19341
mom-plain-top10-6m,tax-today,2016-05-01,2021-05-01,0.14985,-0.39449,0.49527,0.14721,0.14177,0.13397,0.22144,0.21306,0.20223
mom-plain-top10-6m,tax-today,2016-06-01,2021-06-01,0.15352,-0.39432,0.51091,0.15209,0.14550,0.13842,0.22716,0.21791,0.20754
mom-plain-top10-6m,tax-today,2016-07-01,2021-07-01,0.15949,-0.39406,0.53702,0.14918,0.14247,0.13576,0.22948,0.21958,0.20969
mom-plain-top10-6m,tax-today,2016-08-01,2021-08-01,0.15222,-0.39392,0.50175,0.14201,0.13527,0.12923,0.21930,0.20877,0.20025
mom-plain-top10-6m,tax-today,2016-09-01,2021-09-01,0.14799,-0.39402,0.48655,0.15663,0.14844,0.14256,0.22392,0.21280,0.20453
mom-plain-top10-6m,tax-today,2016-10-01,2021-10-01,0.14993,-0.39350,0.49436,0.16709,0.15837,0.15213,0.22806,0.21664,0.20837
mom-plain-top10-6m,tax-today,2016-11-01,2021-11-01,0.16446,-0.39488,0.55210,0.17194,0.16281,0.15658,0.23496,0.22274,0.21478
mom-plain-top10-6m,tax-today,2016-12-01,2021-12-01,0.16150,-0.39529,0.54343,0.17392,0.16541,0.15839,0.24422,0.23222,0.22339
mom-plain-top10-6m,tax-today,2017-01-01,2022-01-01,0.17007,-0.39509,0.57550,0.17675,0.16803,0.16099,0.25612,0.24359,0.23448
mom-plain-top10-6m,tax-today,2017-02-01,2022-02-01,0.14402,-0.39505,0.46912,0.16503,0.15626,0.15025,0.21213,0.20066,0.19360
mom-plain-top10-6m,tax-today,2017-03-01,2022-03-01,0.13853,-0.39398,0.44243,0.14866,0.14075,0.13529,0.19967,0.18888,0.18209
mom-plain-top10-6m,tax-today,2017-04-01,2022-04-01,0.13948,-0.39434,0.44409,0.15423,0.14549,0.14037,0.20375,0.19213,0.18586
mom-plain-top10-6m,tax-today,2017-05-01,2022-05-01,0.11439,-0.39420,0.33998,0.14357,0.13545,0.13065,0.17957,0.16895,0.16358
mom-plain-top10-6m,tax-today,2017-06-01,2022-06-01,0.10073,-0.39519,0.28232,0.12885,0.12137,0.11728,0.16100,0.15184,0.14655
mom-plain-top10-6m,tax-today,2017-07-01,2022-07-01,0.07685,-0.39556,0.18212,0.11999,0.11334,0.10925,0.14102,0.13353,0.12833
mom-plain-top10-6m,tax-today,2017-08-01,2022-08-01,0.08140,-0.39628,0.20159,0.12777,0.11954,0.11630,0.15103,0.14158,0.13745
mom-plain-top10-6m,tax-today,2017-09-01,2022-09-01,0.08055,-0.39677,0.19824,0.13377,0.12527,0.12174,0.15532,0.14495,0.14137
mom-plain-top10-6m,tax-today,2017-10-01,2022-10-01,0.08906,-0.39699,0.23304,0.13204,0.12394,0.12017,0.15366,0.14353,0.13985
mom-plain-top10-6m,tax-today,2017-11-01,2022-11-01,0.08247,-0.39686,0.20630,0.13102,0.12205,0.11924,0.15299,0.14208,0.13924
mom-plain-top10-6m,tax-today,2017-12-01,2022-12-01,0.09753,-0.39670,0.26909,0.14628,0.13661,0.13312,0.16101,0.15003,0.14657
mom-plain-top10-6m,tax-today,2018-01-01,2023-01-01,0.08207,-0.39852,0.20425,0.13060,0.12168,0.11887,0.13565,0.12560,0.12345
mom-plain-top10-6m,tax-today,2018-02-01,2023-02-01,0.07159,-0.38417,0.15873,0.11224,0.10393,0.10225,0.12006,0.11116,0.10932
mom-plain-top10-6m,tax-today,2018-03-01,2023-03-01,0.09049,-0.39363,0.23948,0.12158,0.11257,0.11070,0.13079,0.12109,0.11903
mom-plain-top10-6m,tax-today,2018-04-01,2023-04-01,0.09624,-0.39062,0.26293,0.12753,0.11807,0.11608,0.13400,0.12407,0.12195
mom-plain-top10-6m,tax-today,2018-05-01,2023-05-01,0.09418,-0.39438,0.25501,0.12307,0.11394,0.11204,0.12873,0.11919,0.11717
mom-plain-top10-6m,tax-today,2018-06-01,2023-06-01,0.09768,-0.39124,0.27041,0.12930,0.11972,0.11769,0.14893,0.13796,0.13554
mom-plain-top10-6m,tax-today,2018-07-01,2023-07-01,0.09946,-0.39041,0.27782,0.13722,0.12706,0.12487,0.15801,0.14641,0.14382
mom-plain-top10-6m,tax-today,2018-08-01,2023-08-01,0.09920,-0.38457,0.27754,0.13027,0.12061,0.11856,0.15718,0.14564,0.14306
mom-plain-top10-6m,tax-today,2018-09-01,2023-09-01,0.08837,-0.38730,0.23075,0.12049,0.11155,0.10970,0.14800,0.13709,0.13469
mom-plain-top10-6m,tax-today,2018-10-01,2023-10-01,0.09714,-0.39137,0.26754,0.13610,0.12603,0.12386,0.17581,0.16305,0.16013
mom-plain-top10-6m,tax-today,2018-11-01,2023-11-01,0.11253,-0.38746,0.33394,0.14179,0.13132,0.12904,0.18193,0.16878,0.16575
mom-plain-top10-6m,tax-today,2018-12-01,2023-12-01,0.12517,-0.38808,0.38637,0.14615,0.13537,0.13300,0.20341,0.18895,0.18555
mom-plain-top10-6m,tax-today,2019-01-01,2024-01-01,0.14671,-0.38579,0.47656,0.16150,0.14968,0.14702,0.22122,0.20571,0.20202
mom-plain-top10-6m,tax-today,2019-02-01,2024-02-01,0.13625,-0.38275,0.43523,0.16137,0.14955,0.14690,0.22469,0.20899,0.20524
mom-plain-top10-6m,tax-today,2019-03-01,2024-03-01,0.15759,-0.37893,0.52343,0.16870,0.15640,0.15361,0.24141,0.22478,0.22078
mom-plain-top10-6m,tax-today,2019-04-01,2024-04-01,0.15598,-0.38143,0.51118,0.15319,0.14192,0.13942,0.23600,0.21967,0.21574
mom-plain-top10-6m,tax-today,2019-05-01,2024-05-01,0.14830,-0.38367,0.48043,0.15309,0.14184,0.13934,0.24122,0.22460,0.22060
mom-plain-top10-6m,tax-today,2019-06-01,2024-06-01,0.14954,-0.37920,0.48649,0.14946,0.13845,0.13601,0.25655,0.23911,0.23488
mom-plain-top10-6m,tax-today,2019-07-01,2024-07-01,0.16511,-0.37682,0.54235,0.16648,0.15432,0.15157,0.26814,0.25011,0.24570
mom-plain-top10-6m,tax-today,2019-08-01,2024-08-01,0.18937,-0.37377,0.64023,0.19261,0.17558,0.17558,0.30115,0.27662,0.27662
mom-plain-top10-6m,tax-today,2019-09-01,2024-09-01,0.21564,-0.37099,0.73806,0.19386,0.17674,0.17674,0.30252,0.27791,0.27791
mom-plain-top10-6m,tax-today,2019-10-01,2024-10-01,0.19665,-0.37076,0.66954,0.19193,0.17496,0.17496,0.29592,0.27172,0.27172
mom-plain-top10-6m,tax-today,2019-11-01,2024-11-01,0.17386,-0.36800,0.57940,0.16694,0.15200,0.15200,0.26574,0.24346,0.24346
mom-plain-top10-6m,tax-today,2019-12-01,2024-12-01,0.16164,-0.36875,0.53017,0.16218,0.14763,0.14763,0.25859,0.23678,0.23678
mom-plain-top10-6m,tax-today,2020-01-01,2025-01-01,0.15414,-0.36464,0.50166,0.15598,0.14197,0.14197,0.24390,0.22309,0.22309
mom-plain-top10-6m,tax-today,2020-02-01,2025-02-01,0.13509,-0.34885,0.42484,0.16380,0.14912,0.14912,0.21662,0.19777,0.19777
mom-plain-top10-6m,tax-today,2020-03-01,2025-03-01,0.11779,-0.32204,0.35296,0.15961,0.14529,0.14529,0.19321,0.17614,0.17614
mom-plain-top10-6m,tax-today,2020-04-01,2025-04-01,0.19090,-0.34043,0.70161,0.24335,0.22258,0.22258,0.26293,0.24083,0.24083
mom-plain-top10-6m,tax-today,2020-05-01,2025-05-01,0.16286,-0.34088,0.58835,0.21179,0.19329,0.19329,0.23579,0.21554,0.21554
mom-plain-top10-6m,tax-today,2020-06-01,2025-06-01,0.16395,-0.34121,0.59278,0.21702,0.19813,0.19813,0.24924,0.22807,0.22807
mom-plain-top10-6m,tax-today,2020-07-01,2025-07-01,0.17319,-0.34053,0.63483,0.21071,0.19229,0.19229,0.25087,0.22958,0.22958
mom-plain-top10-6m,tax-today,2020-08-01,2025-08-01,0.14929,-0.34030,0.52544,0.18700,0.17042,0.17042,0.21755,0.19862,0.19862
mom-plain-top20-1m,cost,2008-02-01,2013-02-01,0.05538,-0.52023,0.10239,0.03592,0.03592,0.03438,0.02342,0.02342,0.02342
mom-plain-top20-1m,cost,2008-03-01,2013-03-01,0.06307,-0.45826,0.12921,0.02970,0.02970,0.02895,0.02703,0.02703,0.02662
mom-plain-top20-1m,cost,2008-04-01,2013-04-01,0.07733,-0.45831,0.18525,0.04945,0.04945,0.04626,0.07055,0.07055,0.06492
mom-plain-top20-1m,cost,2008-05-01,2013-05-01,0.06920,-0.45689,0.15145,0.03953,0.03953,0.03755,0.05392,0.05392,0.05020
mom-plain-top20-1m,cost,2008-06-01,2013-06-01,0.09415,-0.40480,0.25276,0.05429,0.05429,0.05052,0.07512,0.07512,0.06899
mom-plain-top20-1m,cost,2008-07-01,2013-07-01,0.13784,-0.34315,0.42766,0.09942,0.09942,0.09072,0.14111,0.14111,0.12841
mom-plain-top20-1m,cost,2008-08-01,2013-08-01,0.12038,-0.34137,0.36133,0.06611,0.06611,0.06098,0.09740,0.09740,0.08891
mom-plain-top20-1m,cost,2008-09-01,2013-09-01,0.11359,-0.34211,0.33287,0.05936,0.05936,0.05500,0.09064,0.09064,0.08284
mom-plain-top20-1m,cost,2008-10-01,2013-10-01,0.13434,-0.29125,0.41794,0.09178,0.09178,0.08387,0.13588,0.13588,0.12365
mom-plain-top20-1m,cost,2008-11-01,2013-11-01,0.19965,-0.15499,0.70040,0.18313,0.18313,0.16685,0.22532,0.22532,0.20583
mom-plain-top20-1m,cost,2008-12-01,2013-12-01,0.21325,-0.15487,0.76584,0.19549,0.19549,0.17824,0.22922,0.22922,0.20945
mom-plain-top20-1m,cost,2009-01-01,2014-01-01,0.20246,-0.15497,0.72966,0.17089,0.17089,0.15561,0.20948,0.20948,0.19116
mom-plain-top20-1m,cost,2009-02-01,2014-02-01,0.20750,-0.15490,0.75267,0.17517,0.17517,0.15955,0.21381,0.21381,0.19516
mom-plain-top20-1m,cost,2009-03-01,2014-03-01,0.21885,-0.15446,0.80116,0.19168,0.19168,0.17472,0.22937,0.22937,0.20959
mom-plain-top20-1m,cost,2009-04-01,2014-04-01,0.19548,-0.15473,0.70954,0.18381,0.18381,0.16748,0.21371,0.21371,0.19506
mom-plain-top20-1m,cost,2009-05-01,2014-05-01,0.17064,-0.15480,0.60537,0.15333,0.15333,0.13955,0.20257,0.20257,0.18477
mom-plain-top20-1m,cost,2009-06-01,2014-06-01,0.14815,-0.15537,0.53047,0.11085,0.11085,0.10101,0.17730,0.17730,0.16150
mom-plain-top20-1m,cost,2009-07-01,2014-07-01,0.17093,-0.15599,0.65339,0.13287,0.13287,0.12092,0.19900,0.19900,0.18148
mom-plain-top20-1m,cost,2009-08-01,2014-08-01,0.14383,-0.15634,0.53046,0.11721,0.11721,0.10674,0.17436,0.17436,0.15880
mom-plain-top20-1m,cost,2009-09-01,2014-09-01,0.15898,-0.15416,0.62099,0.12994,0.12994,0.11827,0.19506,0.19506,0.17784
mom-plain-top20-1m,cost,2009-10-01,2014-10-01,0.12224,-0.15233,0.42652,0.10646,0.10646,0.09705,0.18264,0.18264,0.16640
mom-plain-top20-1m,cost,2009-11-01,2014-11-01,0.16108,-0.15106,0.64146,0.13380,0.13380,0.12177,0.20627,0.20627,0.18818
mom-plain-top20-1m,cost,2009-12-01,2014-12-01,0.13539,-0.14935,0.51246,0.12120,0.12120,0.11035,0.19070,0.19070,0.17382
mom-plain-top20-1m,cost,2010-01-01,2015-01-01,0.12075,-0.15033,0.43022,0.11054,0.11054,0.10072,0.18516,0.18516,0.16873
mom-plain-top20-1m,cost,2010-02-01,2015-02-01,0.14932,-0.15218,0.59171,0.13777,0.13777,0.12537,0.21229,0.21229,0.19376
mom-plain-top20-1m,cost,2010-03-01,2015-03-01,0.13507,-0.15215,0.51507,0.13907,0.13907,0.12655,0.21651,0.21651,0.19766
mom-plain-top20-1m,cost,2010-04-01,2015-04-01,0.12381,-0.15290,0.44769,0.11502,0.11502,0.10476,0.20785,0.20785,0.18964
mom-plain-top20-1m,cost,2010-05-01,2015-05-01,0.11560,-0.15147,0.40032,0.10475,0.10475,0.09551,0.19134,0.19134,0.17442
mom-plain-top20-1m,cost,2010-06-01,2015-06-01,0.13918,-0.15183,0.54048,0.12480,0.12480,0.11361,0.21869,0.21869,0.19968
mom-plain-top20-1m,cost,2010-07-01,2015-07-01,0.13206,-0.15299,0.49966,0.11287,0.11287,0.10283,0.21196,0.21196,0.19344
mom-plain-top20-1m,cost,2010-08-01,2015-08-01,0.13137,-0.15174,0.49451,0.11037,0.11037,0.10057,0.21020,0.21020,0.19182
mom-plain-top20-1m,cost,2010-09-01,2015-09-01,0.10312,-0.15153,0.32912,0.08597,0.08597,0.07867,0.17846,0.17846,0.16257
mom-plain-top20-1m,cost,2010-10-01,2015-10-01,0.08637,-0.15151,0.23295,0.06548,0.06548,0.06042,0.16966,0.16966,0.15448
mom-plain-top20-1m,cost,2010-11-01,2015-11-01,0.08649,-0.15219,0.23445,0.06942,0.06942,0.06392,0.15728,0.15728,0.14315
mom-plain-top20-1m,cost,2010-12-01,2015-12-01,0.08523,-0.13893,0.22861,0.07206,0.07206,0.06627,0.15550,0.15550,0.14153
mom-plain-top20-1m,cost,2011-01-01,2016-01-01,0.08493,-0.13855,0.22636,0.06603,0.06603,0.06091,0.16809,0.16809,0.15305
mom-plain-top20-1m,cost,2011-02-01,2016-02-01,0.09704,-0.15161,0.29867,0.08148,0.08148,0.07466,0.18223,0.18223,0.16602
mom-plain-top20-1m,cost,2011-03-01,2016-03-01,0.08012,-0.19704,0.19850,0.06761,0.06761,0.06231,0.16191,0.16191,0.14739
mom-plain-top20-1m,cost,2011-04-01,2016-04-01,0.08524,-0.19688,0.22998,0.07054,0.07054,0.06492,0.16433,0.16433,0.14961
mom-plain-top20-1m,cost,2011-05-01,2016-05-01,0.09239,-0.19717,0.27212,0.07708,0.07708,0.07074,0.16911,0.16911,0.15398
mom-plain-top20-1m,cost,2011-06-01,2016-06-01,0.10271,-0.19715,0.33415,0.09211,0.09211,0.08416,0.17998,0.17998,0.16396
mom-plain-top20-1m,cost,2011-07-01,2016-07-01,0.10921,-0.19659,0.37311,0.09468,0.09468,0.08647,0.18497,0.18497,0.16855
mom-plain-top20-1m,cost,2011-08-01,2016-08-01,0.12203,-0.19695,0.44974,0.10716,0.10716,0.09768,0.20794,0.20794,0.18974
mom-plain-top20-1m,cost,2011-09-01,2016-09-01,0.13622,-0.19635,0.53241,0.13264,0.13264,0.12071,0.23121,0.23121,0.21129
mom-plain-top20-1m,cost,2011-10-01,2016-10-01,0.13602,-0.19656,0.52988,0.13102,0.13102,0.11924,0.23364,0.23364,0.21355
mom-plain-top20-1m,cost,2011-11-01,2016-11-01,0.12662,-0.19630,0.47830,0.11765,0.11765,0.10714,0.22844,0.22844,0.20872
mom-plain-top20-1m,cost,2011-12-01,2016-12-01,0.12197,-0.19565,0.44590,0.12024,0.12024,0.10948,0.22328,0.22328,0.20394
mom-plain-top20-1m,cost,2012-01-01,2017-01-01,0.12633,-0.19582,0.46983,0.13479,0.13479,0.12266,0.23011,0.23011,0.21027
mom-plain-top20-1m,cost,2012-02-01,2017-02-01,0.13963,-0.19583,0.54618,0.12078,0.12078,0.10997,0.24977,0.24977,0.22856
mom-plain-top20-1m,cost,2012-03-01,2017-03-01,0.13018,-0.19544,0.49343,0.12244,0.12244,0.11148,0.24492,0.24492,0.22404
mom-plain-top20-1m,cost,2012-04-01,2017-04-01,0.13150,-0.19598,0.50138,0.13020,0.13020,0.11850,0.24610,0.24610,0.22514
mom-plain-top20-1m,cost,2012-05-01,2017-05-01,0.14093,-0.19609,0.55632,0.13543,0.13543,0.12325,0.25848,0.25848,0.23668
mom-plain-top20-1m,cost,2012-06-01,2017-06-01,0.15711,-0.19592,0.64960,0.16115,0.16115,0.14670,0.27090,0.27090,0.24828
mom-plain-top20-1m,cost,2012-07-01,2017-07-01,0.13685,-0.19552,0.53676,0.13879,0.13879,0.12631,0.25219,0.25219,0.23081
mom-plain-top20-1m,cost,2012-08-01,2017-08-01,0.15592,-0.19609,0.64754,0.15452,0.15452,0.14064,0.26897,0.26897,0.24647
mom-plain-top20-1m,cost,2012-09-01,2017-09-01,0.15431,-0.19627,0.63504,0.15048,0.15048,0.13695,0.27439,0.27439,0.25154
mom-plain-top20-1m,cost,2012-10-01,2017-10-01,0.13482,-0.19642,0.52295,0.12709,0.12709,0.11568,0.25032,0.25032,0.22907
mom-plain-top20-1m,cost,2012-11-01,2017-11-01,0.14965,-0.19672,0.60744,0.14469,0.14469,0.13167,0.26899,0.26899,0.24649
mom-plain-top20-1m,cost,2012-12-01,2017-12-01,0.12759,-0.19668,0.47871,0.12840,0.12840,0.11687,0.24480,0.24480,0.22393
mom-plain-top20-1m,cost,2013-01-01,2018-01-01,0.13591,-0.19664,0.52626,0.13251,0.13251,0.12060,0.25838,0.25838,0.23658
mom-plain-top20-1m,cost,2013-02-01,2018-02-01,0.14009,-0.19776,0.55113,0.14308,0.14308,0.13021,0.26468,0.26468,0.24246
mom-plain-top20-1m,cost,2013-03-01,2018-03-01,0.13730,-0.19706,0.53469,0.14232,0.14232,0.12951,0.26089,0.26089,0.23892
mom-plain-top20-1m,cost,2013-04-01,2018-04-01,0.13074,-0.19821,0.49499,0.13557,0.13557,0.12338,0.25600,0.25600,0.23436
mom-plain-top20-1m,cost,2013-05-01,2018-05-01,0.13916,-0.19707,0.54490,0.14039,0.14039,0.12776,0.26045,0.26045,0.23852
mom-plain-top20-1m,cost,2013-06-01,2018-06-01,0.14123,-0.19720,0.55768,0.13701,0.13701,0.12468,0.24607,0.24607,0.22511
mom-plain-top20-1m,cost,2013-07-01,2018-07-01,0.14165,-0.19702,0.56303,0.14080,0.14080,0.12813,0.24990,0.24990,0.22868
mom-plain-top20-1m,cost,2013-08-01,2018-08-01,0.15563,-0.19910,0.64391,0.16077,0.16077,0.14635,0.26292,0.26266,0.24082
mom-plain-top20-1m,cost,2013-09-01,2018-09-01,0.16586,-0.19974,0.71080,0.17846,0.17790,0.16256,0.29019,0.28860,0.26633
mom-plain-top20-1m,cost,2013-10-01,2018-10-01,0.14418,-0.19986,0.59349,0.15170,0.15170,0.13806,0.25045,0.25045,0.22919
mom-plain-top20-1m,cost,2013-11-01,2018-11-01,0.11962,-0.19935,0.44245,0.11865,0.11865,0.10804,0.21992,0.21992,0.20082
mom-plain-top20-1m,cost,2013-12-01,2018-12-01,0.13180,-0.19994,0.51518,0.13388,0.13388,0.12185,0.23611,0.23611,0.21585
mom-plain-top20-1m,cost,2014-01-01,2019-01-01,0.12684,-0.20014,0.48516,0.13007,0.13007,0.11839,0.22665,0.22665,0.20706
mom-plain-top20-1m,cost,2014-02-01,2019-02-01,0.14613,-0.20120,0.59809,0.13747,0.13747,0.12510,0.23796,0.23796,0.21756
mom-plain-top20-1m,cost,2014-03-01,2019-03-01,0.14079,-0.20202,0.56673,0.13018,0.13018,0.11848,0.22764,0.22764,0.20798
mom-plain-top20-1m,cost,2014-04-01,2019-04-01,0.13705,-0.20327,0.54813,0.13094,0.13055,0.11917,0.23479,0.23418,0.21462
mom-plain-top20-1m,cost,2014-05-01,2019-05-01,0.13835,-0.20253,0.55633,0.13329,0.13274,0.12131,0.23461,0.23348,0.21445
mom-plain-top20-1m,cost,2014-06-01,2019-06-01,0.12513,-0.20171,0.47736,0.11935,0.11855,0.10868,0.21977,0.21903,0.20068
mom-plain-top20-1m,cost,2014-07-01,2019-07-01,0.11635,-0.20143,0.42790,0.10598,0.10531,0.09661,0.19548,0.19488,0.17823
mom-plain-top20-1m,cost,2014-08-01,2019-08-01,0.10033,-0.20251,0.32954,0.08985,0.08985,0.08214,0.17443,0.17443,0.15886
mom-plain-top20-1m,cost,2014-09-01,2019-09-01,0.08479,-0.20399,0.23138,0.07909,0.07909,0.07253,0.15466,0.15466,0.14076
mom-plain-top20-1m,cost,2014-10-01,2019-10-01,0.10906,-0.20523,0.38328,0.08775,0.08775,0.08026,0.16178,0.16178,0.14727
mom-plain-top20-1m,cost,2014-11-01,2019-11-01,0.09914,-0.20549,0.32108,0.08786,0.08715,0.08036,0.15625,0.15613,0.14222
mom-plain-top20-1m,cost,2014-12-01,2019-12-01,0.09259,-0.20541,0.28006,0.08482,0.08385,0.07764,0.14858,0.14820,0.13522
mom-plain-top20-1m,cost,2015-01-01,2020-01-01,0.09942,-0.20495,0.32464,0.09410,0.09284,0.08594,0.15458,0.15373,0.14069
mom-plain-top20-1m,cost,2015-02-01,2020-02-01,0.08607,-0.20711,0.23958,0.07134,0.07114,0.06563,0.13652,0.13564,0.12424
mom-plain-top20-1m,cost,2015-03-01,2020-03-01,0.07125,-0.20917,0.14416,0.06049,0.06049,0.05601,0.13332,0.13260,0.12133
mom-plain-top20-1m,cost,2015-04-01,2020-04-01,0.01843,-0.37186,-0.14150,0.00513,0.00513,0.00513,0.07417,0.07417,0.06814
mom-plain-top20-1m,cost,2015-05-01,2020-05-01,0.06313,-0.37226,0.10738,0.05161,0.05161,0.04817,0.12195,0.12195,0.11103
mom-plain-top20-1m,cost,2015-06-01,2020-06-01,0.06074,-0.37192,0.09584,0.04456,0.04456,0.04195,0.10890,0.10890,0.09925
mom-plain-top20-1m,cost,2015-07-01,2020-07-01,0.06475,-0.37163,0.11654,0.05602,0.05602,0.05205,0.11517,0.11517,0.10490
mom-plain-top20-1m,cost,2015-08-01,2020-08-01,0.07624,-0.37207,0.17599,0.06667,0.06667,0.06148,0.11910,0.11818,0.10845
mom-plain-top20-1m,cost,2015-09-01,2020-09-01,0.09425,-0.37200,0.26991,0.09415,0.09397,0.08599,0.14390,0.14216,0.13095
mom-plain-top20-1m,cost,2015-10-01,2020-10-01,0.09219,-0.37252,0.25799,0.08855,0.08850,0.08097,0.13979,0.13762,0.12721
mom-plain-top20-1m,cost,2015-11-01,2020-11-01,0.08889,-0.37268,0.24017,0.08985,0.08934,0.08213,0.13774,0.13587,0.12535
mom-plain-top20-1m,cost,2015-12-01,2020-12-01,0.11497,-0.37319,0.37090,0.11915,0.11604,0.10849,0.15807,0.15486,0.14388
mom-plain-top20-1m,cost,2016-01-01,2021-01-01,0.12957,-0.37316,0.44208,0.13407,0.12958,0.12201,0.17356,0.16874,0.15806
mom-plain-top20-1m,cost,2016-02-01,2021-02-01,0.14016,-0.37305,0.49136,0.15030,0.14530,0.13678,0.18534,0.18061,0.16889
mom-plain-top20-1m,cost,2016-03-01,2021-03-01,0.16551,-0.37278,0.61208,0.16879,0.16300,0.15369,0.21366,0.20751,0.19502
mom-plain-top20-1m,cost,2016-04-01,2021-04-01,0.15756,-0.37226,0.57132,0.15484,0.14905,0.14093,0.21192,0.20483,0.19341
mom-plain-top20-1m,cost,2016-05-01,2021-05-01,0.15583,-0.37266,0.55822,0.14721,0.14177,0.13397,0.22144,0.21306,0.20223
mom-plain-top20-1m,cost,2016-06-01,2021-06-01,0.16455,-0.37182,0.59897,0.15209,0.14550,0.13842,0.22716,0.21791,0.20754
mom-plain-top20-1m,cost,2016-07-01,2021-07-01,0.16163,-0.37161,0.58564,0.14918,0.14247,0.13576,0.22948,0.21958,0.20969
mom-plain-top20-1m,cost,2016-08-01,2021-08-01,0.16083,-0.37115,0.58025,0.14201,0.13527,0.12923,0.21930,0.20877,0.20025
mom-plain-top20-1m,cost,2016-09-01,2021-09-01,0.16332,-0.37128,0.59329,0.15663,0.14844,0.14256,0.22392,0.21280,0.20453
mom-plain-top20-1m,cost,2016-10-01,2021-10-01,0.16374,-0.37221,0.59556,0.16709,0.15837,0.15213,0.22806,0.21664,0.20837
mom-plain-top20-1m,cost,2016-11-01,2021-11-01,0.17848,-0.37148,0.65959,0.17194,0.16281,0.15658,0.23496,0.22274,0.21478
mom-plain-top20-1m,cost,2016-12-01,2021-12-01,0.17909,-0.37082,0.66726,0.17392,0.16541,0.15839,0.24422,0.23222,0.22339
mom-plain-top20-1m,cost,2017-01-01,2022-01-01,0.19002,-0.37098,0.71351,0.17675,0.16803,0.16099,0.25612,0.24359,0.23448
mom-plain-top20-1m,cost,2017-02-01,2022-02-01,0.16991,-0.37003,0.62099,0.16503,0.15626,0.15025,0.21213,0.20066,0.19360
mom-plain-top20-1m,cost,2017-03-01,2022-03-01,0.16547,-0.37050,0.59234,0.14866,0.14075,0.13529,0.19967,0.18888,0.18209
mom-plain-top20-1m,cost,2017-04-01,2022-04-01,0.16873,-0.37061,0.60516,0.15423,0.14549,0.14037,0.20375,0.19213,0.18586
mom-plain-top20-1m,cost,2017-05-01,2022-05-01,0.15119,-0.37037,0.52406,0.14357,0.13545,0.13065,0.17957,0.16895,0.16358
mom-plain-top20-1m,cost,2017-06-01,2022-06-01,0.13447,-0.37069,0.44608,0.12885,0.12137,0.11728,0.16100,0.15184,0.14655
mom-plain-top20-1m,cost,2017-07-01,2022-07-01,0.12300,-0.37092,0.39152,0.11999,0.11334,0.10925,0.14102,0.13353,0.12833
mom-plain-top20-1m,cost,2017-08-01,2022-08-01,0.12904,-0.37215,0.41885,0.12777,0.11954,0.11630,0.15103,0.14158,0.13745
mom-plain-top20-1m,cost,2017-09-01,2022-09-01,0.13321,-0.37235,0.43816,0.13377,0.12527,0.12174,0.15532,0.14495,0.14137
mom-plain-top20-1m,cost,2017-10-01,2022-10-01,0.13385,-0.37328,0.43913,0.13204,0.12394,0.12017,0.15366,0.14353,0.13985
mom-plain-top20-1m,cost,2017-11-01,2022-11-01,0.13163,-0.37391,0.42993,0.13102,0.12205,0.11924,0.15299,0.14208,0.13924
mom-plain-top20-1m,cost,2017-12-01,2022-12-01,0.14127,-0.37438,0.47359,0.14628,0.13661,0.13312,0.16101,0.15003,0.14657
mom-plain-top20-1m,cost,2018-01-01,2023-01-01,0.12782,-0.37494,0.41212,0.13060,0.12168,0.11887,0.13565,0.12560,0.12345
mom-plain-top20-1m,cost,2018-02-01,2023-02-01,0.10877,-0.37451,0.32611,0.11224,0.10393,0.10225,0.12006,0.11116,0.10932
mom-plain-top20-1m,cost,2018-03-01,2023-03-01,0.11515,-0.37542,0.35519,0.12158,0.11257,0.11070,0.13079,0.12109,0.11903
mom-plain-top20-1m,cost,2018-04-01,2023-04-01,0.11878,-0.37424,0.37097,0.12753,0.11807,0.11608,0.13400,0.12407,0.12195
mom-plain-top20-1m,cost,2018-05-01,2023-05-01,0.11936,-0.37327,0.37480,0.12307,0.11394,0.11204,0.12873,0.11919,0.11717
mom-plain-top20-1m,cost,2018-06-01,2023-06-01,0.12513,-0.37071,0.40277,0.12930,0.11972,0.11769,0.14893,0.13796,0.13554
mom-plain-top20-1m,cost,2018-07-01,2023-07-01,0.13460,-0.36859,0.44559,0.13722,0.12706,0.12487,0.15801,0.14641,0.14382
mom-plain-top20-1m,cost,2018-08-01,2023-08-01,0.12394,-0.36758,0.39911,0.13027,0.12061,0.11856,0.15718,0.14564,0.14306
mom-plain-top20-1m,cost,2018-09-01,2023-09-01,0.12130,-0.36952,0.38568,0.12049,0.11155,0.10970,0.14800,0.13709,0.13469
mom-plain-top20-1m,cost,2018-10-01,2023-10-01,0.13811,-0.37304,0.46015,0.13610,0.12603,0.12386,0.17581,0.16305,0.16013
mom-plain-top20-1m,cost,2018-11-01,2023-11-01,0.14162,-0.36967,0.48008,0.14179,0.13132,0.12904,0.18193,0.16878,0.16575
mom-plain-top20-1m,cost,2018-12-01,2023-12-01,0.15518,-0.36823,0.54045,0.14615,0.13537,0.13300,0.20341,0.18895,0.18555
mom-plain-top20-1m,cost,2019-01-01,2024-01-01,0.17178,-0.36609,0.61640,0.16150,0.14968,0.14702,0.22122,0.20571,0.20202
mom-plain-top20-1m,cost,2019-02-01,2024-02-01,0.17390,-0.36874,0.62403,0.16137,0.14955,0.14690,0.22469,0.20899,0.20524
mom-plain-top20-1m,cost,2019-03-01,2024-03-01,0.18770,-0.36694,0.68450,0.16870,0.15640,0.15361,0.24141,0.22478,0.22078
mom-plain-top20-1m,cost,2019-04-01,2024-04-01,0.17665,-0.36473,0.63474,0.15319,0.14192,0.13942,0.23600,0.21967,0.21574
mom-plain-top20-1m,cost,2019-05-01,2024-05-01,0.17849,-0.36301,0.64220,0.15309,0.14184,0.13934,0.24122,0.22460,0.22060
mom-plain-top20-1m,cost,2019-06-01,2024-06-01,0.17586,-0.35946,0.63185,0.14946,0.13845,0.13601,0.25655,0.23911,0.23488
mom-plain-top20-1m,cost,2019-07-01,2024-07-01,0.19059,-0.35668,0.68224,0.16648,0.15432,0.15157,0.26814,0.25011,0.24570
mom-plain-top20-1m,cost,2019-08-01,2024-08-01,0.22523,-0.35937,0.82604,0.19261,0.17558,0.17558,0.30115,0.27662,0.27662
mom-plain-top20-1m,cost,2019-09-01,2024-09-01,0.23412,-0.35994,0.85747,0.19386,0.17674,0.17674,0.30252,0.27791,0.27791
mom-plain-top20-1m,cost,2019-10-01,2024-10-01,0.22004,-0.35672,0.80749,0.19193,0.17496,0.17496,0.29592,0.27172,0.27172
mom-plain-top20-1m,cost,2019-11-01,2024-11-01,0.19418,-0.35748,0.69682,0.16694,0.15200,0.15200,0.26574,0.24346,0.24346
mom-plain-top20-1m,cost,2019-12-01,2024-12-01,0.19028,-0.35777,0.67827,0.16218,0.14763,0.14763,0.25859,0.23678,0.23678
mom-plain-top20-1m,cost,2020-01-01,2025-01-01,0.18614,-0.35642,0.66128,0.15598,0.14197,0.14197,0.24390,0.22309,0.22309
mom-plain-top20-1m,cost,2020-02-01,2025-02-01,0.17507,-0.36145,0.61073,0.16380,0.14912,0.14912,0.21662,0.19777,0.19777
mom-plain-top20-1m,cost,2020-03-01,2025-03-01,0.17338,-0.31236,0.60504,0.15961,0.14529,0.14529,0.19321,0.17614,0.17614
mom-plain-top20-1m,cost,2020-04-01,2025-04-01,0.25502,-0.22910,1.03991,0.24335,0.22258,0.22258,0.26293,0.24083,0.24083
mom-plain-top20-1m,cost,2020-05-01,2025-05-01,0.22801,-0.22927,0.93716,0.21179,0.19329,0.19329,0.23579,0.21554,0.21554
mom-plain-top20-1m,cost,2020-06-01,2025-06-01,0.21939,-0.22914,0.89632,0.21702,0.19813,0.19813,0.24924,0.22807,0.22807
mom-plain-top20-1m,cost,2020-07-01,2025-07-01,0.22426,-0.22941,0.92301,0.21071,0.19229,0.19229,0.25087,0.22958,0.22958
mom-plain-top20-1m,cost,2020-08-01,2025-08-01,0.19766,-0.22912,0.79282,0.18700,0.17042,0.17042,0.21755,0.19862,0.19862
mom-plain-top20-1m,tax-dated,2008-02-01,2013-02-01,0.05538,-0.52023,0.10239,0.03592,0.03592,0.03438,0.02342,0.02342,0.02342
mom-plain-top20-1m,tax-dated,2008-03-01,2013-03-01,0.06307,-0.45826,0.12921,0.02970,0.02970,0.02895,0.02703,0.02703,0.02662
mom-plain-top20-1m,tax-dated,2008-04-01,2013-04-01,0.07733,-0.45831,0.18525,0.04945,0.04945,0.04626,0.07055,0.07055,0.06492
mom-plain-top20-1m,tax-dated,2008-05-01,2013-05-01,0.06920,-0.45689,0.15145,0.03953,0.03953,0.03755,0.05392,0.05392,0.05020
mom-plain-top20-1m,tax-dated,2008-06-01,2013-06-01,0.09415,-0.40480,0.25276,0.05429,0.05429,0.05052,0.07512,0.07512,0.06899
mom-plain-top20-1m,tax-dated,2008-07-01,2013-07-01,0.13752,-0.34315,0.42643,0.09942,0.09942,0.09072,0.14111,0.14111,0.12841
mom-plain-top20-1m,tax-dated,2008-08-01,2013-08-01,0.12038,-0.34137,0.36133,0.06611,0.06611,0.06098,0.09740,0.09740,0.08891
mom-plain-top20-1m,tax-dated,2008-09-01,2013-09-01,0.11359,-0.34211,0.33287,0.05936,0.05936,0.05500,0.09064,0.09064,0.08284
mom-plain-top20-1m,tax-dated,2008-10-01,2013-10-01,0.13375,-0.29125,0.41559,0.09178,0.09178,0.08387,0.13588,0.13588,0.12365
mom-plain-top20-1m,tax-dated,2008-11-01,2013-11-01,0.19457,-0.15646,0.67921,0.18313,0.18313,0.16685,0.22532,0.22532,0.20583
mom-plain-top20-1m,tax-dated,2008-12-01,2013-12-01,0.20654,-0.15693,0.73683,0.19549,0.19549,0.17824,0.22922,0.22922,0.20945
mom-plain-top20-1m,tax-dated,2009-01-01,2014-01-01,0.19714,-0.15645,0.70658,0.17089,0.17089,0.15561,0.20948,0.20948,0.19116
mom-plain-top20-1m,tax-dated,2009-02-01,2014-02-01,0.20075,-0.15729,0.72240,0.17517,0.17517,0.15955,0.21381,0.21381,0.19516
mom-plain-top20-1m,tax-dated,2009-03-01,2014-03-01,0.21172,-0.15720,0.76896,0.19168,0.19168,0.17472,0.22937,0.22937,0.20959
mom-plain-top20-1m,tax-dated,2009-04-01,2014-04-01,0.18939,-0.15918,0.68230,0.18381,0.18381,0.16748,0.21371,0.21371,0.19506
mom-plain-top20-1m,tax-dated,2009-05-01,2014-05-01,0.16675,-0.15942,0.58792,0.15333,0.15333,0.13955,0.20257,0.20257,0.18477
mom-plain-top20-1m,tax-dated,2009-06-01,2014-06-01,0.14777,-0.15715,0.52862,0.11085,0.11085,0.10101,0.17730,0.17730,0.16150
mom-plain-top20-1m,tax-dated,2009-07-01,2014-07-01,0.16843,-0.15930,0.64117,0.13287,0.13287,0.12092,0.19900,0.19900,0.18148
mom-plain-top20-1m,tax-dated,2009-08-01,2014-08-01,0.14383,-0.15634,0.53046,0.11721,0.11721,0.10674,0.17436,0.17436,0.15880
mom-plain-top20-1m,tax-dated,2009-09-01,2014-09-01,0.15632,-0.15678,0.60750,0.12994,0.12994,0.11827,0.19506,0.19506,0.17784
mom-plain-top20-1m,tax-dated,2009-10-01,2014-10-01,0.12224,-0.15233,0.42652,0.10646,0.10646,0.09705,0.18264,0.18264,0.16640
mom-plain-top20-1m,tax-dated,2009-11-01,2014-11-01,0.15664,-0.15794,0.61783,0.13380,0.13380,0.12177,0.20627,0.20627,0.18818
mom-plain-top20-1m,tax-dated,2009-12-01,2014-12-01,0.13217,-0.14935,0.49416,0.12120,0.12120,0.11035,0.19070,0.19070,0.17382
mom-plain-top20-1m,tax-dated,2010-01-01,2015-01-01,0.11986,-0.15033,0.42514,0.11054,0.11054,0.10072,0.18516,0.18516,0.16873
mom-plain-top20-1m,tax-dated,2010-02-01,2015-02-01,0.14521,-0.15351,0.56771,0.13777,0.13777,0.12537,0.21229,0.21229,0.19376
mom-plain-top20-1m,tax-dated,2010-03-01,2015-03-01,0.13351,-0.15215,0.50666,0.13907,0.13907,0.12655,0.21651,0.21651,0.19766
mom-plain-top20-1m,tax-dated,2010-04-01,2015-04-01,0.12381,-0.15290,0.44769,0.11502,0.11502,0.10476,0.20785,0.20785,0.18964
mom-plain-top20-1m,tax-dated,2010-05-01,2015-05-01,0.11560,-0.15147,0.40032,0.10475,0.10475,0.09551,0.19134,0.19134,0.17442
mom-plain-top20-1m,tax-dated,2010-06-01,2015-06-01,0.13827,-0.15598,0.53519,0.12480,0.12480,0.11361,0.21869,0.21869,0.19968
mom-plain-top20-1m,tax-dated,2010-07-01,2015-07-01,0.13139,-0.15521,0.49588,0.11287,0.11287,0.10283,0.21196,0.21196,0.19344
mom-plain-top20-1m,tax-dated,2010-08-01,2015-08-01,0.13077,-0.15286,0.49113,0.11037,0.11037,0.10057,0.21020,0.21020,0.19182
mom-plain-top20-1m,tax-dated,2010-09-01,2015-09-01,0.10312,-0.15153,0.32912,0.08597,0.08597,0.07867,0.17846,0.17846,0.16257
mom-plain-top20-1m,tax-dated,2010-10-01,2015-10-01,0.08637,-0.15151,0.23295,0.06548,0.06548,0.06042,0.16966,0.16966,0.15448
mom-plain-top20-1m,tax-dated,2010-11-01,2015-11-01,0.08649,-0.15219,0.23445,0.06942,0.06942,0.06392,0.15728,0.15728,0.14315
mom-plain-top20-1m,tax-dated,2010-12-01,2015-12-01,0.08523,-0.13893,0.22861,0.07206,0.07206,0.06627,0.15550,0.15550,0.14153
mom-plain-top20-1m,tax-dated,2011-01-01,2016-01-01,0.08493,-0.13855,0.22636,0.06603,0.06603,0.06091,0.16809,0.16809,0.15305
mom-plain-top20-1m,tax-dated,2011-02-01,2016-02-01,0.09704,-0.15161,0.29867,0.08148,0.08148,0.07466,0.18223,0.18223,0.16602
mom-plain-top20-1m,tax-dated,2011-03-01,2016-03-01,0.08012,-0.19704,0.19850,0.06761,0.06761,0.06231,0.16191,0.16191,0.14739
mom-plain-top20-1m,tax-dated,2011-04-01,2016-04-01,0.08524,-0.19688,0.22998,0.07054,0.07054,0.06492,0.16433,0.16433,0.14961
mom-plain-top20-1m,tax-dated,2011-05-01,2016-05-01,0.09239,-0.19717,0.27212,0.07708,0.07708,0.07074,0.16911,0.16911,0.15398
mom-plain-top20-1m,tax-dated,2011-06-01,2016-06-01,0.10271,-0.19715,0.33415,0.09211,0.09211,0.08416,0.17998,0.17998,0.16396
mom-plain-top20-1m,tax-dated,2011-07-01,2016-07-01,0.10921,-0.19659,0.37311,0.09468,0.09468,0.08647,0.18497,0.18497,0.16855
mom-plain-top20-1m,tax-dated,2011-08-01,2016-08-01,0.12203,-0.19695,0.44974,0.10716,0.10716,0.09768,0.20794,0.20794,0.18974
mom-plain-top20-1m,tax-dated,2011-09-01,2016-09-01,0.13622,-0.19635,0.53241,0.13264,0.13264,0.12071,0.23121,0.23121,0.21129
mom-plain-top20-1m,tax-dated,2011-10-01,2016-10-01,0.13602,-0.19656,0.52988,0.13102,0.13102,0.11924,0.23364,0.23364,0.21355
mom-plain-top20-1m,tax-dated,2011-11-01,2016-11-01,0.12662,-0.19630,0.47830,0.11765,0.11765,0.10714,0.22844,0.22844,0.20872
mom-plain-top20-1m,tax-dated,2011-12-01,2016-12-01,0.12197,-0.19565,0.44590,0.12024,0.12024,0.10948,0.22328,0.22328,0.20394
mom-plain-top20-1m,tax-dated,2012-01-01,2017-01-01,0.12634,-0.19596,0.46984,0.13479,0.13479,0.12266,0.23011,0.23011,0.21027
mom-plain-top20-1m,tax-dated,2012-02-01,2017-02-01,0.13838,-0.19583,0.53946,0.12078,0.12078,0.10997,0.24977,0.24977,0.22856
mom-plain-top20-1m,tax-dated,2012-03-01,2017-03-01,0.12968,-0.19544,0.49060,0.12244,0.12244,0.11148,0.24492,0.24492,0.22404
mom-plain-top20-1m,tax-dated,2012-04-01,2017-04-01,0.13150,-0.19598,0.50138,0.13020,0.13020,0.11850,0.24610,0.24610,0.22514
mom-plain-top20-1m,tax-dated,2012-05-01,2017-05-01,0.14093,-0.19609,0.55632,0.13543,0.13543,0.12325,0.25848,0.25848,0.23668
mom-plain-top20-1m,tax-dated,2012-06-01,2017-06-01,0.15577,-0.19589,0.64191,0.16115,0.16115,0.14670,0.27090,0.27090,0.24828
mom-plain-top20-1m,tax-dated,2012-07-01,2017-07-01,0.13685,-0.19552,0.53676,0.13879,0.13879,0.12631,0.25219,0.25219,0.23081
mom-plain-top20-1m,tax-dated,2012-08-01,2017-08-01,0.15520,-0.19609,0.64354,0.15452,0.15452,0.14064,0.26897,0.26897,0.24647
mom-plain-top20-1m,tax-dated,2012-09-01,2017-09-01,0.15419,-0.19627,0.63437,0.15048,0.15048,0.13695,0.27439,0.27439,0.25154
mom-plain-top20-1m,tax-dated,2012-10-01,2017-10-01,0.13482,-0.19642,0.52295,0.12709,0.12709,0.11568,0.25032,0.25032,0.22907
mom-plain-top20-1m,tax-dated,2012-11-01,2017-11-01,0.14872,-0.19672,0.60225,0.14469,0.14469,0.13167,0.26899,0.26899,0.24649
mom-plain-top20-1m,tax-dated,2012-12-01,2017-12-01,0.12759,-0.19668,0.47871,0.12840,0.12840,0.11687,0.24480,0.24480,0.22393
mom-plain-top20-1m,tax-dated,2013-01-01,2018-01-01,0.13591,-0.19664,0.52626,0.13251,0.13251,0.12060,0.25838,0.25838,0.23658
mom-plain-top20-1m,tax-dated,2013-02-01,2018-02-01,0.14009,-0.19776,0.55113,0.14308,0.14308,0.13021,0.26468,0.26468,0.24246
mom-plain-top20-1m,tax-dated,2013-03-01,2018-03-01,0.13730,-0.19706,0.53469,0.14232,0.14232,0.12951,0.26089,0.26089,0.23892
mom-plain-top20-1m,tax-dated,2013-04-01,2018-04-01,0.13074,-0.19821,0.49499,0.13557,0.13557,0.12338,0.25600,0.25600,0.23436
mom-plain-top20-1m,tax-dated,2013-05-01,2018-05-01,0.13916,-0.19707,0.54490,0.14039,0.14039,0.12776,0.26045,0.26045,0.23852
mom-plain-top20-1m,tax-dated,2013-06-01,2018-06-01,0.14088,-0.19847,0.55575,0.13701,0.13701,0.12468,0.24607,0.24607,0.22511
mom-plain-top20-1m,tax-dated,2013-07-01,2018-07-01,0.14119,-0.19869,0.56039,0.14080,0.14080,0.12813,0.24990,0.24990,0.22868
mom-plain-top20-1m,tax-dated,2013-08-01,2018-08-01,0.15371,-0.20521,0.63303,0.16077,0.16077,0.14635,0.26292,0.26266,0.24082
mom-plain-top20-1m,tax-dated,2013-09-01,2018-09-01,0.16254,-0.20831,0.69152,0.17846,0.17790,0.16256,0.29019,0.28860,0.26633
mom-plain-top20-1m,tax-dated,2013-10-01,2018-10-01,0.14271,-0.20560,0.58493,0.15170,0.15170,0.13806,0.25045,0.25045,0.22919
mom-plain-top20-1m,tax-dated,2013-11-01,2018-11-01,0.11962,-0.19935,0.44245,0.11865,0.11865,0.10804,0.21992,0.21992,0.20082
mom-plain-top20-1m,tax-dated,2013-12-01,2018-12-01,0.13129,-0.20169,0.51220,0.13388,0.13388,0.12185,0.23611,0.23611,0.21585
mom-plain-top20-1m,tax-dated,2014-01-01,2019-01-01,0.12683,-0.20019,0.48511,0.13007,0.13007,0.11839,0.22665,0.22665,0.20706
mom-plain-top20-1m,tax-dated,2014-02-01,2019-02-01,0.14485,-0.20485,0.59060,0.13747,0.13747,0.12510,0.23796,0.23796,0.21756
mom-plain-top20-1m,tax-dated,2014-03-01,2019-03-01,0.14017,-0.20392,0.56307,0.13018,0.13018,0.11848,0.22764,0.22764,0.20798
mom-plain-top20-1m,tax-dated,2014-04-01,2019-04-01,0.13619,-0.20327,0.54307,0.13094,0.13055,0.11917,0.23479,0.23418,0.21462
mom-plain-top20-1m,tax-dated,2014-05-01,2019-05-01,0.13722,-0.20253,0.54950,0.13329,0.13274,0.12131,0.23461,0.23348,0.21445
mom-plain-top20-1m,tax-dated,2014-06-01,2019-06-01,0.12428,-0.20171,0.47223,0.11935,0.11855,0.10868,0.21977,0.21903,0.20068
mom-plain-top20-1m,tax-dated,2014-07-01,2019-07-01,0.11600,-0.20143,0.42579,0.10598,0.10531,0.09661,0.19548,0.19488,0.17823
mom-plain-top20-1m,tax-dated,2014-08-01,2019-08-01,0.10033,-0.20251,0.32954,0.08985,0.08985,0.08214,0.17443,0.17443,0.15886
mom-plain-top20-1m,tax-dated,2014-09-01,2019-09-01,0.08479,-0.20399,0.23138,0.07909,0.07909,0.07253,0.15466,0.15466,0.14076
mom-plain-top20-1m,tax-dated,2014-10-01,2019-10-01,0.10885,-0.20523,0.38194,0.08775,0.08775,0.08026,0.16178,0.16178,0.14727
mom-plain-top20-1m,tax-dated,2014-11-01,2019-11-01,0.09899,-0.20549,0.32011,0.08786,0.08715,0.08036,0.15625,0.15613,0.14222
mom-plain-top20-1m,tax-dated,2014-12-01,2019-12-01,0.09259,-0.20541,0.28006,0.08482,0.08385,0.07764,0.14858,0.14820,0.13522
mom-plain-top20-1m,tax-dated,2015-01-01,2020-01-01,0.09904,-0.20495,0.32221,0.09410,0.09284,0.08594,0.15458,0.15373,0.14069
mom-plain-top20-1m,tax-dated,2015-02-01,2020-02-01,0.08607,-0.20711,0.23958,0.07134,0.07114,0.06563,0.13652,0.13564,0.12424
mom-plain-top20-1m,tax-dated,2015-03-01,2020-03-01,0.07125,-0.20917,0.14416,0.06049,0.06049,0.05601,0.13332,0.13260,0.12133
mom-plain-top20-1m,tax-dated,2015-04-01,2020-04-01,0.01843,-0.37186,-0.14150,0.00513,0.00513,0.00513,0.07417,0.07417,0.06814
mom-plain-top20-1m,tax-dated,2015-05-01,2020-05-01,0.06313,-0.37226,0.10738,0.05161,0.05161,0.04817,0.12195,0.12195,0.11103
mom-plain-top20-1m,tax-dated,2015-06-01,2020-06-01,0.06074,-0.37192,0.09584,0.04456,0.04456,0.04195,0.10890,0.10890,0.09925
mom-plain-top20-1m,tax-dated,2015-07-01,2020-07-01,0.06475,-0.37163,0.11654,0.05602,0.05602,0.05205,0.11517,0.11517,0.10490
mom-plain-top20-1m,tax-dated,2015-08-01,2020-08-01,0.07542,-0.37207,0.17173,0.06667,0.06667,0.06148,0.11910,0.11818,0.10845
mom-plain-top20-1m,tax-dated,2015-09-01,2020-09-01,0.09238,-0.37200,0.26023,0.09415,0.09397,0.08599,0.14390,0.14216,0.13095
mom-plain-top20-1m,tax-dated,2015-10-01,2020-10-01,0.08879,-0.37252,0.24049,0.08855,0.08850,0.08097,0.13979,0.13762,0.12721
mom-plain-top20-1m,tax-dated,2015-11-01,2020-11-01,0.08611,-0.37268,0.22584,0.08985,0.08934,0.08213,0.13774,0.13587,0.12535
mom-plain-top20-1m,tax-dated,2015-12-01,2020-12-01,0.10894,-0.37319,0.34076,0.11915,0.11604,0.10849,0.15807,0.15486,0.14388
mom-plain-top20-1m,tax-dated,2016-01-01,2021-01-01,0.12288,-0.37316,0.40877,0.13407,0.12958,0.12201,0.17356,0.16874,0.15806
mom-plain-top20-1m,tax-dated,2016-02-01,2021-02-01,0.13244,-0.37305,0.45486,0.15030,0.14530,0.13678,0.18534,0.18061,0.16889
mom-plain-top20-1m,tax-dated,2016-03-01,2021-03-01,0.15548,-0.37296,0.56454,0.16879,0.16300,0.15369,0.21366,0.20751,0.19502
mom-plain-top20-1m,tax-dated,2016-04-01,2021-04-01,0.14790,-0.37253,0.52608,0.15484,0.14905,0.14093,0.21192,0.20483,0.19341
mom-plain-top20-1m,tax-dated,2016-05-01,2021-05-01,0.14677,-0.37247,0.51429,0.14721,0.14177,0.13397,0.22144,0.21306,0.20223
mom-plain-top20-1m,tax-dated,2016-06-01,2021-06-01,0.15428,-0.37182,0.54969,0.15209,0.14550,0.13842,0.22716,0.21791,0.20754
mom-plain-top20-1m,tax-dated,2016-07-01,2021-07-01,0.15125,-0.37161,0.53553,0.14918,0.14247,0.13576,0.22948,0.21958,0.20969
mom-plain-top20-1m,tax-dated,2016-08-01,2021-08-01,0.14903,-0.37115,0.52300,0.14201,0.13527,0.12923,0.21930,0.20877,0.20025
mom-plain-top20-1m,tax-dated,2016-09-01,2021-09-01,0.15117,-0.37128,0.53421,0.15663,0.14844,0.14256,0.22392,0.21280,0.20453
mom-plain-top20-1m,tax-dated,2016-10-01,2021-10-01,0.15429,-0.37221,0.54985,0.16709,0.15837,0.15213,0.22806,0.21664,0.20837
mom-plain-top20-1m,tax-dated,2016-11-01,2021-11-01,0.16799,-0.37148,0.61189,0.17194,0.16281,0.15658,0.23496,0.22274,0.21478
mom-plain-top20-1m,tax-dated,2016-12-01,2021-12-01,0.16963,-0.37133,0.62327,0.17392,0.16541,0.15839,0.24422,0.23222,0.22339
mom-plain-top20-1m,tax-dated,2017-01-01,2022-01-01,0.18032,-0.37116,0.66927,0.17675,0.16803,0.16099,0.25612,0.24359,0.23448
mom-plain-top20-1m,tax-dated,2017-02-01,2022-02-01,0.16194,-0.37003,0.58474,0.16503,0.15626,0.15025,0.21213,0.20066,0.19360
mom-plain-top20-1m,tax-dated,2017-03-01,2022-03-01,0.15869,-0.37050,0.56232,0.14866,0.14075,0.13529,0.19967,0.18888,0.18209
mom-plain-top20-1m,tax-dated,2017-04-01,2022-04-01,0.15774,-0.37061,0.55483,0.15423,0.14549,0.14037,0.20375,0.19213,0.18586
mom-plain-top20-1m,tax-dated,2017-05-01,2022-05-01,0.14181,-0.37037,0.48091,0.14357,0.13545,0.13065,0.17957,0.16895,0.16358
mom-plain-top20-1m,tax-dated,2017-06-01,2022-06-01,0.12902,-0.37069,0.42121,0.12885,0.12137,0.11728,0.16100,0.15184,0.14655
mom-plain-top20-1m,tax-dated,2017-07-01,2022-07-01,0.11826,-0.37092,0.36986,0.11999,0.11334,0.10925,0.14102,0.13353,0.12833
mom-plain-top20-1m,tax-dated,2017-08-01,2022-08-01,0.12201,-0.37215,0.38720,0.12777,0.11954,0.11630,0.15103,0.14158,0.13745
mom-plain-top20-1m,tax-dated,2017-09-01,2022-09-01,0.12529,-0.37235,0.40213,0.13377,0.12527,0.12174,0.15532,0.14495,0.14137
mom-plain-top20-1m,tax-dated,2017-10-01,2022-10-01,0.12641,-0.37328,0.40578,0.13204,0.12394,0.12017,0.15366,0.14353,0.13985
mom-plain-top20-1m,tax-dated,2017-11-01,2022-11-01,0.12272,-0.37391,0.38978,0.13102,0.12205,0.11924,0.15299,0.14208,0.13924
mom-plain-top20-1m,tax-dated,2017-12-01,2022-12-01,0.13263,-0.37438,0.43476,0.14628,0.13661,0.13312,0.16101,0.15003,0.14657
mom-plain-top20-1m,tax-dated,2018-01-01,2023-01-01,0.12024,-0.37494,0.37780,0.13060,0.12168,0.11887,0.13565,0.12560,0.12345
mom-plain-top20-1m,tax-dated,2018-02-01,2023-02-01,0.10189,-0.37451,0.29451,0.11224,0.10393,0.10225,0.12006,0.11116,0.10932
mom-plain-top20-1m,tax-dated,2018-03-01,2023-03-01,0.10850,-0.37542,0.32489,0.12158,0.11257,0.11070,0.13079,0.12109,0.11903
mom-plain-top20-1m,tax-dated,2018-04-01,2023-04-01,0.11264,-0.37424,0.34307,0.12753,0.11807,0.11608,0.13400,0.12407,0.12195
mom-plain-top20-1m,tax-dated,2018-05-01,2023-05-01,0.10883,-0.37327,0.32680,0.12307,0.11394,0.11204,0.12873,0.11919,0.11717
mom-plain-top20-1m,tax-dated,2018-06-01,2023-06-01,0.11499,-0.37071,0.35637,0.12930,0.11972,0.11769,0.14893,0.13796,0.13554
mom-plain-top20-1m,tax-dated,2018-07-01,2023-07-01,0.12371,-0.36859,0.39632,0.13722,0.12706,0.12487,0.15801,0.14641,0.14382
mom-plain-top20-1m,tax-dated,2018-08-01,2023-08-01,0.11480,-0.36758,0.35697,0.13027,0.12061,0.11856,0.15718,0.14564,0.14306
mom-plain-top20-1m,tax-dated,2018-09-01,2023-09-01,0.11277,-0.36952,0.34651,0.12049,0.11155,0.10970,0.14800,0.13709,0.13469
mom-plain-top20-1m,tax-dated,2018-10-01,2023-10-01,0.12817,-0.37304,0.41531,0.13610,0.12603,0.12386,0.17581,0.16305,0.16013
mom-plain-top20-1m,tax-dated,2018-11-01,2023-11-01,0.13147,-0.36967,0.43359,0.14179,0.13132,0.12904,0.18193,0.16878,0.16575
mom-plain-top20-1m,tax-dated,2018-12-01,2023-12-01,0.14340,-0.36823,0.48711,0.14615,0.13537,0.13300,0.20341,0.18895,0.18555
mom-plain-top20-1m,tax-dated,2019-01-01,2024-01-01,0.15789,-0.36609,0.55349,0.16150,0.14968,0.14702,0.22122,0.20571,0.20202
mom-plain-top20-1m,tax-dated,2019-02-01,2024-02-01,0.16033,-0.36874,0.56281,0.16137,0.14955,0.14690,0.22469,0.20899,0.20524
mom-plain-top20-1m,tax-dated,2019-03-01,2024-03-01,0.17289,-0.36694,0.61942,0.16870,0.15640,0.15361,0.24141,0.22478,0.22078
mom-plain-top20-1m,tax-dated,2019-04-01,2024-04-01,0.16016,-0.36473,0.56030,0.15319,0.14192,0.13942,0.23600,0.21967,0.21574
mom-plain-top20-1m,tax-dated,2019-05-01,2024-05-01,0.16246,-0.36301,0.57083,0.15309,0.14184,0.13934,0.24122,0.22460,0.22060
mom-plain-top20-1m,tax-dated,2019-06-01,2024-06-01,0.16030,-0.35946,0.56235,0.14946,0.13845,0.13601,0.25655,0.23911,0.23488
mom-plain-top20-1m,tax-dated,2019-07-01,2024-07-01,0.17403,-0.35668,0.61034,0.16648,0.15432,0.15157,0.26814,0.25011,0.24570
mom-plain-top20-1m,tax-dated,2019-08-01,2024-08-01,0.20201,-0.35937,0.72676,0.19261,0.17558,0.17558,0.30115,0.27662,0.27662
mom-plain-top20-1m,tax-dated,2019-09-01,2024-09-01,0.21056,-0.35994,0.75822,0.19386,0.17674,0.17674,0.30252,0.27791,0.27791
mom-plain-top20-1m,tax-dated,2019-10-01,2024-10-01,0.19907,-0.35672,0.71645,0.19193,0.17496,0.17496,0.29592,0.27172,0.27172
mom-plain-top20-1m,tax-dated,2019-11-01,2024-11-01,0.17934,-0.35748,0.63300,0.16694,0.15200,0.15200,0.26574,0.24346,0.24346
mom-plain-top20-1m,tax-dated,2019-12-01,2024-12-01,0.17607,-0.35777,0.61741,0.16218,0.14763,0.14763,0.25859,0.23678,0.23678
mom-plain-top20-1m,tax-dated,2020-01-01,2025-01-01,0.17393,-0.35642,0.60889,0.15598,0.14197,0.14197,0.24390,0.22309,0.22309
mom-plain-top20-1m,tax-dated,2020-02-01,2025-02-01,0.16443,-0.36145,0.56504,0.16380,0.14912,0.14912,0.21662,0.19777,0.19777
mom-plain-top20-1m,tax-dated,2020-03-01,2025-03-01,0.16356,-0.31236,0.56265,0.15961,0.14529,0.14529,0.19321,0.17614,0.17614
mom-plain-top20-1m,tax-dated,2020-04-01,2025-04-01,0.23073,-0.24624,0.92309,0.24335,0.22258,0.22258,0.26293,0.24083,0.24083
mom-plain-top20-1m,tax-dated,2020-05-01,2025-05-01,0.20652,-0.24438,0.82951,0.21179,0.19329,0.19329,0.23579,0.21554,0.21554
mom-plain-top20-1m,tax-dated,2020-06-01,2025-06-01,0.19905,-0.24263,0.79385,0.21702,0.19813,0.19813,0.24924,0.22807,0.22807
mom-plain-top20-1m,tax-dated,2020-07-01,2025-07-01,0.20177,-0.24286,0.80942,0.21071,0.19229,0.19229,0.25087,0.22958,0.22958
mom-plain-top20-1m,tax-dated,2020-08-01,2025-08-01,0.17930,-0.23893,0.69885,0.18700,0.17042,0.17042,0.21755,0.19862,0.19862
mom-plain-top20-1m,tax-today,2008-02-01,2013-02-01,0.04786,-0.52070,0.07281,0.03592,0.03592,0.03438,0.02342,0.02342,0.02342
mom-plain-top20-1m,tax-today,2008-03-01,2013-03-01,0.05674,-0.45839,0.10367,0.02970,0.02970,0.02895,0.02703,0.02703,0.02662
mom-plain-top20-1m,tax-today,2008-04-01,2013-04-01,0.07050,-0.45831,0.15736,0.04945,0.04945,0.04626,0.07055,0.07055,0.06492
mom-plain-top20-1m,tax-today,2008-05-01,2013-05-01,0.06158,-0.45689,0.11994,0.03953,0.03953,0.03755,0.05392,0.05392,0.05020
mom-plain-top20-1m,tax-today,2008-06-01,2013-06-01,0.08643,-0.40480,0.22150,0.05429,0.05429,0.05052,0.07512,0.07512,0.06899
mom-plain-top20-1m,tax-today,2008-07-01,2013-07-01,0.12873,-0.34315,0.39166,0.09942,0.09942,0.09072,0.14111,0.14111,0.12841
mom-plain-top20-1m,tax-today,2008-08-01,2013-08-01,0.11231,-0.34137,0.32840,0.06611,0.06611,0.06098,0.09740,0.09740,0.08891
mom-plain-top20-1m,tax-today,2008-09-01,2013-09-01,0.10665,-0.34211,0.30468,0.05936,0.05936,0.05500,0.09064,0.09064,0.08284
mom-plain-top20-1m,tax-today,2008-10-01,2013-10-01,0.12567,-0.29125,0.38293,0.09178,0.09178,0.08387,0.13588,0.13588,0.12365
mom-plain-top20-1m,tax-today,2008-11-01,2013-11-01,0.18078,-0.16561,0.62069,0.18313,0.18313,0.16685,0.22532,0.22532,0.20583
mom-plain-top20-1m,tax-today,2008-12-01,2013-12-01,0.19246,-0.16838,0.67606,0.19549,0.19549,0.17824,0.22922,0.22922,0.20945
mom-plain-top20-1m,tax-today,2009-01-01,2014-01-01,0.18255,-0.16647,0.64233,0.17089,0.17089,0.15561,0.20948,0.20948,0.19116
mom-plain-top20-1m,tax-today,2009-02-01,2014-02-01,0.18605,-0.16765,0.65688,0.17517,0.17517,0.15955,0.21381,0.21381,0.19516
mom-plain-top20-1m,tax-today,2009-03-01,2014-03-01,0.19644,-0.16674,0.70126,0.19168,0.19168,0.17472,0.22937,0.22937,0.20959
mom-plain-top20-1m,tax-today,2009-04-01,2014-04-01,0.17735,-0.16690,0.62789,0.18381,0.18381,0.16748,0.21371,0.21371,0.19506
mom-plain-top20-1m,tax-today,2009-05-01,2014-05-01,0.15638,-0.16523,0.54072,0.15333,0.15333,0.13955,0.20257,0.20257,0.18477
mom-plain-top20-1m,tax-today,2009-06-01,2014-06-01,0.13638,-0.16190,0.47225,0.11085,0.11085,0.10101,0.17730,0.17730,0.16150
mom-plain-top20-1m,tax-today,2009-07-01,2014-07-01,0.15693,-0.16464,0.58355,0.13287,0.13287,0.12092,0.19900,0.19900,0.18148
mom-plain-top20-1m,tax-today,2009-08-01,2014-08-01,0.13377,-0.16017,0.47700,0.11721,0.11721,0.10674,0.17436,0.17436,0.15880
mom-plain-top20-1m,tax-today,2009-09-01,2014-09-01,0.14539,-0.16183,0.54925,0.12994,0.12994,0.11827,0.19506,0.19506,0.17784
mom-plain-top20-1m,tax-today,2009-10-01,2014-10-01,0.11226,-0.15629,0.37133,0.10646,0.10646,0.09705,0.18264,0.18264,0.16640
mom-plain-top20-1m,tax-today,2009-11-01,2014-11-01,0.14489,-0.16480,0.55369,0.13380,0.13380,0.12177,0.20627,0.20627,0.18818
mom-plain-top20-1m,tax-today,2009-12-01,2014-12-01,0.12246,-0.15323,0.43795,0.12120,0.12120,0.11035,0.19070,0.19070,0.17382
mom-plain-top20-1m,tax-today,2010-01-01,2015-01-01,0.10993,-0.15266,0.36773,0.11054,0.11054,0.10072,0.18516,0.18516,0.16873
mom-plain-top20-1m,tax-today,2010-02-01,2015-02-01,0.13529,-0.15856,0.50878,0.13777,0.13777,0.12537,0.21229,0.21229,0.19376
mom-plain-top20-1m,tax-today,2010-03-01,2015-03-01,0.12448,-0.15411,0.45529,0.13907,0.13907,0.12655,0.21651,0.21651,0.19766
mom-plain-top20-1m,tax-today,2010-04-01,2015-04-01,0.10894,-0.15455,0.36192,0.11502,0.11502,0.10476,0.20785,0.20785,0.18964
mom-plain-top20-1m,tax-today,2010-05-01,2015-05-01,0.10330,-0.15240,0.32970,0.10475,0.10475,0.09551,0.19134,0.19134,0.17442
mom-plain-top20-1m,tax-today,2010-06-01,2015-06-01,0.12390,-0.16082,0.45178,0.12480,0.12480,0.11361,0.21869,0.21869,0.19968
mom-plain-top20-1m,tax-today,2010-07-01,2015-07-01,0.11755,-0.15873,0.41594,0.11287,0.11287,0.10283,0.21196,0.21196,0.19344
mom-plain-top20-1m,tax-today,2010-08-01,2015-08-01,0.11572,-0.15579,0.40415,0.11037,0.11037,0.10057,0.21020,0.21020,0.19182
mom-plain-top20-1m,tax-today,2010-09-01,2015-09-01,0.09346,-0.15153,0.27334,0.08597,0.08597,0.07867,0.17846,0.17846,0.16257
mom-plain-top20-1m,tax-today,2010-10-01,2015-10-01,0.07905,-0.15151,0.19047,0.06548,0.06548,0.06042,0.16966,0.16966,0.15448
mom-plain-top20-1m,tax-today,2010-11-01,2015-11-01,0.07943,-0.15219,0.19310,0.06942,0.06942,0.06392,0.15728,0.15728,0.14315
mom-plain-top20-1m,tax-today,2010-12-01,2015-12-01,0.07839,-0.14620,0.18812,0.07206,0.07206,0.06627,0.15550,0.15550,0.14153
mom-plain-top20-1m,tax-today,2011-01-01,2016-01-01,0.07806,-0.14465,0.18573,0.06603,0.06603,0.06091,0.16809,0.16809,0.15305
mom-plain-top20-1m,tax-today,2011-02-01,2016-02-01,0.08864,-0.16562,0.24898,0.08148,0.08148,0.07466,0.18223,0.18223,0.16602
mom-plain-top20-1m,tax-today,2011-03-01,2016-03-01,0.07391,-0.20884,0.16143,0.06761,0.06761,0.06231,0.16191,0.16191,0.14739
mom-plain-top20-1m,tax-today,2011-04-01,2016-04-01,0.07699,-0.20544,0.18062,0.07054,0.07054,0.06492,0.16433,0.16433,0.14961
mom-plain-top20-1m,tax-today,2011-05-01,2016-05-01,0.08337,-0.20483,0.21844,0.07708,0.07708,0.07074,0.16911,0.16911,0.15398
mom-plain-top20-1m,tax-today,2011-06-01,2016-06-01,0.09221,-0.20606,0.27170,0.09211,0.09211,0.08416,0.17998,0.17998,0.16396
mom-plain-top20-1m,tax-today,2011-07-01,2016-07-01,0.09820,-0.20582,0.30764,0.09468,0.09468,0.08647,0.18497,0.18497,0.16855
mom-plain-top20-1m,tax-today,2011-08-01,2016-08-01,0.10960,-0.20537,0.37606,0.10716,0.10716,0.09768,0.20794,0.20794,0.18974
mom-plain-top20-1m,tax-today,2011-09-01,2016-09-01,0.12169,-0.20760,0.44559,0.13264,0.13264,0.12071,0.23121,0.23121,0.21129
mom-plain-top20-1m,tax-today,2011-10-01,2016-10-01,0.12231,-0.20944,0.44923,0.13102,0.13102,0.11924,0.23364,0.23364,0.21355
mom-plain-top20-1m,tax-today,2011-11-01,2016-11-01,0.11377,-0.20401,0.40162,0.11765,0.11765,0.10714,0.22844,0.22844,0.20872
mom-plain-top20-1m,tax-today,2011-12-01,2016-12-01,0.11010,-0.20722,0.37561,0.12024,0.12024,0.10948,0.22328,0.22328,0.20394
mom-plain-top20-1m,tax-today,2012-01-01,2017-01-01,0.11439,-0.21004,0.40015,0.13479,0.13479,0.12266,0.23011,0.23011,0.21027
mom-plain-top20-1m,tax-today,2012-02-01,2017-02-01,0.12610,-0.20475,0.46913,0.12078,0.12078,0.10997,0.24977,0.24977,0.22856
mom-plain-top20-1m,tax-today,2012-03-01,2017-03-01,0.11818,-0.20300,0.42290,0.12244,0.12244,0.11148,0.24492,0.24492,0.22404
mom-plain-top20-1m,tax-today,2012-04-01,2017-04-01,0.12000,-0.20237,0.43400,0.13020,0.13020,0.11850,0.24610,0.24610,0.22514
mom-plain-top20-1m,tax-today,2012-05-01,2017-05-01,0.12671,-0.20238,0.47245,0.13543,0.13543,0.12325,0.25848,0.25848,0.23668
mom-plain-top20-1m,tax-today,2012-06-01,2017-06-01,0.14103,-0.20607,0.55517,0.16115,0.16115,0.14670,0.27090,0.27090,0.24828
mom-plain-top20-1m,tax-today,2012-07-01,2017-07-01,0.12412,-0.20219,0.46135,0.13879,0.13879,0.12631,0.25219,0.25219,0.23081
mom-plain-top20-1m,tax-today,2012-08-01,2017-08-01,0.14342,-0.20244,0.57494,0.15452,0.15452,0.14064,0.26897,0.26897,0.24647
mom-plain-top20-1m,tax-today,2012-09-01,2017-09-01,0.14278,-0.20106,0.56839,0.15048,0.15048,0.13695,0.27439,0.27439,0.25154
mom-plain-top20-1m,tax-today,2012-10-01,2017-10-01,0.12536,-0.19920,0.46759,0.12709,0.12709,0.11568,0.25032,0.25032,0.22907
mom-plain-top20-1m,tax-today,2012-11-01,2017-11-01,0.13844,-0.19932,0.54255,0.14469,0.14469,0.13167,0.26899,0.26899,0.24649
mom-plain-top20-1m,tax-today,2012-12-01,2017-12-01,0.11879,-0.19972,0.42601,0.12840,0.12840,0.11687,0.24480,0.24480,0.22393
mom-plain-top20-1m,tax-today,2013-01-01,2018-01-01,0.12502,-0.19957,0.46152,0.13251,0.13251,0.12060,0.25838,0.25838,0.23658
mom-plain-top20-1m,tax-today,2013-02-01,2018-02-01,0.12891,-0.20044,0.48566,0.14308,0.14308,0.13021,0.26468,0.26468,0.24246
mom-plain-top20-1m,tax-today,2013-03-01,2018-03-01,0.12760,-0.19991,0.47765,0.14232,0.14232,0.12951,0.26089,0.26089,0.23892
mom-plain-top20-1m,tax-today,2013-04-01,2018-04-01,0.12320,-0.20086,0.45090,0.13557,0.13557,0.12338,0.25600,0.25600,0.23436
mom-plain-top20-1m,tax-today,2013-05-01,2018-05-01,0.12710,-0.20012,0.47508,0.14039,0.14039,0.12776,0.26045,0.26045,0.23852
mom-plain-top20-1m,tax-today,2013-06-01,2018-06-01,0.12890,-0.20205,0.48515,0.13701,0.13701,0.12468,0.24607,0.24607,0.22511
mom-plain-top20-1m,tax-today,2013-07-01,2018-07-01,0.12971,-0.20240,0.49346,0.14080,0.14080,0.12813,0.24990,0.24990,0.22868
mom-plain-top20-1m,tax-today,2013-08-01,2018-08-01,0.13943,-0.21016,0.54871,0.16077,0.16077,0.14635,0.26292,0.26266,0.24082
mom-plain-top20-1m,tax-today,2013-09-01,2018-09-01,0.14804,-0.21379,0.60420,0.17846,0.17790,0.16256,0.29019,0.28860,0.26633
mom-plain-top20-1m,tax-today,2013-10-01,2018-10-01,0.13282,-0.21035,0.52508,0.15170,0.15170,0.13806,0.25045,0.25045,0.22919
mom-plain-top20-1m,tax-today,2013-11-01,2018-11-01,0.11194,-0.20219,0.39576,0.11865,0.11865,0.10804,0.21992,0.21992,0.20082
mom-plain-top20-1m,tax-today,2013-12-01,2018-12-01,0.12284,-0.20553,0.46157,0.13388,0.13388,0.12185,0.23611,0.23611,0.21585
mom-plain-top20-1m,tax-today,2014-01-01,2019-01-01,0.11821,-0.20336,0.43311,0.13007,0.13007,0.11839,0.22665,0.22665,0.20706
mom-plain-top20-1m,tax-today,2014-02-01,2019-02-01,0.13343,-0.20923,0.52268,0.13747,0.13747,0.12510,0.23796,0.23796,0.21756
mom-plain-top20-1m,tax-today,2014-03-01,2019-03-01,0.12994,-0.20796,0.50195,0.13018,0.13018,0.11848,0.22764,0.22764,0.20798
mom-plain-top20-1m,tax-today,2014-04-01,2019-04-01,0.12495,-0.20630,0.47518,0.13094,0.13055,0.11917,0.23479,0.23418,0.21462
mom-plain-top20-1m,tax-today,2014-05-01,2019-05-01,0.12653,-0.20559,0.48455,0.13329,0.13274,0.12131,0.23461,0.23348,0.21445
mom-plain-top20-1m,tax-today,2014-06-01,2019-06-01,0.11416,-0.20488,0.41011,0.11935,0.11855,0.10868,0.21977,0.21903,0.20068
mom-plain-top20-1m,tax-today,2014-07-01,2019-07-01,0.10657,-0.20370,0.36742,0.10598,0.10531,0.09661,0.19548,0.19488,0.17823
mom-plain-top20-1m,tax-today,2014-08-01,2019-08-01,0.09495,-0.20407,0.29580,0.08985,0.08985,0.08214,0.17443,0.17443,0.15886
mom-plain-top20-1m,tax-today,2014-09-01,2019-09-01,0.07974,-0.20554,0.19933,0.07909,0.07909,0.07253,0.15466,0.15466,0.14076
mom-plain-top20-1m,tax-today,2014-10-01,2019-10-01,0.10138,-0.20619,0.33498,0.08775,0.08775,0.08026,0.16178,0.16178,0.14727
mom-plain-top20-1m,tax-today,2014-11-01,2019-11-01,0.09126,-0.20624,0.27148,0.08786,0.08715,0.08036,0.15625,0.15613,0.14222
mom-plain-top20-1m,tax-today,2014-12-01,2019-12-01,0.08508,-0.20623,0.23243,0.08482,0.08385,0.07764,0.14858,0.14820,0.13522
mom-plain-top20-1m,tax-today,2015-01-01,2020-01-01,0.09123,-0.20562,0.27261,0.09410,0.09284,0.08594,0.15458,0.15373,0.14069
mom-plain-top20-1m,tax-today,2015-02-01,2020-02-01,0.07786,-0.20824,0.18671,0.07134,0.07114,0.06563,0.13652,0.13564,0.12424
mom-plain-top20-1m,tax-today,2015-03-01,2020-03-01,0.06460,-0.20996,0.10087,0.06049,0.06049,0.05601,0.13332,0.13260,0.12133
mom-plain-top20-1m,tax-today,2015-04-01,2020-04-01,0.01426,-0.37259,-0.16466,0.00513,0.00513,0.00513,0.07417,0.07417,0.06814
mom-plain-top20-1m,tax-today,2015-05-01,2020-05-01,0.05603,-0.37233,0.07006,0.05161,0.05161,0.04817,0.12195,0.12195,0.11103
mom-plain-top20-1m,tax-today,2015-06-01,2020-06-01,0.05244,-0.37202,0.05233,0.04456,0.04456,0.04195,0.10890,0.10890,0.09925
mom-plain-top20-1m,tax-today,2015-07-01,2020-07-01,0.05624,-0.37184,0.07229,0.05602,0.05602,0.05205,0.11517,0.11517,0.10490
mom-plain-top20-1m,tax-today,2015-08-01,2020-08-01,0.06544,-0.37219,0.12018,0.06667,0.06667,0.06148,0.11910,0.11818,0.10845
mom-plain-top20-1m,tax-today,2015-09-01,2020-09-01,0.08447,-0.37214,0.21912,0.09415,0.09397,0.08599,0.14390,0.14216,0.13095
mom-plain-top20-1m,tax-today,2015-10-01,2020-10-01,0.08013,-0.37284,0.19572,0.08855,0.08850,0.08097,0.13979,0.13762,0.12721
mom-plain-top20-1m,tax-today,2015-11-01,2020-11-01,0.07781,-0.37314,0.18306,0.08985,0.08934,0.08213,0.13774,0.13587,0.12535
mom-plain-top20-1m,tax-today,2015-12-01,2020-12-01,0.10262,-0.37324,0.30871,0.11915,0.11604,0.10849,0.15807,0.15486,0.14388
mom-plain-top20-1m,tax-today,2016-01-01,2021-01-01,0.11675,-0.37329,0.37803,0.13407,0.12958,0.12201,0.17356,0.16874,0.15806
mom-plain-top20-1m,tax-today,2016-02-01,2021-02-01,0.12624,-0.37317,0.42427,0.15030,0.14530,0.13678,0.18534,0.18061,0.16889
mom-plain-top20-1m,tax-today,2016-03-01,2021-03-01,0.14831,-0.37295,0.52945,0.16879,0.16300,0.15369,0.21366,0.20751,0.19502
mom-plain-top20-1m,tax-today,2016-04-01,2021-04-01,0.13989,-0.37279,0.48676,0.15484,0.14905,0.14093,0.21192,0.20483,0.19341
mom-plain-top20-1m,tax-today,2016-05-01,2021-05-01,0.13892,-0.37272,0.47647,0.14721,0.14177,0.13397,0.22144,0.21306,0.20223
mom-plain-top20-1m,tax-today,2016-06-01,2021-06-01,0.14611,-0.37187,0.51034,0.15209,0.14550,0.13842,0.22716,0.21791,0.20754
mom-plain-top20-1m,tax-today,2016-07-01,2021-07-01,0.14321,-0.37161,0.49676,0.14918,0.14247,0.13576,0.22948,0.21958,0.20969
mom-plain-top20-1m,tax-today,2016-08-01,2021-08-01,0.14057,-0.37208,0.48194,0.14201,0.13527,0.12923,0.21930,0.20877,0.20025
mom-plain-top20-1m,tax-today,2016-09-01,2021-09-01,0.14315,-0.37122,0.49536,0.15663,0.14844,0.14256,0.22392,0.21280,0.20453
mom-plain-top20-1m,tax-today,2016-10-01,2021-10-01,0.14781,-0.37179,0.51868,0.16709,0.15837,0.15213,0.22806,0.21664,0.20837
mom-plain-top20-1m,tax-today,2016-11-01,2021-11-01,0.16106,-0.37178,0.57892,0.17194,0.16281,0.15658,0.23496,0.22274,0.21478
mom-plain-top20-1m,tax-today,2016-12-01,2021-12-01,0.16309,-0.37141,0.59218,0.17392,0.16541,0.15839,0.24422,0.23222,0.22339
mom-plain-top20-1m,tax-today,2017-01-01,2022-01-01,0.17360,-0.37117,0.63806,0.17675,0.16803,0.16099,0.25612,0.24359,0.23448
mom-plain-top20-1m,tax-today,2017-02-01,2022-02-01,0.15551,-0.37037,0.55446,0.16503,0.15626,0.15025,0.21213,0.20066,0.19360
mom-plain-top20-1m,tax-today,2017-03-01,2022-03-01,0.15373,-0.37009,0.53948,0.14866,0.14075,0.13529,0.19967,0.18888,0.18209
mom-plain-top20-1m,tax-today,2017-04-01,2022-04-01,0.15245,-0.37022,0.53022,0.15423,0.14549,0.14037,0.20375,0.19213,0.18586
mom-plain-top20-1m,tax-today,2017-05-01,2022-05-01,0.13707,-0.37059,0.45891,0.14357,0.13545,0.13065,0.17957,0.16895,0.16358
mom-plain-top20-1m,tax-today,2017-06-01,2022-06-01,0.12490,-0.37078,0.40228,0.12885,0.12137,0.11728,0.16100,0.15184,0.14655
mom-plain-top20-1m,tax-today,2017-07-01,2022-07-01,0.11483,-0.37134,0.35404,0.11999,0.11334,0.10925,0.14102,0.13353,0.12833
mom-plain-top20-1m,tax-today,2017-08-01,2022-08-01,0.11907,-0.37222,0.37359,0.12777,0.11954,0.11630,0.15103,0.14158,0.13745
mom-plain-top20-1m,tax-today,2017-09-01,2022-09-01,0.12175,-0.37295,0.38581,0.13377,0.12527,0.12174,0.15532,0.14495,0.14137
mom-plain-top20-1m,tax-today,2017-10-01,2022-10-01,0.12341,-0.37313,0.39205,0.13204,0.12394,0.12017,0.15366,0.14353,0.13985
mom-plain-top20-1m,tax-today,2017-11-01,2022-11-01,0.11831,-0.37413,0.36958,0.13102,0.12205,0.11924,0.15299,0.14208,0.13924
mom-plain-top20-1m,tax-today,2017-12-01,2022-12-01,0.12881,-0.37419,0.41727,0.14628,0.13661,0.13312,0.16101,0.15003,0.14657
mom-plain-top20-1m,tax-today,2018-01-01,2023-01-01,0.11660,-0.37475,0.36117,0.13060,0.12168,0.11887,0.13565,0.12560,0.12345
mom-plain-top20-1m,tax-today,2018-02-01,2023-02-01,0.09868,-0.37465,0.27965,0.11224,0.10393,0.10225,0.12006,0.11116,0.10932
mom-plain-top20-1m,tax-today,2018-03-01,2023-03-01,0.10536,-0.37552,0.31043,0.12158,0.11257,0.11070,0.13079,0.12109,0.11903
mom-plain-top20-1m,tax-today,2018-04-01,2023-04-01,0.11017,-0.37406,0.33168,0.12753,0.11807,0.11608,0.13400,0.12407,0.12195
mom-plain-top20-1m,tax-today,2018-05-01,2023-05-01,0.10572,-0.37341,0.31237,0.12307,0.11394,0.11204,0.12873,0.11919,0.11717
mom-plain-top20-1m,tax-today,2018-06-01,2023-06-01,0.11224,-0.37103,0.34344,0.12930,0.11972,0.11769,0.14893,0.13796,0.13554
mom-plain-top20-1m,tax-today,2018-07-01,2023-07-01,0.12104,-0.36862,0.38381,0.13722,0.12706,0.12487,0.15801,0.14641,0.14382
mom-plain-top20-1m,tax-today,2018-08-01,2023-08-01,0.11241,-0.36753,0.34567,0.13027,0.12061,0.11856,0.15718,0.14564,0.14306
mom-plain-top20-1m,tax-today,2018-09-01,2023-09-01,0.11087,-0.36939,0.33765,0.12049,0.11155,0.10970,0.14800,0.13709,0.13469
mom-plain-top20-1m,tax-today,2018-10-01,2023-10-01,0.12610,-0.37275,0.40575,0.13610,0.12603,0.12386,0.17581,0.16305,0.16013
mom-plain-top20-1m,tax-today,2018-11-01,2023-11-01,0.12918,-0.36972,0.42284,0.14179,0.13132,0.12904,0.18193,0.16878,0.16575
mom-plain-top20-1m,tax-today,2018-12-01,2023-12-01,0.14036,-0.36818,0.47284,0.14615,0.13537,0.13300,0.20341,0.18895,0.18555
mom-plain-top20-1m,tax-today,2019-01-01,2024-01-01,0.15422,-0.36664,0.53608,0.16150,0.14968,0.14702,0.22122,0.20571,0.20202
mom-plain-top20-1m,tax-today,2019-02-01,2024-02-01,0.15569,-0.36875,0.54220,0.16137,0.14955,0.14690,0.22469,0.20899,0.20524
mom-plain-top20-1m,tax-today,2019-03-01,2024-03-01,0.16900,-0.36694,0.60111,0.16870,0.15640,0.15361,0.24141,0.22478,0.22078
mom-plain-top20-1m,tax-today,2019-04-01,2024-04-01,0.15649,-0.36473,0.54259,0.15319,0.14192,0.13942,0.23600,0.21967,0.21574
mom-plain-top20-1m,tax-today,2019-05-01,2024-05-01,0.15953,-0.36301,0.55696,0.15309,0.14184,0.13934,0.24122,0.22460,0.22060
mom-plain-top20-1m,tax-today,2019-06-01,2024-06-01,0.15694,-0.35946,0.54643,0.14946,0.13845,0.13601,0.25655,0.23911,0.23488
mom-plain-top20-1m,tax-today,2019-07-01,2024-07-01,0.17078,-0.35668,0.59533,0.16648,0.15432,0.15157,0.26814,0.25011,0.24570
mom-plain-top20-1m,tax-today,2019-08-01,2024-08-01,0.20054,-0.35937,0.72000,0.19261,0.17558,0.17558,0.30115,0.27662,0.27662
mom-plain-top20-1m,tax-today,2019-09-01,2024-09-01,0.20929,-0.35994,0.75262,0.19386,0.17674,0.17674,0.30252,0.27791,0.27791
mom-plain-top20-1m,tax-today,2019-10-01,2024-10-01,0.19839,-0.35672,0.71321,0.19193,0.17496,0.17496,0.29592,0.27172,0.27172
mom-plain-top20-1m,tax-today,2019-11-01,2024-11-01,0.17871,-0.35748,0.63002,0.16694,0.15200,0.15200,0.26574,0.24346,0.24346
mom-plain-top20-1m,tax-today,2019-12-01,2024-12-01,0.17561,-0.35777,0.61531,0.16218,0.14763,0.14763,0.25859,0.23678,0.23678
mom-plain-top20-1m,tax-today,2020-01-01,2025-01-01,0.17352,-0.35642,0.60675,0.15598,0.14197,0.14197,0.24390,0.22309,0.22309
mom-plain-top20-1m,tax-today,2020-02-01,2025-02-01,0.16422,-0.36145,0.56402,0.16380,0.14912,0.14912,0.21662,0.19777,0.19777
mom-plain-top20-1m,tax-today,2020-03-01,2025-03-01,0.16258,-0.31236,0.55813,0.15961,0.14529,0.14529,0.19321,0.17614,0.17614
mom-plain-top20-1m,tax-today,2020-04-01,2025-04-01,0.22788,-0.24966,0.90816,0.24335,0.22258,0.22258,0.26293,0.24083,0.24083
mom-plain-top20-1m,tax-today,2020-05-01,2025-05-01,0.20471,-0.24578,0.82017,0.21179,0.19329,0.19329,0.23579,0.21554,0.21554
mom-plain-top20-1m,tax-today,2020-06-01,2025-06-01,0.19705,-0.24412,0.78349,0.21702,0.19813,0.19813,0.24924,0.22807,0.22807
mom-plain-top20-1m,tax-today,2020-07-01,2025-07-01,0.20039,-0.24453,0.80231,0.21071,0.19229,0.19229,0.25087,0.22958,0.22958
mom-plain-top20-1m,tax-today,2020-08-01,2025-08-01,0.17788,-0.24113,0.69139,0.18700,0.17042,0.17042,0.21755,0.19862,0.19862
mom-plain-top20-6m-ma200,cost,2008-02-01,2013-02-01,0.00746,-0.42914,-0.23115,0.03592,0.03592,0.03438,0.02342,0.02342,0.02342
mom-plain-top20-6m-ma200,cost,2008-03-01,2013-03-01,0.08972,-0.12303,0.27864,0.02970,0.02970,0.02895,0.02703,0.02703,0.02662
mom-plain-top20-6m-ma200,cost,2008-04-01,2013-04-01,0.08710,-0.12303,0.25894,0.04945,0.04945,0.04626,0.07055,0.07055,0.06492
mom-plain-top20-6m-ma200,cost,2008-05-01,2013-05-01,0.03430,-0.33615,-0.10577,0.03953,0.03953,0.03755,0.05392,0.05392,0.05020
mom-plain-top20-6m-ma200,cost,2008-06-01,2013-06-01,0.10453,-0.12303,0.37451,0.05429,0.05429,0.05052,0.07512,0.07512,0.06899
mom-plain-top20-6m-ma200,cost,2008-07-01,2013-07-01,0.10143,-0.12303,0.35075,0.09942,0.09942,0.09072,0.14111,0.14111,0.12841
mom-plain-top20-6m-ma200,cost,2008-08-01,2013-08-01,0.10273,-0.12303,0.35801,0.06611,0.06611,0.06098,0.09740,0.09740,0.08891
mom-plain-top20-6m-ma200,cost,2008-09-01,2013-09-01,0.09308,-0.13043,0.28845,0.05936,0.05936,0.05500,0.09064,0.09064,0.08284
mom-plain-top20-6m-ma200,cost,2008-10-01,2013-10-01,0.10778,-0.13043,0.37933,0.09178,0.09178,0.08387,0.13588,0.13588,0.12365
mom-plain-top20-6m-ma200,cost,2008-11-01,2013-11-01,0.12381,-0.13043,0.47485,0.18313,0.18313,0.16685,0.22532,0.22532,0.20583
mom-plain-top20-6m-ma200,cost,2008-12-01,2013-12-01,0.11831,-0.13043,0.43912,0.19549,0.19549,0.17824,0.22922,0.22922,0.20945
mom-plain-top20-6m-ma200,cost,2009-01-01,2014-01-01,0.12261,-0.13043,0.46380,0.17089,0.17089,0.15561,0.20948,0.20948,0.19116
mom-plain-top20-6m-ma200,cost,2009-02-01,2014-02-01,0.11958,-0.13043,0.44171,0.17517,0.17517,0.15955,0.21381,0.21381,0.19516
mom-plain-top20-6m-ma200,cost,2009-03-01,2014-03-01,0.12794,-0.13043,0.49123,0.19168,0.19168,0.17472,0.22937,0.22937,0.20959
mom-plain-top20-6m-ma200,cost,2009-04-01,2014-04-01,0.13356,-0.13043,0.52399,0.18381,0.18381,0.16748,0.21371,0.21371,0.19506
mom-plain-top20-6m-ma200,cost,2009-05-01,2014-05-01,0.16288,-0.14730,0.62895,0.15333,0.15333,0.13955,0.20257,0.20257,0.18477
mom-plain-top20-6m-ma200,cost,2009-06-01,2014-06-01,0.13899,-0.15318,0.53072,0.11085,0.11085,0.10101,0.17730,0.17730,0.16150
mom-plain-top20-6m-ma200,cost,2009-07-01,2014-07-01,0.16558,-0.13043,0.70341,0.13287,0.13287,0.12092,0.19900,0.19900,0.18148
mom-plain-top20-6m-ma200,cost,2009-08-01,2014-08-01,0.15997,-0.13055,0.66451,0.11721,0.11721,0.10674,0.17436,0.17436,0.15880
mom-plain-top20-6m-ma200,cost,2009-09-01,2014-09-01,0.17403,-0.13036,0.76534,0.12994,0.12994,0.11827,0.19506,0.19506,0.17784
mom-plain-top20-6m-ma200,cost,2009-10-01,2014-10-01,0.14039,-0.13040,0.57204,0.10646,0.10646,0.09705,0.18264,0.18264,0.16640
mom-plain-top20-6m-ma200,cost,2009-11-01,2014-11-01,0.17856,-0.13048,0.81079,0.13380,0.13380,0.12177,0.20627,0.20627,0.18818
mom-plain-top20-6m-ma200,cost,2009-12-01,2014-12-01,0.14809,-0.13044,0.64420,0.12120,0.12120,0.11035,0.19070,0.19070,0.17382
mom-plain-top20-6m-ma200,cost,2010-01-01,2015-01-01,0.12928,-0.13042,0.52542,0.11054,0.11054,0.10072,0.18516,0.18516,0.16873
mom-plain-top20-6m-ma200,cost,2010-02-01,2015-02-01,0.15553,-0.13039,0.68189,0.13777,0.13777,0.12537,0.21229,0.21229,0.19376
mom-plain-top20-6m-ma200,cost,2010-03-01,2015-03-01,0.14371,-0.13042,0.61200,0.13907,0.13907,0.12655,0.21651,0.21651,0.19766
mom-plain-top20-6m-ma200,cost,2010-04-01,2015-04-01,0.13619,-0.13054,0.56350,0.11502,0.11502,0.10476,0.20785,0.20785,0.18964
mom-plain-top20-6m-ma200,cost,2010-05-01,2015-05-01,0.12378,-0.13024,0.48127,0.10475,0.10475,0.09551,0.19134,0.19134,0.17442
mom-plain-top20-6m-ma200,cost,2010-06-01,2015-06-01,0.14073,-0.13041,0.60564,0.12480,0.12480,0.11361,0.21869,0.21869,0.19968
mom-plain-top20-6m-ma200,cost,2010-07-01,2015-07-01,0.14095,-0.13041,0.60175,0.11287,0.11287,0.10283,0.21196,0.21196,0.19344
mom-plain-top20-6m-ma200,cost,2010-08-01,2015-08-01,0.13884,-0.13023,0.58433,0.11037,0.11037,0.10057,0.21020,0.21020,0.19182
mom-plain-top20-6m-ma200,cost,2010-09-01,2015-09-01,0.11338,-0.13776,0.41523,0.08597,0.08597,0.07867,0.17846,0.17846,0.16257
mom-plain-top20-6m-ma200,cost,2010-10-01,2015-10-01,0.09340,-0.13727,0.28798,0.06548,0.06548,0.06042,0.16966,0.16966,0.15448
mom-plain-top20-6m-ma200,cost,2010-11-01,2015-11-01,0.08959,-0.15866,0.26483,0.06942,0.06942,0.06392,0.15728,0.15728,0.14315
mom-plain-top20-6m-ma200,cost,2010-12-01,2015-12-01,0.08617,-0.13048,0.24467,0.07206,0.07206,0.06627,0.15550,0.15550,0.14153
mom-plain-top20-6m-ma200,cost,2011-01-01,2016-01-01,0.08553,-0.13052,0.24015,0.06603,0.06603,0.06091,0.16809,0.16809,0.15305
mom-plain-top20-6m-ma200,cost,2011-02-01,2016-02-01,0.09647,-0.13061,0.33236,0.08148,0.08148,0.07466,0.18223,0.18223,0.16602
mom-plain-top20-6m-ma200,cost,2011-03-01,2016-03-01,0.09641,-0.13061,0.33185,0.06761,0.06761,0.06231,0.16191,0.16191,0.14739
mom-plain-top20-6m-ma200,cost,2011-04-01,2016-04-01,0.09306,-0.13053,0.30116,0.07054,0.07054,0.06492,0.16433,0.16433,0.14961
mom-plain-top20-6m-ma200,cost,2011-05-01,2016-05-01,0.09658,-0.13061,0.33340,0.07708,0.07708,0.07074,0.16911,0.16911,0.15398
mom-plain-top20-6m-ma200,cost,2011-06-01,2016-06-01,0.09641,-0.13061,0.33288,0.09211,0.09211,0.08416,0.17998,0.17998,0.16396
mom-plain-top20-6m-ma200,cost,2011-07-01,2016-07-01,0.09595,-0.13061,0.32950,0.09468,0.09468,0.08647,0.18497,0.18497,0.16855
mom-plain-top20-6m-ma200,cost,2011-08-01,2016-08-01,0.10949,-0.13061,0.42716,0.10716,0.10716,0.09768,0.20794,0.20794,0.18974
mom-plain-top20-6m-ma200,cost,2011-09-01,2016-09-01,0.11634,-0.13061,0.47155,0.13264,0.13264,0.12071,0.23121,0.23121,0.21129
mom-plain-top20-6m-ma200,cost,2011-10-01,2016-10-01,0.11117,-0.13061,0.43008,0.13102,0.13102,0.11924,0.23364,0.23364,0.21355
mom-plain-top20-6m-ma200,cost,2011-11-01,2016-11-01,0.11077,-0.13061,0.42588,0.11765,0.11765,0.10714,0.22844,0.22844,0.20872
mom-plain-top20-6m-ma200,cost,2011-12-01,2016-12-01,0.09667,-0.14341,0.32117,0.12024,0.12024,0.10948,0.22328,0.22328,0.20394
mom-plain-top20-6m-ma200,cost,2012-01-01,2017-01-01,0.09474,-0.14656,0.30504,0.13479,0.13479,0.12266,0.23011,0.23011,0.21027
mom-plain-top20-6m-ma200,cost,2012-02-01,2017-02-01,0.10469,-0.14581,0.36302,0.12078,0.12078,0.10997,0.24977,0.24977,0.22856
mom-plain-top20-6m-ma200,cost,2012-03-01,2017-03-01,0.09505,-0.14639,0.30054,0.12244,0.12244,0.11148,0.24492,0.24492,0.22404
mom-plain-top20-6m-ma200,cost,2012-04-01,2017-04-01,0.09408,-0.14640,0.29574,0.13020,0.13020,0.11850,0.24610,0.24610,0.22514
mom-plain-top20-6m-ma200,cost,2012-05-01,2017-05-01,0.09345,-0.14661,0.29333,0.13543,0.13543,0.12325,0.25848,0.25848,0.23668
mom-plain-top20-6m-ma200,cost,2012-06-01,2017-06-01,0.09639,-0.14656,0.31681,0.16115,0.16115,0.14670,0.27090,0.27090,0.24828
mom-plain-top20-6m-ma200,cost,2012-07-01,2017-07-01,0.09650,-0.14656,0.31729,0.13879,0.13879,0.12631,0.25219,0.25219,0.23081
mom-plain-top20-6m-ma200,cost,2012-08-01,2017-08-01,0.10565,-0.14693,0.38005,0.15452,0.15452,0.14064,0.26897,0.26897,0.24647
mom-plain-top20-6m-ma200,cost,2012-09-01,2017-09-01,0.10593,-0.14640,0.37908,0.15048,0.15048,0.13695,0.27439,0.27439,0.25154
mom-plain-top20-6m-ma200,cost,2012-10-01,2017-10-01,0.08782,-0.14700,0.25723,0.12709,0.12709,0.11568,0.25032,0.25032,0.22907
mom-plain-top20-6m-ma200,cost,2012-11-01,2017-11-01,0.10203,-0.14735,0.35210,0.14469,0.14469,0.13167,0.26899,0.26899,0.24649
mom-plain-top20-6m-ma200,cost,2012-12-01,2017-12-01,0.08263,-0.14725,0.22035,0.12840,0.12840,0.11687,0.24480,0.24480,0.22393
mom-plain-top20-6m-ma200,cost,2013-01-01,2018-01-01,0.08742,-0.14446,0.25344,0.13251,0.13251,0.12060,0.25838,0.25838,0.23658
mom-plain-top20-6m-ma200,cost,2013-02-01,2018-02-01,0.09042,-0.14455,0.27385,0.14308,0.14308,0.13021,0.26468,0.26468,0.24246
mom-plain-top20-6m-ma200,cost,2013-03-01,2018-03-01,0.08971,-0.14753,0.26945,0.14232,0.14232,0.12951,0.26089,0.26089,0.23892
mom-plain-top20-6m-ma200,cost,2013-04-01,2018-04-01,0.07591,-0.14732,0.17563,0.13557,0.13557,0.12338,0.25600,0.25600,0.23436
mom-plain-top20-6m-ma200,cost,2013-05-01,2018-05-01,0.08237,-0.14452,0.21981,0.14039,0.14039,0.12776,0.26045,0.26045,0.23852
mom-plain-top20-6m-ma200,cost,2013-06-01,2018-06-01,0.08229,-0.14445,0.21903,0.13701,0.13701,0.12468,0.24607,0.24607,0.22511
mom-plain-top20-6m-ma200,cost,2013-07-01,2018-07-01,0.07988,-0.14461,0.20308,0.14080,0.14080,0.12813,0.24990,0.24990,0.22868
mom-plain-top20-6m-ma200,cost,2013-08-01,2018-08-01,0.07335,-0.14471,0.16128,0.16077,0.16077,0.14635,0.26292,0.26266,0.24082
mom-plain-top20-6m-ma200,cost,2013-09-01,2018-09-01,0.07570,-0.14471,0.17804,0.17846,0.17790,0.16256,0.29019,0.28860,0.26633
mom-plain-top20-6m-ma200,cost,2013-10-01,2018-10-01,0.05724,-0.14471,0.04121,0.15170,0.15170,0.13806,0.25045,0.25045,0.22919
mom-plain-top20-6m-ma200,cost,2013-11-01,2018-11-01,0.04575,-0.16782,-0.03829,0.11865,0.11865,0.10804,0.21992,0.21992,0.20082
mom-plain-top20-6m-ma200,cost,2013-12-01,2018-12-01,0.06262,-0.16769,0.08280,0.13388,0.13388,0.12185,0.23611,0.23611,0.21585
mom-plain-top20-6m-ma200,cost,2014-01-01,2019-01-01,0.05795,-0.16811,0.05033,0.13007,0.13007,0.11839,0.22665,0.22665,0.20706
mom-plain-top20-6m-ma200,cost,2014-02-01,2019-02-01,0.08201,-0.16816,0.21963,0.13747,0.13747,0.12510,0.23796,0.23796,0.21756
mom-plain-top20-6m-ma200,cost,2014-03-01,2019-03-01,0.07399,-0.16759,0.16358,0.13018,0.13018,0.11848,0.22764,0.22764,0.20798
mom-plain-top20-6m-ma200,cost,2014-04-01,2019-04-01,0.07298,-0.16809,0.15788,0.13094,0.13055,0.11917,0.23479,0.23418,0.21462
mom-plain-top20-6m-ma200,cost,2014-05-01,2019-05-01,0.07592,-0.16726,0.17855,0.13329,0.13274,0.12131,0.23461,0.23348,0.21445
mom-plain-top20-6m-ma200,cost,2014-06-01,2019-06-01,0.05785,-0.16794,0.05097,0.11935,0.11855,0.10868,0.21977,0.21903,0.20068
mom-plain-top20-6m-ma200,cost,2014-07-01,2019-07-01,0.04821,-0.16715,-0.01909,0.10598,0.10531,0.09661,0.19548,0.19488,0.17823
mom-plain-top20-6m-ma200,cost,2014-08-01,2019-08-01,0.04104,-0.16780,-0.06833,0.08985,0.08985,0.08214,0.17443,0.17443,0.15886
mom-plain-top20-6m-ma200,cost,2014-09-01,2019-09-01,0.03003,-0.16733,-0.15061,0.07909,0.07909,0.07253,0.15466,0.15466,0.14076
mom-plain-top20-6m-ma200,cost,2014-10-01,2019-10-01,0.04778,-0.16784,-0.01953,0.08775,0.08775,0.08026,0.16178,0.16178,0.14727
mom-plain-top20-6m-ma200,cost,2014-11-01,2019-11-01,0.04154,-0.16752,-0.06771,0.08786,0.08715,0.08036,0.15625,0.15613,0.14222
mom-plain-top20-6m-ma200,cost,2014-12-01,2019-12-01,0.03916,-0.16758,-0.08675,0.08482,0.08385,0.07764,0.14858,0.14820,0.13522
mom-plain-top20-6m-ma200,cost,2015-01-01,2020-01-01,0.04677,-0.16733,-0.03187,0.09410,0.09284,0.08594,0.15458,0.15373,0.14069
mom-plain-top20-6m-ma200,cost,2015-02-01,2020-02-01,0.03462,-0.16804,-0.12140,0.07134,0.07114,0.06563,0.13652,0.13564,0.12424
mom-plain-top20-6m-ma200,cost,2015-03-01,2020-03-01,0.02437,-0.16803,-0.20196,0.06049,0.06049,0.05601,0.13332,0.13260,0.12133
mom-plain-top20-6m-ma200,cost,2015-04-01,2020-04-01,-0.03104,-0.37370,-0.47023,0.00513,0.00513,0.00513,0.07417,0.07417,0.06814
mom-plain-top20-6m-ma200,cost,2015-05-01,2020-05-01,0.01099,-0.37447,-0.19228,0.05161,0.05161,0.04817,0.12195,0.12195,0.11103
mom-plain-top20-6m-ma200,cost,2015-06-01,2020-06-01,0.00355,-0.37460,-0.23053,0.04456,0.04456,0.04195,0.10890,0.10890,0.09925
mom-plain-top20-6m-ma200,cost,2015-07-01,2020-07-01,0.01760,-0.37426,-0.14893,0.05602,0.05602,0.05205,0.11517,0.11517,0.10490
mom-plain-top20-6m-ma200,cost,2015-08-01,2020-08-01,0.01515,-0.37363,-0.16418,0.06667,0.06667,0.06148,0.11910,0.11818,0.10845
mom-plain-top20-6m-ma200,cost,2015-09-01,2020-09-01,0.02808,-0.37348,-0.10085,0.09415,0.09397,0.08599,0.14390,0.14216,0.13095
mom-plain-top20-6m-ma200,cost,2015-10-01,2020-10-01,0.02808,-0.37348,-0.10134,0.08855,0.08850,0.08097,0.13979,0.13762,0.12721
mom-plain-top20-6m-ma200,cost,2015-11-01,2020-11-01,0.02813,-0.37348,-0.10134,0.08985,0.08934,0.08213,0.13774,0.13587,0.12535
mom-plain-top20-6m-ma200,cost,2015-12-01,2020-12-01,0.02808,-0.37348,-0.10208,0.11915,0.11604,0.10849,0.15807,0.15486,0.14388
mom-plain-top20-6m-ma200,cost,2016-01-01,2021-01-01,0.02764,-0.37348,-0.10467,0.13407,0.12958,0.12201,0.17356,0.16874,0.15806
mom-plain-top20-6m-ma200,cost,2016-02-01,2021-02-01,0.03236,-0.37348,-0.07322,0.15030,0.14530,0.13678,0.18534,0.18061,0.16889
mom-plain-top20-6m-ma200,cost,2016-03-01,2021-03-01,0.04593,-0.37348,0.00707,0.16879,0.16300,0.15369,0.21366,0.20751,0.19502
mom-plain-top20-6m-ma200,cost,2016-04-01,2021-04-01,0.05782,-0.37348,0.07424,0.15484,0.14905,0.14093,0.21192,0.20483,0.19341
mom-plain-top20-6m-ma200,cost,2016-05-01,2021-05-01,0.06533,-0.37348,0.11538,0.14721,0.14177,0.13397,0.22144,0.21306,0.20223
mom-plain-top20-6m-ma200,cost,2016-06-01,2021-06-01,0.08394,-0.37435,0.21468,0.15209,0.14550,0.13842,0.22716,0.21791,0.20754
mom-plain-top20-6m-ma200,cost,2016-07-01,2021-07-01,0.08156,-0.37348,0.20236,0.14918,0.14247,0.13576,0.22948,0.21958,0.20969
mom-plain-top20-6m-ma200,cost,2016-08-01,2021-08-01,0.08279,-0.37470,0.20798,0.14201,0.13527,0.12923,0.21930,0.20877,0.20025
mom-plain-top20-6m-ma200,cost,2016-09-01,2021-09-01,0.08578,-0.37378,0.22401,0.15663,0.14844,0.14256,0.22392,0.21280,0.20453
mom-plain-top20-6m-ma200,cost,2016-10-01,2021-10-01,0.09155,-0.37395,0.25350,0.16709,0.15837,0.15213,0.22806,0.21664,0.20837
mom-plain-top20-6m-ma200,cost,2016-11-01,2021-11-01,0.10383,-0.37371,0.31499,0.17194,0.16281,0.15658,0.23496,0.22274,0.21478
mom-plain-top20-6m-ma200,cost,2016-12-01,2021-12-01,0.10338,-0.37423,0.31398,0.17392,0.16541,0.15839,0.24422,0.23222,0.22339
mom-plain-top20-6m-ma200,cost,2017-01-01,2022-01-01,0.11363,-0.37344,0.36474,0.17675,0.16803,0.16099,0.25612,0.24359,0.23448
mom-plain-top20-6m-ma200,cost,2017-02-01,2022-02-01,0.12754,-0.37356,0.42860,0.16503,0.15626,0.15025,0.21213,0.20066,0.19360
mom-plain-top20-6m-ma200,cost,2017-03-01,2022-03-01,0.12097,-0.37369,0.39252,0.14866,0.14075,0.13529,0.19967,0.18888,0.18209
mom-plain-top20-6m-ma200,cost,2017-04-01,2022-04-01,0.12567,-0.37370,0.41400,0.15423,0.14549,0.14037,0.20375,0.19213,0.18586
mom-plain-top20-6m-ma200,cost,2017-05-01,2022-05-01,0.10506,-0.37365,0.31437,0.14357,0.13545,0.13065,0.17957,0.16895,0.16358
mom-plain-top20-6m-ma200,cost,2017-06-01,2022-06-01,0.08821,-0.37350,0.23279,0.12885,0.12137,0.11728,0.16100,0.15184,0.14655
mom-plain-top20-6m-ma200,cost,2017-07-01,2022-07-01,0.06960,-0.37344,0.14212,0.11999,0.11334,0.10925,0.14102,0.13353,0.12833
mom-plain-top20-6m-ma200,cost,2017-08-01,2022-08-01,0.05524,-0.37450,0.07244,0.12777,0.11954,0.11630,0.15103,0.14158,0.13745
mom-plain-top20-6m-ma200,cost,2017-09-01,2022-09-01,0.05082,-0.37400,0.04988,0.13377,0.12527,0.12174,0.15532,0.14495,0.14137
mom-plain-top20-6m-ma200,cost,2017-10-01,2022-10-01,0.05532,-0.37495,0.07153,0.13204,0.12394,0.12017,0.15366,0.14353,0.13985
mom-plain-top20-6m-ma200,cost,2017-11-01,2022-11-01,0.04211,-0.37425,0.00521,0.13102,0.12205,0.11924,0.15299,0.14208,0.13924
mom-plain-top20-6m-ma200,cost,2017-12-01,2022-12-01,0.05190,-0.37439,0.05435,0.14628,0.13661,0.13312,0.16101,0.15003,0.14657
mom-plain-top20-6m-ma200,cost,2018-01-01,2023-01-01,0.04454,-0.37565,0.01654,0.13060,0.12168,0.11887,0.13565,0.12560,0.12345
mom-plain-top20-6m-ma200,cost,2018-02-01,2023-02-01,0.03450,-0.37218,-0.03561,0.11224,0.10393,0.10225,0.12006,0.11116,0.10932
mom-plain-top20-6m-ma200,cost,2018-03-01,2023-03-01,0.04074,-0.37165,-0.00467,0.12158,0.11257,0.11070,0.13079,0.12109,0.11903
mom-plain-top20-6m-ma200,cost,2018-04-01,2023-04-01,0.04493,-0.37126,0.01571,0.12753,0.11807,0.11608,0.13400,0.12407,0.12195
mom-plain-top20-6m-ma200,cost,2018-05-01,2023-05-01,0.04694,-0.37284,0.02712,0.12307,0.11394,0.11204,0.12873,0.11919,0.11717
mom-plain-top20-6m-ma200,cost,2018-06-01,2023-06-01,0.05116,-0.37092,0.04798,0.12930,0.11972,0.11769,0.14893,0.13796,0.13554
mom-plain-top20-6m-ma200,cost,2018-07-01,2023-07-01,0.06096,-0.37023,0.09760,0.13722,0.12706,0.12487,0.15801,0.14641,0.14382
mom-plain-top20-6m-ma200,cost,2018-08-01,2023-08-01,0.04822,-0.36692,0.03217,0.13027,0.12061,0.11856,0.15718,0.14564,0.14306
mom-plain-top20-6m-ma200,cost,2018-09-01,2023-09-01,0.05395,-0.36734,0.06088,0.12049,0.11155,0.10970,0.14800,0.13709,0.13469
mom-plain-top20-6m-ma200,cost,2018-10-01,2023-10-01,0.06916,-0.37353,0.13846,0.13610,0.12603,0.12386,0.17581,0.16305,0.16013
mom-plain-top20-6m-ma200,cost,2018-11-01,2023-11-01,0.06776,-0.36647,0.13017,0.14179,0.13132,0.12904,0.18193,0.16878,0.16575
mom-plain-top20-6m-ma200,cost,2018-12-01,2023-12-01,0.08748,-0.36845,0.23037,0.14615,0.13537,0.13300,0.20341,0.18895,0.18555
mom-plain-top20-6m-ma200,cost,2019-01-01,2024-01-01,0.10233,-0.36647,0.30548,0.16150,0.14968,0.14702,0.22122,0.20571,0.20202
mom-plain-top20-6m-ma200,cost,2019-02-01,2024-02-01,0.10253,-0.36849,0.30654,0.16137,0.14955,0.14690,0.22469,0.20899,0.20524
mom-plain-top20-6m-ma200,cost,2019-03-01,2024-03-01,0.11527,-0.36726,0.36828,0.16870,0.15640,0.15361,0.24141,0.22478,0.22078
mom-plain-top20-6m-ma200,cost,2019-04-01,2024-04-01,0.10136,-0.36551,0.29928,0.15319,0.14192,0.13942,0.23600,0.21967,0.21574
mom-plain-top20-6m-ma200,cost,2019-05-01,2024-05-01,0.10324,-0.36464,0.30802,0.15309,0.14184,0.13934,0.24122,0.22460,0.22060
mom-plain-top20-6m-ma200,cost,2019-06-01,2024-06-01,0.09886,-0.36014,0.28706,0.14946,0.13845,0.13601,0.25655,0.23911,0.23488
mom-plain-top20-6m-ma200,cost,2019-07-01,2024-07-01,0.11436,-0.35852,0.35973,0.16648,0.15432,0.15157,0.26814,0.25011,0.24570
mom-plain-top20-6m-ma200,cost,2019-08-01,2024-08-01,0.12220,-0.35461,0.40425,0.19261,0.17558,0.17558,0.30115,0.27662,0.27662
mom-plain-top20-6m-ma200,cost,2019-09-01,2024-09-01,0.12334,-0.35461,0.40647,0.19386,0.17674,0.17674,0.30252,0.27791,0.27791
mom-plain-top20-6m-ma200,cost,2019-10-01,2024-10-01,0.13698,-0.35912,0.46709,0.19193,0.17496,0.17496,0.29592,0.27172,0.27172
mom-plain-top20-6m-ma200,cost,2019-11-01,2024-11-01,0.10963,-0.36051,0.33556,0.16694,0.15200,0.15200,0.26574,0.24346,0.24346
mom-plain-top20-6m-ma200,cost,2019-12-01,2024-12-01,0.10105,-0.36039,0.29379,0.16218,0.14763,0.14763,0.25859,0.23678,0.23678
mom-plain-top20-6m-ma200,cost,2020-01-01,2025-01-01,0.09274,-0.35461,0.25452,0.15598,0.14197,0.14197,0.24390,0.22309,0.22309
mom-plain-top20-6m-ma200,cost,2020-02-01,2025-02-01,0.09582,-0.33735,0.26949,0.16380,0.14912,0.14912,0.21662,0.19777,0.19777
mom-plain-top20-6m-ma200,cost,2020-03-01,2025-03-01,0.11595,-0.31893,0.42087,0.15961,0.14529,0.14529,0.19321,0.17614,0.17614
mom-plain-top20-6m-ma200,cost,2020-04-01,2025-04-01,0.11582,-0.31893,0.42136,0.24335,0.22258,0.22258,0.26293,0.24083,0.24083
mom-plain-top20-6m-ma200,cost,2020-05-01,2025-05-01,0.11609,-0.31893,0.42136,0.21179,0.19329,0.19329,0.23579,0.21554,0.21554
mom-plain-top20-6m-ma200,cost,2020-06-01,2025-06-01,0.11595,-0.31893,0.42037,0.21702,0.19813,0.19813,0.24924,0.22807,0.22807
mom-plain-top20-6m-ma200,cost,2020-07-01,2025-07-01,0.11534,-0.31893,0.41741,0.21071,0.19229,0.19229,0.25087,0.22958,0.22958
mom-plain-top20-6m-ma200,cost,2020-08-01,2025-08-01,0.13990,-0.31975,0.55112,0.18700,0.17042,0.17042,0.21755,0.19862,0.19862
mom-plain-top20-6m-ma200,tax-dated,2008-02-01,2013-02-01,0.00746,-0.42914,-0.23115,0.03592,0.03592,0.03438,0.02342,0.02342,0.02342
mom-plain-top20-6m-ma200,tax-dated,2008-03-01,2013-03-01,0.08483,-0.12299,0.24335,0.02970,0.02970,0.02895,0.02703,0.02703,0.02662
mom-plain-top20-6m-ma200,tax-dated,2008-04-01,2013-04-01,0.08229,-0.12299,0.22438,0.04945,0.04945,0.04626,0.07055,0.07055,0.06492
mom-plain-top20-6m-ma200,tax-dated,2008-05-01,2013-05-01,0.03430,-0.33615,-0.10577,0.03953,0.03953,0.03755,0.05392,0.05392,0.05020
mom-plain-top20-6m-ma200,tax-dated,2008-06-01,2013-06-01,0.09727,-0.12299,0.32328,0.05429,0.05429,0.05052,0.07512,0.07512,0.06899
mom-plain-top20-6m-ma200,tax-dated,2008-07-01,2013-07-01,0.09466,-0.12299,0.30469,0.09942,0.09942,0.09072,0.14111,0.14111,0.12841
mom-plain-top20-6m-ma200,tax-dated,2008-08-01,2013-08-01,0.09931,-0.12299,0.33477,0.06611,0.06611,0.06098,0.09740,0.09740,0.08891
mom-plain-top20-6m-ma200,tax-dated,2008-09-01,2013-09-01,0.08963,-0.13056,0.26565,0.05936,0.05936,0.05500,0.09064,0.09064,0.08284
mom-plain-top20-6m-ma200,tax-dated,2008-10-01,2013-10-01,0.10433,-0.13056,0.35725,0.09178,0.09178,0.08387,0.13588,0.13588,0.12365
mom-plain-top20-6m-ma200,tax-dated,2008-11-01,2013-11-01,0.12031,-0.13056,0.45291,0.18313,0.18313,0.16685,0.22532,0.22532,0.20583
mom-plain-top20-6m-ma200,tax-dated,2008-12-01,2013-12-01,0.11484,-0.13056,0.41741,0.19549,0.19549,0.17824,0.22922,0.22922,0.20945
mom-plain-top20-6m-ma200,tax-dated,2009-01-01,2014-01-01,0.11913,-0.13056,0.44218,0.17089,0.17089,0.15561,0.20948,0.20948,0.19116
mom-plain-top20-6m-ma200,tax-dated,2009-02-01,2014-02-01,0.11611,-0.13056,0.42032,0.17517,0.17517,0.15955,0.21381,0.21381,0.19516
mom-plain-top20-6m-ma200,tax-dated,2009-03-01,2014-03-01,0.12446,-0.13056,0.46994,0.19168,0.19168,0.17472,0.22937,0.22937,0.20959
mom-plain-top20-6m-ma200,tax-dated,2009-04-01,2014-04-01,0.13004,-0.13056,0.50256,0.18381,0.18381,0.16748,0.21371,0.21371,0.19506
mom-plain-top20-6m-ma200,tax-dated,2009-05-01,2014-05-01,0.15825,-0.14730,0.60469,0.15333,0.15333,0.13955,0.20257,0.20257,0.18477
mom-plain-top20-6m-ma200,tax-dated,2009-06-01,2014-06-01,0.13672,-0.15318,0.51799,0.11085,0.11085,0.10101,0.17730,0.17730,0.16150
mom-plain-top20-6m-ma200,tax-dated,2009-07-01,2014-07-01,0.15985,-0.13056,0.67015,0.13287,0.13287,0.12092,0.19900,0.19900,0.18148
mom-plain-top20-6m-ma200,tax-dated,2009-08-01,2014-08-01,0.15873,-0.13050,0.65739,0.11721,0.11721,0.10674,0.17436,0.17436,0.15880
mom-plain-top20-6m-ma200,tax-dated,2009-09-01,2014-09-01,0.17091,-0.13042,0.74742,0.12994,0.12994,0.11827,0.19506,0.19506,0.17784
mom-plain-top20-6m-ma200,tax-dated,2009-10-01,2014-10-01,0.14024,-0.13040,0.57107,0.10646,0.10646,0.09705,0.18264,0.18264,0.16640
mom-plain-top20-6m-ma200,tax-dated,2009-11-01,2014-11-01,0.17384,-0.13040,0.78305,0.13380,0.13380,0.12177,0.20627,0.20627,0.18818
mom-plain-top20-6m-ma200,tax-dated,2009-12-01,2014-12-01,0.14548,-0.13053,0.62723,0.12120,0.12120,0.11035,0.19070,0.19070,0.17382
mom-plain-top20-6m-ma200,tax-dated,2010-01-01,2015-01-01,0.12694,-0.13052,0.51031,0.11054,0.11054,0.10072,0.18516,0.18516,0.16873
mom-plain-top20-6m-ma200,tax-dated,2010-02-01,2015-02-01,0.15085,-0.13037,0.65094,0.13777,0.13777,0.12537,0.21229,0.21229,0.19376
mom-plain-top20-6m-ma200,tax-dated,2010-03-01,2015-03-01,0.14029,-0.13050,0.59114,0.13907,0.13907,0.12655,0.21651,0.21651,0.19766
mom-plain-top20-6m-ma200,tax-dated,2010-04-01,2015-04-01,0.13370,-0.13056,0.54814,0.11502,0.11502,0.10476,0.20785,0.20785,0.18964
mom-plain-top20-6m-ma200,tax-dated,2010-05-01,2015-05-01,0.12244,-0.13026,0.47277,0.10475,0.10475,0.09551,0.19134,0.19134,0.17442
mom-plain-top20-6m-ma200,tax-dated,2010-06-01,2015-06-01,0.13383,-0.13046,0.55975,0.12480,0.12480,0.11361,0.21869,0.21869,0.19968
mom-plain-top20-6m-ma200,tax-dated,2010-07-01,2015-07-01,0.13414,-0.13046,0.55728,0.11287,0.11287,0.10283,0.21196,0.21196,0.19344
mom-plain-top20-6m-ma200,tax-dated,2010-08-01,2015-08-01,0.13404,-0.13044,0.55318,0.11037,0.11037,0.10057,0.21020,0.21020,0.19182
mom-plain-top20-6m-ma200,tax-dated,2010-09-01,2015-09-01,0.11079,-0.13776,0.39861,0.08597,0.08597,0.07867,0.17846,0.17846,0.16257
mom-plain-top20-6m-ma200,tax-dated,2010-10-01,2015-10-01,0.09340,-0.13727,0.28798,0.06548,0.06548,0.06042,0.16966,0.16966,0.15448
mom-plain-top20-6m-ma200,tax-dated,2010-11-01,2015-11-01,0.08959,-0.15866,0.26483,0.06942,0.06942,0.06392,0.15728,0.15728,0.14315
mom-plain-top20-6m-ma200,tax-dated,2010-12-01,2015-12-01,0.08617,-0.13048,0.24467,0.07206,0.07206,0.06627,0.15550,0.15550,0.14153
mom-plain-top20-6m-ma200,tax-dated,2011-01-01,2016-01-01,0.08553,-0.13052,0.24015,0.06603,0.06603,0.06091,0.16809,0.16809,0.15305
mom-plain-top20-6m-ma200,tax-dated,2011-02-01,2016-02-01,0.09616,-0.13059,0.33019,0.08148,0.08148,0.07466,0.18223,0.18223,0.16602
mom-plain-top20-6m-ma200,tax-dated,2011-03-01,2016-03-01,0.09611,-0.13059,0.32968,0.06761,0.06761,0.06231,0.16191,0.16191,0.14739
mom-plain-top20-6m-ma200,tax-dated,2011-04-01,2016-04-01,0.09306,-0.13053,0.30116,0.07054,0.07054,0.06492,0.16433,0.16433,0.14961
mom-plain-top20-6m-ma200,tax-dated,2011-05-01,2016-05-01,0.09627,-0.13059,0.33123,0.07708,0.07708,0.07074,0.16911,0.16911,0.15398
mom-plain-top20-6m-ma200,tax-dated,2011-06-01,2016-06-01,0.09611,-0.13059,0.33071,0.09211,0.09211,0.08416,0.17998,0.17998,0.16396
mom-plain-top20-6m-ma200,tax-dated,2011-07-01,2016-07-01,0.09565,-0.13059,0.32733,0.09468,0.09468,0.08647,0.18497,0.18497,0.16855
mom-plain-top20-6m-ma200,tax-dated,2011-08-01,2016-08-01,0.10850,-0.13059,0.42010,0.10716,0.10716,0.09768,0.20794,0.20794,0.18974
mom-plain-top20-6m-ma200,tax-dated,2011-09-01,2016-09-01,0.11430,-0.13059,0.45704,0.13264,0.13264,0.12071,0.23121,0.23121,0.21129
mom-plain-top20-6m-ma200,tax-dated,2011-10-01,2016-10-01,0.11002,-0.13059,0.42219,0.13102,0.13102,0.11924,0.23364,0.23364,0.21355
mom-plain-top20-6m-ma200,tax-dated,2011-11-01,2016-11-01,0.10967,-0.13059,0.41833,0.11765,0.11765,0.10714,0.22844,0.22844,0.20872
mom-plain-top20-6m-ma200,tax-dated,2011-12-01,2016-12-01,0.09634,-0.14308,0.31903,0.12024,0.12024,0.10948,0.22328,0.22328,0.20394
mom-plain-top20-6m-ma200,tax-dated,2012-01-01,2017-01-01,0.09446,-0.14611,0.30321,0.13479,0.13479,0.12266,0.23011,0.23011,0.21027
mom-plain-top20-6m-ma200,tax-dated,2012-02-01,2017-02-01,0.10396,-0.14601,0.35826,0.12078,0.12078,0.10997,0.24977,0.24977,0.22856
mom-plain-top20-6m-ma200,tax-dated,2012-03-01,2017-03-01,0.09500,-0.14633,0.30017,0.12244,0.12244,0.11148,0.24492,0.24492,0.22404
mom-plain-top20-6m-ma200,tax-dated,2012-04-01,2017-04-01,0.09383,-0.14650,0.29403,0.13020,0.13020,0.11850,0.24610,0.24610,0.22514
mom-plain-top20-6m-ma200,tax-dated,2012-05-01,2017-05-01,0.09291,-0.14644,0.28973,0.13543,0.13543,0.12325,0.25848,0.25848,0.23668
mom-plain-top20-6m-ma200,tax-dated,2012-06-01,2017-06-01,0.09609,-0.14611,0.31489,0.16115,0.16115,0.14670,0.27090,0.27090,0.24828
mom-plain-top20-6m-ma200,tax-dated,2012-07-01,2017-07-01,0.09620,-0.14611,0.31537,0.13879,0.13879,0.12631,0.25219,0.25219,0.23081
mom-plain-top20-6m-ma200,tax-dated,2012-08-01,2017-08-01,0.10450,-0.14675,0.37243,0.15452,0.15452,0.14064,0.26897,0.26897,0.24647
mom-plain-top20-6m-ma200,tax-dated,2012-09-01,2017-09-01,0.10427,-0.14650,0.36809,0.15048,0.15048,0.13695,0.27439,0.27439,0.25154
mom-plain-top20-6m-ma200,tax-dated,2012-10-01,2017-10-01,0.08782,-0.14700,0.25723,0.12709,0.12709,0.11568,0.25032,0.25032,0.22907
mom-plain-top20-6m-ma200,tax-dated,2012-11-01,2017-11-01,0.09976,-0.14735,0.33716,0.14469,0.14469,0.13167,0.26899,0.26899,0.24649
mom-plain-top20-6m-ma200,tax-dated,2012-12-01,2017-12-01,0.08208,-0.14725,0.21664,0.12840,0.12840,0.11687,0.24480,0.24480,0.22393
mom-plain-top20-6m-ma200,tax-dated,2013-01-01,2018-01-01,0.08596,-0.14446,0.24350,0.13251,0.13251,0.12060,0.25838,0.25838,0.23658
mom-plain-top20-6m-ma200,tax-dated,2013-02-01,2018-02-01,0.08780,-0.14455,0.25626,0.14308,0.14308,0.13021,0.26468,0.26468,0.24246
mom-plain-top20-6m-ma200,tax-dated,2013-03-01,2018-03-01,0.08810,-0.14753,0.25856,0.14232,0.14232,0.12951,0.26089,0.26089,0.23892
mom-plain-top20-6m-ma200,tax-dated,2013-04-01,2018-04-01,0.07573,-0.14732,0.17444,0.13557,0.13557,0.12338,0.25600,0.25600,0.23436
mom-plain-top20-6m-ma200,tax-dated,2013-05-01,2018-05-01,0.08060,-0.14452,0.20782,0.14039,0.14039,0.12776,0.26045,0.26045,0.23852
mom-plain-top20-6m-ma200,tax-dated,2013-06-01,2018-06-01,0.08052,-0.14445,0.20693,0.13701,0.13701,0.12468,0.24607,0.24607,0.22511
mom-plain-top20-6m-ma200,tax-dated,2013-07-01,2018-07-01,0.07675,-0.14450,0.18172,0.14080,0.14080,0.12813,0.24990,0.24990,0.22868
mom-plain-top20-6m-ma200,tax-dated,2013-08-01,2018-08-01,0.07088,-0.14663,0.14271,0.16077,0.16077,0.14635,0.26292,0.26266,0.24082
mom-plain-top20-6m-ma200,tax-dated,2013-09-01,2018-09-01,0.07318,-0.14663,0.15926,0.17846,0.17790,0.16256,0.29019,0.28860,0.26633
mom-plain-top20-6m-ma200,tax-dated,2013-10-01,2018-10-01,0.05482,-0.14663,0.02306,0.15170,0.15170,0.13806,0.25045,0.25045,0.22919
mom-plain-top20-6m-ma200,tax-dated,2013-11-01,2018-11-01,0.04517,-0.16788,-0.04248,0.11865,0.11865,0.10804,0.21992,0.21992,0.20082
mom-plain-top20-6m-ma200,tax-dated,2013-12-01,2018-12-01,0.06163,-0.16773,0.07567,0.13388,0.13388,0.12185,0.23611,0.23611,0.21585
mom-plain-top20-6m-ma200,tax-dated,2014-01-01,2019-01-01,0.05559,-0.16788,0.03350,0.13007,0.13007,0.11839,0.22665,0.22665,0.20706
mom-plain-top20-6m-ma200,tax-dated,2014-02-01,2019-02-01,0.07855,-0.16749,0.19542,0.13747,0.13747,0.12510,0.23796,0.23796,0.21756
mom-plain-top20-6m-ma200,tax-dated,2014-03-01,2019-03-01,0.07259,-0.16781,0.15374,0.13018,0.13018,0.11848,0.22764,0.22764,0.20798
mom-plain-top20-6m-ma200,tax-dated,2014-04-01,2019-04-01,0.07215,-0.16794,0.15203,0.13094,0.13055,0.11917,0.23479,0.23418,0.21462
mom-plain-top20-6m-ma200,tax-dated,2014-05-01,2019-05-01,0.07433,-0.16735,0.16743,0.13329,0.13274,0.12131,0.23461,0.23348,0.21445
mom-plain-top20-6m-ma200,tax-dated,2014-06-01,2019-06-01,0.05723,-0.16794,0.04658,0.11935,0.11855,0.10868,0.21977,0.21903,0.20068
mom-plain-top20-6m-ma200,tax-dated,2014-07-01,2019-07-01,0.04821,-0.16715,-0.01909,0.10598,0.10531,0.09661,0.19548,0.19488,0.17823
mom-plain-top20-6m-ma200,tax-dated,2014-08-01,2019-08-01,0.04104,-0.16780,-0.06833,0.08985,0.08985,0.08214,0.17443,0.17443,0.15886
mom-plain-top20-6m-ma200,tax-dated,2014-09-01,2019-09-01,0.03003,-0.16733,-0.15061,0.07909,0.07909,0.07253,0.15466,0.15466,0.14076
mom-plain-top20-6m-ma200,tax-dated,2014-10-01,2019-10-01,0.04778,-0.16784,-0.01953,0.08775,0.08775,0.08026,0.16178,0.16178,0.14727
mom-plain-top20-6m-ma200,tax-dated,2014-11-01,2019-11-01,0.04154,-0.16752,-0.06771,0.08786,0.08715,0.08036,0.15625,0.15613,0.14222
mom-plain-top20-6m-ma200,tax-dated,2014-12-01,2019-12-01,0.03916,-0.16758,-0.08675,0.08482,0.08385,0.07764,0.14858,0.14820,0.13522
mom-plain-top20-6m-ma200,tax-dated,2015-01-01,2020-01-01,0.04564,-0.16733,-0.04015,0.09410,0.09284,0.08594,0.15458,0.15373,0.14069
mom-plain-top20-6m-ma200,tax-dated,2015-02-01,2020-02-01,0.03462,-0.16804,-0.12140,0.07134,0.07114,0.06563,0.13652,0.13564,0.12424
mom-plain-top20-6m-ma200,tax-dated,2015-03-01,2020-03-01,0.02437,-0.16803,-0.20196,0.06049,0.06049,0.05601,0.13332,0.13260,0.12133
mom-plain-top20-6m-ma200,tax-dated,2015-04-01,2020-04-01,-0.03104,-0.37370,-0.47023,0.00513,0.00513,0.00513,0.07417,0.07417,0.06814
mom-plain-top20-6m-ma200,tax-dated,2015-05-01,2020-05-01,0.01099,-0.37447,-0.19228,0.05161,0.05161,0.04817,0.12195,0.12195,0.11103
mom-plain-top20-6m-ma200,tax-dated,2015-06-01,2020-06-01,0.00355,-0.37460,-0.23053,0.04456,0.04456,0.04195,0.10890,0.10890,0.09925
mom-plain-top20-6m-ma200,tax-dated,2015-07-01,2020-07-01,0.01760,-0.37426,-0.14893,0.05602,0.05602,0.05205,0.11517,0.11517,0.10490
mom-plain-top20-6m-ma200,tax-dated,2015-08-01,2020-08-01,0.01515,-0.37363,-0.16418,0.06667,0.06667,0.06148,0.11910,0.11818,0.10845
mom-plain-top20-6m-ma200,tax-dated,2015-09-01,2020-09-01,0.02808,-0.37348,-0.10085,0.09415,0.09397,0.08599,0.14390,0.14216,0.13095
mom-plain-top20-6m-ma200,tax-dated,2015-10-01,2020-10-01,0.02808,-0.37348,-0.10134,0.08855,0.08850,0.08097,0.13979,0.13762,0.12721
mom-plain-top20-6m-ma200,tax-dated,2015-11-01,2020-11-01,0.02813,-0.37348,-0.10134,0.08985,0.08934,0.08213,0.13774,0.13587,0.12535
mom-plain-top20-6m-ma200,tax-dated,2015-12-01,2020-12-01,0.02808,-0.37348,-0.10208,0.11915,0.11604,0.10849,0.15807,0.15486,0.14388
mom-plain-top20-6m-ma200,tax-dated,2016-01-01,2021-01-01,0.02764,-0.37348,-0.10467,0.13407,0.12958,0.12201,0.17356,0.16874,0.15806
mom-plain-top20-6m-ma200,tax-dated,2016-02-01,2021-02-01,0.03168,-0.37348,-0.07733,0.15030,0.14530,0.13678,0.18534,0.18061,0.16889
mom-plain-top20-6m-ma200,tax-dated,2016-03-01,2021-03-01,0.04321,-0.37348,-0.00840,0.16879,0.16300,0.15369,0.21366,0.20751,0.19502
mom-plain-top20-6m-ma200,tax-dated,2016-04-01,2021-04-01,0.05329,-0.37348,0.04922,0.15484,0.14905,0.14093,0.21192,0.20483,0.19341
mom-plain-top20-6m-ma200,tax-dated,2016-05-01,2021-05-01,0.05977,-0.37348,0.08586,0.14721,0.14177,0.13397,0.22144,0.21306,0.20223
mom-plain-top20-6m-ma200,tax-dated,2016-06-01,2021-06-01,0.07603,-0.37415,0.17339,0.15209,0.14550,0.13842,0.22716,0.21791,0.20754
mom-plain-top20-6m-ma200,tax-dated,2016-07-01,2021-07-01,0.07444,-0.37348,0.16501,0.14918,0.14247,0.13576,0.22948,0.21958,0.20969
mom-plain-top20-6m-ma200,tax-dated,2016-08-01,2021-08-01,0.07416,-0.37470,0.16340,0.14201,0.13527,0.12923,0.21930,0.20877,0.20025
mom-plain-top20-6m-ma200,tax-dated,2016-09-01,2021-09-01,0.07613,-0.37378,0.17400,0.15663,0.14844,0.14256,0.22392,0.21280,0.20453
mom-plain-top20-6m-ma200,tax-dated,2016-10-01,2021-10-01,0.08146,-0.37395,0.20088,0.16709,0.15837,0.15213,0.22806,0.21664,0.20837
mom-plain-top20-6m-ma200,tax-dated,2016-11-01,2021-11-01,0.09196,-0.37371,0.25437,0.17194,0.16281,0.15658,0.23496,0.22274,0.21478
mom-plain-top20-6m-ma200,tax-dated,2016-12-01,2021-12-01,0.09319,-0.37423,0.26157,0.17392,0.16541,0.15839,0.24422,0.23222,0.22339
mom-plain-top20-6m-ma200,tax-dated,2017-01-01,2022-01-01,0.10260,-0.37344,0.30861,0.17675,0.16803,0.16099,0.25612,0.24359,0.23448
mom-plain-top20-6m-ma200,tax-dated,2017-02-01,2022-02-01,0.12101,-0.37442,0.39689,0.16503,0.15626,0.15025,0.21213,0.20066,0.19360
mom-plain-top20-6m-ma200,tax-dated,2017-03-01,2022-03-01,0.11594,-0.37369,0.36862,0.14866,0.14075,0.13529,0.19967,0.18888,0.18209
mom-plain-top20-6m-ma200,tax-dated,2017-04-01,2022-04-01,0.11851,-0.37370,0.37963,0.15423,0.14549,0.14037,0.20375,0.19213,0.18586
mom-plain-top20-6m-ma200,tax-dated,2017-05-01,2022-05-01,0.09914,-0.37365,0.28559,0.14357,0.13545,0.13065,0.17957,0.16895,0.16358
mom-plain-top20-6m-ma200,tax-dated,2017-06-01,2022-06-01,0.08435,-0.37350,0.21414,0.12885,0.12137,0.11728,0.16100,0.15184,0.14655
mom-plain-top20-6m-ma200,tax-dated,2017-07-01,2022-07-01,0.06842,-0.37344,0.13644,0.11999,0.11334,0.10925,0.14102,0.13353,0.12833
mom-plain-top20-6m-ma200,tax-dated,2017-08-01,2022-08-01,0.05409,-0.37450,0.06678,0.12777,0.11954,0.11630,0.15103,0.14158,0.13745
mom-plain-top20-6m-ma200,tax-dated,2017-09-01,2022-09-01,0.04967,-0.37400,0.04417,0.13377,0.12527,0.12174,0.15532,0.14495,0.14137
mom-plain-top20-6m-ma200,tax-dated,2017-10-01,2022-10-01,0.05416,-0.37495,0.06581,0.13204,0.12394,0.12017,0.15366,0.14353,0.13985
mom-plain-top20-6m-ma200,tax-dated,2017-11-01,2022-11-01,0.04124,-0.37425,0.00083,0.13102,0.12205,0.11924,0.15299,0.14208,0.13924
mom-plain-top20-6m-ma200,tax-dated,2017-12-01,2022-12-01,0.05072,-0.37419,0.04840,0.14628,0.13661,0.13312,0.16101,0.15003,0.14657
mom-plain-top20-6m-ma200,tax-dated,2018-01-01,2023-01-01,0.04368,-0.37565,0.01222,0.13060,0.12168,0.11887,0.13565,0.12560,0.12345
mom-plain-top20-6m-ma200,tax-dated,2018-02-01,2023-02-01,0.03336,-0.37218,-0.04146,0.11224,0.10393,0.10225,0.12006,0.11116,0.10932
mom-plain-top20-6m-ma200,tax-dated,2018-03-01,2023-03-01,0.03955,-0.37165,-0.01078,0.12158,0.11257,0.11070,0.13079,0.12109,0.11903
mom-plain-top20-6m-ma200,tax-dated,2018-04-01,2023-04-01,0.04379,-0.37126,0.00993,0.12753,0.11807,0.11608,0.13400,0.12407,0.12195
mom-plain-top20-6m-ma200,tax-dated,2018-05-01,2023-05-01,0.04433,-0.37284,0.01385,0.12307,0.11394,0.11204,0.12873,0.11919,0.11717
mom-plain-top20-6m-ma200,tax-dated,2018-06-01,2023-06-01,0.04862,-0.37092,0.03504,0.12930,0.11972,0.11769,0.14893,0.13796,0.13554
mom-plain-top20-6m-ma200,tax-dated,2018-07-01,2023-07-01,0.05702,-0.37023,0.07757,0.13722,0.12706,0.12487,0.15801,0.14641,0.14382
mom-plain-top20-6m-ma200,tax-dated,2018-08-01,2023-08-01,0.04393,-0.36692,0.01009,0.13027,0.12061,0.11856,0.15718,0.14564,0.14306
mom-plain-top20-6m-ma200,tax-dated,2018-09-01,2023-09-01,0.04995,-0.36734,0.04027,0.12049,0.11155,0.10970,0.14800,0.13709,0.13469
mom-plain-top20-6m-ma200,tax-dated,2018-10-01,2023-10-01,0.06374,-0.37353,0.11114,0.13610,0.12603,0.12386,0.17581,0.16305,0.16013
mom-plain-top20-6m-ma200,tax-dated,2018-11-01,2023-11-01,0.06299,-0.36647,0.10554,0.14179,0.13132,0.12904,0.18193,0.16878,0.16575
mom-plain-top20-6m-ma200,tax-dated,2018-12-01,2023-12-01,0.07982,-0.36845,0.19177,0.14615,0.13537,0.13300,0.20341,0.18895,0.18555
mom-plain-top20-6m-ma200,tax-dated,2019-01-01,2024-01-01,0.09414,-0.36647,0.26435,0.16150,0.14968,0.14702,0.22122,0.20571,0.20202
mom-plain-top20-6m-ma200,tax-dated,2019-02-01,2024-02-01,0.09612,-0.36849,0.27455,0.16137,0.14955,0.14690,0.22469,0.20899,0.20524
mom-plain-top20-6m-ma200,tax-dated,2019-03-01,2024-03-01,0.10738,-0.36726,0.32971,0.16870,0.15640,0.15361,0.24141,0.22478,0.22078
mom-plain-top20-6m-ma200,tax-dated,2019-04-01,2024-04-01,0.09151,-0.36551,0.25047,0.15319,0.14192,0.13942,0.23600,0.21967,0.21574
mom-plain-top20-6m-ma200,tax-dated,2019-05-01,2024-05-01,0.09323,-0.36464,0.25855,0.15309,0.14184,0.13934,0.24122,0.22460,0.22060
mom-plain-top20-6m-ma200,tax-dated,2019-06-01,2024-06-01,0.08873,-0.36014,0.23659,0.14946,0.13845,0.13601,0.25655,0.23911,0.23488
mom-plain-top20-6m-ma200,tax-dated,2019-07-01,2024-07-01,0.10401,-0.35852,0.30976,0.16648,0.15432,0.15157,0.26814,0.25011,0.24570
mom-plain-top20-6m-ma200,tax-dated,2019-08-01,2024-08-01,0.11001,-0.35461,0.34368,0.19261,0.17558,0.17558,0.30115,0.27662,0.27662
mom-plain-top20-6m-ma200,tax-dated,2019-09-01,2024-09-01,0.11112,-0.35461,0.34652,0.19386,0.17674,0.17674,0.30252,0.27791,0.27791
mom-plain-top20-6m-ma200,tax-dated,2019-10-01,2024-10-01,0.12369,-0.35912,0.40310,0.19193,0.17496,0.17496,0.29592,0.27172,0.27172
mom-plain-top20-6m-ma200,tax-dated,2019-11-01,2024-11-01,0.09961,-0.36051,0.28723,0.16694,0.15200,0.15200,0.26574,0.24346,0.24346
mom-plain-top20-6m-ma200,tax-dated,2019-12-01,2024-12-01,0.09253,-0.36039,0.25279,0.16218,0.14763,0.14763,0.25859,0.23678,0.23678
mom-plain-top20-6m-ma200,tax-dated,2020-01-01,2025-01-01,0.08876,-0.35461,0.23510,0.15598,0.14197,0.14197,0.24390,0.22309,0.22309
mom-plain-top20-6m-ma200,tax-dated,2020-02-01,2025-02-01,0.09211,-0.33735,0.25130,0.16380,0.14912,0.14912,0.21662,0.19777,0.19777
mom-plain-top20-6m-ma200,tax-dated,2020-03-01,2025-03-01,0.11133,-0.32222,0.39205,0.15961,0.14529,0.14529,0.19321,0.17614,0.17614
mom-plain-top20-6m-ma200,tax-dated,2020-04-01,2025-04-01,0.10535,-0.32222,0.35577,0.24335,0.22258,0.22258,0.26293,0.24083,0.24083
mom-plain-top20-6m-ma200,tax-dated,2020-05-01,2025-05-01,0.10559,-0.32222,0.35577,0.21179,0.19329,0.19329,0.23579,0.21554,0.21554
mom-plain-top20-6m-ma200,tax-dated,2020-06-01,2025-06-01,0.10547,-0.32222,0.35483,0.21702,0.19813,0.19813,0.24924,0.22807,0.22807
mom-plain-top20-6m-ma200,tax-dated,2020-07-01,2025-07-01,0.10487,-0.32222,0.35190,0.21071,0.19229,0.19229,0.25087,0.22958,0.22958
mom-plain-top20-6m-ma200,tax-dated,2020-08-01,2025-08-01,0.12442,-0.32981,0.45915,0.18700,0.17042,0.17042,0.21755,0.19862,0.19862
mom-plain-top20-6m-ma200,tax-today,2008-02-01,2013-02-01,0.00519,-0.43013,-0.24472,0.03592,0.03592,0.03438,0.02342,0.02342,0.02342
mom-plain-top20-6m-ma200,tax-today,2008-03-01,2013-03-01,0.07981,-0.12297,0.20676,0.02970,0.02970,0.02895,0.02703,0.02703,0.02662
mom-plain-top20-6m-ma200,tax-today,2008-04-01,2013-04-01,0.07654,-0.12297,0.18282,0.04945,0.04945,0.04626,0.07055,0.07055,0.06492
mom-plain-top20-6m-ma200,tax-today,2008-05-01,2013-05-01,0.02651,-0.33641,-0.15868,0.03953,0.03953,0.03755,0.05392,0.05392,0.05020
mom-plain-top20-6m-ma200,tax-today,2008-06-01,2013-06-01,0.09063,-0.12297,0.27699,0.05429,0.05429,0.05052,0.07512,0.07512,0.06899
mom-plain-top20-6m-ma200,tax-today,2008-07-01,2013-07-01,0.08820,-0.12297,0.26024,0.09942,0.09942,0.09072,0.14111,0.14111,0.12841
mom-plain-top20-6m-ma200,tax-today,2008-08-01,2013-08-01,0.09343,-0.12297,0.29467,0.06611,0.06611,0.06098,0.09740,0.09740,0.08891
mom-plain-top20-6m-ma200,tax-today,2008-09-01,2013-09-01,0.08433,-0.13080,0.23043,0.05936,0.05936,0.05500,0.09064,0.09064,0.08284
mom-plain-top20-6m-ma200,tax-today,2008-10-01,2013-10-01,0.09783,-0.13080,0.31540,0.09178,0.09178,0.08387,0.13588,0.13588,0.12365
mom-plain-top20-6m-ma200,tax-today,2008-11-01,2013-11-01,0.11180,-0.13080,0.39918,0.18313,0.18313,0.16685,0.22532,0.22532,0.20583
mom-plain-top20-6m-ma200,tax-today,2008-12-01,2013-12-01,0.10702,-0.13080,0.36853,0.19549,0.19549,0.17824,0.22922,0.22922,0.20945
mom-plain-top20-6m-ma200,tax-today,2009-01-01,2014-01-01,0.11069,-0.13080,0.38954,0.17089,0.17089,0.15561,0.20948,0.20948,0.19116
mom-plain-top20-6m-ma200,tax-today,2009-02-01,2014-02-01,0.10816,-0.13080,0.37113,0.17517,0.17517,0.15955,0.21381,0.21381,0.19516
mom-plain-top20-6m-ma200,tax-today,2009-03-01,2014-03-01,0.11554,-0.13080,0.41535,0.19168,0.19168,0.17472,0.22937,0.22937,0.20959
mom-plain-top20-6m-ma200,tax-today,2009-04-01,2014-04-01,0.11952,-0.13080,0.43816,0.18381,0.18381,0.16748,0.21371,0.21371,0.19506
mom-plain-top20-6m-ma200,tax-today,2009-05-01,2014-05-01,0.14563,-0.14730,0.53774,0.15333,0.15333,0.13955,0.20257,0.20257,0.18477
mom-plain-top20-6m-ma200,tax-today,2009-06-01,2014-06-01,0.12543,-0.15318,0.45367,0.11085,0.11085,0.10101,0.17730,0.17730,0.16150
mom-plain-top20-6m-ma200,tax-today,2009-07-01,2014-07-01,0.14860,-0.13080,0.60295,0.13287,0.13287,0.12092,0.19900,0.19900,0.18148
mom-plain-top20-6m-ma200,tax-today,2009-08-01,2014-08-01,0.14604,-0.13055,0.58192,0.11721,0.11721,0.10674,0.17436,0.17436,0.15880
mom-plain-top20-6m-ma200,tax-today,2009-09-01,2014-09-01,0.15750,-0.13082,0.66727,0.12994,0.12994,0.11827,0.19506,0.19506,0.17784
mom-plain-top20-6m-ma200,tax-today,2009-10-01,2014-10-01,0.12807,-0.13059,0.49531,0.10646,0.10646,0.09705,0.18264,0.18264,0.16640
mom-plain-top20-6m-ma200,tax-today,2009-11-01,2014-11-01,0.16057,-0.13055,0.70138,0.13380,0.13380,0.12177,0.20627,0.20627,0.18818
mom-plain-top20-6m-ma200,tax-today,2009-12-01,2014-12-01,0.13399,-0.13063,0.55059,0.12120,0.12120,0.11035,0.19070,0.19070,0.17382
mom-plain-top20-6m-ma200,tax-today,2010-01-01,2015-01-01,0.12212,-0.13076,0.47858,0.11054,0.11054,0.10072,0.18516,0.18516,0.16873
mom-plain-top20-6m-ma200,tax-today,2010-02-01,2015-02-01,0.14454,-0.13068,0.60961,0.13777,0.13777,0.12537,0.21229,0.21229,0.19376
mom-plain-top20-6m-ma200,tax-today,2010-03-01,2015-03-01,0.13492,-0.13055,0.55688,0.13907,0.13907,0.12655,0.21651,0.21651,0.19766
mom-plain-top20-6m-ma200,tax-today,2010-04-01,2015-04-01,0.12308,-0.13048,0.47902,0.11502,0.11502,0.10476,0.20785,0.20785,0.18964
mom-plain-top20-6m-ma200,tax-today,2010-05-01,2015-05-01,0.11278,-0.13072,0.41120,0.10475,0.10475,0.09551,0.19134,0.19134,0.17442
mom-plain-top20-6m-ma200,tax-today,2010-06-01,2015-06-01,0.12241,-0.13528,0.48366,0.12480,0.12480,0.11361,0.21869,0.21869,0.19968
mom-plain-top20-6m-ma200,tax-today,2010-07-01,2015-07-01,0.12263,-0.14071,0.48163,0.11287,0.11287,0.10283,0.21196,0.21196,0.19344
mom-plain-top20-6m-ma200,tax-today,2010-08-01,2015-08-01,0.12214,-0.14040,0.47591,0.11037,0.11037,0.10057,0.21020,0.21020,0.19182
mom-plain-top20-6m-ma200,tax-today,2010-09-01,2015-09-01,0.10129,-0.14032,0.33735,0.08597,0.08597,0.07867,0.17846,0.17846,0.16257
mom-plain-top20-6m-ma200,tax-today,2010-10-01,2015-10-01,0.08589,-0.13727,0.23917,0.06548,0.06548,0.06042,0.16966,0.16966,0.15448
mom-plain-top20-6m-ma200,tax-today,2010-11-01,2015-11-01,0.08256,-0.15866,0.21862,0.06942,0.06942,0.06392,0.15728,0.15728,0.14315
mom-plain-top20-6m-ma200,tax-today,2010-12-01,2015-12-01,0.07972,-0.13645,0.20163,0.07206,0.07206,0.06627,0.15550,0.15550,0.14153
mom-plain-top20-6m-ma200,tax-today,2011-01-01,2016-01-01,0.07963,-0.13583,0.20058,0.06603,0.06603,0.06091,0.16809,0.16809,0.15305
mom-plain-top20-6m-ma200,tax-today,2011-02-01,2016-02-01,0.09017,-0.13945,0.28566,0.08148,0.08148,0.07466,0.18223,0.18223,0.16602
mom-plain-top20-6m-ma200,tax-today,2011-03-01,2016-03-01,0.09012,-0.13945,0.28516,0.06761,0.06761,0.06231,0.16191,0.16191,0.14739
mom-plain-top20-6m-ma200,tax-today,2011-04-01,2016-04-01,0.08539,-0.13890,0.24653,0.07054,0.07054,0.06492,0.16433,0.16433,0.14961
mom-plain-top20-6m-ma200,tax-today,2011-05-01,2016-05-01,0.08859,-0.13945,0.27425,0.07708,0.07708,0.07074,0.16911,0.16911,0.15398
mom-plain-top20-6m-ma200,tax-today,2011-06-01,2016-06-01,0.08844,-0.13945,0.27376,0.09211,0.09211,0.08416,0.17998,0.17998,0.16396
mom-plain-top20-6m-ma200,tax-today,2011-07-01,2016-07-01,0.08798,-0.13945,0.27040,0.09468,0.09468,0.08647,0.18497,0.18497,0.16855
mom-plain-top20-6m-ma200,tax-today,2011-08-01,2016-08-01,0.09883,-0.13945,0.34912,0.10716,0.10716,0.09768,0.20794,0.20794,0.18974
mom-plain-top20-6m-ma200,tax-today,2011-09-01,2016-09-01,0.10429,-0.13945,0.38423,0.13264,0.13264,0.12071,0.23121,0.23121,0.21129
mom-plain-top20-6m-ma200,tax-today,2011-10-01,2016-10-01,0.10027,-0.13945,0.35267,0.13102,0.13102,0.11924,0.23364,0.23364,0.21355
mom-plain-top20-6m-ma200,tax-today,2011-11-01,2016-11-01,0.09996,-0.13945,0.34959,0.11765,0.11765,0.10714,0.22844,0.22844,0.20872
mom-plain-top20-6m-ma200,tax-today,2011-12-01,2016-12-01,0.08867,-0.14888,0.26603,0.12024,0.12024,0.10948,0.22328,0.22328,0.20394
mom-plain-top20-6m-ma200,tax-today,2012-01-01,2017-01-01,0.08678,-0.15194,0.25074,0.13479,0.13479,0.12266,0.23011,0.23011,0.21027
mom-plain-top20-6m-ma200,tax-today,2012-02-01,2017-02-01,0.09556,-0.15867,0.30357,0.12078,0.12078,0.10997,0.24977,0.24977,0.22856
mom-plain-top20-6m-ma200,tax-today,2012-03-01,2017-03-01,0.08721,-0.15759,0.24942,0.12244,0.12244,0.11148,0.24492,0.24492,0.22404
mom-plain-top20-6m-ma200,tax-today,2012-04-01,2017-04-01,0.08617,-0.15653,0.24349,0.13020,0.13020,0.11850,0.24610,0.24610,0.22514
mom-plain-top20-6m-ma200,tax-today,2012-05-01,2017-05-01,0.08510,-0.15605,0.23747,0.13543,0.13543,0.12325,0.25848,0.25848,0.23668
mom-plain-top20-6m-ma200,tax-today,2012-06-01,2017-06-01,0.08804,-0.15194,0.25995,0.16115,0.16115,0.14670,0.27090,0.27090,0.24828
mom-plain-top20-6m-ma200,tax-today,2012-07-01,2017-07-01,0.08814,-0.15194,0.26041,0.13879,0.13879,0.12631,0.25219,0.25219,0.23081
mom-plain-top20-6m-ma200,tax-today,2012-08-01,2017-08-01,0.09512,-0.15579,0.30872,0.15452,0.15452,0.14064,0.26897,0.26897,0.24647
mom-plain-top20-6m-ma200,tax-today,2012-09-01,2017-09-01,0.09508,-0.15446,0.30609,0.15048,0.15048,0.13695,0.27439,0.27439,0.25154
mom-plain-top20-6m-ma200,tax-today,2012-10-01,2017-10-01,0.08000,-0.14780,0.20438,0.12709,0.12709,0.11568,0.25032,0.25032,0.22907
mom-plain-top20-6m-ma200,tax-today,2012-11-01,2017-11-01,0.09148,-0.15057,0.28149,0.14469,0.14469,0.13167,0.26899,0.26899,0.24649
mom-plain-top20-6m-ma200,tax-today,2012-12-01,2017-12-01,0.07555,-0.14448,0.17253,0.12840,0.12840,0.11687,0.24480,0.24480,0.22393
mom-plain-top20-6m-ma200,tax-today,2013-01-01,2018-01-01,0.07894,-0.14462,0.19596,0.13251,0.13251,0.12060,0.25838,0.25838,0.23658
mom-plain-top20-6m-ma200,tax-today,2013-02-01,2018-02-01,0.08093,-0.14450,0.20986,0.14308,0.14308,0.13021,0.26468,0.26468,0.24246
mom-plain-top20-6m-ma200,tax-today,2013-03-01,2018-03-01,0.08159,-0.14880,0.21462,0.14232,0.14232,0.12951,0.26089,0.26089,0.23892
mom-plain-top20-6m-ma200,tax-today,2013-04-01,2018-04-01,0.07026,-0.15075,0.13730,0.13557,0.13557,0.12338,0.25600,0.25600,0.23436
mom-plain-top20-6m-ma200,tax-today,2013-05-01,2018-05-01,0.07372,-0.14480,0.16105,0.14039,0.14039,0.12776,0.26045,0.26045,0.23852
mom-plain-top20-6m-ma200,tax-today,2013-06-01,2018-06-01,0.07409,-0.14440,0.16318,0.13701,0.13701,0.12468,0.24607,0.24607,0.22511
mom-plain-top20-6m-ma200,tax-today,2013-07-01,2018-07-01,0.07126,-0.14636,0.14389,0.14080,0.14080,0.12813,0.24990,0.24990,0.22868
mom-plain-top20-6m-ma200,tax-today,2013-08-01,2018-08-01,0.06589,-0.15694,0.10515,0.16077,0.16077,0.14635,0.26292,0.26266,0.24082
mom-plain-top20-6m-ma200,tax-today,2013-09-01,2018-09-01,0.06778,-0.15694,0.11883,0.17846,0.17790,0.16256,0.29019,0.28860,0.26633
mom-plain-top20-6m-ma200,tax-today,2013-10-01,2018-10-01,0.05092,-0.15694,-0.00606,0.15170,0.15170,0.13806,0.25045,0.25045,0.22919
mom-plain-top20-6m-ma200,tax-today,2013-11-01,2018-11-01,0.04210,-0.16810,-0.06491,0.11865,0.11865,0.10804,0.21992,0.21992,0.20082
mom-plain-top20-6m-ma200,tax-today,2013-12-01,2018-12-01,0.05860,-0.16795,0.05391,0.13388,0.13388,0.12185,0.23611,0.23611,0.21585
mom-plain-top20-6m-ma200,tax-today,2014-01-01,2019-01-01,0.05168,-0.16800,0.00561,0.13007,0.13007,0.11839,0.22665,0.22665,0.20706
mom-plain-top20-6m-ma200,tax-today,2014-02-01,2019-02-01,0.07353,-0.16765,0.16031,0.13747,0.13747,0.12510,0.23796,0.23796,0.21756
mom-plain-top20-6m-ma200,tax-today,2014-03-01,2019-03-01,0.06754,-0.16771,0.11842,0.13018,0.13018,0.11848,0.22764,0.22764,0.20798
mom-plain-top20-6m-ma200,tax-today,2014-04-01,2019-04-01,0.06684,-0.16737,0.11483,0.13094,0.13055,0.11917,0.23479,0.23418,0.21462
mom-plain-top20-6m-ma200,tax-today,2014-05-01,2019-05-01,0.06924,-0.16745,0.13153,0.13329,0.13274,0.12131,0.23461,0.23348,0.21445
mom-plain-top20-6m-ma200,tax-today,2014-06-01,2019-06-01,0.05195,-0.16794,0.00925,0.11935,0.11855,0.10868,0.21977,0.21903,0.20068
mom-plain-top20-6m-ma200,tax-today,2014-07-01,2019-07-01,0.04261,-0.16748,-0.05970,0.10598,0.10531,0.09661,0.19548,0.19488,0.17823
mom-plain-top20-6m-ma200,tax-today,2014-08-01,2019-08-01,0.03849,-0.16790,-0.08679,0.08985,0.08985,0.08214,0.17443,0.17443,0.15886
mom-plain-top20-6m-ma200,tax-today,2014-09-01,2019-09-01,0.02782,-0.16742,-0.16702,0.07909,0.07909,0.07253,0.15466,0.15466,0.14076
mom-plain-top20-6m-ma200,tax-today,2014-10-01,2019-10-01,0.04392,-0.16753,-0.04705,0.08775,0.08775,0.08026,0.16178,0.16178,0.14727
mom-plain-top20-6m-ma200,tax-today,2014-11-01,2019-11-01,0.03799,-0.16766,-0.09358,0.08786,0.08715,0.08036,0.15625,0.15613,0.14222
mom-plain-top20-6m-ma200,tax-today,2014-12-01,2019-12-01,0.03580,-0.16748,-0.11118,0.08482,0.08385,0.07764,0.14858,0.14820,0.13522
mom-plain-top20-6m-ma200,tax-today,2015-01-01,2020-01-01,0.04260,-0.16771,-0.06249,0.09410,0.09284,0.08594,0.15458,0.15373,0.14069
mom-plain-top20-6m-ma200,tax-today,2015-02-01,2020-02-01,0.03194,-0.16764,-0.14122,0.07134,0.07114,0.06563,0.13652,0.13564,0.12424
mom-plain-top20-6m-ma200,tax-today,2015-03-01,2020-03-01,0.02205,-0.16800,-0.21965,0.06049,0.06049,0.05601,0.13332,0.13260,0.12133
mom-plain-top20-6m-ma200,tax-today,2015-04-01,2020-04-01,-0.03412,-0.37383,-0.48854,0.00513,0.00513,0.00513,0.07417,0.07417,0.06814
mom-plain-top20-6m-ma200,tax-today,2015-05-01,2020-05-01,0.00800,-0.37413,-0.20959,0.05161,0.05161,0.04817,0.12195,0.12195,0.11103
mom-plain-top20-6m-ma200,tax-today,2015-06-01,2020-06-01,0.00060,-0.37427,-0.24708,0.04456,0.04456,0.04195,0.10890,0.10890,0.09925
mom-plain-top20-6m-ma200,tax-today,2015-07-01,2020-07-01,0.01477,-0.37409,-0.16443,0.05602,0.05602,0.05205,0.11517,0.11517,0.10490
mom-plain-top20-6m-ma200,tax-today,2015-08-01,2020-08-01,0.01281,-0.37401,-0.17656,0.06667,0.06667,0.06148,0.11910,0.11818,0.10845
mom-plain-top20-6m-ma200,tax-today,2015-09-01,2020-09-01,0.02573,-0.37420,-0.11361,0.09415,0.09397,0.08599,0.14390,0.14216,0.13095
mom-plain-top20-6m-ma200,tax-today,2015-10-01,2020-10-01,0.02573,-0.37420,-0.11409,0.08855,0.08850,0.08097,0.13979,0.13762,0.12721
mom-plain-top20-6m-ma200,tax-today,2015-11-01,2020-11-01,0.02578,-0.37420,-0.11409,0.08985,0.08934,0.08213,0.13774,0.13587,0.12535
mom-plain-top20-6m-ma200,tax-today,2015-12-01,2020-12-01,0.02573,-0.37420,-0.11481,0.11915,0.11604,0.10849,0.15807,0.15486,0.14388
mom-plain-top20-6m-ma200,tax-today,2016-01-01,2021-01-01,0.02529,-0.37420,-0.11739,0.13407,0.12958,0.12201,0.17356,0.16874,0.15806
mom-plain-top20-6m-ma200,tax-today,2016-02-01,2021-02-01,0.02911,-0.37420,-0.09129,0.15030,0.14530,0.13678,0.18534,0.18061,0.16889
mom-plain-top20-6m-ma200,tax-today,2016-03-01,2021-03-01,0.03992,-0.37420,-0.02625,0.16879,0.16300,0.15369,0.21366,0.20751,0.19502
mom-plain-top20-6m-ma200,tax-today,2016-04-01,2021-04-01,0.04939,-0.37420,0.02831,0.15484,0.14905,0.14093,0.21192,0.20483,0.19341
mom-plain-top20-6m-ma200,tax-today,2016-05-01,2021-05-01,0.05548,-0.37420,0.06343,0.14721,0.14177,0.13397,0.22144,0.21306,0.20223
mom-plain-top20-6m-ma200,tax-today,2016-06-01,2021-06-01,0.07053,-0.37476,0.14480,0.15209,0.14550,0.13842,0.22716,0.21791,0.20754
mom-plain-top20-6m-ma200,tax-today,2016-07-01,2021-07-01,0.06960,-0.37420,0.13979,0.14918,0.14247,0.13576,0.22948,0.21958,0.20969
mom-plain-top20-6m-ma200,tax-today,2016-08-01,2021-08-01,0.06904,-0.37408,0.13713,0.14201,0.13527,0.12923,0.21930,0.20877,0.20025
mom-plain-top20-6m-ma200,tax-today,2016-09-01,2021-09-01,0.07042,-0.37425,0.14472,0.15663,0.14844,0.14256,0.22392,0.21280,0.20453
mom-plain-top20-6m-ma200,tax-today,2016-10-01,2021-10-01,0.07563,-0.37372,0.17063,0.16709,0.15837,0.15213,0.22806,0.21664,0.20837
mom-plain-top20-6m-ma200,tax-today,2016-11-01,2021-11-01,0.08589,-0.37436,0.22302,0.17194,0.16281,0.15658,0.23496,0.22274,0.21478
mom-plain-top20-6m-ma200,tax-today,2016-12-01,2021-12-01,0.08743,-0.37493,0.23159,0.17392,0.16541,0.15839,0.24422,0.23222,0.22339
mom-plain-top20-6m-ma200,tax-today,2017-01-01,2022-01-01,0.09664,-0.37426,0.27762,0.17675,0.16803,0.16099,0.25612,0.24359,0.23448
mom-plain-top20-6m-ma200,tax-today,2017-02-01,2022-02-01,0.11646,-0.37389,0.37442,0.16503,0.15626,0.15025,0.21213,0.20066,0.19360
mom-plain-top20-6m-ma200,tax-today,2017-03-01,2022-03-01,0.11171,-0.37409,0.34789,0.14866,0.14075,0.13529,0.19967,0.18888,0.18209
mom-plain-top20-6m-ma200,tax-today,2017-04-01,2022-04-01,0.11437,-0.37414,0.35934,0.15423,0.14549,0.14037,0.20375,0.19213,0.18586
mom-plain-top20-6m-ma200,tax-today,2017-05-01,2022-05-01,0.09607,-0.37388,0.27053,0.14357,0.13545,0.13065,0.17957,0.16895,0.16358
mom-plain-top20-6m-ma200,tax-today,2017-06-01,2022-06-01,0.08191,-0.37379,0.20229,0.12885,0.12137,0.11728,0.16100,0.15184,0.14655
mom-plain-top20-6m-ma200,tax-today,2017-07-01,2022-07-01,0.06618,-0.37426,0.12574,0.11999,0.11334,0.10925,0.14102,0.13353,0.12833
mom-plain-top20-6m-ma200,tax-today,2017-08-01,2022-08-01,0.05177,-0.37497,0.05565,0.12777,0.11954,0.11630,0.15103,0.14158,0.13745
mom-plain-top20-6m-ma200,tax-today,2017-09-01,2022-09-01,0.04768,-0.37477,0.03467,0.13377,0.12527,0.12174,0.15532,0.14495,0.14137
mom-plain-top20-6m-ma200,tax-today,2017-10-01,2022-10-01,0.05245,-0.37410,0.05737,0.13204,0.12394,0.12017,0.15366,0.14353,0.13985
mom-plain-top20-6m-ma200,tax-today,2017-11-01,2022-11-01,0.03936,-0.37482,-0.00822,0.13102,0.12205,0.11924,0.15299,0.14208,0.13924
mom-plain-top20-6m-ma200,tax-today,2017-12-01,2022-12-01,0.04884,-0.37499,0.03946,0.14628,0.13661,0.13312,0.16101,0.15003,0.14657
mom-plain-top20-6m-ma200,tax-today,2018-01-01,2023-01-01,0.04181,-0.37559,0.00305,0.13060,0.12168,0.11887,0.13565,0.12560,0.12345
mom-plain-top20-6m-ma200,tax-today,2018-02-01,2023-02-01,0.03160,-0.37253,-0.04993,0.11224,0.10393,0.10225,0.12006,0.11116,0.10932
mom-plain-top20-6m-ma200,tax-today,2018-03-01,2023-03-01,0.03799,-0.37217,-0.01824,0.12158,0.11257,0.11070,0.13079,0.12109,0.11903
mom-plain-top20-6m-ma200,tax-today,2018-04-01,2023-04-01,0.04229,-0.37127,0.00257,0.12753,0.11807,0.11608,0.13400,0.12407,0.12195
mom-plain-top20-6m-ma200,tax-today,2018-05-01,2023-05-01,0.04318,-0.37244,0.00808,0.12307,0.11394,0.11204,0.12873,0.11919,0.11717
mom-plain-top20-6m-ma200,tax-today,2018-06-01,2023-06-01,0.04760,-0.37125,0.03019,0.12930,0.11972,0.11769,0.14893,0.13796,0.13554
mom-plain-top20-6m-ma200,tax-today,2018-07-01,2023-07-01,0.05553,-0.37045,0.07027,0.13722,0.12706,0.12487,0.15801,0.14641,0.14382
mom-plain-top20-6m-ma200,tax-today,2018-08-01,2023-08-01,0.04256,-0.36705,0.00343,0.13027,0.12061,0.11856,0.15718,0.14564,0.14306
mom-plain-top20-6m-ma200,tax-today,2018-09-01,2023-09-01,0.04862,-0.36749,0.03375,0.12049,0.11155,0.10970,0.14800,0.13709,0.13469
mom-plain-top20-6m-ma200,tax-today,2018-10-01,2023-10-01,0.06196,-0.37367,0.10238,0.13610,0.12603,0.12386,0.17581,0.16305,0.16013
mom-plain-top20-6m-ma200,tax-today,2018-11-01,2023-11-01,0.06149,-0.36648,0.09791,0.14179,0.13132,0.12904,0.18193,0.16878,0.16575
mom-plain-top20-6m-ma200,tax-today,2018-12-01,2023-12-01,0.07745,-0.36843,0.17977,0.14615,0.13537,0.13300,0.20341,0.18895,0.18555
mom-plain-top20-6m-ma200,tax-today,2019-01-01,2024-01-01,0.09154,-0.36648,0.25113,0.16150,0.14968,0.14702,0.22122,0.20571,0.20202
mom-plain-top20-6m-ma200,tax-today,2019-02-01,2024-02-01,0.09443,-0.36819,0.26595,0.16137,0.14955,0.14690,0.22469,0.20899,0.20524
mom-plain-top20-6m-ma200,tax-today,2019-03-01,2024-03-01,0.10545,-0.36726,0.31997,0.16870,0.15640,0.15361,0.24141,0.22478,0.22078
mom-plain-top20-6m-ma200,tax-today,2019-04-01,2024-04-01,0.08893,-0.36551,0.23754,0.15319,0.14192,0.13942,0.23600,0.21967,0.21574
mom-plain-top20-6m-ma200,tax-today,2019-05-01,2024-05-01,0.09050,-0.36464,0.24488,0.15309,0.14184,0.13934,0.24122,0.22460,0.22060
mom-plain-top20-6m-ma200,tax-today,2019-06-01,2024-06-01,0.08592,-0.36014,0.22246,0.14946,0.13845,0.13601,0.25655,0.23911,0.23488
mom-plain-top20-6m-ma200,tax-today,2019-07-01,2024-07-01,0.10126,-0.35852,0.29619,0.16648,0.15432,0.15157,0.26814,0.25011,0.24570
mom-plain-top20-6m-ma200,tax-today,2019-08-01,2024-08-01,0.10903,-0.35461,0.33875,0.19261,0.17558,0.17558,0.30115,0.27662,0.27662
mom-plain-top20-6m-ma200,tax-today,2019-09-01,2024-09-01,0.11011,-0.35461,0.34152,0.19386,0.17674,0.17674,0.30252,0.27791,0.27791
mom-plain-top20-6m-ma200,tax-today,2019-10-01,2024-10-01,0.12299,-0.35912,0.39959,0.19193,0.17496,0.17496,0.29592,0.27172,0.27172
mom-plain-top20-6m-ma200,tax-today,2019-11-01,2024-11-01,0.09873,-0.36051,0.28296,0.16694,0.15200,0.15200,0.26574,0.24346,0.24346
mom-plain-top20-6m-ma200,tax-today,2019-12-01,2024-12-01,0.09172,-0.36039,0.24883,0.16218,0.14763,0.14763,0.25859,0.23678,0.23678
mom-plain-top20-6m-ma200,tax-today,2020-01-01,2025-01-01,0.08777,-0.35461,0.23027,0.15598,0.14197,0.14197,0.24390,0.22309,0.22309
mom-plain-top20-6m-ma200,tax-today,2020-02-01,2025-02-01,0.09132,-0.33735,0.24741,0.16380,0.14912,0.14912,0.21662,0.19777,0.19777
mom-plain-top20-6m-ma200,tax-today,2020-03-01,2025-03-01,0.11107,-0.32251,0.39038,0.15961,0.14529,0.14529,0.19321,0.17614,0.17614
mom-plain-top20-6m-ma200,tax-today,2020-04-01,2025-04-01,0.10474,-0.32251,0.35185,0.24335,0.22258,0.22258,0.26293,0.24083,0.24083
mom-plain-top20-6m-ma200,tax-today,2020-05-01,2025-05-01,0.10498,-0.32251,0.35185,0.21179,0.19329,0.19329,0.23579,0.21554,0.21554
mom-plain-top20-6m-ma200,tax-today,2020-06-01,2025-06-01,0.10486,-0.32251,0.35092,0.21702,0.19813,0.19813,0.24924,0.22807,0.22807
mom-plain-top20-6m-ma200,tax-today,2020-07-01,2025-07-01,0.10426,-0.32251,0.34799,0.21071,0.19229,0.19229,0.25087,0.22958,0.22958
mom-plain-top20-6m-ma200,tax-today,2020-08-01,2025-08-01,0.12253,-0.33260,0.44774,0.18700,0.17042,0.17042,0.21755,0.19862,0.19862
